id,action_type,created,metadata_json,occurred_at,question,run,target_id,updated,user
k66l3qo7033lj6q,page_view,2026-07-24 13:22:03.591Z,"{""from"": ""/de/register"", ""to"": ""/how-it-works""}",2026-07-24 13:22:03.509Z,,,,2026-07-24 13:22:03.591Z,2347e60c2ede6045
nnatqmwxdn2sxtj,page_view,2026-07-24 13:22:32.873Z,"{""from"": ""/how-it-works"", ""to"": ""/discourse""}",2026-07-24 13:22:32.794Z,,,,2026-07-24 13:22:32.873Z,2347e60c2ede6045
yugm8jkua08z1a7,feed_filter_change,2026-07-24 13:22:42.829Z,"{""feedTab"": ""foryou"", ""selectedLabelId"": null, ""sortMode"": ""Newest""}",2026-07-24 13:22:42.749Z,,,,2026-07-24 13:22:42.829Z,2347e60c2ede6045
cdtoudlv732ikuy,compare_open,2026-07-24 13:22:51.429Z,"{""source_ids"": [""2pdbjop9rr5xgyi""]}",2026-07-24 13:22:51.346Z,,,4cmn1bjg5xzhw5c,2026-07-24 13:22:51.429Z,2347e60c2ede6045
4xrcqklncshzvwt,session_start,2026-07-24 13:23:04.381Z,"{""isMobile"": true, ""screenHeight"": 543, ""screenWidth"": 375, ""userAgent"": ""Mozilla/5.0 (iPhone; CPU iPhone OS 18_7 like Mac OS X) AppleWebKit/605.1.15 (KHTML, like Gecko) Version/26.5.2 Mobile/15E148 Safari/604.1 Brave""}",2026-07-24 13:23:04.285Z,,,,2026-07-24 13:23:04.381Z,2347e60c2ede6045
lmg7yv01gu429xj,tab_switch,2026-07-24 13:23:29.565Z,"{""state"": ""visible""}",2026-07-24 13:23:29.387Z,,,,2026-07-24 13:23:29.565Z,2347e60c2ede6045
csdgymg1nkxlv37,tab_switch,2026-07-24 13:24:38.242Z,"{""state"": ""visible""}",2026-07-24 13:24:37.954Z,,,,2026-07-24 13:24:38.242Z,2347e60c2ede6045
824bpjia1ktvhjh,tab_switch,2026-07-24 13:24:50.332Z,"{""state"": ""visible""}",2026-07-24 13:24:49.801Z,,,,2026-07-24 13:24:50.332Z,2347e60c2ede6045
310m4c8cxwci2c2,tab_switch,2026-07-24 13:25:33.001Z,"{""state"": ""visible""}",2026-07-24 13:25:32.774Z,,,,2026-07-24 13:25:33.001Z,2347e60c2ede6045
3cltjozfgnila81,tab_switch,2026-07-24 13:25:45.983Z,"{""state"": ""visible""}",2026-07-24 13:25:45.698Z,,,,2026-07-24 13:25:45.983Z,2347e60c2ede6045
k3028s6kr3k494m,session_start,2026-07-24 13:25:49.811Z,"{""isMobile"": true, ""screenHeight"": 543, ""screenWidth"": 375, ""userAgent"": ""Mozilla/5.0 (iPhone; CPU iPhone OS 18_7 like Mac OS X) AppleWebKit/605.1.15 (KHTML, like Gecko) Version/26.5.2 Mobile/15E148 Safari/604.1 Brave""}",2026-07-24 13:25:49.716Z,,,,2026-07-24 13:25:49.811Z,2347e60c2ede6045
bawn7l28llm3smw,tab_switch,2026-07-24 13:27:41.123Z,"{""state"": ""visible""}",2026-07-24 13:27:40.698Z,,,,2026-07-24 13:27:41.123Z,2347e60c2ede6045
538g812hp482b8x,tab_switch,2026-07-24 14:38:25.247Z,"{""state"": ""visible""}",2026-07-24 14:38:24.863Z,,,,2026-07-24 14:38:25.247Z,2347e60c2ede6045
qr4l1c3q3ojinxf,tab_switch,2026-07-24 14:42:03.345Z,"{""state"": ""visible""}",2026-07-24 14:42:03.152Z,,,,2026-07-24 14:42:03.345Z,2347e60c2ede6045
pnd1xkqlbagokkr,tab_switch,2026-07-24 15:26:10.285Z,"{""state"": ""visible""}",2026-07-24 15:26:10.074Z,,,,2026-07-24 15:26:10.285Z,2347e60c2ede6045
9hn8s7c40mucjp9,tab_switch,2026-07-24 15:26:39.634Z,"{""state"": ""visible""}",2026-07-24 15:26:39.420Z,,,,2026-07-24 15:26:39.634Z,2347e60c2ede6045
xwoyws50ulgomy6,tab_switch,2026-07-24 15:26:45.647Z,"{""state"": ""visible""}",2026-07-24 15:26:45.606Z,,,,2026-07-24 15:26:45.647Z,2347e60c2ede6045
yk307s075gy2bhh,tab_switch,2026-07-24 16:43:38.764Z,"{""state"": ""visible""}",2026-07-24 16:43:38.374Z,,,,2026-07-24 16:43:38.764Z,2347e60c2ede6045
7u2p3elnsdy5zo9,session_start,2026-07-24 20:03:55.270Z,"{""isMobile"": true, ""screenHeight"": 543, ""screenWidth"": 375, ""userAgent"": ""Mozilla/5.0 (iPhone; CPU iPhone OS 18_7 like Mac OS X) AppleWebKit/605.1.15 (KHTML, like Gecko) Version/26.5.2 Mobile/15E148 Safari/604.1 Brave""}",2026-07-24 20:03:46.625Z,,,,2026-07-24 20:03:55.270Z,2347e60c2ede6045
fm8c0nqwgvq7gk2,session_start,2026-07-26 08:37:10.851Z,"{""isMobile"": true, ""screenHeight"": 543, ""screenWidth"": 375, ""userAgent"": ""Mozilla/5.0 (iPhone; CPU iPhone OS 18_7 like Mac OS X) AppleWebKit/605.1.15 (KHTML, like Gecko) Version/26.5.2 Mobile/15E148 Safari/604.1 Brave""}",2026-07-26 08:37:10.638Z,,,,2026-07-26 08:37:10.851Z,2347e60c2ede6045
qoekeyn8nazc4fy,page_view,2026-07-27 17:09:00.439Z,"{""from"": ""/admin"", ""to"": ""/admin/questions/0w3z1e5u1y1d83t""}",2026-07-27 17:09:00.386Z,0w3z1e5u1y1d83t,,,2026-07-27 17:09:00.439Z,de13859e1d6aea12
mawkysi92v88g3v,page_view,2026-07-27 17:09:02.220Z,"{""from"": ""/admin/questions/0w3z1e5u1y1d83t"", ""to"": ""/admin""}",2026-07-27 17:09:02.201Z,0w3z1e5u1y1d83t,,,2026-07-27 17:09:02.220Z,de13859e1d6aea12
izzp7jrqp8n662g,page_view,2026-07-27 17:09:04.891Z,"{""from"": ""/admin"", ""to"": ""/groups/v0e99klwn3wg6qe""}",2026-07-27 17:09:04.828Z,0w3z1e5u1y1d83t,,,2026-07-27 17:09:04.891Z,de13859e1d6aea12
go4nqcqwuhynd5s,page_view,2026-07-27 17:10:26.304Z,"{""from"": ""/discourse"", ""to"": ""/questions/0w3z1e5u1y1d83t/proposals/question""}",2026-07-27 17:10:26.283Z,0w3z1e5u1y1d83t,,,2026-07-27 17:10:26.304Z,de13859e1d6aea12
kxpceniep2mjbtf,page_view,2026-07-27 17:10:29.592Z,"{""from"": ""/questions/0w3z1e5u1y1d83t/proposals/question"", ""to"": ""/discourse""}",2026-07-27 17:10:29.573Z,0w3z1e5u1y1d83t,,,2026-07-27 17:10:29.592Z,de13859e1d6aea12
3v20d7y47vvlrsy,page_view,2026-07-27 17:10:32.084Z,"{""from"": ""/discourse"", ""to"": ""/discourse""}",2026-07-27 17:10:32.035Z,0w3z1e5u1y1d83t,,,2026-07-27 17:10:32.084Z,de13859e1d6aea12
gzhhwlzlhsc12sa,page_view,2026-07-27 17:10:34.550Z,"{""from"": ""/discourse"", ""to"": ""/admin""}",2026-07-27 17:10:34.485Z,0w3z1e5u1y1d83t,,,2026-07-27 17:10:34.550Z,de13859e1d6aea12
48xfp42ron3dccf,page_view,2026-07-27 17:10:37.053Z,"{""from"": ""/admin"", ""to"": ""/groups/v0e99klwn3wg6qe""}",2026-07-27 17:10:36.994Z,0w3z1e5u1y1d83t,,,2026-07-27 17:10:37.053Z,de13859e1d6aea12
4sukpzovpre71q1,page_view,2026-07-27 18:52:58.862Z,"{""from"": ""/discourse"", ""to"": ""/questions/0w3z1e5u1y1d83t/proposals/question""}",2026-07-27 18:52:58.816Z,0w3z1e5u1y1d83t,,,2026-07-27 18:52:58.862Z,de13859e1d6aea12
67jnfj093tn4ydg,page_view,2026-07-27 18:53:01.876Z,"{""from"": ""/questions/0w3z1e5u1y1d83t/proposals/question"", ""to"": ""/questions/0w3z1e5u1y1d83t/proposals/ideas""}",2026-07-27 18:53:01.824Z,0w3z1e5u1y1d83t,,,2026-07-27 18:53:01.876Z,de13859e1d6aea12
toxs9cjj3le3n1v,page_view,2026-07-27 18:53:03.346Z,"{""from"": ""/questions/0w3z1e5u1y1d83t/proposals/ideas"", ""to"": ""/questions/0w3z1e5u1y1d83t/proposals/ideas""}",2026-07-27 18:53:03.290Z,0w3z1e5u1y1d83t,,,2026-07-27 18:53:03.346Z,de13859e1d6aea12
bi5xja3ya61xskp,page_view,2026-07-27 18:53:03.778Z,"{""from"": ""/questions/0w3z1e5u1y1d83t/proposals/ideas"", ""to"": ""/questions/0w3z1e5u1y1d83t/proposals/question""}",2026-07-27 18:53:03.730Z,0w3z1e5u1y1d83t,,,2026-07-27 18:53:03.778Z,de13859e1d6aea12
tfou54j7jadrlym,page_view,2026-07-27 18:53:04.370Z,"{""from"": ""/questions/0w3z1e5u1y1d83t/proposals/question"", ""to"": ""/questions/0w3z1e5u1y1d83t/proposals/ideas""}",2026-07-27 18:53:04.321Z,0w3z1e5u1y1d83t,,,2026-07-27 18:53:04.370Z,de13859e1d6aea12
izxhzk553upeezj,page_view,2026-07-27 18:55:14.690Z,"{""from"": ""/de/register"", ""to"": ""/how-it-works""}",2026-07-27 18:55:14.667Z,,,,2026-07-27 18:55:14.690Z,15e064539716cfbb
ak4yywyv74wfgaq,page_view,2026-07-27 18:55:35.616Z,"{""to"": ""/de/how-it-works""}",2026-07-27 18:55:35.575Z,,,,2026-07-27 18:55:35.616Z,15e064539716cfbb
wp0tv2y18sqmxvt,session_start,2026-07-27 18:55:35.617Z,"{""isMobile"": true, ""screenHeight"": 679, ""screenWidth"": 372, ""userAgent"": ""Mozilla/5.0 (Android 15; Mobile; rv:152.0) Gecko/152.0 Firefox/152.0""}",2026-07-27 18:55:35.573Z,,,,2026-07-27 18:55:35.617Z,15e064539716cfbb
d22w3j19y249lh3,page_view,2026-07-27 18:55:59.641Z,"{""from"": ""/questions/0w3z1e5u1y1d83t/proposals/subscriptions"", ""to"": ""/questions/0w3z1e5u1y1d83t/proposals/question""}",2026-07-27 18:55:59.587Z,0w3z1e5u1y1d83t,,,2026-07-27 18:55:59.641Z,de13859e1d6aea12
al0tnojmre3rxhx,page_view,2026-07-27 18:56:23.895Z,"{""from"": ""/de/how-it-works"", ""to"": ""/discourse""}",2026-07-27 18:56:23.874Z,,,,2026-07-27 18:56:23.895Z,15e064539716cfbb
0wc7krhb2f8ih08,tab_switch,2026-07-27 18:56:55.159Z,"{""state"": ""visible""}",2026-07-27 18:56:55.046Z,,,,2026-07-27 18:56:55.159Z,15e064539716cfbb
ar47yxcd2fz46x9,page_view,2026-07-27 18:57:28.307Z,"{""from"": ""/login"", ""to"": ""/discourse""}",2026-07-27 18:57:28.289Z,,,,2026-07-27 18:57:28.307Z,15e064539716cfbb
schmoz8mdv3nghs,page_view,2026-07-27 18:57:34.877Z,"{""to"": ""/de/discourse""}",2026-07-27 18:57:34.838Z,,,,2026-07-27 18:57:34.877Z,15e064539716cfbb
zvb9okg7pr8wep5,session_start,2026-07-27 18:57:34.888Z,"{""isMobile"": true, ""screenHeight"": 743, ""screenWidth"": 372, ""userAgent"": ""Mozilla/5.0 (Android 15; Mobile; rv:152.0) Gecko/152.0 Firefox/152.0""}",2026-07-27 18:57:34.836Z,,,,2026-07-27 18:57:34.888Z,15e064539716cfbb
34l4olnmexkk3ha,page_view,2026-07-27 19:59:21.339Z,"{""from"": ""/register"", ""to"": ""/how-it-works""}",2026-07-27 19:59:21.225Z,,,,2026-07-27 19:59:21.339Z,3e36e627a64bac27
lizyxc1hdk5c0pm,tab_switch,2026-07-27 19:59:43.409Z,"{""state"": ""visible""}",2026-07-27 19:59:43.293Z,,,,2026-07-27 19:59:43.409Z,3e36e627a64bac27
6ujxshcti6y1cde,session_start,2026-07-27 19:59:56.939Z,"{""isMobile"": true, ""screenHeight"": 812, ""screenWidth"": 402, ""userAgent"": ""Mozilla/5.0 (iPhone; CPU iPhone OS 18_7 like Mac OS X) AppleWebKit/605.1.15 (KHTML, like Gecko) Version/18.7.5 Mobile/15E148 Safari/604.1""}",2026-07-27 19:59:56.826Z,,,,2026-07-27 19:59:56.939Z,3e36e627a64bac27
96knic3ccjh9wsi,page_view,2026-07-27 19:59:56.942Z,"{""to"": ""/how-it-works""}",2026-07-27 19:59:56.827Z,,,,2026-07-27 19:59:56.942Z,3e36e627a64bac27
go2blien8mmjv76,tab_switch,2026-07-27 19:59:59.522Z,"{""state"": ""visible""}",2026-07-27 19:59:59.407Z,,,,2026-07-27 19:59:59.522Z,3e36e627a64bac27
v732m0vbqc4ia4w,tab_switch,2026-07-27 20:00:18.988Z,"{""state"": ""visible""}",2026-07-27 20:00:18.717Z,,,,2026-07-27 20:00:18.988Z,3e36e627a64bac27
fi1p36sn4xvnukx,page_view,2026-07-27 20:04:55.937Z,"{""from"": ""/discourse"", ""to"": ""/questions/0w3z1e5u1y1d83t/proposals/question""}",2026-07-27 20:04:55.905Z,0w3z1e5u1y1d83t,,,2026-07-27 20:04:55.937Z,de13859e1d6aea12
rqgye7wsaikqfbo,page_view,2026-07-27 20:04:59.124Z,"{""from"": ""/questions/0w3z1e5u1y1d83t/proposals/question"", ""to"": ""/questions/0w3z1e5u1y1d83t/proposals/ideas""}",2026-07-27 20:04:59.110Z,0w3z1e5u1y1d83t,,,2026-07-27 20:04:59.124Z,de13859e1d6aea12
89ts6c58tf2jraz,page_view,2026-07-27 20:05:00.924Z,"{""from"": ""/questions/0w3z1e5u1y1d83t/proposals/subscriptions"", ""to"": ""/questions/0w3z1e5u1y1d83t/proposals/ideas""}",2026-07-27 20:05:00.910Z,0w3z1e5u1y1d83t,,,2026-07-27 20:05:00.924Z,de13859e1d6aea12
ygoz1z8f63qdb98,page_view,2026-07-27 20:05:03.459Z,"{""to"": ""/de/questions/0w3z1e5u1y1d83t/proposals/ideas""}",2026-07-27 20:05:03.440Z,0w3z1e5u1y1d83t,,,2026-07-27 20:05:03.459Z,de13859e1d6aea12
jjdmm3zr9884i4t,page_view,2026-07-27 20:05:04.853Z,"{""from"": ""/de/questions/0w3z1e5u1y1d83t/proposals/ideas"", ""to"": ""/de/questions/0w3z1e5u1y1d83t/proposals/question""}",2026-07-27 20:05:04.840Z,0w3z1e5u1y1d83t,,,2026-07-27 20:05:04.853Z,de13859e1d6aea12
cmcl97b521yqh4c,page_view,2026-07-27 20:09:27.669Z,"{""from"": ""/register"", ""to"": ""/how-it-works""}",2026-07-27 20:09:28.831Z,,,,2026-07-27 20:09:27.669Z,3928dc02b346700b
9hzif8xrjanloxm,session_start,2026-07-27 20:09:33.621Z,"{""isMobile"": true, ""screenHeight"": 785, ""screenWidth"": 411, ""userAgent"": ""Mozilla/5.0 (Linux; Android 10; K) AppleWebKit/537.36 (KHTML, like Gecko) Chrome/151.0.0.0 Mobile Safari/537.36""}",2026-07-27 20:09:34.788Z,,,,2026-07-27 20:09:33.621Z,3928dc02b346700b
rrq4ouqx4p39m5z,page_view,2026-07-27 20:09:33.626Z,"{""to"": ""/de/how-it-works""}",2026-07-27 20:09:34.792Z,,,,2026-07-27 20:09:33.626Z,3928dc02b346700b
3mpg6ybvsghzevv,page_view,2026-07-27 20:10:12.263Z,"{""from"": ""/de/how-it-works"", ""to"": ""/discourse""}",2026-07-27 20:10:13.429Z,,,,2026-07-27 20:10:12.263Z,3928dc02b346700b
vbfwrz2hrh85ghp,page_view,2026-07-27 20:29:20.593Z,"{""from"": ""/discourse"", ""to"": ""/questions/0w3z1e5u1y1d83t/proposals/question""}",2026-07-27 20:29:20.576Z,0w3z1e5u1y1d83t,,,2026-07-27 20:29:20.593Z,de13859e1d6aea12
orodite53m5udmc,page_view,2026-07-27 20:29:22.490Z,"{""from"": ""/questions/0w3z1e5u1y1d83t/proposals/question"", ""to"": ""/questions/0w3z1e5u1y1d83t/proposals/ideas""}",2026-07-27 20:29:22.332Z,0w3z1e5u1y1d83t,,,2026-07-27 20:29:22.490Z,de13859e1d6aea12
0ob41kx3ve09f4n,page_view,2026-07-27 20:29:23.100Z,"{""from"": ""/questions/0w3z1e5u1y1d83t/proposals/ideas"", ""to"": ""/questions/0w3z1e5u1y1d83t/proposals/ideas""}",2026-07-27 20:29:23.044Z,0w3z1e5u1y1d83t,,,2026-07-27 20:29:23.100Z,de13859e1d6aea12
5dwtx2dt6pf6sjk,tab_switch,2026-07-27 20:39:16.222Z,"{""state"": ""visible""}",2026-07-27 20:39:15.890Z,,,,2026-07-27 20:39:16.222Z,3e36e627a64bac27
wp5ha1fp3tx66d4,tab_switch,2026-07-27 20:42:57.549Z,"{""state"": ""visible""}",2026-07-27 20:42:57.326Z,,,,2026-07-27 20:42:57.549Z,3e36e627a64bac27
c0fks96twwg3rs6,page_view,2026-07-27 21:00:59.212Z,"{""from"": ""/de/questions/0w3z1e5u1y1d83t/proposals/question"", ""to"": ""/de/questions/0w3z1e5u1y1d83t/proposals/ideas""}",2026-07-27 21:00:59.198Z,0w3z1e5u1y1d83t,,,2026-07-27 21:00:59.212Z,de13859e1d6aea12
i5pq3vwydrzs41o,page_view,2026-07-27 21:01:42.028Z,"{""from"": ""/de/questions/0w3z1e5u1y1d83t/proposals/subscriptions"", ""to"": ""/de/questions/0w3z1e5u1y1d83t/proposals/ideas""}",2026-07-27 21:01:41.803Z,0w3z1e5u1y1d83t,,,2026-07-27 21:01:42.028Z,de13859e1d6aea12
bbzs9xpxydnzkjc,page_view,2026-07-27 21:01:42.193Z,"{""from"": ""/de/questions/0w3z1e5u1y1d83t/proposals/ideas"", ""to"": ""/de/questions/0w3z1e5u1y1d83t/proposals/question""}",2026-07-27 21:01:42.174Z,0w3z1e5u1y1d83t,,,2026-07-27 21:01:42.193Z,de13859e1d6aea12
uso4qnqbjlft6qw,page_view,2026-07-28 05:00:18.137Z,"{""from"": ""/discourse"", ""to"": ""/questions/0w3z1e5u1y1d83t/proposals/question""}",2026-07-28 05:00:18.117Z,0w3z1e5u1y1d83t,,,2026-07-28 05:00:18.137Z,de13859e1d6aea12
bxlg9lcm3bhnwxl,page_view,2026-07-28 05:00:21.446Z,"{""from"": ""/questions/0w3z1e5u1y1d83t/proposals/question"", ""to"": ""/questions/0w3z1e5u1y1d83t/proposals/ideas""}",2026-07-28 05:00:21.416Z,0w3z1e5u1y1d83t,,,2026-07-28 05:00:21.446Z,de13859e1d6aea12
qfueggh3a491f24,page_view,2026-07-28 05:00:51.100Z,"{""from"": ""/questions/0w3z1e5u1y1d83t/proposals/ideas"", ""to"": ""/admin""}",2026-07-28 05:00:51.078Z,0w3z1e5u1y1d83t,,,2026-07-28 05:00:51.100Z,de13859e1d6aea12
jid837e8gojymfq,page_view,2026-07-28 05:00:53.884Z,"{""from"": ""/admin"", ""to"": ""/groups/v0e99klwn3wg6qe""}",2026-07-28 05:00:53.857Z,0w3z1e5u1y1d83t,,,2026-07-28 05:00:53.884Z,de13859e1d6aea12
3rlf34fu31pyj03,page_view,2026-07-28 05:37:22.871Z,"{""from"": ""/questions/0w3z1e5u1y1d83t/proposals/ballot"", ""to"": ""/questions/0w3z1e5u1y1d83t/proposals/question""}",2026-07-28 05:37:22.837Z,0w3z1e5u1y1d83t,,,2026-07-28 05:37:22.871Z,de13859e1d6aea12
l68f9iy8cd0w8w9,page_view,2026-07-28 05:37:23.076Z,"{""from"": ""/questions/0w3z1e5u1y1d83t/proposals/question"", ""to"": ""/questions/0w3z1e5u1y1d83t/proposals/question""}",2026-07-28 05:37:23.034Z,0w3z1e5u1y1d83t,,,2026-07-28 05:37:23.076Z,de13859e1d6aea12
zhln1l0s79n5fl5,page_view,2026-07-28 05:38:03.711Z,"{""from"": ""/questions/0w3z1e5u1y1d83t/proposals/question"", ""to"": ""/groups""}",2026-07-28 05:38:03.678Z,0w3z1e5u1y1d83t,,,2026-07-28 05:38:03.711Z,de13859e1d6aea12
oamawzr46zs8100,page_view,2026-07-28 05:38:06.144Z,"{""from"": ""/groups"", ""to"": ""/groups/v0e99klwn3wg6qe""}",2026-07-28 05:38:06.103Z,0w3z1e5u1y1d83t,,,2026-07-28 05:38:06.144Z,de13859e1d6aea12
owuxyc4mpp5m82k,page_view,2026-07-28 05:39:58.334Z,"{""from"": ""/discourse"", ""to"": ""/questions/0w3z1e5u1y1d83t/proposals/question""}",2026-07-28 05:39:58.314Z,0w3z1e5u1y1d83t,,,2026-07-28 05:39:58.334Z,de13859e1d6aea12
8nnlsbcc4f6olnd,page_view,2026-07-28 05:43:56.818Z,"{""to"": ""/de/questions/0w3z1e5u1y1d83t/proposals/question""}",2026-07-28 05:43:56.790Z,0w3z1e5u1y1d83t,,,2026-07-28 05:43:56.818Z,de13859e1d6aea12
xputk4zj70ehdz7,page_view,2026-07-28 05:44:09.789Z,"{""to"": ""/de/questions/0w3z1e5u1y1d83t/proposals/question""}",2026-07-28 05:44:09.764Z,0w3z1e5u1y1d83t,,,2026-07-28 05:44:09.789Z,de13859e1d6aea12
il8gxbi708ahq4o,page_view,2026-07-28 05:44:16.095Z,"{""from"": ""/discourse"", ""to"": ""/questions/0w3z1e5u1y1d83t/proposals/question""}",2026-07-28 05:44:16.078Z,0w3z1e5u1y1d83t,,,2026-07-28 05:44:16.095Z,de13859e1d6aea12
qsz0imgbxh7rqe7,page_view,2026-07-28 05:50:09.266Z,"{""from"": ""/questions/0w3z1e5u1y1d83t/proposals/question"", ""to"": ""/admin""}",2026-07-28 05:50:09.235Z,0w3z1e5u1y1d83t,,,2026-07-28 05:50:09.266Z,de13859e1d6aea12
2gp2z24wtqab152,page_view,2026-07-28 05:50:11.288Z,"{""from"": ""/admin"", ""to"": ""/groups/v0e99klwn3wg6qe""}",2026-07-28 05:50:11.231Z,0w3z1e5u1y1d83t,,,2026-07-28 05:50:11.288Z,de13859e1d6aea12
9i25dht5dvzjmzb,page_view,2026-07-28 10:05:49.789Z,"{""from"": ""/de/discourse"", ""to"": ""/de/questions/0w3z1e5u1y1d83t/proposals/question""}",2026-07-28 10:05:49.755Z,0w3z1e5u1y1d83t,,,2026-07-28 10:05:49.789Z,de13859e1d6aea12
rlnleeyfzbmzmfp,page_view,2026-07-28 10:05:52.291Z,"{""from"": ""/de/questions/0w3z1e5u1y1d83t/proposals/question"", ""to"": ""/de/questions/0w3z1e5u1y1d83t/proposals/ideas""}",2026-07-28 10:05:52.252Z,0w3z1e5u1y1d83t,,,2026-07-28 10:05:52.291Z,de13859e1d6aea12
700x0inilouyg28,page_view,2026-07-28 10:05:58.020Z,"{""from"": ""/de/questions/0w3z1e5u1y1d83t/proposals/ideas"", ""to"": ""/de/questions/0w3z1e5u1y1d83t/proposals/new""}",2026-07-28 10:05:58.001Z,0w3z1e5u1y1d83t,,,2026-07-28 10:05:58.020Z,de13859e1d6aea12
xdzh8790qyj7k1p,page_view,2026-07-28 10:06:06.390Z,"{""from"": ""/de/questions/0w3z1e5u1y1d83t/proposals/new"", ""to"": ""/de/questions/0w3z1e5u1y1d83t/proposals/ideas""}",2026-07-28 10:06:06.342Z,0w3z1e5u1y1d83t,,,2026-07-28 10:06:06.390Z,de13859e1d6aea12
y2x8ozaeyeym3tf,page_view,2026-07-28 10:09:35.078Z,"{""from"": ""/de/register"", ""to"": ""/de/how-it-works""}",2026-07-28 10:09:35.051Z,,,,2026-07-28 10:09:35.078Z,407be8b01d4ce342
kfkqfx5uipayxrr,page_view,2026-07-28 10:28:25.278Z,"{""from"": ""/de/discourse"", ""to"": ""/de/questions/0w3z1e5u1y1d83t/proposals/question""}",2026-07-28 10:28:25.253Z,0w3z1e5u1y1d83t,,,2026-07-28 10:28:25.278Z,de13859e1d6aea12
ue4mvrx3ck6aq6a,page_view,2026-07-28 10:28:57.217Z,"{""from"": ""/de/questions/0w3z1e5u1y1d83t/proposals/question"", ""to"": ""/de/questions/0w3z1e5u1y1d83t/proposals/ideas""}",2026-07-28 10:28:57.186Z,0w3z1e5u1y1d83t,,,2026-07-28 10:28:57.217Z,de13859e1d6aea12
emdb8jubop9n14r,page_view,2026-07-28 10:28:59.916Z,"{""from"": ""/de/questions/0w3z1e5u1y1d83t/proposals/ideas"", ""to"": ""/de/questions/0w3z1e5u1y1d83t/proposals/new""}",2026-07-28 10:28:59.891Z,0w3z1e5u1y1d83t,,,2026-07-28 10:28:59.916Z,de13859e1d6aea12
9724efjg83iwxfb,page_view,2026-07-28 10:29:01.739Z,"{""from"": ""/de/questions/0w3z1e5u1y1d83t/proposals/new"", ""to"": ""/de/questions/0w3z1e5u1y1d83t/proposals/ideas""}",2026-07-28 10:29:01.713Z,0w3z1e5u1y1d83t,,,2026-07-28 10:29:01.739Z,de13859e1d6aea12
3ed7nlxhhw5u5c6,page_view,2026-07-28 10:29:05.686Z,"{""from"": ""/de/questions/0w3z1e5u1y1d83t/proposals/ideas"", ""to"": ""/de/questions/0w3z1e5u1y1d83t/proposals/question""}",2026-07-28 10:29:05.661Z,0w3z1e5u1y1d83t,,,2026-07-28 10:29:05.686Z,de13859e1d6aea12
ocwerwdij3wly8q,page_view,2026-07-28 10:29:06.835Z,"{""from"": ""/de/questions/0w3z1e5u1y1d83t/proposals/question"", ""to"": ""/de/discourse""}",2026-07-28 10:29:06.806Z,0w3z1e5u1y1d83t,,,2026-07-28 10:29:06.835Z,de13859e1d6aea12
1yxhmc05lpo8vjg,tab_switch,2026-07-28 11:06:52.320Z,"{""state"": ""visible""}",2026-07-28 11:06:52.259Z,,,,2026-07-28 11:06:52.320Z,407be8b01d4ce342
u3i0jjaclyo66j9,session_start,2026-07-28 11:06:55.182Z,"{""isMobile"": false, ""screenHeight"": 847, ""screenWidth"": 1536, ""userAgent"": ""Mozilla/5.0 (X11; Linux x86_64) AppleWebKit/537.36 (KHTML, like Gecko) Chrome/150.0.0.0 Safari/537.36""}",2026-07-28 11:06:55.167Z,,,,2026-07-28 11:06:55.182Z,407be8b01d4ce342
qf0fv1bqfck4vpn,page_view,2026-07-28 11:06:55.218Z,"{""to"": ""/de/how-it-works""}",2026-07-28 11:06:55.171Z,,,,2026-07-28 11:06:55.218Z,407be8b01d4ce342
bg4s3g9keougob4,page_view,2026-07-28 11:06:59.585Z,"{""from"": ""/de/how-it-works"", ""to"": ""/de/discourse""}",2026-07-28 11:06:59.529Z,,,,2026-07-28 11:06:59.585Z,407be8b01d4ce342
q3z8mmk8kqr9601,page_view,2026-07-28 11:07:02.449Z,"{""from"": ""/de/discourse"", ""to"": ""/de/questions/0w3z1e5u1y1d83t/proposals/question""}",2026-07-28 11:07:02.397Z,0w3z1e5u1y1d83t,,,2026-07-28 11:07:02.449Z,407be8b01d4ce342
sv9jdr0dho00ae8,page_view,2026-07-28 11:07:04.328Z,"{""from"": ""/de/questions/0w3z1e5u1y1d83t/proposals/question"", ""to"": ""/de/groups/v0e99klwn3wg6qe""}",2026-07-28 11:07:04.275Z,0w3z1e5u1y1d83t,,,2026-07-28 11:07:04.328Z,407be8b01d4ce342
yfiz8dpjzhz1wen,page_view,2026-07-28 11:07:12.399Z,"{""from"": ""/de/groups/v0e99klwn3wg6qe"", ""to"": ""/de/discourse""}",2026-07-28 11:07:12.319Z,0w3z1e5u1y1d83t,,,2026-07-28 11:07:12.399Z,407be8b01d4ce342
x4u8rgb58qmej2j,page_view,2026-07-28 11:07:13.838Z,"{""from"": ""/de/discourse"", ""to"": ""/de/questions/0w3z1e5u1y1d83t/proposals/question""}",2026-07-28 11:07:13.810Z,0w3z1e5u1y1d83t,,,2026-07-28 11:07:13.838Z,407be8b01d4ce342
119ei8v3m6083z4,feed_filter_change,2026-07-28 11:07:18.809Z,"{""feedTab"": ""foryou"", ""selectedLabelId"": null, ""sortMode"": ""Newest""}",2026-07-28 11:07:18.731Z,,,,2026-07-28 11:07:18.809Z,407be8b01d4ce342
24dr7jotchw9kdq,page_view,2026-07-28 11:07:18.815Z,"{""from"": ""/de/questions/0w3z1e5u1y1d83t/proposals/subscriptions"", ""to"": ""/de/questions/0w3z1e5u1y1d83t/proposals/ideas""}",2026-07-28 11:07:18.739Z,0w3z1e5u1y1d83t,,,2026-07-28 11:07:18.815Z,407be8b01d4ce342
yehjm63kasvwcs5,page_view,2026-07-28 11:07:19.379Z,"{""from"": ""/de/questions/0w3z1e5u1y1d83t/proposals/ideas"", ""to"": ""/de/questions/0w3z1e5u1y1d83t/proposals/question""}",2026-07-28 11:07:19.312Z,0w3z1e5u1y1d83t,,,2026-07-28 11:07:19.379Z,407be8b01d4ce342
4is5ziq9i6jyxav,page_view,2026-07-28 11:07:21.304Z,"{""from"": ""/de/questions/0w3z1e5u1y1d83t/proposals/question"", ""to"": ""/de/questions/0w3z1e5u1y1d83t/proposals/ideas""}",2026-07-28 11:07:21.225Z,0w3z1e5u1y1d83t,,,2026-07-28 11:07:21.304Z,407be8b01d4ce342
bhh0u2f1mc16czm,page_view,2026-07-28 11:07:22.895Z,"{""from"": ""/de/questions/0w3z1e5u1y1d83t/proposals/ideas"", ""to"": ""/de/questions/0w3z1e5u1y1d83t/proposals/new""}",2026-07-28 11:07:22.871Z,0w3z1e5u1y1d83t,,,2026-07-28 11:07:22.895Z,407be8b01d4ce342
o04xsiu5t17yeep,subscribe,2026-07-28 11:16:38.636Z,,2026-07-28 11:16:38.636Z,0w3z1e5u1y1d83t,,4ye5dsqpshy40jr,2026-07-28 11:16:38.636Z,407be8b01d4ce342
h2se2293xos41jw,create_idea,2026-07-28 11:16:38.648Z,,2026-07-28 11:16:38.615Z,0w3z1e5u1y1d83t,,4ye5dsqpshy40jr,2026-07-28 11:16:38.648Z,407be8b01d4ce342
8q0r51z1ngoblrc,create_label,2026-07-28 11:16:38.650Z,"{""label_name"": ""Kollektive Liste - Preis gleichverteilt""}",2026-07-28 11:16:38.615Z,0w3z1e5u1y1d83t,,izuxxogfqsiimy0,2026-07-28 11:16:38.650Z,407be8b01d4ce342
gy6ldlfxmwo1u24,proposal_view,2026-07-28 11:16:38.856Z,,2026-07-28 11:16:38.838Z,0w3z1e5u1y1d83t,,4ye5dsqpshy40jr,2026-07-28 11:16:38.856Z,407be8b01d4ce342
4ycmtmt9hg5qk5g,proposal_view,2026-07-28 11:16:38.887Z,,2026-07-28 11:16:38.865Z,0w3z1e5u1y1d83t,,4ye5dsqpshy40jr,2026-07-28 11:16:38.887Z,407be8b01d4ce342
nuhjhs5n3yv9192,page_view,2026-07-28 11:16:38.901Z,"{""from"": ""/de/questions/0w3z1e5u1y1d83t/proposals/new"", ""to"": ""/de/questions/0w3z1e5u1y1d83t/proposals/4ye5dsqpshy40jr""}",2026-07-28 11:16:38.890Z,0w3z1e5u1y1d83t,,,2026-07-28 11:16:38.901Z,407be8b01d4ce342
2g0s88hi5q7nn0k,tab_switch,2026-07-28 11:24:20.165Z,"{""state"": ""visible""}",2026-07-28 11:24:20.056Z,,,,2026-07-28 11:24:20.165Z,407be8b01d4ce342
arjwfp5qha4sjjh,page_view,2026-07-28 11:24:42.893Z,"{""from"": ""/register"", ""to"": ""/how-it-works""}",2026-07-28 11:24:42.723Z,,,,2026-07-28 11:24:42.893Z,34063db6dedf42bc
kzrxwffory3x2ff,session_start,2026-07-28 11:25:15.488Z,"{""isMobile"": true, ""screenHeight"": 812, ""screenWidth"": 402, ""userAgent"": ""Mozilla/5.0 (iPhone; CPU iPhone OS 18_7 like Mac OS X) AppleWebKit/605.1.15 (KHTML, like Gecko) Version/18.7.5 Mobile/15E148 Safari/604.1""}",2026-07-28 11:25:15.459Z,,,,2026-07-28 11:25:15.488Z,3e36e627a64bac27
dqp7xele23bklun,page_view,2026-07-28 11:25:15.489Z,"{""to"": ""/how-it-works""}",2026-07-28 11:25:15.459Z,,,,2026-07-28 11:25:15.489Z,3e36e627a64bac27
watptxqtmcen2sc,page_view,2026-07-28 11:25:25.734Z,"{""from"": ""/how-it-works"", ""to"": ""/discourse""}",2026-07-28 11:25:25.713Z,,,,2026-07-28 11:25:25.734Z,3e36e627a64bac27
cdn1z2wagwdaxv1,page_view,2026-07-28 11:25:41.764Z,"{""from"": ""/how-it-works"", ""to"": ""/discourse""}",2026-07-28 11:25:41.573Z,,,,2026-07-28 11:25:41.764Z,34063db6dedf42bc
ssaa7c24vkwwhy6,page_view,2026-07-28 11:25:54.355Z,"{""from"": ""/discourse"", ""to"": ""/questions/0w3z1e5u1y1d83t/proposals/question""}",2026-07-28 11:25:54.026Z,0w3z1e5u1y1d83t,,,2026-07-28 11:25:54.355Z,34063db6dedf42bc
hdezjrmu7isj6r4,page_view,2026-07-28 11:26:02.085Z,"{""from"": ""/questions/0w3z1e5u1y1d83t/proposals/question"", ""to"": ""/groups/v0e99klwn3wg6qe""}",2026-07-28 11:26:01.968Z,0w3z1e5u1y1d83t,,,2026-07-28 11:26:02.085Z,34063db6dedf42bc
n3sopgk7r2qkhrn,page_view,2026-07-28 11:26:07.583Z,"{""from"": ""/groups/v0e99klwn3wg6qe"", ""to"": ""/questions/0w3z1e5u1y1d83t/proposals/question""}",2026-07-28 11:26:07.483Z,0w3z1e5u1y1d83t,,,2026-07-28 11:26:07.583Z,34063db6dedf42bc
01in4drbhj71xvf,page_view,2026-07-28 11:26:11.473Z,"{""from"": ""/discourse"", ""to"": ""/questions/0w3z1e5u1y1d83t/proposals/question""}",2026-07-28 11:26:11.410Z,0w3z1e5u1y1d83t,,,2026-07-28 11:26:11.473Z,3e36e627a64bac27
hh5pwbed9u1esgu,page_view,2026-07-28 11:26:19.373Z,"{""from"": ""/questions/0w3z1e5u1y1d83t/proposals/question"", ""to"": ""/discourse""}",2026-07-28 11:26:19.313Z,0w3z1e5u1y1d83t,,,2026-07-28 11:26:19.373Z,3e36e627a64bac27
z1qg9biq3vcs9ay,page_view,2026-07-28 11:26:21.040Z,"{""from"": ""/discourse"", ""to"": ""/questions/0w3z1e5u1y1d83t/proposals/question""}",2026-07-28 11:26:20.980Z,0w3z1e5u1y1d83t,,,2026-07-28 11:26:21.040Z,3e36e627a64bac27
2j1ylimn34l5gs1,page_view,2026-07-28 11:26:30.509Z,"{""from"": ""/questions/0w3z1e5u1y1d83t/proposals/question"", ""to"": ""/discourse""}",2026-07-28 11:26:30.421Z,0w3z1e5u1y1d83t,,,2026-07-28 11:26:30.509Z,34063db6dedf42bc
w40ohpny77nj79r,page_view,2026-07-28 11:26:34.163Z,"{""from"": ""/discourse"", ""to"": ""/questions/0w3z1e5u1y1d83t/proposals/question""}",2026-07-28 11:26:34.099Z,0w3z1e5u1y1d83t,,,2026-07-28 11:26:34.163Z,34063db6dedf42bc
e444e4n6frq7fsi,page_view,2026-07-28 11:26:39.830Z,"{""from"": ""/questions/0w3z1e5u1y1d83t/proposals/question"", ""to"": ""/discourse""}",2026-07-28 11:26:39.762Z,0w3z1e5u1y1d83t,,,2026-07-28 11:26:39.830Z,34063db6dedf42bc
0z3axxwelsdc4zb,page_view,2026-07-28 11:26:56.451Z,"{""from"": ""/discourse"", ""to"": ""/questions/0w3z1e5u1y1d83t/proposals/question""}",2026-07-28 11:26:56.373Z,0w3z1e5u1y1d83t,,,2026-07-28 11:26:56.451Z,34063db6dedf42bc
dgqarfoam8p45vk,page_view,2026-07-28 11:27:02.351Z,"{""from"": ""/questions/0w3z1e5u1y1d83t/proposals/question"", ""to"": ""/post-study-survey""}",2026-07-28 11:27:02.291Z,0w3z1e5u1y1d83t,,,2026-07-28 11:27:02.351Z,3e36e627a64bac27
ws72y8hrjyvuc0t,feed_filter_change,2026-07-28 11:27:05.642Z,"{""feedTab"": ""foryou"", ""selectedLabelId"": null, ""sortMode"": ""Newest""}",2026-07-28 11:27:05.560Z,,,,2026-07-28 11:27:05.642Z,34063db6dedf42bc
6olb8rc287dh61r,page_view,2026-07-28 11:27:05.647Z,"{""from"": ""/questions/0w3z1e5u1y1d83t/proposals/question"", ""to"": ""/questions/0w3z1e5u1y1d83t/proposals/ideas""}",2026-07-28 11:27:05.569Z,0w3z1e5u1y1d83t,,,2026-07-28 11:27:05.647Z,34063db6dedf42bc
7trv16ymhfvpb3z,page_view,2026-07-28 11:27:10.599Z,"{""from"": ""/post-study-survey"", ""to"": ""/discourse""}",2026-07-28 11:27:10.578Z,0w3z1e5u1y1d83t,,,2026-07-28 11:27:10.599Z,3e36e627a64bac27
geyojj5nsofjjxb,proposal_view,2026-07-28 11:27:12.100Z,,2026-07-28 11:27:12.035Z,0w3z1e5u1y1d83t,,4ye5dsqpshy40jr,2026-07-28 11:27:12.100Z,34063db6dedf42bc
rnry5ax2mn9dk6b,page_view,2026-07-28 11:27:15.908Z,"{""from"": ""/discourse"", ""to"": ""/questions/0w3z1e5u1y1d83t/proposals/question""}",2026-07-28 11:27:15.846Z,0w3z1e5u1y1d83t,,,2026-07-28 11:27:15.908Z,3e36e627a64bac27
9d7gy942q7zdh63,page_view,2026-07-28 11:27:26.809Z,"{""from"": ""/questions/0w3z1e5u1y1d83t/proposals/ideas"", ""to"": ""/discourse""}",2026-07-28 11:27:26.739Z,0w3z1e5u1y1d83t,,,2026-07-28 11:27:26.809Z,34063db6dedf42bc
4240z0tc8a9dlds,page_view,2026-07-28 11:27:28.586Z,"{""from"": ""/discourse"", ""to"": ""/questions/0w3z1e5u1y1d83t/proposals/question""}",2026-07-28 11:27:28.456Z,0w3z1e5u1y1d83t,,,2026-07-28 11:27:28.586Z,34063db6dedf42bc
3fgeq8k67my02zm,feed_filter_change,2026-07-28 11:27:43.254Z,"{""feedTab"": ""foryou"", ""selectedLabelId"": null, ""sortMode"": ""Newest""}",2026-07-28 11:27:43.231Z,,,,2026-07-28 11:27:43.254Z,3e36e627a64bac27
uwik42qo9c7967y,page_view,2026-07-28 11:27:43.269Z,"{""from"": ""/questions/0w3z1e5u1y1d83t/proposals/question"", ""to"": ""/questions/0w3z1e5u1y1d83t/proposals/ideas""}",2026-07-28 11:27:43.240Z,0w3z1e5u1y1d83t,,,2026-07-28 11:27:43.269Z,3e36e627a64bac27
6mat5my9vtms5nd,proposal_view,2026-07-28 11:27:45.587Z,,2026-07-28 11:27:45.559Z,0w3z1e5u1y1d83t,,4ye5dsqpshy40jr,2026-07-28 11:27:45.587Z,3e36e627a64bac27
faozufxk8xv2qpr,page_view,2026-07-28 11:27:47.745Z,"{""from"": ""/questions/0w3z1e5u1y1d83t/proposals/question"", ""to"": ""/discourse""}",2026-07-28 11:27:47.699Z,0w3z1e5u1y1d83t,,,2026-07-28 11:27:47.745Z,34063db6dedf42bc
cotu3wvepwe1e5e,page_view,2026-07-28 11:27:56.920Z,"{""to"": ""/groups/v0e99klwn3wg6qe""}",2026-07-28 11:27:56.852Z,,,,2026-07-28 11:27:56.920Z,34063db6dedf42bc
yyinjrt1xnq6zok,session_start,2026-07-28 11:27:56.921Z,"{""isMobile"": false, ""screenHeight"": 940, ""screenWidth"": 1920, ""userAgent"": ""Mozilla/5.0 (Macintosh; Intel Mac OS X 10_15_7) AppleWebKit/537.36 (KHTML, like Gecko) Chrome/150.0.0.0 Safari/537.36""}",2026-07-28 11:27:56.849Z,,,,2026-07-28 11:27:56.921Z,34063db6dedf42bc
nq7n9r5z29caoq8,page_view,2026-07-28 11:28:12.005Z,"{""from"": ""/groups/v0e99klwn3wg6qe"", ""to"": ""/questions/0w3z1e5u1y1d83t/proposals/question""}",2026-07-28 11:28:11.878Z,0w3z1e5u1y1d83t,,,2026-07-28 11:28:12.005Z,34063db6dedf42bc
5vxmrbnxcjc3j11,page_view,2026-07-28 11:28:31.690Z,"{""from"": ""/questions/0w3z1e5u1y1d83t/proposals/ideas"", ""to"": ""/questions/0w3z1e5u1y1d83t/proposals/new""}",2026-07-28 11:28:31.671Z,0w3z1e5u1y1d83t,,,2026-07-28 11:28:31.690Z,3e36e627a64bac27
ne7c6xtbf2y24k9,proposal_view,2026-07-28 11:28:35.351Z,,2026-07-28 11:28:35.326Z,0w3z1e5u1y1d83t,,4ye5dsqpshy40jr,2026-07-28 11:28:35.351Z,3e36e627a64bac27
lmuaoxru2m39rr5,page_view,2026-07-28 11:28:35.368Z,"{""from"": ""/questions/0w3z1e5u1y1d83t/proposals/new"", ""to"": ""/questions/0w3z1e5u1y1d83t/proposals/ideas""}",2026-07-28 11:28:35.331Z,0w3z1e5u1y1d83t,,,2026-07-28 11:28:35.368Z,3e36e627a64bac27
rtilr9t7syj0y3z,page_view,2026-07-28 11:28:40.677Z,"{""from"": ""/questions/0w3z1e5u1y1d83t/proposals/ideas"", ""to"": ""/questions/0w3z1e5u1y1d83t/proposals/new""}",2026-07-28 11:28:40.658Z,0w3z1e5u1y1d83t,,,2026-07-28 11:28:40.677Z,3e36e627a64bac27
b8qm4xhq7h7mczk,subscribe,2026-07-28 11:33:57.162Z,,2026-07-28 11:33:57.161Z,0w3z1e5u1y1d83t,,ppkkg16jlpylazv,2026-07-28 11:33:57.162Z,3e36e627a64bac27
0nwifgy9tgftjyu,create_idea,2026-07-28 11:33:57.167Z,,2026-07-28 11:33:57.157Z,0w3z1e5u1y1d83t,,ppkkg16jlpylazv,2026-07-28 11:33:57.167Z,3e36e627a64bac27
cpqbyjxqjxkkzue,create_label,2026-07-28 11:33:57.169Z,"{""label_name"": ""Essen""}",2026-07-28 11:33:57.157Z,0w3z1e5u1y1d83t,,ahabnqhexrqxbrf,2026-07-28 11:33:57.169Z,3e36e627a64bac27
gon93xhvuyvc361,proposal_view,2026-07-28 11:33:57.342Z,,2026-07-28 11:33:57.320Z,0w3z1e5u1y1d83t,,ppkkg16jlpylazv,2026-07-28 11:33:57.342Z,3e36e627a64bac27
zy1j02m0mgt7epo,proposal_view,2026-07-28 11:33:57.356Z,,2026-07-28 11:33:57.327Z,0w3z1e5u1y1d83t,,ppkkg16jlpylazv,2026-07-28 11:33:57.356Z,3e36e627a64bac27
k2zo2hn2ywz47xn,page_view,2026-07-28 11:33:57.366Z,"{""from"": ""/questions/0w3z1e5u1y1d83t/proposals/new"", ""to"": ""/questions/0w3z1e5u1y1d83t/proposals/ppkkg16jlpylazv""}",2026-07-28 11:33:57.328Z,0w3z1e5u1y1d83t,,,2026-07-28 11:33:57.366Z,3e36e627a64bac27
906ttj0yqnhhw1h,unsubscribe,2026-07-28 11:34:02.854Z,,2026-07-28 11:34:02.853Z,0w3z1e5u1y1d83t,,ppkkg16jlpylazv,2026-07-28 11:34:02.854Z,3e36e627a64bac27
8f41yr9bhgb7lka,subscribe,2026-07-28 11:34:04.297Z,,2026-07-28 11:34:04.296Z,0w3z1e5u1y1d83t,,ppkkg16jlpylazv,2026-07-28 11:34:04.297Z,3e36e627a64bac27
wxvtyzvemsp8u4y,unsubscribe,2026-07-28 11:34:05.163Z,,2026-07-28 11:34:05.162Z,0w3z1e5u1y1d83t,,ppkkg16jlpylazv,2026-07-28 11:34:05.163Z,3e36e627a64bac27
yqpsh8m1i65bdqx,page_view,2026-07-28 11:34:09.067Z,"{""from"": ""/questions/0w3z1e5u1y1d83t/proposals/new"", ""to"": ""/questions/0w3z1e5u1y1d83t/proposals/question""}",2026-07-28 11:34:09.047Z,0w3z1e5u1y1d83t,,,2026-07-28 11:34:09.067Z,3e36e627a64bac27
x4wyb92ucoz7wjw,page_view,2026-07-28 11:34:45.098Z,"{""from"": ""/questions/0w3z1e5u1y1d83t/proposals/subscriptions"", ""to"": ""/questions/0w3z1e5u1y1d83t/proposals/ideas""}",2026-07-28 11:34:45.074Z,0w3z1e5u1y1d83t,,,2026-07-28 11:34:45.098Z,3e36e627a64bac27
f1g6ub3qg0359wj,page_view,2026-07-28 11:34:45.283Z,"{""from"": ""/questions/0w3z1e5u1y1d83t/proposals/ideas"", ""to"": ""/questions/0w3z1e5u1y1d83t/proposals/ideas""}",2026-07-28 11:34:45.260Z,0w3z1e5u1y1d83t,,,2026-07-28 11:34:45.283Z,3e36e627a64bac27
us71sfqt1gjk2jt,page_view,2026-07-28 11:34:51.200Z,"{""from"": ""/questions/0w3z1e5u1y1d83t/proposals/ballot"", ""to"": ""/questions/0w3z1e5u1y1d83t/proposals/ideas""}",2026-07-28 11:34:51.176Z,0w3z1e5u1y1d83t,,,2026-07-28 11:34:51.200Z,3e36e627a64bac27
c2jjdbbpccglo0d,page_view,2026-07-28 11:34:51.717Z,"{""from"": ""/questions/0w3z1e5u1y1d83t/proposals/ideas"", ""to"": ""/questions/0w3z1e5u1y1d83t/proposals/question""}",2026-07-28 11:34:51.698Z,0w3z1e5u1y1d83t,,,2026-07-28 11:34:51.717Z,3e36e627a64bac27
illnvwpswtew0p6,page_view,2026-07-28 13:00:11.744Z,"{""from"": ""/de/register"", ""to"": ""/de/how-it-works""}",2026-07-28 13:00:12.753Z,,,,2026-07-28 13:00:11.744Z,b003312e6c38c8a5
jfi6l6qg1nelovg,page_view,2026-07-28 13:01:58.494Z,"{""from"": ""/de/login"", ""to"": ""/de/how-it-works""}",2026-07-28 13:01:59.508Z,,,,2026-07-28 13:01:58.494Z,b003312e6c38c8a5
qi0fa8u1zljklb1,page_view,2026-07-28 13:02:05.054Z,"{""from"": ""/de/how-it-works"", ""to"": ""/de/discourse""}",2026-07-28 13:02:06.072Z,,,,2026-07-28 13:02:05.054Z,b003312e6c38c8a5
fh9g8ajjfvfsjvt,page_view,2026-07-28 13:02:09.617Z,"{""from"": ""/de/discourse"", ""to"": ""/de/questions/0w3z1e5u1y1d83t/proposals/question""}",2026-07-28 13:02:10.638Z,0w3z1e5u1y1d83t,,,2026-07-28 13:02:09.617Z,b003312e6c38c8a5
pz1enj23g8egmm1,page_view,2026-07-28 13:02:22.857Z,"{""from"": ""/de/questions/0w3z1e5u1y1d83t/proposals/question"", ""to"": ""/de/groups/v0e99klwn3wg6qe""}",2026-07-28 13:02:23.877Z,0w3z1e5u1y1d83t,,,2026-07-28 13:02:22.857Z,b003312e6c38c8a5
6bt2qii69lmu0hf,page_view,2026-07-28 13:02:31.258Z,"{""from"": ""/de/groups/v0e99klwn3wg6qe"", ""to"": ""/de/questions/0w3z1e5u1y1d83t/proposals/question""}",2026-07-28 13:02:32.277Z,0w3z1e5u1y1d83t,,,2026-07-28 13:02:31.258Z,b003312e6c38c8a5
tippqz0mq5lnmie,page_view,2026-07-28 13:08:35.055Z,"{""from"": ""/de/login"", ""to"": ""/de/discourse""}",2026-07-28 13:08:35.001Z,,,,2026-07-28 13:08:35.055Z,407be8b01d4ce342
e36dzc70ti30yq3,page_view,2026-07-28 13:08:37.652Z,"{""from"": ""/de/discourse"", ""to"": ""/de/questions/0w3z1e5u1y1d83t/proposals/question""}",2026-07-28 13:08:37.598Z,0w3z1e5u1y1d83t,,,2026-07-28 13:08:37.652Z,407be8b01d4ce342
2hxx1hfs4n30xo4,feed_filter_change,2026-07-28 13:08:39.596Z,"{""feedTab"": ""foryou"", ""selectedLabelId"": null, ""sortMode"": ""Newest""}",2026-07-28 13:08:39.526Z,,,,2026-07-28 13:08:39.596Z,407be8b01d4ce342
qqu44vp2pz045wl,page_view,2026-07-28 13:08:39.599Z,"{""from"": ""/de/questions/0w3z1e5u1y1d83t/proposals/question"", ""to"": ""/de/questions/0w3z1e5u1y1d83t/proposals/ideas""}",2026-07-28 13:08:39.537Z,0w3z1e5u1y1d83t,,,2026-07-28 13:08:39.599Z,407be8b01d4ce342
6ie0vfd12f3q8mw,feed_filter_change,2026-07-28 13:08:42.588Z,"{""feedTab"": ""all"", ""selectedLabelId"": null, ""sortMode"": ""Newest""}",2026-07-28 13:08:42.543Z,,,,2026-07-28 13:08:42.588Z,407be8b01d4ce342
bwnl06hslj8yvkc,proposal_view,2026-07-28 13:08:52.674Z,,2026-07-28 13:08:52.614Z,0w3z1e5u1y1d83t,,ppkkg16jlpylazv,2026-07-28 13:08:52.674Z,407be8b01d4ce342
7glgtpfmhwcl1gs,tab_switch,2026-07-28 13:11:17.398Z,"{""state"": ""visible""}",2026-07-28 13:11:18.373Z,,,,2026-07-28 13:11:17.398Z,b003312e6c38c8a5
dackz86snqq0lkp,page_view,2026-07-28 13:23:37.592Z,"{""from"": ""/de/discourse"", ""to"": ""/de/questions/0w3z1e5u1y1d83t/proposals/question""}",2026-07-28 13:23:35.510Z,0w3z1e5u1y1d83t,,,2026-07-28 13:23:37.592Z,de13859e1d6aea12
hilc4wz5wuzldui,page_view,2026-07-28 13:23:44.585Z,"{""from"": ""/de/questions/0w3z1e5u1y1d83t/proposals/question"", ""to"": ""/de/questions/0w3z1e5u1y1d83t/proposals/ideas""}",2026-07-28 13:23:42.469Z,0w3z1e5u1y1d83t,,,2026-07-28 13:23:44.585Z,de13859e1d6aea12
srx8ct3ngv0vgc3,subscribe,2026-07-28 13:23:48.130Z,,2026-07-28 13:23:48.128Z,0w3z1e5u1y1d83t,,ppkkg16jlpylazv,2026-07-28 13:23:48.130Z,de13859e1d6aea12
hryhwdcwnlksu1a,unsubscribe,2026-07-28 13:23:48.542Z,,2026-07-28 13:23:48.541Z,0w3z1e5u1y1d83t,,ppkkg16jlpylazv,2026-07-28 13:23:48.542Z,de13859e1d6aea12
nh37y65w3h8dqx8,subscribe,2026-07-28 13:23:49.405Z,,2026-07-28 13:23:49.403Z,0w3z1e5u1y1d83t,,ppkkg16jlpylazv,2026-07-28 13:23:49.405Z,de13859e1d6aea12
os36cxwr7yt6rru,proposal_view,2026-07-28 13:23:51.152Z,,2026-07-28 13:23:49.060Z,0w3z1e5u1y1d83t,,ppkkg16jlpylazv,2026-07-28 13:23:51.152Z,de13859e1d6aea12
rqlz8bwrbegsbc9,unsubscribe,2026-07-28 13:23:59.397Z,,2026-07-28 13:23:59.395Z,0w3z1e5u1y1d83t,,ppkkg16jlpylazv,2026-07-28 13:23:59.397Z,de13859e1d6aea12
8ixnsftl1q3bj16,feed_filter_change,2026-07-28 13:59:49.606Z,"{""feedTab"": ""foryou"", ""selectedLabelId"": null, ""sortMode"": ""Newest""}",2026-07-28 13:59:49.283Z,,,,2026-07-28 13:59:49.606Z,407be8b01d4ce342
3mdjvodcz76w3e5,session_start,2026-07-28 13:59:49.611Z,"{""isMobile"": false, ""screenHeight"": 847, ""screenWidth"": 1536, ""userAgent"": ""Mozilla/5.0 (X11; Linux x86_64) AppleWebKit/537.36 (KHTML, like Gecko) Chrome/150.0.0.0 Safari/537.36""}",2026-07-28 13:59:49.290Z,,,,2026-07-28 13:59:49.611Z,407be8b01d4ce342
ahwfor69gzn33na,page_view,2026-07-28 13:59:49.610Z,"{""to"": ""/de/questions/0w3z1e5u1y1d83t/proposals/ideas""}",2026-07-28 13:59:49.293Z,0w3z1e5u1y1d83t,,,2026-07-28 13:59:49.610Z,407be8b01d4ce342
0hc6ly7332b18fl,page_view,2026-07-28 13:59:51.706Z,"{""from"": ""/de/questions/0w3z1e5u1y1d83t/proposals/ideas"", ""to"": ""/de/questions/0w3z1e5u1y1d83t/proposals/ideas""}",2026-07-28 13:59:51.534Z,0w3z1e5u1y1d83t,,,2026-07-28 13:59:51.706Z,407be8b01d4ce342
vy09rq0sumjcmm7,page_view,2026-07-28 13:59:52.650Z,"{""from"": ""/de/questions/0w3z1e5u1y1d83t/proposals/ideas"", ""to"": ""/de/questions/0w3z1e5u1y1d83t/proposals/question""}",2026-07-28 13:59:52.555Z,0w3z1e5u1y1d83t,,,2026-07-28 13:59:52.650Z,407be8b01d4ce342
853qs0f0a71dw3p,page_view,2026-07-28 13:59:53.065Z,"{""from"": ""/de/questions/0w3z1e5u1y1d83t/proposals/question"", ""to"": ""/de/questions/0w3z1e5u1y1d83t/proposals/ideas""}",2026-07-28 13:59:52.992Z,0w3z1e5u1y1d83t,,,2026-07-28 13:59:53.065Z,407be8b01d4ce342
kpbiw7hyclavy33,feed_filter_change,2026-07-28 13:59:54.987Z,"{""feedTab"": ""all"", ""selectedLabelId"": null, ""sortMode"": ""Newest""}",2026-07-28 13:59:54.955Z,,,,2026-07-28 13:59:54.987Z,407be8b01d4ce342
crzvlk4ib4l73qc,feed_filter_change,2026-07-28 13:59:56.689Z,"{""feedTab"": ""foryou"", ""selectedLabelId"": null, ""sortMode"": ""Newest""}",2026-07-28 13:59:56.659Z,,,,2026-07-28 13:59:56.689Z,407be8b01d4ce342
ytoqw49odvx214e,subscribe,2026-07-28 13:59:57.779Z,,2026-07-28 13:59:57.776Z,0w3z1e5u1y1d83t,,ppkkg16jlpylazv,2026-07-28 13:59:57.779Z,407be8b01d4ce342
kguhs5ee8pvkadq,session_start,2026-07-28 14:00:20.325Z,"{""isMobile"": false, ""screenHeight"": 847, ""screenWidth"": 1536, ""userAgent"": ""Mozilla/5.0 (X11; Linux x86_64) AppleWebKit/537.36 (KHTML, like Gecko) Chrome/150.0.0.0 Safari/537.36""}",2026-07-28 14:00:20.271Z,,,,2026-07-28 14:00:20.325Z,407be8b01d4ce342
a40djhm8aver7su,page_view,2026-07-28 14:00:20.327Z,"{""to"": ""/de/questions/0w3z1e5u1y1d83t/proposals/ballot""}",2026-07-28 14:00:20.273Z,0w3z1e5u1y1d83t,,,2026-07-28 14:00:20.327Z,407be8b01d4ce342
20tplw5zi7yr5bb,feed_filter_change,2026-07-28 14:00:22.027Z,"{""feedTab"": ""foryou"", ""selectedLabelId"": null, ""sortMode"": ""Newest""}",2026-07-28 14:00:21.956Z,,,,2026-07-28 14:00:22.027Z,407be8b01d4ce342
g0k6i6x31vwqqle,page_view,2026-07-28 14:00:22.029Z,"{""from"": ""/de/questions/0w3z1e5u1y1d83t/proposals/ballot"", ""to"": ""/de/questions/0w3z1e5u1y1d83t/proposals/ideas""}",2026-07-28 14:00:21.964Z,0w3z1e5u1y1d83t,,,2026-07-28 14:00:22.029Z,407be8b01d4ce342
xi8fhfawvu1isyb,feed_filter_change,2026-07-28 14:00:24.679Z,"{""feedTab"": ""all"", ""selectedLabelId"": null, ""sortMode"": ""Newest""}",2026-07-28 14:00:24.642Z,,,,2026-07-28 14:00:24.679Z,407be8b01d4ce342
wyviz2ipnspyd2x,page_view,2026-07-28 14:00:26.146Z,"{""from"": ""/de/questions/0w3z1e5u1y1d83t/proposals/ideas"", ""to"": ""/de/questions/0w3z1e5u1y1d83t/proposals/question""}",2026-07-28 14:00:26.078Z,0w3z1e5u1y1d83t,,,2026-07-28 14:00:26.146Z,407be8b01d4ce342
3hkvgbh5p9quvv3,page_view,2026-07-28 14:04:30.927Z,"{""from"": ""/de/questions/0w3z1e5u1y1d83t/proposals/question"", ""to"": ""/de/questions/0w3z1e5u1y1d83t/proposals/ideas""}",2026-07-28 14:04:30.867Z,0w3z1e5u1y1d83t,,,2026-07-28 14:04:30.927Z,407be8b01d4ce342
yxspaqx77hk4vha,page_view,2026-07-28 14:04:35.620Z,"{""from"": ""/de/questions/0w3z1e5u1y1d83t/proposals/subscriptions"", ""to"": ""/de/questions/0w3z1e5u1y1d83t/proposals/subscriptions""}",2026-07-28 14:04:35.565Z,0w3z1e5u1y1d83t,,,2026-07-28 14:04:35.620Z,407be8b01d4ce342
d91329k2sjq52k6,session_start,2026-07-28 14:33:10.908Z,"{""isMobile"": false, ""screenHeight"": 847, ""screenWidth"": 1536, ""userAgent"": ""Mozilla/5.0 (X11; Linux x86_64) AppleWebKit/537.36 (KHTML, like Gecko) Chrome/150.0.0.0 Safari/537.36""}",2026-07-28 14:33:10.890Z,,,,2026-07-28 14:33:10.908Z,407be8b01d4ce342
1qje0njejssjq4h,page_view,2026-07-28 14:33:10.917Z,"{""to"": ""/de/questions/0w3z1e5u1y1d83t/proposals/subscriptions""}",2026-07-28 14:33:10.893Z,0w3z1e5u1y1d83t,,,2026-07-28 14:33:10.917Z,407be8b01d4ce342
m7z1o9f95tfh1zm,page_view,2026-07-28 14:33:13.074Z,"{""from"": ""/de/questions/0w3z1e5u1y1d83t/proposals/subscriptions"", ""to"": ""/de/questions/0w3z1e5u1y1d83t/proposals/ideas""}",2026-07-28 14:33:13.029Z,0w3z1e5u1y1d83t,,,2026-07-28 14:33:13.074Z,407be8b01d4ce342
w3r1uz78s7546pq,feed_filter_change,2026-07-28 14:33:13.076Z,"{""feedTab"": ""foryou"", ""selectedLabelId"": null, ""sortMode"": ""Newest""}",2026-07-28 14:33:13.018Z,,,,2026-07-28 14:33:13.076Z,407be8b01d4ce342
8qddc8y57ewpoz2,page_view,2026-07-28 14:33:13.654Z,"{""from"": ""/de/questions/0w3z1e5u1y1d83t/proposals/ideas"", ""to"": ""/de/questions/0w3z1e5u1y1d83t/proposals/question""}",2026-07-28 14:33:13.604Z,0w3z1e5u1y1d83t,,,2026-07-28 14:33:13.654Z,407be8b01d4ce342
00tue0sv6cya7oy,page_view,2026-07-28 14:33:16.266Z,"{""from"": ""/de/questions/0w3z1e5u1y1d83t/proposals/question"", ""to"": ""/de/groups/v0e99klwn3wg6qe""}",2026-07-28 14:33:16.227Z,0w3z1e5u1y1d83t,,,2026-07-28 14:33:16.266Z,407be8b01d4ce342
c40twmnh95521za,tab_switch,2026-07-28 14:58:55.615Z,"{""state"": ""visible""}",2026-07-28 14:58:55.553Z,,,,2026-07-28 14:58:55.615Z,407be8b01d4ce342
3ah59txb3f3hhnh,session_start,2026-07-28 14:58:59.316Z,"{""isMobile"": false, ""screenHeight"": 847, ""screenWidth"": 1536, ""userAgent"": ""Mozilla/5.0 (X11; Linux x86_64) AppleWebKit/537.36 (KHTML, like Gecko) Chrome/150.0.0.0 Safari/537.36""}",2026-07-28 14:58:59.274Z,,,,2026-07-28 14:58:59.316Z,407be8b01d4ce342
ncx7g0gyezqpigj,page_view,2026-07-28 14:59:06.986Z,"{""from"": ""/de/discourse"", ""to"": ""/de/questions/0w3z1e5u1y1d83t/proposals/question""}",2026-07-28 14:59:06.949Z,0w3z1e5u1y1d83t,,,2026-07-28 14:59:06.986Z,407be8b01d4ce342
83hv4efqq8ihgau,page_view,2026-07-28 14:59:26.911Z,"{""from"": ""/de/questions/0w3z1e5u1y1d83t/proposals/ballot"", ""to"": ""/de/questions/0w3z1e5u1y1d83t/proposals/question""}",2026-07-28 14:59:26.869Z,0w3z1e5u1y1d83t,,,2026-07-28 14:59:26.911Z,407be8b01d4ce342
rq19uuqiypt9s1r,page_view,2026-07-28 14:59:28.492Z,"{""from"": ""/de/questions/0w3z1e5u1y1d83t/proposals/question"", ""to"": ""/de/discourse""}",2026-07-28 14:59:28.463Z,0w3z1e5u1y1d83t,,,2026-07-28 14:59:28.492Z,407be8b01d4ce342
itjlmzhwonb1i6z,tab_switch,2026-07-28 15:10:14.981Z,"{""state"": ""visible""}",2026-07-28 15:10:14.925Z,,,,2026-07-28 15:10:14.981Z,407be8b01d4ce342
s19j4iqhd68vwg0,page_view,2026-07-28 15:10:25.094Z,"{""from"": ""/de/login"", ""to"": ""/de/discourse""}",2026-07-28 15:10:25.072Z,,,,2026-07-28 15:10:25.094Z,407be8b01d4ce342
dy0b4tmj3hnhpbc,page_view,2026-07-28 15:10:29.265Z,"{""from"": ""/de/discourse"", ""to"": ""/de/questions/0w3z1e5u1y1d83t/proposals/question""}",2026-07-28 15:10:29.245Z,0w3z1e5u1y1d83t,,,2026-07-28 15:10:29.265Z,407be8b01d4ce342
tvjo7v191umq2pq,tab_switch,2026-07-28 15:50:03.807Z,"{""state"": ""visible""}",2026-07-28 15:50:03.622Z,,,,2026-07-28 15:50:03.807Z,407be8b01d4ce342
oavgijc95pllmq9,page_view,2026-07-28 15:50:05.510Z,"{""from"": ""/de/questions/0w3z1e5u1y1d83t/proposals/question"", ""to"": ""/de/questions/0w3z1e5u1y1d83t/proposals/question""}",2026-07-28 15:50:05.480Z,0w3z1e5u1y1d83t,,,2026-07-28 15:50:05.510Z,407be8b01d4ce342
phv1p5pndn4dzsw,feed_filter_change,2026-07-28 15:50:05.876Z,"{""feedTab"": ""foryou"", ""selectedLabelId"": null, ""sortMode"": ""Newest""}",2026-07-28 15:50:05.849Z,,,,2026-07-28 15:50:05.876Z,407be8b01d4ce342
domi2tjjz87rqym,page_view,2026-07-28 15:50:05.884Z,"{""from"": ""/de/questions/0w3z1e5u1y1d83t/proposals/question"", ""to"": ""/de/questions/0w3z1e5u1y1d83t/proposals/ideas""}",2026-07-28 15:50:05.860Z,0w3z1e5u1y1d83t,,,2026-07-28 15:50:05.884Z,407be8b01d4ce342
q17kjgxd03tcvge,page_view,2026-07-28 15:50:08.410Z,"{""from"": ""/de/questions/0w3z1e5u1y1d83t/proposals/subscriptions"", ""to"": ""/de/questions/0w3z1e5u1y1d83t/proposals/ideas""}",2026-07-28 15:50:08.380Z,0w3z1e5u1y1d83t,,,2026-07-28 15:50:08.410Z,407be8b01d4ce342
8y2a44nkq3qurjy,feed_filter_change,2026-07-28 15:50:10.040Z,"{""feedTab"": ""all"", ""selectedLabelId"": null, ""sortMode"": ""Newest""}",2026-07-28 15:50:10.010Z,,,,2026-07-28 15:50:10.040Z,407be8b01d4ce342
nfnd74uxzaykzdm,feed_filter_change,2026-07-28 15:50:10.865Z,"{""feedTab"": ""hidden"", ""selectedLabelId"": null, ""sortMode"": ""Newest""}",2026-07-28 15:50:10.837Z,,,,2026-07-28 15:50:10.865Z,407be8b01d4ce342
6tm5cgh60wdaaxc,feed_filter_change,2026-07-28 15:50:11.394Z,"{""feedTab"": ""foryou"", ""selectedLabelId"": null, ""sortMode"": ""Newest""}",2026-07-28 15:50:11.361Z,,,,2026-07-28 15:50:11.394Z,407be8b01d4ce342
1y16j1wlwlhmcpu,page_view,2026-07-28 15:50:26.458Z,"{""from"": ""/de/questions/0w3z1e5u1y1d83t/proposals/ballot"", ""to"": ""/de/questions/0w3z1e5u1y1d83t/proposals/question""}",2026-07-28 15:50:26.431Z,0w3z1e5u1y1d83t,,,2026-07-28 15:50:26.458Z,407be8b01d4ce342
ug8t7oc4r450pza,tab_switch,2026-07-28 21:16:56.870Z,"{""state"": ""visible""}",2026-07-28 21:16:56.814Z,,,,2026-07-28 21:16:56.870Z,407be8b01d4ce342
4uzg2rs64rdcy82,session_start,2026-07-29 05:58:47.225Z,"{""isMobile"": true, ""screenHeight"": 647, ""screenWidth"": 375, ""userAgent"": ""Mozilla/5.0 (iPhone; CPU iPhone OS 18_7 like Mac OS X) AppleWebKit/605.1.15 (KHTML, like Gecko) Version/26.5.2 Mobile/15E148 Safari/604.1""}",2026-07-29 05:58:47.198Z,,,,2026-07-29 05:58:47.225Z,407be8b01d4ce342
kx0h9hoouif4kwt,page_view,2026-07-29 05:58:47.226Z,"{""to"": ""/de/discourse""}",2026-07-29 05:58:47.201Z,,,,2026-07-29 05:58:47.226Z,407be8b01d4ce342
ewyrh5w8vl7uy7q,page_view,2026-07-29 05:58:49.832Z,"{""from"": ""/de/discourse"", ""to"": ""/de/questions/0w3z1e5u1y1d83t/proposals/question""}",2026-07-29 05:58:49.809Z,0w3z1e5u1y1d83t,,,2026-07-29 05:58:49.832Z,407be8b01d4ce342
xpaw4afu9sfhztb,feed_filter_change,2026-07-29 05:58:52.053Z,"{""feedTab"": ""foryou"", ""selectedLabelId"": null, ""sortMode"": ""Newest""}",2026-07-29 05:58:52.030Z,,,,2026-07-29 05:58:52.053Z,407be8b01d4ce342
ihcyqa67upxchj1,page_view,2026-07-29 05:58:52.060Z,"{""from"": ""/de/questions/0w3z1e5u1y1d83t/proposals/question"", ""to"": ""/de/questions/0w3z1e5u1y1d83t/proposals/ideas""}",2026-07-29 05:58:52.035Z,0w3z1e5u1y1d83t,,,2026-07-29 05:58:52.060Z,407be8b01d4ce342
kj54oo48vd9egpp,tab_switch,2026-07-29 06:13:01.265Z,"{""state"": ""visible""}",2026-07-29 06:13:01.083Z,,,,2026-07-29 06:13:01.265Z,407be8b01d4ce342
i2lma64easyob8b,page_view,2026-07-29 06:42:28.905Z,"{""to"": ""/de/discourse""}",2026-07-29 06:42:28.846Z,,,,2026-07-29 06:42:28.905Z,407be8b01d4ce342
w3p68all0ckrbc3,session_start,2026-07-29 06:42:28.914Z,"{""isMobile"": true, ""screenHeight"": 647, ""screenWidth"": 375, ""userAgent"": ""Mozilla/5.0 (iPhone; CPU iPhone OS 18_7 like Mac OS X) AppleWebKit/605.1.15 (KHTML, like Gecko) Version/26.5.2 Mobile/15E148 Safari/604.1""}",2026-07-29 06:42:28.843Z,,,,2026-07-29 06:42:28.914Z,407be8b01d4ce342
6ky24urqkbsjxmq,session_start,2026-07-29 12:39:49.671Z,"{""isMobile"": false, ""screenHeight"": 750, ""screenWidth"": 736, ""userAgent"": ""Mozilla/5.0 (X11; Linux x86_64) AppleWebKit/537.36 (KHTML, like Gecko) Chrome/150.0.0.0 Safari/537.36""}",2026-07-29 12:39:49.644Z,,,,2026-07-29 12:39:49.671Z,407be8b01d4ce342
64jli5zcn571gnr,page_view,2026-07-29 12:39:49.682Z,"{""to"": ""/de/discourse""}",2026-07-29 12:39:49.652Z,,,,2026-07-29 12:39:49.682Z,407be8b01d4ce342
h1xn9h3888o0tho,session_start,2026-07-29 16:20:37.871Z,"{""isMobile"": true, ""screenHeight"": 647, ""screenWidth"": 375, ""userAgent"": ""Mozilla/5.0 (iPhone; CPU iPhone OS 18_7 like Mac OS X) AppleWebKit/605.1.15 (KHTML, like Gecko) Version/26.5.2 Mobile/15E148 Safari/604.1""}",2026-07-29 16:20:37.838Z,,,,2026-07-29 16:20:37.871Z,407be8b01d4ce342
3bihjv6uknob40s,page_view,2026-07-29 16:20:37.872Z,"{""to"": ""/de/discourse""}",2026-07-29 16:20:37.842Z,,,,2026-07-29 16:20:37.872Z,407be8b01d4ce342
ncty1tm8yew05w9,page_view,2026-07-29 16:20:40.640Z,"{""from"": ""/de/discourse"", ""to"": ""/de/questions/0w3z1e5u1y1d83t/proposals/question""}",2026-07-29 16:20:40.620Z,0w3z1e5u1y1d83t,,,2026-07-29 16:20:40.640Z,407be8b01d4ce342
os16aav990oal1v,page_view,2026-07-29 16:20:42.054Z,"{""from"": ""/de/questions/0w3z1e5u1y1d83t/proposals/question"", ""to"": ""/de/questions/0w3z1e5u1y1d83t/proposals/ideas""}",2026-07-29 16:20:41.995Z,0w3z1e5u1y1d83t,,,2026-07-29 16:20:42.054Z,407be8b01d4ce342
o5nkt63ikudwzf7,feed_filter_change,2026-07-29 16:20:42.056Z,"{""feedTab"": ""foryou"", ""selectedLabelId"": null, ""sortMode"": ""Newest""}",2026-07-29 16:20:41.994Z,,,,2026-07-29 16:20:42.056Z,407be8b01d4ce342
fr64ara6vd5tsxk,page_view,2026-07-30 08:04:07.424Z,"{""to"": ""/de/discourse""}",2026-07-30 08:04:07.407Z,,,,2026-07-30 08:04:07.424Z,407be8b01d4ce342
do5ekn4mc8e59xh,session_start,2026-07-30 08:04:07.428Z,"{""isMobile"": true, ""screenHeight"": 647, ""screenWidth"": 375, ""userAgent"": ""Mozilla/5.0 (iPhone; CPU iPhone OS 18_7 like Mac OS X) AppleWebKit/605.1.15 (KHTML, like Gecko) Version/26.5.2 Mobile/15E148 Safari/604.1""}",2026-07-30 08:04:07.404Z,,,,2026-07-30 08:04:07.428Z,407be8b01d4ce342
bb3ulzc7rm6e0ty,tab_switch,2026-07-30 08:04:52.025Z,"{""state"": ""visible""}",2026-07-30 08:04:51.862Z,,,,2026-07-30 08:04:52.025Z,407be8b01d4ce342
3k6ltbs4pjzxos6,tab_switch,2026-07-30 08:51:34.884Z,"{""state"": ""visible""}",2026-07-30 08:51:34.548Z,,,,2026-07-30 08:51:34.884Z,407be8b01d4ce342
a5zbp3tsjf9wc7q,page_view,2026-07-30 08:51:36.371Z,"{""from"": ""/de/discourse"", ""to"": ""/de/questions/0w3z1e5u1y1d83t/proposals/question""}",2026-07-30 08:51:36.331Z,0w3z1e5u1y1d83t,,,2026-07-30 08:51:36.371Z,407be8b01d4ce342
1h4s489hx6ngmsl,page_view,2026-07-30 08:51:38.909Z,"{""from"": ""/de/questions/0w3z1e5u1y1d83t/proposals/question"", ""to"": ""/de/questions/0w3z1e5u1y1d83t/proposals/new""}",2026-07-30 08:51:38.871Z,0w3z1e5u1y1d83t,,,2026-07-30 08:51:38.909Z,407be8b01d4ce342
o725iyckc17jut3,subscribe,2026-07-30 08:55:26.614Z,,2026-07-30 08:55:26.614Z,0w3z1e5u1y1d83t,,kfb0ib2gefppy6l,2026-07-30 08:55:26.614Z,407be8b01d4ce342
ylyoiyqjs11qb6l,create_idea,2026-07-30 08:55:26.627Z,,2026-07-30 08:55:26.578Z,0w3z1e5u1y1d83t,,kfb0ib2gefppy6l,2026-07-30 08:55:26.627Z,407be8b01d4ce342
93xmhe2b0ufa0cv,create_label,2026-07-30 08:55:26.632Z,"{""label_name"": ""Alles individuell bezahlen""}",2026-07-30 08:55:26.578Z,0w3z1e5u1y1d83t,,gnw5jw3s6fadtju,2026-07-30 08:55:26.632Z,407be8b01d4ce342
zlpsfeh8dg019dy,proposal_view,2026-07-30 08:55:26.860Z,,2026-07-30 08:55:26.829Z,0w3z1e5u1y1d83t,,kfb0ib2gefppy6l,2026-07-30 08:55:26.860Z,407be8b01d4ce342
vfai0bka3koxyah,proposal_view,2026-07-30 08:55:26.875Z,,2026-07-30 08:55:26.837Z,0w3z1e5u1y1d83t,,kfb0ib2gefppy6l,2026-07-30 08:55:26.875Z,407be8b01d4ce342
6pkdjdw17q18ccc,page_view,2026-07-30 08:55:26.887Z,"{""from"": ""/de/questions/0w3z1e5u1y1d83t/proposals/new"", ""to"": ""/de/questions/0w3z1e5u1y1d83t/proposals/kfb0ib2gefppy6l""}",2026-07-30 08:55:26.838Z,0w3z1e5u1y1d83t,,,2026-07-30 08:55:26.887Z,407be8b01d4ce342
emo57i7mzgh35fb,page_view,2026-07-30 08:55:30.567Z,"{""from"": ""/de/questions/0w3z1e5u1y1d83t/proposals/new"", ""to"": ""/de/questions/0w3z1e5u1y1d83t/proposals/question""}",2026-07-30 08:55:30.535Z,0w3z1e5u1y1d83t,,,2026-07-30 08:55:30.567Z,407be8b01d4ce342
04x67ydhqhhub7b,feed_filter_change,2026-07-30 08:55:31.659Z,"{""feedTab"": ""foryou"", ""selectedLabelId"": null, ""sortMode"": ""Newest""}",2026-07-30 08:55:31.613Z,,,,2026-07-30 08:55:31.659Z,407be8b01d4ce342
bkphveb6i0j9s3i,page_view,2026-07-30 08:55:31.659Z,"{""from"": ""/de/questions/0w3z1e5u1y1d83t/proposals/question"", ""to"": ""/de/questions/0w3z1e5u1y1d83t/proposals/ideas""}",2026-07-30 08:55:31.614Z,0w3z1e5u1y1d83t,,,2026-07-30 08:55:31.659Z,407be8b01d4ce342
t2zf4n6ftawj1v2,tab_switch,2026-07-30 10:15:44.980Z,"{""state"": ""visible""}",2026-07-30 10:15:44.730Z,,,,2026-07-30 10:15:44.980Z,407be8b01d4ce342
o3i04i4r3224t88,page_view,2026-07-30 10:15:46.235Z,"{""from"": ""/de/questions/0w3z1e5u1y1d83t/proposals/subscriptions"", ""to"": ""/de/questions/0w3z1e5u1y1d83t/proposals/subscriptions""}",2026-07-30 10:15:46.161Z,0w3z1e5u1y1d83t,,,2026-07-30 10:15:46.235Z,407be8b01d4ce342
ljwnclalyxe4rgn,page_view,2026-07-30 10:15:46.743Z,"{""from"": ""/de/questions/0w3z1e5u1y1d83t/proposals/subscriptions"", ""to"": ""/de/questions/0w3z1e5u1y1d83t/proposals/ideas""}",2026-07-30 10:15:46.669Z,0w3z1e5u1y1d83t,,,2026-07-30 10:15:46.743Z,407be8b01d4ce342
ztfy5kyiyvbdfrp,page_view,2026-07-30 10:15:48.036Z,"{""from"": ""/de/questions/0w3z1e5u1y1d83t/proposals/ideas"", ""to"": ""/de/questions/0w3z1e5u1y1d83t/proposals/question""}",2026-07-30 10:15:47.961Z,0w3z1e5u1y1d83t,,,2026-07-30 10:15:48.036Z,407be8b01d4ce342
tuqbtpso9azw3h8,page_view,2026-07-30 10:15:48.361Z,"{""from"": ""/de/questions/0w3z1e5u1y1d83t/proposals/question"", ""to"": ""/de/questions/0w3z1e5u1y1d83t/proposals/question""}",2026-07-30 10:15:48.286Z,0w3z1e5u1y1d83t,,,2026-07-30 10:15:48.361Z,407be8b01d4ce342
gznfzsi985z85zm,page_view,2026-07-30 10:15:50.219Z,"{""from"": ""/de/questions/0w3z1e5u1y1d83t/proposals/question"", ""to"": ""/de/questions/0w3z1e5u1y1d83t/proposals/ideas""}",2026-07-30 10:15:50.142Z,0w3z1e5u1y1d83t,,,2026-07-30 10:15:50.219Z,407be8b01d4ce342
mmdlndu9ixfx5yo,feed_filter_change,2026-07-30 10:15:52.433Z,"{""feedTab"": ""all"", ""selectedLabelId"": null, ""sortMode"": ""Newest""}",2026-07-30 10:15:52.357Z,,,,2026-07-30 10:15:52.433Z,407be8b01d4ce342
i6r23u48dhzgcx0,page_view,2026-07-30 12:32:49.749Z,"{""to"": ""/de/discourse""}",2026-07-30 12:32:49.801Z,,,,2026-07-30 12:32:49.749Z,407be8b01d4ce342
092teplgzr2d0cv,session_start,2026-07-30 12:32:49.751Z,"{""isMobile"": true, ""screenHeight"": 647, ""screenWidth"": 375, ""userAgent"": ""Mozilla/5.0 (iPhone; CPU iPhone OS 18_7 like Mac OS X) AppleWebKit/605.1.15 (KHTML, like Gecko) Version/26.5.2 Mobile/15E148 Safari/604.1""}",2026-07-30 12:32:49.796Z,,,,2026-07-30 12:32:49.751Z,407be8b01d4ce342
nk8v2rltz5sfnks,page_view,2026-07-30 12:32:51.771Z,"{""from"": ""/de/discourse"", ""to"": ""/de/questions/0w3z1e5u1y1d83t/proposals/question""}",2026-07-30 12:32:51.824Z,0w3z1e5u1y1d83t,,,2026-07-30 12:32:51.771Z,407be8b01d4ce342
kvsqs0n4z196akd,feed_filter_change,2026-07-30 12:32:53.749Z,"{""feedTab"": ""foryou"", ""selectedLabelId"": null, ""sortMode"": ""Newest""}",2026-07-30 12:32:53.799Z,,,,2026-07-30 12:32:53.749Z,407be8b01d4ce342
e2r2gz9mrrm6tdc,page_view,2026-07-30 12:32:53.750Z,"{""from"": ""/de/questions/0w3z1e5u1y1d83t/proposals/question"", ""to"": ""/de/questions/0w3z1e5u1y1d83t/proposals/ideas""}",2026-07-30 12:32:53.805Z,0w3z1e5u1y1d83t,,,2026-07-30 12:32:53.750Z,407be8b01d4ce342
a2dg1d59ur9c85y,page_view,2026-07-30 12:32:55.734Z,"{""from"": ""/de/questions/0w3z1e5u1y1d83t/proposals/ideas"", ""to"": ""/de/questions/0w3z1e5u1y1d83t/proposals/ideas""}",2026-07-30 12:32:55.781Z,0w3z1e5u1y1d83t,,,2026-07-30 12:32:55.734Z,407be8b01d4ce342
bcnui89590pnbnn,page_view,2026-07-30 12:32:56.209Z,"{""from"": ""/de/questions/0w3z1e5u1y1d83t/proposals/ideas"", ""to"": ""/de/questions/0w3z1e5u1y1d83t/proposals/question""}",2026-07-30 12:32:56.262Z,0w3z1e5u1y1d83t,,,2026-07-30 12:32:56.209Z,407be8b01d4ce342
yr39ayvadqhti06,page_view,2026-07-30 12:32:56.657Z,"{""from"": ""/de/questions/0w3z1e5u1y1d83t/proposals/question"", ""to"": ""/de/questions/0w3z1e5u1y1d83t/proposals/ideas""}",2026-07-30 12:32:56.707Z,0w3z1e5u1y1d83t,,,2026-07-30 12:32:56.657Z,407be8b01d4ce342
y9nh1pue28sgb7a,session_start,2026-07-30 13:23:22.371Z,"{""isMobile"": true, ""screenHeight"": 647, ""screenWidth"": 375, ""userAgent"": ""Mozilla/5.0 (iPhone; CPU iPhone OS 18_7 like Mac OS X) AppleWebKit/605.1.15 (KHTML, like Gecko) Version/26.5.2 Mobile/15E148 Safari/604.1""}",2026-07-30 13:23:22.209Z,,,,2026-07-30 13:23:22.371Z,407be8b01d4ce342
xefglj9mmexmird,page_view,2026-07-30 13:23:22.372Z,"{""to"": ""/de/discourse""}",2026-07-30 13:23:22.215Z,,,,2026-07-30 13:23:22.372Z,407be8b01d4ce342
ox9z9zlxsc6es01,page_view,2026-07-30 13:23:26.084Z,"{""from"": ""/de/discourse"", ""to"": ""/de/questions/0w3z1e5u1y1d83t/proposals/question""}",2026-07-30 13:23:25.931Z,0w3z1e5u1y1d83t,,,2026-07-30 13:23:26.084Z,407be8b01d4ce342
v1idw7hroers48s,feed_filter_change,2026-07-30 13:23:27.891Z,"{""feedTab"": ""foryou"", ""selectedLabelId"": null, ""sortMode"": ""Newest""}",2026-07-30 13:23:27.728Z,,,,2026-07-30 13:23:27.891Z,407be8b01d4ce342
rq5o5unfnw3h0ue,page_view,2026-07-30 13:23:27.894Z,"{""from"": ""/de/questions/0w3z1e5u1y1d83t/proposals/question"", ""to"": ""/de/questions/0w3z1e5u1y1d83t/proposals/ideas""}",2026-07-30 13:23:27.734Z,0w3z1e5u1y1d83t,,,2026-07-30 13:23:27.894Z,407be8b01d4ce342
lpasef8epbvgmh5,tab_switch,2026-07-30 16:35:51.509Z,"{""state"": ""visible""}",2026-07-30 16:35:51.429Z,,,,2026-07-30 16:35:51.509Z,407be8b01d4ce342
gauppd4rkotkih3,session_start,2026-07-30 16:35:53.510Z,"{""isMobile"": false, ""screenHeight"": 847, ""screenWidth"": 1536, ""userAgent"": ""Mozilla/5.0 (X11; Linux x86_64) AppleWebKit/537.36 (KHTML, like Gecko) Chrome/150.0.0.0 Safari/537.36""}",2026-07-30 16:35:53.489Z,,,,2026-07-30 16:35:53.510Z,407be8b01d4ce342
27mvxkjqyfv9616,page_view,2026-07-30 16:35:53.515Z,"{""to"": ""/de/discourse""}",2026-07-30 16:35:53.492Z,,,,2026-07-30 16:35:53.515Z,407be8b01d4ce342
bdurc14mf2fh7i0,page_view,2026-07-30 16:35:55.120Z,"{""from"": ""/de/discourse"", ""to"": ""/de/questions/0w3z1e5u1y1d83t/proposals/question""}",2026-07-30 16:35:55.075Z,0w3z1e5u1y1d83t,,,2026-07-30 16:35:55.120Z,407be8b01d4ce342
knml125lneqhf80,feed_filter_change,2026-07-30 16:35:56.844Z,"{""feedTab"": ""foryou"", ""selectedLabelId"": null, ""sortMode"": ""Newest""}",2026-07-30 16:35:56.780Z,,,,2026-07-30 16:35:56.844Z,407be8b01d4ce342
1kjewn1iocz5upb,page_view,2026-07-30 16:35:56.846Z,"{""from"": ""/de/questions/0w3z1e5u1y1d83t/proposals/question"", ""to"": ""/de/questions/0w3z1e5u1y1d83t/proposals/ideas""}",2026-07-30 16:35:56.788Z,0w3z1e5u1y1d83t,,,2026-07-30 16:35:56.846Z,407be8b01d4ce342
jh24nmi59hjx7ej,session_start,2026-07-30 20:05:33.994Z,"{""isMobile"": true, ""screenHeight"": 647, ""screenWidth"": 375, ""userAgent"": ""Mozilla/5.0 (iPhone; CPU iPhone OS 18_7 like Mac OS X) AppleWebKit/605.1.15 (KHTML, like Gecko) Version/26.5.2 Mobile/15E148 Safari/604.1""}",2026-07-30 20:05:33.937Z,,,,2026-07-30 20:05:33.994Z,407be8b01d4ce342
i4sowalwh6nnw3q,page_view,2026-07-30 20:05:34.002Z,"{""to"": ""/de/discourse""}",2026-07-30 20:05:33.941Z,,,,2026-07-30 20:05:34.002Z,407be8b01d4ce342
qs5l39m3fyil88w,page_view,2026-07-30 20:05:42.478Z,"{""from"": ""/de/discourse"", ""to"": ""/de/questions/0w3z1e5u1y1d83t/proposals/question""}",2026-07-30 20:05:42.446Z,0w3z1e5u1y1d83t,,,2026-07-30 20:05:42.478Z,407be8b01d4ce342
fbtd7124dsomrzt,page_view,2026-07-30 20:05:44.389Z,"{""from"": ""/de/questions/0w3z1e5u1y1d83t/proposals/subscriptions"", ""to"": ""/de/questions/0w3z1e5u1y1d83t/proposals/ideas""}",2026-07-30 20:05:44.343Z,0w3z1e5u1y1d83t,,,2026-07-30 20:05:44.389Z,407be8b01d4ce342
0bmnmewy8mu3ekb,feed_filter_change,2026-07-30 20:05:44.391Z,"{""feedTab"": ""foryou"", ""selectedLabelId"": null, ""sortMode"": ""Newest""}",2026-07-30 20:05:44.342Z,,,,2026-07-30 20:05:44.391Z,407be8b01d4ce342
bmu3691z7y0mtbm,page_view,2026-07-30 21:10:15.318Z,"{""from"": ""/de/login"", ""to"": ""/de/discourse""}",2026-07-30 21:10:16.637Z,,,,2026-07-30 21:10:15.318Z,b003312e6c38c8a5
6vx1bhe3oldqveb,page_view,2026-07-30 21:10:22.828Z,"{""from"": ""/de/discourse"", ""to"": ""/de/questions/0w3z1e5u1y1d83t/proposals/question""}",2026-07-30 21:10:24.145Z,0w3z1e5u1y1d83t,,,2026-07-30 21:10:22.828Z,b003312e6c38c8a5
i17ewgr9fc28et4,page_view,2026-07-30 21:10:35.589Z,"{""from"": ""/de/questions/0w3z1e5u1y1d83t/proposals/question"", ""to"": ""/de/groups/v0e99klwn3wg6qe""}",2026-07-30 21:10:36.903Z,0w3z1e5u1y1d83t,,,2026-07-30 21:10:35.589Z,b003312e6c38c8a5
0kydvxkf4uedijq,page_view,2026-07-30 21:10:40.885Z,"{""from"": ""/de/groups/v0e99klwn3wg6qe"", ""to"": ""/de/questions/0w3z1e5u1y1d83t/proposals/question""}",2026-07-30 21:10:42.205Z,0w3z1e5u1y1d83t,,,2026-07-30 21:10:40.885Z,b003312e6c38c8a5
lm4y22eng4rc6wc,page_view,2026-07-30 21:10:57.450Z,"{""from"": ""/de/questions/0w3z1e5u1y1d83t/proposals/question"", ""to"": ""/de/discourse""}",2026-07-30 21:10:58.761Z,0w3z1e5u1y1d83t,,,2026-07-30 21:10:57.450Z,b003312e6c38c8a5
5r6ff1qsvc76dto,page_view,2026-07-30 21:11:00.026Z,"{""from"": ""/de/discourse"", ""to"": ""/de/questions/0w3z1e5u1y1d83t/proposals/question""}",2026-07-30 21:11:01.345Z,0w3z1e5u1y1d83t,,,2026-07-30 21:11:00.026Z,b003312e6c38c8a5
zgmzcq5r1h74e7r,page_view,2026-07-30 21:11:05.141Z,"{""from"": ""/de/questions/0w3z1e5u1y1d83t/proposals/question"", ""to"": ""/de/discourse""}",2026-07-30 21:11:06.459Z,0w3z1e5u1y1d83t,,,2026-07-30 21:11:05.141Z,b003312e6c38c8a5
1w15txehs29unj5,page_view,2026-07-30 21:11:06.794Z,"{""from"": ""/de/discourse"", ""to"": ""/de/questions/0w3z1e5u1y1d83t/proposals/question""}",2026-07-30 21:11:08.110Z,0w3z1e5u1y1d83t,,,2026-07-30 21:11:06.794Z,b003312e6c38c8a5
whiusa6en7hy7vv,page_view,2026-07-30 21:11:38.180Z,"{""from"": ""/de/login"", ""to"": ""/de/discourse""}",2026-07-30 21:11:39.500Z,,,,2026-07-30 21:11:38.180Z,b003312e6c38c8a5
rxo16baldqk4ur6,page_view,2026-07-30 21:11:43.828Z,"{""from"": ""/de/discourse"", ""to"": ""/de/questions/0w3z1e5u1y1d83t/proposals/question""}",2026-07-30 21:11:45.149Z,0w3z1e5u1y1d83t,,,2026-07-30 21:11:43.828Z,b003312e6c38c8a5
6mq5bw4sz71e2hs,feed_filter_change,2026-07-30 21:11:46.388Z,"{""feedTab"": ""foryou"", ""selectedLabelId"": null, ""sortMode"": ""Newest""}",2026-07-30 21:11:47.712Z,,,,2026-07-30 21:11:46.388Z,b003312e6c38c8a5
3im5qull91kvd64,page_view,2026-07-30 21:11:46.396Z,"{""from"": ""/de/questions/0w3z1e5u1y1d83t/proposals/question"", ""to"": ""/de/questions/0w3z1e5u1y1d83t/proposals/ideas""}",2026-07-30 21:11:47.719Z,0w3z1e5u1y1d83t,,,2026-07-30 21:11:46.396Z,b003312e6c38c8a5
lsiwoars7nkbzye,proposal_view,2026-07-30 21:11:51.958Z,,2026-07-30 21:11:53.275Z,0w3z1e5u1y1d83t,,kfb0ib2gefppy6l,2026-07-30 21:11:51.958Z,b003312e6c38c8a5
lzxif8d1vt7giae,proposal_view,2026-07-30 21:12:05.892Z,,2026-07-30 21:12:07.202Z,0w3z1e5u1y1d83t,,4ye5dsqpshy40jr,2026-07-30 21:12:05.892Z,b003312e6c38c8a5
19ykq1tfx60oelv,proposal_view,2026-07-30 21:12:32.262Z,,2026-07-30 21:12:33.572Z,0w3z1e5u1y1d83t,,4ye5dsqpshy40jr,2026-07-30 21:12:32.262Z,b003312e6c38c8a5
onqby1h23r5u0l3,compare_add,2026-07-30 21:12:39.876Z,"{""pool_size"": 1}",2026-07-30 21:12:41.189Z,0w3z1e5u1y1d83t,,4ye5dsqpshy40jr,2026-07-30 21:12:39.876Z,b003312e6c38c8a5
whi0c3xkwxp8om9,compare_remove,2026-07-30 21:12:41.202Z,"{""pool_size"": 0}",2026-07-30 21:12:42.473Z,,,4ye5dsqpshy40jr,2026-07-30 21:12:41.202Z,b003312e6c38c8a5
5sqkc382cawp3ti,compare_add,2026-07-30 21:12:41.951Z,"{""pool_size"": 1}",2026-07-30 21:12:43.268Z,0w3z1e5u1y1d83t,,4ye5dsqpshy40jr,2026-07-30 21:12:41.951Z,b003312e6c38c8a5
p7y0fxdw74c8v97,compare_remove,2026-07-30 21:12:42.549Z,"{""pool_size"": 0}",2026-07-30 21:12:43.866Z,,,4ye5dsqpshy40jr,2026-07-30 21:12:42.549Z,b003312e6c38c8a5
vd7fv34byb4e31y,proposal_view,2026-07-30 21:12:46.231Z,,2026-07-30 21:12:47.548Z,0w3z1e5u1y1d83t,,ppkkg16jlpylazv,2026-07-30 21:12:46.231Z,b003312e6c38c8a5
7fu1jj3ae304oll,proposal_view,2026-07-30 21:13:14.131Z,,2026-07-30 21:13:15.444Z,0w3z1e5u1y1d83t,,ppkkg16jlpylazv,2026-07-30 21:13:14.131Z,b003312e6c38c8a5
9oobxykgp0n6clw,feed_filter_change,2026-07-30 21:13:34.762Z,"{""feedTab"": ""all"", ""selectedLabelId"": null, ""sortMode"": ""Newest""}",2026-07-30 21:13:36.074Z,,,,2026-07-30 21:13:34.762Z,b003312e6c38c8a5
hnqq21ja1e50g9k,feed_filter_change,2026-07-30 21:13:36.252Z,"{""feedTab"": ""hidden"", ""selectedLabelId"": null, ""sortMode"": ""Newest""}",2026-07-30 21:13:37.568Z,,,,2026-07-30 21:13:36.252Z,b003312e6c38c8a5
z9y4rah8cc9mus3,feed_filter_change,2026-07-30 21:13:37.937Z,"{""feedTab"": ""all"", ""selectedLabelId"": null, ""sortMode"": ""Newest""}",2026-07-30 21:13:39.254Z,,,,2026-07-30 21:13:37.937Z,b003312e6c38c8a5
y22g09h0u18xu3r,feed_filter_change,2026-07-30 21:13:39.118Z,"{""feedTab"": ""foryou"", ""selectedLabelId"": null, ""sortMode"": ""Newest""}",2026-07-30 21:13:40.393Z,,,,2026-07-30 21:13:39.118Z,b003312e6c38c8a5
ff3kd30voic03rt,proposal_view,2026-07-30 21:13:43.905Z,,2026-07-30 21:13:45.225Z,0w3z1e5u1y1d83t,,ppkkg16jlpylazv,2026-07-30 21:13:43.905Z,b003312e6c38c8a5
sl1kkvfu6nlnauq,page_view,2026-07-30 21:13:46.835Z,"{""from"": ""/de/questions/0w3z1e5u1y1d83t/proposals/ideas"", ""to"": ""/de/questions/0w3z1e5u1y1d83t/proposals/ideas""}",2026-07-30 21:13:48.151Z,0w3z1e5u1y1d83t,,,2026-07-30 21:13:46.835Z,b003312e6c38c8a5
u9wtmm9drr46ymc,proposal_view,2026-07-30 21:13:55.774Z,,2026-07-30 21:13:57.090Z,0w3z1e5u1y1d83t,,4ye5dsqpshy40jr,2026-07-30 21:13:55.774Z,b003312e6c38c8a5
fv4gkggtffahkcm,page_view,2026-07-31 07:57:26.844Z,"{""from"": ""/de/login"", ""to"": ""/de/discourse""}",2026-07-31 07:57:26.691Z,,,,2026-07-31 07:57:26.844Z,15e064539716cfbb
5p3erbttuo9hejn,page_view,2026-07-31 07:57:37.528Z,"{""from"": ""/de/discourse"", ""to"": ""/de/questions/0w3z1e5u1y1d83t/proposals/question""}",2026-07-31 07:57:37.376Z,0w3z1e5u1y1d83t,,,2026-07-31 07:57:37.528Z,15e064539716cfbb
8q9x1quk0bb5euu,page_view,2026-07-31 07:57:45.264Z,"{""from"": ""/de/questions/0w3z1e5u1y1d83t/proposals/question"", ""to"": ""/de/discourse""}",2026-07-31 07:57:45.109Z,0w3z1e5u1y1d83t,,,2026-07-31 07:57:45.264Z,15e064539716cfbb
42ix6opn2y7kr6s,page_view,2026-07-31 07:57:51.796Z,"{""from"": ""/de/discourse"", ""to"": ""/de/questions/0w3z1e5u1y1d83t/proposals/question""}",2026-07-31 07:57:51.643Z,0w3z1e5u1y1d83t,,,2026-07-31 07:57:51.796Z,15e064539716cfbb
mrjj5yzsmm0zmhm,page_view,2026-07-31 07:58:16.515Z,"{""from"": ""/de/questions/0w3z1e5u1y1d83t/proposals/question"", ""to"": ""/de/groups/v0e99klwn3wg6qe""}",2026-07-31 07:58:16.361Z,0w3z1e5u1y1d83t,,,2026-07-31 07:58:16.515Z,15e064539716cfbb
4m0u4j5iyu6hlsb,page_view,2026-07-31 07:58:21.337Z,"{""from"": ""/de/groups/v0e99klwn3wg6qe"", ""to"": ""/de/questions/0w3z1e5u1y1d83t/proposals/question""}",2026-07-31 07:58:21.185Z,0w3z1e5u1y1d83t,,,2026-07-31 07:58:21.337Z,15e064539716cfbb
9ze1ozoof0q0po1,notification_panel_open,2026-07-31 07:58:48.941Z,"{""unread_count"": 0}",2026-07-31 07:58:48.777Z,,,,2026-07-31 07:58:48.941Z,15e064539716cfbb
zg9fifdh1e0pdn6,page_view,2026-07-31 07:59:14.169Z,"{""from"": ""/de/questions/0w3z1e5u1y1d83t/proposals/question"", ""to"": ""/de/questions/0w3z1e5u1y1d83t/proposals/new""}",2026-07-31 07:59:13.992Z,0w3z1e5u1y1d83t,,,2026-07-31 07:59:14.169Z,15e064539716cfbb
jk2kq6nfhf2lvg6,page_view,2026-07-31 07:59:17.715Z,"{""from"": ""/de/questions/0w3z1e5u1y1d83t/proposals/new"", ""to"": ""/de/questions/0w3z1e5u1y1d83t/proposals/question""}",2026-07-31 07:59:17.540Z,0w3z1e5u1y1d83t,,,2026-07-31 07:59:17.715Z,15e064539716cfbb
x4t7t7ojzo92bsj,page_view,2026-07-31 07:59:20.481Z,"{""from"": ""/de/questions/0w3z1e5u1y1d83t/proposals/question"", ""to"": ""/de/groups/v0e99klwn3wg6qe""}",2026-07-31 07:59:20.317Z,0w3z1e5u1y1d83t,,,2026-07-31 07:59:20.481Z,15e064539716cfbb
n0d2u59zbuna5zx,page_view,2026-07-31 07:59:25.956Z,"{""from"": ""/de/groups/v0e99klwn3wg6qe"", ""to"": ""/de/questions/0w3z1e5u1y1d83t/proposals/question""}",2026-07-31 07:59:25.804Z,0w3z1e5u1y1d83t,,,2026-07-31 07:59:25.956Z,15e064539716cfbb
laewg5kwny1sodf,feed_filter_change,2026-07-31 07:59:52.715Z,"{""feedTab"": ""foryou"", ""selectedLabelId"": null, ""sortMode"": ""Newest""}",2026-07-31 07:59:52.559Z,,,,2026-07-31 07:59:52.715Z,15e064539716cfbb
nopytkdh7hwdnym,page_view,2026-07-31 07:59:52.719Z,"{""from"": ""/de/questions/0w3z1e5u1y1d83t/proposals/question"", ""to"": ""/de/questions/0w3z1e5u1y1d83t/proposals/ideas""}",2026-07-31 07:59:52.568Z,0w3z1e5u1y1d83t,,,2026-07-31 07:59:52.719Z,15e064539716cfbb
wp8fwk9pxdvbrs1,proposal_view,2026-07-31 08:00:01.280Z,,2026-07-31 08:00:01.082Z,0w3z1e5u1y1d83t,,kfb0ib2gefppy6l,2026-07-31 08:00:01.280Z,15e064539716cfbb
82w4u603g6l1x7s,page_view,2026-07-31 08:00:24.485Z,"{""from"": ""/de/questions/0w3z1e5u1y1d83t/proposals/ideas"", ""to"": ""/de/questions/0w3z1e5u1y1d83t/proposals/new""}",2026-07-31 08:00:24.316Z,0w3z1e5u1y1d83t,,,2026-07-31 08:00:24.485Z,15e064539716cfbb
qskfy689p1qkdfm,subscribe,2026-07-31 08:05:09.890Z,,2026-07-31 08:05:09.889Z,0w3z1e5u1y1d83t,,g8f2osl4qpr7ixl,2026-07-31 08:05:09.890Z,15e064539716cfbb
98bxonrtp04pg21,create_idea,2026-07-31 08:05:09.894Z,,2026-07-31 08:05:09.884Z,0w3z1e5u1y1d83t,,g8f2osl4qpr7ixl,2026-07-31 08:05:09.894Z,15e064539716cfbb
ydfm158jk13e9po,create_label,2026-07-31 08:05:09.896Z,"{""label_name"": ""Liste mit Lebensmittel erweitern""}",2026-07-31 08:05:09.884Z,0w3z1e5u1y1d83t,,evih29e8mwnalc9,2026-07-31 08:05:09.896Z,15e064539716cfbb
6pvybh1qbqs8p64,proposal_view,2026-07-31 08:05:10.216Z,,2026-07-31 08:05:10.061Z,0w3z1e5u1y1d83t,,g8f2osl4qpr7ixl,2026-07-31 08:05:10.216Z,15e064539716cfbb
nxsnqb6edufwkun,proposal_view,2026-07-31 08:05:10.221Z,,2026-07-31 08:05:10.050Z,0w3z1e5u1y1d83t,,g8f2osl4qpr7ixl,2026-07-31 08:05:10.221Z,15e064539716cfbb
6118ujhktvv8x24,page_view,2026-07-31 08:05:10.231Z,"{""from"": ""/de/questions/0w3z1e5u1y1d83t/proposals/new"", ""to"": ""/de/questions/0w3z1e5u1y1d83t/proposals/g8f2osl4qpr7ixl""}",2026-07-31 08:05:10.073Z,0w3z1e5u1y1d83t,,,2026-07-31 08:05:10.231Z,15e064539716cfbb
q38opjmwulae16i,page_view,2026-07-31 08:06:50.138Z,"{""from"": ""/de/questions/0w3z1e5u1y1d83t/proposals/question"", ""to"": ""/de/post-study-survey""}",2026-07-31 08:06:49.976Z,0w3z1e5u1y1d83t,,,2026-07-31 08:06:50.138Z,15e064539716cfbb
6ynf9eukgok0hee,page_view,2026-07-31 08:06:52.902Z,"{""from"": ""/de/post-study-survey"", ""to"": ""/de/questions/0w3z1e5u1y1d83t/proposals/question""}",2026-07-31 08:06:52.747Z,0w3z1e5u1y1d83t,,,2026-07-31 08:06:52.902Z,15e064539716cfbb
ybk98suj6h917gy,page_view,2026-07-31 08:06:59.139Z,"{""from"": ""/de/questions/0w3z1e5u1y1d83t/proposals/question"", ""to"": ""/de/questions/0w3z1e5u1y1d83t/proposals/ideas""}",2026-07-31 08:06:58.967Z,0w3z1e5u1y1d83t,,,2026-07-31 08:06:59.139Z,15e064539716cfbb
bgoe8h5ab8hicy4,page_view,2026-07-31 08:07:06.445Z,"{""from"": ""/de/questions/0w3z1e5u1y1d83t/proposals/ballot"", ""to"": ""/de/questions/0w3z1e5u1y1d83t/proposals/ballot""}",2026-07-31 08:07:06.280Z,0w3z1e5u1y1d83t,,,2026-07-31 08:07:06.445Z,15e064539716cfbb
dcqajvr3dgxb51l,page_view,2026-07-31 08:07:25.890Z,"{""from"": ""/de/questions/0w3z1e5u1y1d83t/proposals/subscriptions"", ""to"": ""/de/questions/0w3z1e5u1y1d83t/proposals/question""}",2026-07-31 08:07:25.735Z,0w3z1e5u1y1d83t,,,2026-07-31 08:07:25.890Z,15e064539716cfbb
gw9n61qx4iaity6,page_view,2026-07-31 08:07:28.467Z,"{""from"": ""/de/questions/0w3z1e5u1y1d83t/proposals/question"", ""to"": ""/de/groups/v0e99klwn3wg6qe""}",2026-07-31 08:07:28.313Z,0w3z1e5u1y1d83t,,,2026-07-31 08:07:28.467Z,15e064539716cfbb
gocofvw4oh2l6im,page_view,2026-07-31 08:07:36.938Z,"{""from"": ""/de/groups/v0e99klwn3wg6qe"", ""to"": ""/de/questions/0w3z1e5u1y1d83t/proposals/question""}",2026-07-31 08:07:36.787Z,0w3z1e5u1y1d83t,,,2026-07-31 08:07:36.938Z,15e064539716cfbb
swj59a4607g008t,page_view,2026-07-31 08:07:46.075Z,"{""from"": ""/de/questions/0w3z1e5u1y1d83t/proposals/question"", ""to"": ""/de/groups/v0e99klwn3wg6qe""}",2026-07-31 08:07:45.923Z,0w3z1e5u1y1d83t,,,2026-07-31 08:07:46.075Z,15e064539716cfbb
yvp34cf37ahvcn1,page_view,2026-07-31 08:07:50.223Z,"{""from"": ""/de/groups/v0e99klwn3wg6qe"", ""to"": ""/de/questions/0w3z1e5u1y1d83t/proposals/question""}",2026-07-31 08:07:50.060Z,0w3z1e5u1y1d83t,,,2026-07-31 08:07:50.223Z,15e064539716cfbb
w3kuqhtaiw0805g,page_view,2026-07-31 08:07:57.960Z,"{""from"": ""/de/questions/0w3z1e5u1y1d83t/proposals/question"", ""to"": ""/de/discourse""}",2026-07-31 08:07:57.801Z,0w3z1e5u1y1d83t,,,2026-07-31 08:07:57.960Z,15e064539716cfbb
bn8eojsfb545zg5,page_view,2026-07-31 08:08:00.436Z,"{""from"": ""/de/discourse"", ""to"": ""/de/questions/0w3z1e5u1y1d83t/proposals/question""}",2026-07-31 08:08:00.285Z,0w3z1e5u1y1d83t,,,2026-07-31 08:08:00.436Z,15e064539716cfbb
ocedv4oo4kzsv4e,page_view,2026-07-31 08:08:03.765Z,"{""from"": ""/de/questions/0w3z1e5u1y1d83t/proposals/question"", ""to"": ""/de/questions/0w3z1e5u1y1d83t/proposals/focus""}",2026-07-31 08:08:03.610Z,0w3z1e5u1y1d83t,,,2026-07-31 08:08:03.765Z,15e064539716cfbb
8rdbnxxs0tc0c80,page_view,2026-07-31 08:08:05.268Z,"{""from"": ""/de/questions/0w3z1e5u1y1d83t/proposals/focus"", ""to"": ""/de/questions/0w3z1e5u1y1d83t/proposals/question""}",2026-07-31 08:08:05.116Z,0w3z1e5u1y1d83t,,,2026-07-31 08:08:05.268Z,15e064539716cfbb
dgolirlu3j8x7tk,page_view,2026-07-31 08:08:07.415Z,"{""from"": ""/de/questions/0w3z1e5u1y1d83t/proposals/question"", ""to"": ""/de/questions/0w3z1e5u1y1d83t/proposals/question""}",2026-07-31 08:08:07.259Z,0w3z1e5u1y1d83t,,,2026-07-31 08:08:07.415Z,15e064539716cfbb
16x2vdmpcd6iny4,page_view,2026-07-31 08:08:10.706Z,"{""from"": ""/de/questions/0w3z1e5u1y1d83t/proposals/question"", ""to"": ""/de/discourse""}",2026-07-31 08:08:10.553Z,0w3z1e5u1y1d83t,,,2026-07-31 08:08:10.706Z,15e064539716cfbb
j3iqduy8zk0eeuy,page_view,2026-07-31 08:08:13.998Z,"{""from"": ""/de/discourse"", ""to"": ""/de/groups""}",2026-07-31 08:08:13.842Z,0w3z1e5u1y1d83t,,,2026-07-31 08:08:13.998Z,15e064539716cfbb
sg9vgqlmfhjg5yh,page_view,2026-07-31 08:08:16.682Z,"{""from"": ""/de/groups"", ""to"": ""/de/post-study-survey""}",2026-07-31 08:08:16.528Z,0w3z1e5u1y1d83t,,,2026-07-31 08:08:16.682Z,15e064539716cfbb
kzrq1p11sxm0skk,page_view,2026-07-31 08:08:21.505Z,"{""from"": ""/de/post-study-survey"", ""to"": ""/de/groups""}",2026-07-31 08:08:21.348Z,0w3z1e5u1y1d83t,,,2026-07-31 08:08:21.505Z,15e064539716cfbb
0yjjnzknjeli35a,page_view,2026-07-31 08:08:22.869Z,"{""from"": ""/de/groups"", ""to"": ""/de/discourse""}",2026-07-31 08:08:22.709Z,0w3z1e5u1y1d83t,,,2026-07-31 08:08:22.869Z,15e064539716cfbb
48p92wdc9vqu1us,page_view,2026-07-31 08:08:25.547Z,"{""from"": ""/de/discourse"", ""to"": ""/de/questions/0w3z1e5u1y1d83t/proposals/question""}",2026-07-31 08:08:25.395Z,0w3z1e5u1y1d83t,,,2026-07-31 08:08:25.547Z,15e064539716cfbb
uf2kxqz0bopwcmb,page_view,2026-07-31 08:08:56.163Z,"{""from"": ""/de/login"", ""to"": ""/de/discourse""}",2026-07-31 08:08:56.006Z,,,,2026-07-31 08:08:56.163Z,15e064539716cfbb
9766hitai8e9qif,page_view,2026-07-31 08:08:59.115Z,"{""from"": ""/de/discourse"", ""to"": ""/de/questions/0w3z1e5u1y1d83t/proposals/question""}",2026-07-31 08:08:58.962Z,0w3z1e5u1y1d83t,,,2026-07-31 08:08:59.115Z,15e064539716cfbb
gjdqejj13jdjiv5,page_view,2026-07-31 08:09:04.600Z,"{""from"": ""/de/questions/0w3z1e5u1y1d83t/proposals/question"", ""to"": ""/de/groups/v0e99klwn3wg6qe""}",2026-07-31 08:09:04.443Z,0w3z1e5u1y1d83t,,,2026-07-31 08:09:04.600Z,15e064539716cfbb
zg7s23b0sysnb4i,page_view,2026-07-31 08:09:06.947Z,"{""from"": ""/de/groups/v0e99klwn3wg6qe"", ""to"": ""/de/questions/0w3z1e5u1y1d83t/proposals/question""}",2026-07-31 08:09:06.790Z,0w3z1e5u1y1d83t,,,2026-07-31 08:09:06.947Z,15e064539716cfbb
keumdtt8mmvqp4p,feed_filter_change,2026-07-31 08:09:12.971Z,"{""feedTab"": ""foryou"", ""selectedLabelId"": null, ""sortMode"": ""Newest""}",2026-07-31 08:09:12.812Z,,,,2026-07-31 08:09:12.971Z,15e064539716cfbb
9jlsf4cka7tu804,page_view,2026-07-31 08:09:12.976Z,"{""from"": ""/de/questions/0w3z1e5u1y1d83t/proposals/question"", ""to"": ""/de/questions/0w3z1e5u1y1d83t/proposals/ideas""}",2026-07-31 08:09:12.821Z,0w3z1e5u1y1d83t,,,2026-07-31 08:09:12.976Z,15e064539716cfbb
s2o1lb02v2euqwq,proposal_view,2026-07-31 08:09:21.424Z,,2026-07-31 08:09:21.265Z,0w3z1e5u1y1d83t,,ppkkg16jlpylazv,2026-07-31 08:09:21.424Z,15e064539716cfbb
z4utk9jglxlxnc0,page_view,2026-07-31 08:10:07.207Z,"{""from"": ""/de/questions/0w3z1e5u1y1d83t/proposals/ideas"", ""to"": ""/de/questions/0w3z1e5u1y1d83t/proposals/new""}",2026-07-31 08:10:07.053Z,0w3z1e5u1y1d83t,,,2026-07-31 08:10:07.207Z,15e064539716cfbb
3p84iq0sm4h2hc4,page_view,2026-07-31 08:10:10.486Z,"{""from"": ""/de/questions/0w3z1e5u1y1d83t/proposals/new"", ""to"": ""/de/questions/0w3z1e5u1y1d83t/proposals/ideas""}",2026-07-31 08:10:10.333Z,0w3z1e5u1y1d83t,,,2026-07-31 08:10:10.486Z,15e064539716cfbb
wy1hybcidzxfmz5,tab_switch,2026-07-31 08:12:16.116Z,"{""state"": ""visible""}",2026-07-31 08:12:15.937Z,,,,2026-07-31 08:12:16.116Z,15e064539716cfbb
ruhatxucr288pm0,proposal_view,2026-07-31 08:12:26.848Z,,2026-07-31 08:12:26.685Z,0w3z1e5u1y1d83t,,kfb0ib2gefppy6l,2026-07-31 08:12:26.848Z,15e064539716cfbb
v1c0qmxd9spasuz,page_view,2026-07-31 08:12:54.594Z,"{""from"": ""/de/login"", ""to"": ""/de/discourse""}",2026-07-31 08:12:54.426Z,,,,2026-07-31 08:12:54.594Z,15e064539716cfbb
cdaf4xsqtkxxooo,page_view,2026-07-31 08:13:00.710Z,"{""from"": ""/de/discourse"", ""to"": ""/de/post-study-survey""}",2026-07-31 08:13:00.554Z,,,,2026-07-31 08:13:00.710Z,15e064539716cfbb
q826jx296oeuoml,page_view,2026-07-31 08:13:03.034Z,"{""from"": ""/de/post-study-survey"", ""to"": ""/de/discourse""}",2026-07-31 08:13:02.879Z,,,,2026-07-31 08:13:03.034Z,15e064539716cfbb
giatqmwr1vrw64i,page_view,2026-07-31 08:13:05.461Z,"{""from"": ""/de/discourse"", ""to"": ""/de/questions/0w3z1e5u1y1d83t/proposals/question""}",2026-07-31 08:13:05.292Z,0w3z1e5u1y1d83t,,,2026-07-31 08:13:05.461Z,15e064539716cfbb
9zp7u3bnfnseufh,page_view,2026-07-31 08:13:08.370Z,"{""from"": ""/de/questions/0w3z1e5u1y1d83t/proposals/question"", ""to"": ""/de/groups/v0e99klwn3wg6qe""}",2026-07-31 08:13:08.214Z,0w3z1e5u1y1d83t,,,2026-07-31 08:13:08.370Z,15e064539716cfbb
p9e5ov1be441jyj,page_view,2026-07-31 08:13:11.805Z,"{""from"": ""/de/groups/v0e99klwn3wg6qe"", ""to"": ""/de/questions/0w3z1e5u1y1d83t/proposals/question""}",2026-07-31 08:13:11.636Z,0w3z1e5u1y1d83t,,,2026-07-31 08:13:11.805Z,15e064539716cfbb
uellmq80optevlb,feed_filter_change,2026-07-31 08:13:16.737Z,"{""feedTab"": ""foryou"", ""selectedLabelId"": null, ""sortMode"": ""Newest""}",2026-07-31 08:13:16.571Z,,,,2026-07-31 08:13:16.737Z,15e064539716cfbb
2f9tzz4q6v32wbm,page_view,2026-07-31 08:13:16.739Z,"{""from"": ""/de/questions/0w3z1e5u1y1d83t/proposals/question"", ""to"": ""/de/questions/0w3z1e5u1y1d83t/proposals/ideas""}",2026-07-31 08:13:16.580Z,0w3z1e5u1y1d83t,,,2026-07-31 08:13:16.739Z,15e064539716cfbb
j2mr9y1eh3lz38p,proposal_view,2026-07-31 08:13:31.470Z,,2026-07-31 08:13:31.290Z,0w3z1e5u1y1d83t,,4ye5dsqpshy40jr,2026-07-31 08:13:31.470Z,15e064539716cfbb
7gyq2m3jqbo11ab,proposal_view,2026-07-31 08:13:48.208Z,,2026-07-31 08:13:48.038Z,0w3z1e5u1y1d83t,,ppkkg16jlpylazv,2026-07-31 08:13:48.208Z,15e064539716cfbb
u94qz5dom3ethuu,proposal_view,2026-07-31 08:14:22.669Z,,2026-07-31 08:14:22.509Z,0w3z1e5u1y1d83t,,4ye5dsqpshy40jr,2026-07-31 08:14:22.669Z,15e064539716cfbb
0qxtur9s5biin9w,page_view,2026-07-31 08:14:32.271Z,"{""from"": ""/de/questions/0w3z1e5u1y1d83t/proposals/ideas"", ""to"": ""/de/questions/0w3z1e5u1y1d83t/proposals/question""}",2026-07-31 08:14:32.115Z,0w3z1e5u1y1d83t,,,2026-07-31 08:14:32.271Z,15e064539716cfbb
a1vsbx9o46or26i,compare_add,2026-07-31 08:14:38.709Z,"{""pool_size"": 1}",2026-07-31 08:14:38.544Z,0w3z1e5u1y1d83t,,g8f2osl4qpr7ixl,2026-07-31 08:14:38.709Z,15e064539716cfbb
natchuqxfuwm3oz,page_view,2026-07-31 08:14:41.940Z,"{""from"": ""/de/questions/0w3z1e5u1y1d83t/proposals/subscriptions"", ""to"": ""/de/questions/0w3z1e5u1y1d83t/proposals/ideas""}",2026-07-31 08:14:41.785Z,0w3z1e5u1y1d83t,,,2026-07-31 08:14:41.940Z,15e064539716cfbb
au2dmg6lomipr8m,compare_remove,2026-07-31 08:14:54.856Z,"{""pool_size"": 0}",2026-07-31 08:14:54.692Z,,,g8f2osl4qpr7ixl,2026-07-31 08:14:54.856Z,15e064539716cfbb
r8ovvqddq1lirad,page_view,2026-07-31 08:14:56.868Z,"{""from"": ""/de/questions/0w3z1e5u1y1d83t/proposals/ballot"", ""to"": ""/de/questions/0w3z1e5u1y1d83t/proposals/ideas""}",2026-07-31 08:14:56.665Z,0w3z1e5u1y1d83t,,,2026-07-31 08:14:56.868Z,15e064539716cfbb
yratk5v5d172ta1,proposal_view,2026-07-31 08:15:00.352Z,,2026-07-31 08:15:00.171Z,0w3z1e5u1y1d83t,,4ye5dsqpshy40jr,2026-07-31 08:15:00.352Z,15e064539716cfbb
yhv9u8rbbxxdcdq,proposal_view,2026-07-31 08:15:07.440Z,,2026-07-31 08:15:07.278Z,0w3z1e5u1y1d83t,,g8f2osl4qpr7ixl,2026-07-31 08:15:07.440Z,15e064539716cfbb
nbvu7txpooshu76,proposal_view,2026-07-31 08:16:15.617Z,,2026-07-31 08:16:15.450Z,0w3z1e5u1y1d83t,,g8f2osl4qpr7ixl,2026-07-31 08:16:15.617Z,15e064539716cfbb
phtfyu8e1t8d0qv,page_view,2026-07-31 08:16:30.270Z,"{""from"": ""/de/questions/0w3z1e5u1y1d83t/proposals/subscriptions"", ""to"": ""/de/questions/0w3z1e5u1y1d83t/proposals/ideas""}",2026-07-31 08:16:30.113Z,0w3z1e5u1y1d83t,,,2026-07-31 08:16:30.270Z,15e064539716cfbb
0ngtpndrjdr82m6,proposal_view,2026-07-31 08:16:38.211Z,,2026-07-31 08:16:38.040Z,0w3z1e5u1y1d83t,,g8f2osl4qpr7ixl,2026-07-31 08:16:38.211Z,15e064539716cfbb
7prtc7197th9191,page_view,2026-07-31 08:16:47.877Z,"{""from"": ""/de/questions/0w3z1e5u1y1d83t/proposals/subscriptions"", ""to"": ""/de/questions/0w3z1e5u1y1d83t/proposals/ideas""}",2026-07-31 08:16:47.719Z,0w3z1e5u1y1d83t,,,2026-07-31 08:16:47.877Z,15e064539716cfbb
plvdx62e8ayckjx,page_view,2026-07-31 08:16:53.440Z,"{""from"": ""/de/questions/0w3z1e5u1y1d83t/proposals/ideas"", ""to"": ""/de/questions/0w3z1e5u1y1d83t/proposals/new""}",2026-07-31 08:16:53.285Z,0w3z1e5u1y1d83t,,,2026-07-31 08:16:53.440Z,15e064539716cfbb
t4iyyh1bxisb3qu,page_view,2026-07-31 08:24:26.770Z,"{""from"": ""/de/login"", ""to"": ""/de/discourse""}",2026-07-31 08:24:27.361Z,,,,2026-07-31 08:24:26.770Z,b003312e6c38c8a5
rgit24rh6udnoo1,page_view,2026-07-31 08:24:30.294Z,"{""from"": ""/de/discourse"", ""to"": ""/de/questions/0w3z1e5u1y1d83t/proposals/question""}",2026-07-31 08:24:30.892Z,0w3z1e5u1y1d83t,,,2026-07-31 08:24:30.294Z,b003312e6c38c8a5
p7e1khvqthf7yu8,feed_filter_change,2026-07-31 08:24:56.157Z,"{""feedTab"": ""foryou"", ""selectedLabelId"": null, ""sortMode"": ""Newest""}",2026-07-31 08:24:56.746Z,,,,2026-07-31 08:24:56.157Z,b003312e6c38c8a5
i0fhcye3rrertya,page_view,2026-07-31 08:24:56.164Z,"{""from"": ""/de/questions/0w3z1e5u1y1d83t/proposals/question"", ""to"": ""/de/questions/0w3z1e5u1y1d83t/proposals/ideas""}",2026-07-31 08:24:56.754Z,0w3z1e5u1y1d83t,,,2026-07-31 08:24:56.164Z,b003312e6c38c8a5
wlsy8y1z3ma9o60,proposal_view,2026-07-31 08:24:59.380Z,,2026-07-31 08:24:59.978Z,0w3z1e5u1y1d83t,,g8f2osl4qpr7ixl,2026-07-31 08:24:59.380Z,b003312e6c38c8a5
aovde1ldgm4qhuo,subscribe,2026-07-31 08:26:21.212Z,,2026-07-31 08:26:21.211Z,0w3z1e5u1y1d83t,,l5sqzdyfozw6267,2026-07-31 08:26:21.212Z,15e064539716cfbb
4se8kw58ojzo4db,create_idea,2026-07-31 08:26:21.216Z,,2026-07-31 08:26:21.208Z,0w3z1e5u1y1d83t,,l5sqzdyfozw6267,2026-07-31 08:26:21.216Z,15e064539716cfbb
e4pf09zks6j2nrm,create_label,2026-07-31 08:26:21.218Z,"{""label_name"": ""Liste erweitern""}",2026-07-31 08:26:21.208Z,0w3z1e5u1y1d83t,,3kkk4jj93zcg6xw,2026-07-31 08:26:21.218Z,15e064539716cfbb
k4t02q1csj27h8m,page_view,2026-07-31 08:26:23.581Z,"{""from"": ""/de/questions/0w3z1e5u1y1d83t/proposals/new"", ""to"": ""/de/questions/0w3z1e5u1y1d83t/proposals/ideas""}",2026-07-31 08:26:23.408Z,0w3z1e5u1y1d83t,,,2026-07-31 08:26:23.581Z,15e064539716cfbb
9josxmqypgq9la4,page_view,2026-07-31 08:26:28.559Z,"{""from"": ""/de/questions/0w3z1e5u1y1d83t/proposals/ideas"", ""to"": ""/de/questions/0w3z1e5u1y1d83t/proposals/question""}",2026-07-31 08:26:28.386Z,0w3z1e5u1y1d83t,,,2026-07-31 08:26:28.559Z,15e064539716cfbb
90n0h6e7hsbdcvr,page_view,2026-07-31 08:26:30.323Z,"{""from"": ""/de/questions/0w3z1e5u1y1d83t/proposals/question"", ""to"": ""/de/questions/0w3z1e5u1y1d83t/proposals/ideas""}",2026-07-31 08:26:30.150Z,0w3z1e5u1y1d83t,,,2026-07-31 08:26:30.323Z,15e064539716cfbb
b11ajiacd2f6o3f,page_view,2026-07-31 08:26:35.977Z,"{""from"": ""/de/login"", ""to"": ""/de/discourse""}",2026-07-31 08:26:36.576Z,,,,2026-07-31 08:26:35.977Z,b003312e6c38c8a5
1dduy7t5vfheax1,proposal_view,2026-07-31 08:26:37.765Z,,2026-07-31 08:26:37.592Z,0w3z1e5u1y1d83t,,g8f2osl4qpr7ixl,2026-07-31 08:26:37.765Z,15e064539716cfbb
pbaq4ehcpypw2ru,proposal_view,2026-07-31 08:26:42.430Z,,2026-07-31 08:26:42.254Z,0w3z1e5u1y1d83t,,l5sqzdyfozw6267,2026-07-31 08:26:42.430Z,15e064539716cfbb
ipnj6yj9ox1wsid,page_view,2026-07-31 08:26:45.917Z,"{""from"": ""/de/discourse"", ""to"": ""/de/groups""}",2026-07-31 08:26:46.516Z,,,,2026-07-31 08:26:45.917Z,b003312e6c38c8a5
xz7ksev1jex8l9u,page_view,2026-07-31 08:26:54.230Z,"{""from"": ""/de/groups"", ""to"": ""/de/groups/v0e99klwn3wg6qe""}",2026-07-31 08:26:54.828Z,,,,2026-07-31 08:26:54.230Z,b003312e6c38c8a5
z8jjs9tr5t5o43v,page_view,2026-07-31 08:26:55.872Z,"{""from"": ""/de/questions/0w3z1e5u1y1d83t/proposals/subscriptions"", ""to"": ""/de/questions/0w3z1e5u1y1d83t/proposals/ideas""}",2026-07-31 08:26:55.714Z,0w3z1e5u1y1d83t,,,2026-07-31 08:26:55.872Z,15e064539716cfbb
nuo8hafyn0u7y0y,page_view,2026-07-31 08:26:58.297Z,"{""from"": ""/de/questions/0w3z1e5u1y1d83t/proposals/ideas"", ""to"": ""/de/questions/0w3z1e5u1y1d83t/proposals/question""}",2026-07-31 08:26:58.125Z,0w3z1e5u1y1d83t,,,2026-07-31 08:26:58.297Z,15e064539716cfbb
6iq0h21d9r7xfhf,page_view,2026-07-31 08:27:10.805Z,"{""from"": ""/de/groups/v0e99klwn3wg6qe"", ""to"": ""/de/questions/0w3z1e5u1y1d83t/proposals/question""}",2026-07-31 08:27:11.408Z,0w3z1e5u1y1d83t,,,2026-07-31 08:27:10.805Z,b003312e6c38c8a5
c875aerwn8nldb3,page_view,2026-07-31 08:27:13.208Z,"{""from"": ""/de/questions/0w3z1e5u1y1d83t/proposals/subscriptions"", ""to"": ""/de/questions/0w3z1e5u1y1d83t/proposals/ideas""}",2026-07-31 08:27:13.032Z,0w3z1e5u1y1d83t,,,2026-07-31 08:27:13.208Z,15e064539716cfbb
oegbfojncwoohwu,feed_filter_change,2026-07-31 08:27:16.592Z,"{""feedTab"": ""foryou"", ""selectedLabelId"": null, ""sortMode"": ""Newest""}",2026-07-31 08:27:17.189Z,,,,2026-07-31 08:27:16.592Z,b003312e6c38c8a5
wu6wpubec6mapta,page_view,2026-07-31 08:27:16.602Z,"{""from"": ""/de/questions/0w3z1e5u1y1d83t/proposals/question"", ""to"": ""/de/questions/0w3z1e5u1y1d83t/proposals/ideas""}",2026-07-31 08:27:17.199Z,0w3z1e5u1y1d83t,,,2026-07-31 08:27:16.602Z,b003312e6c38c8a5
jkkws0q29gsw826,proposal_view,2026-07-31 08:27:20.544Z,,2026-07-31 08:27:21.142Z,0w3z1e5u1y1d83t,,l5sqzdyfozw6267,2026-07-31 08:27:20.544Z,b003312e6c38c8a5
evs9um24y0a0i47,tab_switch,2026-07-31 08:28:06.444Z,"{""state"": ""visible""}",2026-07-31 08:28:05.237Z,,,,2026-07-31 08:28:06.444Z,15e064539716cfbb
1mzbvag64rtot6k,compare_open,2026-07-31 08:28:08.324Z,"{""pool_size"": 2, ""proposal_ids"": [""l5sqzdyfozw6267"", ""g8f2osl4qpr7ixl""]}",2026-07-31 08:28:08.922Z,,,,2026-07-31 08:28:08.324Z,b003312e6c38c8a5
atid8akr5b5rafv,page_view,2026-07-31 08:28:08.432Z,"{""from"": ""/de/questions/0w3z1e5u1y1d83t/proposals/ideas"", ""to"": ""/de/questions/0w3z1e5u1y1d83t/proposals/compare""}",2026-07-31 08:28:09.033Z,0w3z1e5u1y1d83t,,,2026-07-31 08:28:08.432Z,b003312e6c38c8a5
qq3j0yfsqdw72we,compare_add,2026-07-31 08:28:10.436Z,"{""pool_size"": 1}",2026-07-31 08:28:10.259Z,0w3z1e5u1y1d83t,,g8f2osl4qpr7ixl,2026-07-31 08:28:10.436Z,15e064539716cfbb
0s67kiaimmmrura,page_view,2026-07-31 08:28:13.114Z,"{""from"": ""/de/questions/0w3z1e5u1y1d83t/proposals/subscriptions"", ""to"": ""/de/questions/0w3z1e5u1y1d83t/proposals/ideas""}",2026-07-31 08:28:12.946Z,0w3z1e5u1y1d83t,,,2026-07-31 08:28:13.114Z,15e064539716cfbb
amya52mzgb864j3,compare_remove,2026-07-31 08:28:19.321Z,"{""pool_size"": 0}",2026-07-31 08:28:19.156Z,,,g8f2osl4qpr7ixl,2026-07-31 08:28:19.321Z,15e064539716cfbb
uyf4jgnm5gpaj8e,proposal_view,2026-07-31 08:28:22.068Z,,2026-07-31 08:28:21.892Z,0w3z1e5u1y1d83t,,g8f2osl4qpr7ixl,2026-07-31 08:28:22.068Z,15e064539716cfbb
up1sfa621r7yck9,page_view,2026-07-31 08:28:29.464Z,"{""from"": ""/de/questions/0w3z1e5u1y1d83t/proposals/subscriptions"", ""to"": ""/de/questions/0w3z1e5u1y1d83t/proposals/subscriptions""}",2026-07-31 08:28:29.275Z,0w3z1e5u1y1d83t,,,2026-07-31 08:28:29.464Z,15e064539716cfbb
carct1nmf6bavf6,proposal_view,2026-07-31 08:28:30.854Z,,2026-07-31 08:28:30.683Z,0w3z1e5u1y1d83t,,g8f2osl4qpr7ixl,2026-07-31 08:28:30.854Z,15e064539716cfbb
tmw0c7czdj7m2hb,page_view,2026-07-31 08:28:32.660Z,"{""from"": ""/de/questions/0w3z1e5u1y1d83t/proposals/subscriptions"", ""to"": ""/de/questions/0w3z1e5u1y1d83t/proposals/subscriptions""}",2026-07-31 08:28:32.484Z,0w3z1e5u1y1d83t,,,2026-07-31 08:28:32.660Z,15e064539716cfbb
rtxmuv95rislw84,proposal_view,2026-07-31 08:28:33.416Z,,2026-07-31 08:28:33.239Z,0w3z1e5u1y1d83t,,l5sqzdyfozw6267,2026-07-31 08:28:33.416Z,15e064539716cfbb
9nhjb3v2pa29ixc,proposal_view,2026-07-31 08:28:44.641Z,,2026-07-31 08:28:45.222Z,0w3z1e5u1y1d83t,,l5sqzdyfozw6267,2026-07-31 08:28:44.641Z,b003312e6c38c8a5
ks2efaecszrqpp1,page_view,2026-07-31 08:28:44.642Z,"{""from"": ""/de/questions/0w3z1e5u1y1d83t/proposals/compare"", ""to"": ""/de/questions/0w3z1e5u1y1d83t/proposals/ideas""}",2026-07-31 08:28:45.227Z,0w3z1e5u1y1d83t,,,2026-07-31 08:28:44.642Z,b003312e6c38c8a5
a4bbono7sb6yhjb,page_view,2026-07-31 08:28:46.835Z,"{""from"": ""/de/questions/0w3z1e5u1y1d83t/proposals/subscriptions"", ""to"": ""/de/questions/0w3z1e5u1y1d83t/proposals/subscriptions""}",2026-07-31 08:28:46.661Z,0w3z1e5u1y1d83t,,,2026-07-31 08:28:46.835Z,15e064539716cfbb
c40qfzu36msfao2,proposal_view,2026-07-31 08:28:49.491Z,,2026-07-31 08:28:49.314Z,0w3z1e5u1y1d83t,,g8f2osl4qpr7ixl,2026-07-31 08:28:49.491Z,15e064539716cfbb
amhrgssoeshwe8l,page_view,2026-07-31 08:28:53.076Z,"{""from"": ""/de/questions/0w3z1e5u1y1d83t/proposals/subscriptions"", ""to"": ""/de/questions/0w3z1e5u1y1d83t/proposals/ideas""}",2026-07-31 08:28:52.904Z,0w3z1e5u1y1d83t,,,2026-07-31 08:28:53.076Z,15e064539716cfbb
z4wbz386hkfwwap,proposal_view,2026-07-31 08:28:58.985Z,,2026-07-31 08:28:59.582Z,0w3z1e5u1y1d83t,,g8f2osl4qpr7ixl,2026-07-31 08:28:58.985Z,b003312e6c38c8a5
7m6kdentmtlumhz,proposal_view,2026-07-31 08:29:00.454Z,,2026-07-31 08:29:00.278Z,0w3z1e5u1y1d83t,,l5sqzdyfozw6267,2026-07-31 08:29:00.454Z,15e064539716cfbb
3y9aas0w72qpd4v,page_view,2026-07-31 08:29:18.288Z,"{""from"": ""/de/questions/0w3z1e5u1y1d83t/proposals/subscriptions"", ""to"": ""/de/questions/0w3z1e5u1y1d83t/proposals/question""}",2026-07-31 08:29:18.109Z,0w3z1e5u1y1d83t,,,2026-07-31 08:29:18.288Z,15e064539716cfbb
mnu50h818fb03bv,proposal_view,2026-07-31 08:29:18.400Z,,2026-07-31 08:29:19.000Z,0w3z1e5u1y1d83t,,g8f2osl4qpr7ixl,2026-07-31 08:29:18.400Z,b003312e6c38c8a5
s40lgmjk2sqgqgx,proposal_view,2026-07-31 08:29:18.412Z,,2026-07-31 08:29:19.005Z,0w3z1e5u1y1d83t,,g8f2osl4qpr7ixl,2026-07-31 08:29:18.412Z,b003312e6c38c8a5
7kv1id8ajhvd2lv,session_start,2026-07-31 08:29:18.415Z,"{""isMobile"": true, ""screenHeight"": 785, ""screenWidth"": 411, ""userAgent"": ""Mozilla/5.0 (Linux; Android 10; K) AppleWebKit/537.36 (KHTML, like Gecko) Chrome/151.0.0.0 Mobile Safari/537.36""}",2026-07-31 08:29:19.007Z,,,,2026-07-31 08:29:18.415Z,b003312e6c38c8a5
ivatdgnxbwd50rm,page_view,2026-07-31 08:29:18.421Z,"{""to"": ""/de/questions/0w3z1e5u1y1d83t/proposals/g8f2osl4qpr7ixl""}",2026-07-31 08:29:19.009Z,0w3z1e5u1y1d83t,,,2026-07-31 08:29:18.421Z,b003312e6c38c8a5
c5ixejq8ghxu193,tab_switch,2026-07-31 08:29:31.980Z,"{""state"": ""visible""}",2026-07-31 08:29:31.701Z,,,,2026-07-31 08:29:31.980Z,15e064539716cfbb
l7n4jexvwv66b75,session_start,2026-07-31 08:49:27.477Z,"{""isMobile"": true, ""screenHeight"": 647, ""screenWidth"": 375, ""userAgent"": ""Mozilla/5.0 (iPhone; CPU iPhone OS 18_7 like Mac OS X) AppleWebKit/605.1.15 (KHTML, like Gecko) Version/26.5.2 Mobile/15E148 Safari/604.1""}",2026-07-31 08:49:27.450Z,,,,2026-07-31 08:49:27.477Z,407be8b01d4ce342
30qhsrqn8llvlcc,page_view,2026-07-31 08:49:27.479Z,"{""to"": ""/de/discourse""}",2026-07-31 08:49:27.454Z,,,,2026-07-31 08:49:27.479Z,407be8b01d4ce342
7botrtoqcsec7qn,page_view,2026-07-31 08:49:29.450Z,"{""from"": ""/de/discourse"", ""to"": ""/de/questions/0w3z1e5u1y1d83t/proposals/question""}",2026-07-31 08:49:29.431Z,0w3z1e5u1y1d83t,,,2026-07-31 08:49:29.450Z,407be8b01d4ce342
ouaa6vil53uvkbd,feed_filter_change,2026-07-31 08:49:30.873Z,"{""feedTab"": ""foryou"", ""selectedLabelId"": null, ""sortMode"": ""Newest""}",2026-07-31 08:49:30.850Z,,,,2026-07-31 08:49:30.873Z,407be8b01d4ce342
7wetjk6gtmqwrla,page_view,2026-07-31 08:49:30.880Z,"{""from"": ""/de/questions/0w3z1e5u1y1d83t/proposals/subscriptions"", ""to"": ""/de/questions/0w3z1e5u1y1d83t/proposals/ideas""}",2026-07-31 08:49:30.864Z,0w3z1e5u1y1d83t,,,2026-07-31 08:49:30.880Z,407be8b01d4ce342
zm952lzx8wbwhmp,tab_switch,2026-07-31 08:50:11.513Z,"{""state"": ""visible""}",2026-07-31 08:50:11.338Z,,,,2026-07-31 08:50:11.513Z,407be8b01d4ce342
sqetqp0iq4le887,page_view,2026-07-31 08:50:12.303Z,"{""from"": ""/de/questions/0w3z1e5u1y1d83t/proposals/subscriptions"", ""to"": ""/de/questions/0w3z1e5u1y1d83t/proposals/subscriptions""}",2026-07-31 08:50:12.280Z,0w3z1e5u1y1d83t,,,2026-07-31 08:50:12.303Z,407be8b01d4ce342
cqranvqiicsan14,page_view,2026-07-31 08:50:14.722Z,"{""from"": ""/de/questions/0w3z1e5u1y1d83t/proposals/subscriptions"", ""to"": ""/de/questions/0w3z1e5u1y1d83t/proposals/ideas""}",2026-07-31 08:50:14.700Z,0w3z1e5u1y1d83t,,,2026-07-31 08:50:14.722Z,407be8b01d4ce342
3xtfd4u1xuo94vm,tab_switch,2026-07-31 08:50:19.180Z,"{""state"": ""visible""}",2026-07-31 08:50:19.148Z,,,,2026-07-31 08:50:19.180Z,407be8b01d4ce342
baca7ckw7wn7ofx,tab_switch,2026-07-31 09:04:36.066Z,"{""state"": ""visible""}",2026-07-31 09:04:35.859Z,,,,2026-07-31 09:04:36.066Z,15e064539716cfbb
4cfmh27zd2ftyol,tab_switch,2026-07-31 09:05:00.693Z,"{""state"": ""visible""}",2026-07-31 09:04:58.571Z,,,,2026-07-31 09:05:00.693Z,15e064539716cfbb
8ivwlkri867jenr,page_view,2026-07-31 09:05:01.249Z,"{""from"": ""/de/questions/0w3z1e5u1y1d83t/proposals/question"", ""to"": ""/de/groups""}",2026-07-31 09:05:01.088Z,0w3z1e5u1y1d83t,,,2026-07-31 09:05:01.249Z,15e064539716cfbb
v2gh73efylm68w3,page_view,2026-07-31 09:05:03.246Z,"{""from"": ""/de/groups"", ""to"": ""/de/how-it-works""}",2026-07-31 09:05:03.058Z,0w3z1e5u1y1d83t,,,2026-07-31 09:05:03.246Z,15e064539716cfbb
xc3lb64qb4ied34,page_view,2026-07-31 09:05:04.680Z,"{""from"": ""/de/how-it-works"", ""to"": ""/de/post-study-survey""}",2026-07-31 09:05:04.501Z,0w3z1e5u1y1d83t,,,2026-07-31 09:05:04.680Z,15e064539716cfbb
hc3puae3j8i763w,page_view,2026-07-31 09:05:06.573Z,"{""from"": ""/de/post-study-survey"", ""to"": ""/de/discourse""}",2026-07-31 09:05:06.386Z,0w3z1e5u1y1d83t,,,2026-07-31 09:05:06.573Z,15e064539716cfbb
m66clb64eh9rxrc,page_view,2026-07-31 09:05:08.643Z,"{""from"": ""/de/discourse"", ""to"": ""/de/questions/0w3z1e5u1y1d83t/proposals/question""}",2026-07-31 09:05:08.487Z,0w3z1e5u1y1d83t,,,2026-07-31 09:05:08.643Z,15e064539716cfbb
816jpe5yte13zds,page_view,2026-07-31 09:05:11.659Z,"{""from"": ""/de/questions/0w3z1e5u1y1d83t/proposals/question"", ""to"": ""/de/questions/0w3z1e5u1y1d83t/proposals/ideas""}",2026-07-31 09:05:11.484Z,0w3z1e5u1y1d83t,,,2026-07-31 09:05:11.659Z,15e064539716cfbb
48c3jo50b1hrnvk,feed_filter_change,2026-07-31 09:05:13.551Z,"{""feedTab"": ""all"", ""selectedLabelId"": null, ""sortMode"": ""Newest""}",2026-07-31 09:05:13.343Z,,,,2026-07-31 09:05:13.551Z,15e064539716cfbb
9fjo3kzi8ahnohj,proposal_view,2026-07-31 09:05:21.471Z,,2026-07-31 09:05:21.291Z,0w3z1e5u1y1d83t,,l5sqzdyfozw6267,2026-07-31 09:05:21.471Z,15e064539716cfbb
cbynmhciw5no1ya,tab_switch,2026-07-31 09:07:07.992Z,"{""state"": ""visible""}",2026-07-31 09:07:07.737Z,,,,2026-07-31 09:07:07.992Z,15e064539716cfbb
tq6lkv4urn5ksez,tab_switch,2026-07-31 09:12:09.546Z,"{""state"": ""visible""}",2026-07-31 09:12:09.430Z,,,,2026-07-31 09:12:09.546Z,407be8b01d4ce342
o4t9hs5hthq2ciw,page_view,2026-07-31 09:12:16.034Z,"{""from"": ""/de/questions/0w3z1e5u1y1d83t/proposals/subscriptions"", ""to"": ""/de/questions/0w3z1e5u1y1d83t/proposals/question""}",2026-07-31 09:12:16.003Z,0w3z1e5u1y1d83t,,,2026-07-31 09:12:16.034Z,407be8b01d4ce342
euqvyj5njilrtn8,page_view,2026-07-31 09:12:20.785Z,"{""from"": ""/de/questions/0w3z1e5u1y1d83t/proposals/question"", ""to"": ""/de/questions/0w3z1e5u1y1d83t/proposals/ideas""}",2026-07-31 09:12:20.748Z,0w3z1e5u1y1d83t,,,2026-07-31 09:12:20.785Z,407be8b01d4ce342
tzb3hr3u5tw444c,page_view,2026-07-31 09:12:32.262Z,"{""from"": ""/de/questions/0w3z1e5u1y1d83t/proposals/subscriptions"", ""to"": ""/de/questions/0w3z1e5u1y1d83t/proposals/ideas""}",2026-07-31 09:12:32.230Z,0w3z1e5u1y1d83t,,,2026-07-31 09:12:32.262Z,407be8b01d4ce342
qrxgtthl5gmq3w6,feed_filter_change,2026-07-31 09:12:32.912Z,"{""feedTab"": ""all"", ""selectedLabelId"": null, ""sortMode"": ""Newest""}",2026-07-31 09:12:32.878Z,,,,2026-07-31 09:12:32.912Z,407be8b01d4ce342
44oiucskmhyh2yl,proposal_view,2026-07-31 09:12:39.275Z,,2026-07-31 09:12:39.239Z,0w3z1e5u1y1d83t,,g8f2osl4qpr7ixl,2026-07-31 09:12:39.275Z,407be8b01d4ce342
61olfp3ck34dw4u,page_view,2026-07-31 09:12:45.913Z,"{""from"": ""/de/questions/0w3z1e5u1y1d83t/proposals/ideas"", ""to"": ""/de/questions/0w3z1e5u1y1d83t/proposals/question""}",2026-07-31 09:12:45.883Z,0w3z1e5u1y1d83t,,,2026-07-31 09:12:45.913Z,407be8b01d4ce342
7gbd3ibyy6t07xg,page_view,2026-08-01 08:17:33.840Z,"{""from"": ""/de/login"", ""to"": ""/discourse""}",2026-08-01 08:17:34.498Z,,,,2026-08-01 08:17:33.840Z,34063db6dedf42bc
qngv7msklr8b1p6,page_view,2026-08-01 08:17:45.803Z,"{""from"": ""/discourse"", ""to"": ""/questions/0w3z1e5u1y1d83t/proposals/question""}",2026-08-01 08:17:46.468Z,0w3z1e5u1y1d83t,,,2026-08-01 08:17:45.803Z,34063db6dedf42bc
lm27f6h9lpyov0r,feed_filter_change,2026-08-01 08:17:59.371Z,"{""feedTab"": ""foryou"", ""selectedLabelId"": null, ""sortMode"": ""Newest""}",2026-08-01 08:18:00.035Z,,,,2026-08-01 08:17:59.371Z,34063db6dedf42bc
zqztf3agmfbka1v,page_view,2026-08-01 08:17:59.380Z,"{""from"": ""/questions/0w3z1e5u1y1d83t/proposals/question"", ""to"": ""/questions/0w3z1e5u1y1d83t/proposals/ideas""}",2026-08-01 08:18:00.052Z,0w3z1e5u1y1d83t,,,2026-08-01 08:17:59.380Z,34063db6dedf42bc
eblvan2uzcxwjhr,proposal_view,2026-08-01 08:18:05.209Z,,2026-08-01 08:18:05.781Z,0w3z1e5u1y1d83t,,l5sqzdyfozw6267,2026-08-01 08:18:05.209Z,34063db6dedf42bc
1zaya6406kywjis,tab_switch,2026-08-01 08:19:13.460Z,"{""state"": ""visible""}",2026-08-01 08:19:13.828Z,,,,2026-08-01 08:19:13.460Z,34063db6dedf42bc
2ef25t8qvd93mqv,proposal_view,2026-08-01 08:19:26.124Z,,2026-08-01 08:19:26.260Z,0w3z1e5u1y1d83t,,kfb0ib2gefppy6l,2026-08-01 08:19:26.124Z,34063db6dedf42bc
b8dk9yu3k5jg2ug,proposal_view,2026-08-01 08:19:36.683Z,,2026-08-01 08:19:37.333Z,0w3z1e5u1y1d83t,,ppkkg16jlpylazv,2026-08-01 08:19:36.683Z,34063db6dedf42bc
x1gdhbextucj365,proposal_view,2026-08-01 08:19:53.735Z,,2026-08-01 08:19:54.397Z,0w3z1e5u1y1d83t,,4ye5dsqpshy40jr,2026-08-01 08:19:53.735Z,34063db6dedf42bc
kf9446e3exup8el,proposal_view,2026-08-01 08:20:15.899Z,,2026-08-01 08:20:16.568Z,0w3z1e5u1y1d83t,,g8f2osl4qpr7ixl,2026-08-01 08:20:15.899Z,34063db6dedf42bc
3k7ymzso58djr23,tab_switch,2026-08-01 08:21:13.731Z,"{""state"": ""visible""}",2026-08-01 08:21:14.224Z,,,,2026-08-01 08:21:13.731Z,34063db6dedf42bc
m4yeusvzw48713g,page_view,2026-08-01 08:21:43.966Z,"{""from"": ""/questions/0w3z1e5u1y1d83t/proposals/ideas"", ""to"": ""/questions/0w3z1e5u1y1d83t/proposals/question""}",2026-08-01 08:21:44.628Z,0w3z1e5u1y1d83t,,,2026-08-01 08:21:43.966Z,34063db6dedf42bc
qi94jqvjrrkq9xh,page_view,2026-08-01 08:21:58.984Z,"{""from"": ""/questions/0w3z1e5u1y1d83t/proposals/question"", ""to"": ""/questions/0w3z1e5u1y1d83t/proposals/ideas""}",2026-08-01 08:21:59.561Z,0w3z1e5u1y1d83t,,,2026-08-01 08:21:58.984Z,34063db6dedf42bc
uvfd1or2849c13s,session_start,2026-08-01 08:21:59.551Z,"{""isMobile"": true, ""screenHeight"": 647, ""screenWidth"": 375, ""userAgent"": ""Mozilla/5.0 (iPhone; CPU iPhone OS 18_7 like Mac OS X) AppleWebKit/605.1.15 (KHTML, like Gecko) Version/26.5.2 Mobile/15E148 Safari/604.1""}",2026-08-01 08:21:59.535Z,,,,2026-08-01 08:21:59.551Z,407be8b01d4ce342
539ghkl1xj7rawy,page_view,2026-08-01 08:21:59.552Z,"{""to"": ""/de/discourse""}",2026-08-01 08:21:59.540Z,,,,2026-08-01 08:21:59.552Z,407be8b01d4ce342
5ge2sho760ru3m2,page_view,2026-08-01 08:22:02.102Z,"{""from"": ""/de/discourse"", ""to"": ""/de/questions/0w3z1e5u1y1d83t/proposals/question""}",2026-08-01 08:22:02.091Z,0w3z1e5u1y1d83t,,,2026-08-01 08:22:02.102Z,407be8b01d4ce342
xbgs14pm3cmmtvu,proposal_view,2026-08-01 08:22:17.296Z,,2026-08-01 08:22:17.274Z,0w3z1e5u1y1d83t,,ppkkg16jlpylazv,2026-08-01 08:22:17.296Z,407be8b01d4ce342
p0lhrvps7f5hal5,page_view,2026-08-01 08:22:22.931Z,"{""from"": ""/questions/0w3z1e5u1y1d83t/proposals/ideas"", ""to"": ""/questions/0w3z1e5u1y1d83t/proposals/new""}",2026-08-01 08:22:23.377Z,0w3z1e5u1y1d83t,,,2026-08-01 08:22:22.931Z,34063db6dedf42bc
1r3w8z9j39yw69j,proposal_view,2026-08-01 08:22:32.831Z,,2026-08-01 08:22:32.806Z,0w3z1e5u1y1d83t,,ppkkg16jlpylazv,2026-08-01 08:22:32.831Z,407be8b01d4ce342
dk286b55i8ux4bb,page_view,2026-08-01 08:22:42.811Z,"{""from"": ""/de/questions/0w3z1e5u1y1d83t/proposals/ballot"", ""to"": ""/de/questions/0w3z1e5u1y1d83t/proposals/question""}",2026-08-01 08:22:42.792Z,0w3z1e5u1y1d83t,,,2026-08-01 08:22:42.811Z,407be8b01d4ce342
282mrg6ex9u43ac,tab_switch,2026-08-01 08:23:42.331Z,"{""state"": ""visible""}",2026-08-01 08:23:14.297Z,,,,2026-08-01 08:23:42.331Z,34063db6dedf42bc
fhfmpff3vwcrvmi,session_start,2026-08-01 08:23:44.510Z,"{""isMobile"": true, ""screenHeight"": 770, ""screenWidth"": 411, ""userAgent"": ""Mozilla/5.0 (Linux; Android 10; K) AppleWebKit/537.36 (KHTML, like Gecko) Chrome/150.0.0.0 Mobile Safari/537.36""}",2026-08-01 08:23:45.114Z,,,,2026-08-01 08:23:44.510Z,34063db6dedf42bc
lv4iia9vm2j5f5s,page_view,2026-08-01 08:23:44.549Z,"{""to"": ""/discourse""}",2026-08-01 08:23:45.116Z,,,,2026-08-01 08:23:44.549Z,34063db6dedf42bc
3ati4f0rqgqrc5n,page_view,2026-08-01 08:23:51.472Z,"{""from"": ""/discourse"", ""to"": ""/questions/0w3z1e5u1y1d83t/proposals/question""}",2026-08-01 08:23:52.136Z,0w3z1e5u1y1d83t,,,2026-08-01 08:23:51.472Z,34063db6dedf42bc
4pg2pkvaso1irjg,feed_filter_change,2026-08-01 08:24:13.152Z,"{""feedTab"": ""foryou"", ""selectedLabelId"": null, ""sortMode"": ""Newest""}",2026-08-01 08:24:03.431Z,,,,2026-08-01 08:24:13.152Z,34063db6dedf42bc
phw6ysw5gvmu8zp,page_view,2026-08-01 08:24:13.160Z,"{""from"": ""/questions/0w3z1e5u1y1d83t/proposals/question"", ""to"": ""/questions/0w3z1e5u1y1d83t/proposals/ideas""}",2026-08-01 08:24:03.441Z,0w3z1e5u1y1d83t,,,2026-08-01 08:24:13.160Z,34063db6dedf42bc
mhbu3qnedbxiqr8,proposal_view,2026-08-01 08:24:13.380Z,,2026-08-01 08:24:14.029Z,0w3z1e5u1y1d83t,,l5sqzdyfozw6267,2026-08-01 08:24:13.380Z,34063db6dedf42bc
cicae2vl2p17ky0,tab_switch,2026-08-01 08:25:04.304Z,"{""state"": ""visible""}",2026-08-01 08:25:04.837Z,,,,2026-08-01 08:25:04.304Z,34063db6dedf42bc
q064cxq7kbfutig,tab_switch,2026-08-01 08:25:14.151Z,"{""state"": ""visible""}",2026-08-01 08:25:14.725Z,,,,2026-08-01 08:25:14.151Z,34063db6dedf42bc
l4nfj120g31h6qa,compare_add,2026-08-01 08:25:17.057Z,"{""pool_size"": 1}",2026-08-01 08:25:17.659Z,0w3z1e5u1y1d83t,,l5sqzdyfozw6267,2026-08-01 08:25:17.057Z,34063db6dedf42bc
7laa1wsovfae29h,compare_remove,2026-08-01 08:25:24.015Z,"{""pool_size"": 0}",2026-08-01 08:25:24.647Z,,,l5sqzdyfozw6267,2026-08-01 08:25:24.015Z,34063db6dedf42bc
5hfhz5pxtaynlg7,tab_switch,2026-08-01 08:27:12.321Z,"{""state"": ""visible""}",2026-08-01 08:27:12.885Z,,,,2026-08-01 08:27:12.321Z,34063db6dedf42bc
51wk9nt9m4qitim,page_view,2026-08-01 08:34:22.665Z,"{""from"": ""/questions/0w3z1e5u1y1d83t/proposals/ideas"", ""to"": ""/questions/0w3z1e5u1y1d83t/proposals/new""}",2026-08-01 08:34:23.226Z,0w3z1e5u1y1d83t,,,2026-08-01 08:34:22.665Z,34063db6dedf42bc
8uil6w8gbi3wsfa,subscribe,2026-08-01 08:35:16.527Z,,2026-08-01 08:35:16.526Z,0w3z1e5u1y1d83t,,tbzg254knicrhqz,2026-08-01 08:35:16.527Z,34063db6dedf42bc
f18ik2qqdoafbqi,create_idea,2026-08-01 08:35:16.530Z,,2026-08-01 08:35:16.522Z,0w3z1e5u1y1d83t,,tbzg254knicrhqz,2026-08-01 08:35:16.530Z,34063db6dedf42bc
xbnosirc8a1lwfa,create_label,2026-08-01 08:35:16.533Z,"{""label_name"": ""Untergr\u00fcppchen""}",2026-08-01 08:35:16.522Z,0w3z1e5u1y1d83t,,r75b39f3q45tu4n,2026-08-01 08:35:16.533Z,34063db6dedf42bc
6inq1e6evwj51y2,page_view,2026-08-01 08:35:20.924Z,"{""from"": ""/questions/0w3z1e5u1y1d83t/proposals/new"", ""to"": ""/questions/0w3z1e5u1y1d83t/proposals/ideas""}",2026-08-01 08:35:21.549Z,0w3z1e5u1y1d83t,,,2026-08-01 08:35:20.924Z,34063db6dedf42bc
bztnvw3l3gfif34,feed_filter_change,2026-08-01 08:35:25.645Z,"{""feedTab"": ""foryou"", ""selectedLabelId"": null, ""sortMode"": ""Newest""}",2026-08-01 08:35:26.325Z,,,,2026-08-01 08:35:25.645Z,34063db6dedf42bc
fv7x5k4wonyt989,session_start,2026-08-01 08:35:25.648Z,"{""isMobile"": true, ""screenHeight"": 770, ""screenWidth"": 411, ""userAgent"": ""Mozilla/5.0 (Linux; Android 10; K) AppleWebKit/537.36 (KHTML, like Gecko) Chrome/150.0.0.0 Mobile Safari/537.36""}",2026-08-01 08:35:26.330Z,,,,2026-08-01 08:35:25.648Z,34063db6dedf42bc
2sgb03n2jsw9iei,page_view,2026-08-01 08:35:25.654Z,"{""to"": ""/questions/0w3z1e5u1y1d83t/proposals/ideas""}",2026-08-01 08:35:26.331Z,0w3z1e5u1y1d83t,,,2026-08-01 08:35:25.654Z,34063db6dedf42bc
8y5uyrzql9pzrlg,session_start,2026-08-01 08:35:29.942Z,"{""isMobile"": true, ""screenHeight"": 770, ""screenWidth"": 411, ""userAgent"": ""Mozilla/5.0 (Linux; Android 10; K) AppleWebKit/537.36 (KHTML, like Gecko) Chrome/150.0.0.0 Mobile Safari/537.36""}",2026-08-01 08:35:30.620Z,,,,2026-08-01 08:35:29.942Z,34063db6dedf42bc
7m5o30gtsq5nl5y,page_view,2026-08-01 08:35:29.948Z,"{""to"": ""/questions/0w3z1e5u1y1d83t/proposals/ideas""}",2026-08-01 08:35:30.621Z,0w3z1e5u1y1d83t,,,2026-08-01 08:35:29.948Z,34063db6dedf42bc
t6z8egecg90dmb5,feed_filter_change,2026-08-01 08:35:29.958Z,"{""feedTab"": ""foryou"", ""selectedLabelId"": null, ""sortMode"": ""Newest""}",2026-08-01 08:35:30.617Z,,,,2026-08-01 08:35:29.958Z,34063db6dedf42bc
nrjreb2i8yxs2qz,page_view,2026-08-01 08:35:32.712Z,"{""from"": ""/questions/0w3z1e5u1y1d83t/proposals/ideas"", ""to"": ""/questions/0w3z1e5u1y1d83t/proposals/new""}",2026-08-01 08:35:33.398Z,0w3z1e5u1y1d83t,,,2026-08-01 08:35:32.712Z,34063db6dedf42bc
m0j8ho0j5t2i3w5,page_view,2026-08-01 08:35:38.511Z,"{""from"": ""/questions/0w3z1e5u1y1d83t/proposals/new"", ""to"": ""/questions/0w3z1e5u1y1d83t/proposals/ideas""}",2026-08-01 08:35:39.117Z,0w3z1e5u1y1d83t,,,2026-08-01 08:35:38.511Z,34063db6dedf42bc
z8r6qoiwm6zpoxj,session_start,2026-08-01 08:35:39.772Z,"{""isMobile"": true, ""screenHeight"": 770, ""screenWidth"": 411, ""userAgent"": ""Mozilla/5.0 (Linux; Android 10; K) AppleWebKit/537.36 (KHTML, like Gecko) Chrome/150.0.0.0 Mobile Safari/537.36""}",2026-08-01 08:35:40.454Z,,,,2026-08-01 08:35:39.772Z,34063db6dedf42bc
r7u9c8rag9djudu,feed_filter_change,2026-08-01 08:35:39.773Z,"{""feedTab"": ""foryou"", ""selectedLabelId"": null, ""sortMode"": ""Newest""}",2026-08-01 08:35:40.450Z,,,,2026-08-01 08:35:39.773Z,34063db6dedf42bc
ge2afnygeewj8g4,page_view,2026-08-01 08:35:39.779Z,"{""to"": ""/questions/0w3z1e5u1y1d83t/proposals/ideas""}",2026-08-01 08:35:40.455Z,0w3z1e5u1y1d83t,,,2026-08-01 08:35:39.779Z,34063db6dedf42bc
y3zlybqme9zlrpj,page_view,2026-08-01 08:35:44.399Z,"{""from"": ""/questions/0w3z1e5u1y1d83t/proposals/ideas"", ""to"": ""/questions/0w3z1e5u1y1d83t/proposals/new""}",2026-08-01 08:35:45.080Z,0w3z1e5u1y1d83t,,,2026-08-01 08:35:44.399Z,34063db6dedf42bc
fi19geduaqsjhpy,subscribe,2026-08-01 08:36:10.892Z,,2026-08-01 08:36:10.892Z,0w3z1e5u1y1d83t,,rcjsk2waeqw14pm,2026-08-01 08:36:10.892Z,34063db6dedf42bc
4pckkeal66un6ia,create_idea,2026-08-01 08:36:10.897Z,,2026-08-01 08:36:10.888Z,0w3z1e5u1y1d83t,,rcjsk2waeqw14pm,2026-08-01 08:36:10.897Z,34063db6dedf42bc
anxrnsbivvnwbo6,create_label,2026-08-01 08:36:10.899Z,"{""label_name"": ""Untergr\u00fcppchen""}",2026-08-01 08:36:10.888Z,0w3z1e5u1y1d83t,,r75b39f3q45tu4n,2026-08-01 08:36:10.899Z,34063db6dedf42bc
ryky7yi0vamfpas,proposal_view,2026-08-01 08:36:11.081Z,,2026-08-01 08:36:11.764Z,0w3z1e5u1y1d83t,,rcjsk2waeqw14pm,2026-08-01 08:36:11.081Z,34063db6dedf42bc
kbegg15pt37yujy,proposal_view,2026-08-01 08:36:11.084Z,,2026-08-01 08:36:11.774Z,0w3z1e5u1y1d83t,,rcjsk2waeqw14pm,2026-08-01 08:36:11.084Z,34063db6dedf42bc
s0ox908zepso0db,page_view,2026-08-01 08:36:11.095Z,"{""from"": ""/questions/0w3z1e5u1y1d83t/proposals/new"", ""to"": ""/questions/0w3z1e5u1y1d83t/proposals/rcjsk2waeqw14pm""}",2026-08-01 08:36:11.782Z,0w3z1e5u1y1d83t,,,2026-08-01 08:36:11.095Z,34063db6dedf42bc
yitgrxqixej52pv,page_view,2026-08-01 08:36:23.548Z,"{""from"": ""/questions/0w3z1e5u1y1d83t/proposals/rcjsk2waeqw14pm"", ""to"": ""/questions/0w3z1e5u1y1d83t/proposals/new""}",2026-08-01 08:36:24.239Z,0w3z1e5u1y1d83t,,,2026-08-01 08:36:23.548Z,34063db6dedf42bc
j0a71g2wof4xf17,page_view,2026-08-01 08:36:25.522Z,"{""from"": ""/questions/0w3z1e5u1y1d83t/proposals/new"", ""to"": ""/questions/0w3z1e5u1y1d83t/proposals/ideas""}",2026-08-01 08:36:26.178Z,0w3z1e5u1y1d83t,,,2026-08-01 08:36:25.522Z,34063db6dedf42bc
m2204wwk5jxu52o,feed_filter_change,2026-08-01 08:36:27.241Z,"{""feedTab"": ""foryou"", ""selectedLabelId"": null, ""sortMode"": ""Newest""}",2026-08-01 08:36:27.927Z,,,,2026-08-01 08:36:27.241Z,34063db6dedf42bc
0zr1sek4ubjvjzg,session_start,2026-08-01 08:36:27.247Z,"{""isMobile"": true, ""screenHeight"": 770, ""screenWidth"": 411, ""userAgent"": ""Mozilla/5.0 (Linux; Android 10; K) AppleWebKit/537.36 (KHTML, like Gecko) Chrome/150.0.0.0 Mobile Safari/537.36""}",2026-08-01 08:36:27.930Z,,,,2026-08-01 08:36:27.247Z,34063db6dedf42bc
gxwsjq4wvfzv82r,page_view,2026-08-01 08:36:27.257Z,"{""to"": ""/questions/0w3z1e5u1y1d83t/proposals/ideas""}",2026-08-01 08:36:27.932Z,0w3z1e5u1y1d83t,,,2026-08-01 08:36:27.257Z,34063db6dedf42bc
xymvc5hrnlbhywi,tab_switch,2026-08-01 08:39:23.271Z,"{""state"": ""visible""}",2026-08-01 08:39:23.765Z,,,,2026-08-01 08:39:23.271Z,34063db6dedf42bc
rwd5bebkgam5g1c,feed_filter_change,2026-08-01 08:39:25.318Z,"{""feedTab"": ""foryou"", ""selectedLabelId"": null, ""sortMode"": ""Newest""}",2026-08-01 08:39:26.014Z,,,,2026-08-01 08:39:25.318Z,34063db6dedf42bc
wxt584b576h0b6z,session_start,2026-08-01 08:39:25.326Z,"{""isMobile"": true, ""screenHeight"": 770, ""screenWidth"": 411, ""userAgent"": ""Mozilla/5.0 (Linux; Android 10; K) AppleWebKit/537.36 (KHTML, like Gecko) Chrome/150.0.0.0 Mobile Safari/537.36""}",2026-08-01 08:39:26.018Z,,,,2026-08-01 08:39:25.326Z,34063db6dedf42bc
rk2z8d7h5hjwcmp,page_view,2026-08-01 08:39:25.333Z,"{""to"": ""/questions/0w3z1e5u1y1d83t/proposals/ideas""}",2026-08-01 08:39:26.021Z,0w3z1e5u1y1d83t,,,2026-08-01 08:39:25.333Z,34063db6dedf42bc
7qdzf2bt5lihutx,page_view,2026-08-01 08:39:30.098Z,"{""from"": ""/questions/0w3z1e5u1y1d83t/proposals/ideas"", ""to"": ""/questions/0w3z1e5u1y1d83t/proposals/new""}",2026-08-01 08:39:30.786Z,0w3z1e5u1y1d83t,,,2026-08-01 08:39:30.098Z,34063db6dedf42bc
lm50ut95sfqi3c2,tab_switch,2026-08-01 08:39:42.927Z,"{""state"": ""visible""}",2026-08-01 08:39:42.782Z,,,,2026-08-01 08:39:42.927Z,407be8b01d4ce342
fem4ikwxxcz7z3n,tab_switch,2026-08-01 08:39:53.816Z,"{""state"": ""visible""}",2026-08-01 08:39:53.646Z,,,,2026-08-01 08:39:53.816Z,407be8b01d4ce342
y4iv742ibzqds15,feed_filter_change,2026-08-01 08:39:55.650Z,"{""feedTab"": ""foryou"", ""selectedLabelId"": null, ""sortMode"": ""Newest""}",2026-08-01 08:39:55.636Z,,,,2026-08-01 08:39:55.650Z,407be8b01d4ce342
isyph5apluovn9j,page_view,2026-08-01 08:39:55.668Z,"{""from"": ""/de/questions/0w3z1e5u1y1d83t/proposals/subscriptions"", ""to"": ""/de/questions/0w3z1e5u1y1d83t/proposals/ideas""}",2026-08-01 08:39:55.656Z,0w3z1e5u1y1d83t,,,2026-08-01 08:39:55.668Z,407be8b01d4ce342
ehv788ngksdt6ca,subscribe,2026-08-01 08:39:58.048Z,,2026-08-01 08:39:58.047Z,0w3z1e5u1y1d83t,,ag1c4yqxa4oe2w4,2026-08-01 08:39:58.048Z,34063db6dedf42bc
wpum834nhvrdhgt,create_idea,2026-08-01 08:39:58.052Z,,2026-08-01 08:39:58.044Z,0w3z1e5u1y1d83t,,ag1c4yqxa4oe2w4,2026-08-01 08:39:58.052Z,34063db6dedf42bc
h8kpjudfxa70411,create_label,2026-08-01 08:39:58.054Z,"{""label_name"": ""Untergr\u00fcppchen""}",2026-08-01 08:39:58.044Z,0w3z1e5u1y1d83t,,r75b39f3q45tu4n,2026-08-01 08:39:58.054Z,34063db6dedf42bc
717zbz1rt942se2,proposal_view,2026-08-01 08:39:58.275Z,,2026-08-01 08:39:58.946Z,0w3z1e5u1y1d83t,,ag1c4yqxa4oe2w4,2026-08-01 08:39:58.275Z,34063db6dedf42bc
cm91kwol394we3m,proposal_view,2026-08-01 08:39:58.285Z,,2026-08-01 08:39:58.953Z,0w3z1e5u1y1d83t,,ag1c4yqxa4oe2w4,2026-08-01 08:39:58.285Z,34063db6dedf42bc
f12jqthr1jaw3x3,page_view,2026-08-01 08:39:58.317Z,"{""from"": ""/questions/0w3z1e5u1y1d83t/proposals/new"", ""to"": ""/questions/0w3z1e5u1y1d83t/proposals/ag1c4yqxa4oe2w4""}",2026-08-01 08:39:58.964Z,0w3z1e5u1y1d83t,,,2026-08-01 08:39:58.317Z,34063db6dedf42bc
jvu3h3npw7mpbhg,tab_switch,2026-08-01 08:40:13.083Z,"{""state"": ""visible""}",2026-08-01 08:40:13.045Z,,,,2026-08-01 08:40:13.083Z,407be8b01d4ce342
82bhjwliw6l5yg3,page_view,2026-08-01 08:40:14.729Z,"{""from"": ""/de/questions/0w3z1e5u1y1d83t/proposals/subscriptions"", ""to"": ""/de/questions/0w3z1e5u1y1d83t/proposals/ideas""}",2026-08-01 08:40:14.712Z,0w3z1e5u1y1d83t,,,2026-08-01 08:40:14.729Z,407be8b01d4ce342
iv9h3qlouqvor5v,page_view,2026-08-01 08:40:15.709Z,"{""from"": ""/de/questions/0w3z1e5u1y1d83t/proposals/ideas"", ""to"": ""/de/questions/0w3z1e5u1y1d83t/proposals/question""}",2026-08-01 08:40:15.695Z,0w3z1e5u1y1d83t,,,2026-08-01 08:40:15.709Z,407be8b01d4ce342
60ptair97df4z33,page_view,2026-08-01 08:40:15.959Z,"{""from"": ""/de/questions/0w3z1e5u1y1d83t/proposals/question"", ""to"": ""/de/questions/0w3z1e5u1y1d83t/proposals/ideas""}",2026-08-01 08:40:15.943Z,0w3z1e5u1y1d83t,,,2026-08-01 08:40:15.959Z,407be8b01d4ce342
hs2akn81e94qh5g,proposal_view,2026-08-01 08:40:17.409Z,,2026-08-01 08:40:17.386Z,0w3z1e5u1y1d83t,,ag1c4yqxa4oe2w4,2026-08-01 08:40:17.409Z,407be8b01d4ce342
ll1nrhf9lr7f6j6,page_view,2026-08-01 08:40:18.162Z,"{""from"": ""/questions/0w3z1e5u1y1d83t/proposals/ag1c4yqxa4oe2w4"", ""to"": ""/questions/0w3z1e5u1y1d83t/proposals/ideas""}",2026-08-01 08:40:18.802Z,0w3z1e5u1y1d83t,,,2026-08-01 08:40:18.162Z,34063db6dedf42bc
g8cyrp22n9s4hff,feed_filter_change,2026-08-01 08:40:19.733Z,"{""feedTab"": ""foryou"", ""selectedLabelId"": null, ""sortMode"": ""Newest""}",2026-08-01 08:40:20.407Z,,,,2026-08-01 08:40:19.733Z,34063db6dedf42bc
5dbpv4zxxh8uzs6,session_start,2026-08-01 08:40:19.734Z,"{""isMobile"": true, ""screenHeight"": 770, ""screenWidth"": 411, ""userAgent"": ""Mozilla/5.0 (Linux; Android 10; K) AppleWebKit/537.36 (KHTML, like Gecko) Chrome/150.0.0.0 Mobile Safari/537.36""}",2026-08-01 08:40:20.410Z,,,,2026-08-01 08:40:19.734Z,34063db6dedf42bc
sv9rg7clelvgj12,page_view,2026-08-01 08:40:19.757Z,"{""to"": ""/questions/0w3z1e5u1y1d83t/proposals/ideas""}",2026-08-01 08:40:20.411Z,0w3z1e5u1y1d83t,,,2026-08-01 08:40:19.757Z,34063db6dedf42bc
6xclmrkyk65rgyv,proposal_view,2026-08-01 08:40:34.999Z,,2026-08-01 08:40:35.611Z,0w3z1e5u1y1d83t,,ag1c4yqxa4oe2w4,2026-08-01 08:40:34.999Z,34063db6dedf42bc
vacicz2umde9e15,page_view,2026-08-01 08:40:35.008Z,"{""from"": ""/questions/0w3z1e5u1y1d83t/proposals/ideas"", ""to"": ""/questions/0w3z1e5u1y1d83t/proposals/ag1c4yqxa4oe2w4""}",2026-08-01 08:40:35.619Z,0w3z1e5u1y1d83t,,,2026-08-01 08:40:35.008Z,34063db6dedf42bc
hjwbjshsqe3tqf2,proposal_view,2026-08-01 08:40:35.011Z,,2026-08-01 08:40:35.599Z,0w3z1e5u1y1d83t,,ag1c4yqxa4oe2w4,2026-08-01 08:40:35.011Z,34063db6dedf42bc
j73mb2rl3quks2w,proposal_view,2026-08-01 08:40:36.781Z,,2026-08-01 08:40:37.471Z,0w3z1e5u1y1d83t,,ag1c4yqxa4oe2w4,2026-08-01 08:40:36.781Z,34063db6dedf42bc
ux0jl1b6a9csfx7,proposal_view,2026-08-01 08:40:36.781Z,,2026-08-01 08:40:37.477Z,0w3z1e5u1y1d83t,,ag1c4yqxa4oe2w4,2026-08-01 08:40:36.781Z,34063db6dedf42bc
qea8z39m01flv7j,session_start,2026-08-01 08:40:36.793Z,"{""isMobile"": true, ""screenHeight"": 770, ""screenWidth"": 411, ""userAgent"": ""Mozilla/5.0 (Linux; Android 10; K) AppleWebKit/537.36 (KHTML, like Gecko) Chrome/150.0.0.0 Mobile Safari/537.36""}",2026-08-01 08:40:37.480Z,,,,2026-08-01 08:40:36.793Z,34063db6dedf42bc
g4wz7jisszfz2rx,page_view,2026-08-01 08:40:36.801Z,"{""to"": ""/questions/0w3z1e5u1y1d83t/proposals/ag1c4yqxa4oe2w4""}",2026-08-01 08:40:37.483Z,0w3z1e5u1y1d83t,,,2026-08-01 08:40:36.801Z,34063db6dedf42bc
rma6c6kz1hqvp80,feed_filter_change,2026-08-01 08:40:39.794Z,"{""feedTab"": ""foryou"", ""selectedLabelId"": null, ""sortMode"": ""Newest""}",2026-08-01 08:40:40.477Z,,,,2026-08-01 08:40:39.794Z,34063db6dedf42bc
2oefp4vy5p5ffsr,page_view,2026-08-01 08:40:39.796Z,"{""from"": ""/questions/0w3z1e5u1y1d83t/proposals/ag1c4yqxa4oe2w4"", ""to"": ""/questions/0w3z1e5u1y1d83t/proposals/ideas""}",2026-08-01 08:40:40.485Z,0w3z1e5u1y1d83t,,,2026-08-01 08:40:39.796Z,34063db6dedf42bc
plgm447n0eiw72c,feed_filter_change,2026-08-01 08:40:41.099Z,"{""feedTab"": ""foryou"", ""selectedLabelId"": null, ""sortMode"": ""Newest""}",2026-08-01 08:40:41.787Z,,,,2026-08-01 08:40:41.099Z,34063db6dedf42bc
c24mc52ysyuo9da,session_start,2026-08-01 08:40:41.104Z,"{""isMobile"": true, ""screenHeight"": 770, ""screenWidth"": 411, ""userAgent"": ""Mozilla/5.0 (Linux; Android 10; K) AppleWebKit/537.36 (KHTML, like Gecko) Chrome/150.0.0.0 Mobile Safari/537.36""}",2026-08-01 08:40:41.791Z,,,,2026-08-01 08:40:41.104Z,34063db6dedf42bc
2p7d988lx3mtvdw,page_view,2026-08-01 08:40:41.112Z,"{""to"": ""/questions/0w3z1e5u1y1d83t/proposals/ideas""}",2026-08-01 08:40:41.792Z,0w3z1e5u1y1d83t,,,2026-08-01 08:40:41.112Z,34063db6dedf42bc
3y1koeqt3dm4mit,feed_filter_change,2026-08-01 08:40:46.860Z,"{""feedTab"": ""foryou"", ""selectedLabelId"": null, ""sortMode"": ""Newest""}",2026-08-01 08:40:47.552Z,,,,2026-08-01 08:40:46.860Z,34063db6dedf42bc
z1g33xuhtfgxl95,session_start,2026-08-01 08:40:46.864Z,"{""isMobile"": true, ""screenHeight"": 770, ""screenWidth"": 411, ""userAgent"": ""Mozilla/5.0 (Linux; Android 10; K) AppleWebKit/537.36 (KHTML, like Gecko) Chrome/150.0.0.0 Mobile Safari/537.36""}",2026-08-01 08:40:47.555Z,,,,2026-08-01 08:40:46.864Z,34063db6dedf42bc
vpch05ru908iwtp,page_view,2026-08-01 08:40:46.865Z,"{""to"": ""/questions/0w3z1e5u1y1d83t/proposals/ideas""}",2026-08-01 08:40:47.556Z,0w3z1e5u1y1d83t,,,2026-08-01 08:40:46.865Z,34063db6dedf42bc
7m0v4u3bwsnuhhg,tab_switch,2026-08-01 08:41:19.183Z,"{""state"": ""visible""}",2026-08-01 08:41:19.689Z,,,,2026-08-01 08:41:19.183Z,34063db6dedf42bc
08msdpqf9xvpq1a,page_view,2026-08-01 08:41:24.017Z,"{""from"": ""/questions/0w3z1e5u1y1d83t/proposals/ideas"", ""to"": ""/questions/0w3z1e5u1y1d83t/proposals/ideas""}",2026-08-01 08:41:24.659Z,0w3z1e5u1y1d83t,,,2026-08-01 08:41:24.017Z,34063db6dedf42bc
gjvffjype1usxbs,page_view,2026-08-01 08:41:28.991Z,"{""from"": ""/questions/0w3z1e5u1y1d83t/proposals/ideas"", ""to"": ""/questions/0w3z1e5u1y1d83t/proposals/question""}",2026-08-01 08:41:29.649Z,0w3z1e5u1y1d83t,,,2026-08-01 08:41:28.991Z,34063db6dedf42bc
cdx7zdva9rctt5f,page_view,2026-08-01 08:41:29.704Z,"{""from"": ""/questions/0w3z1e5u1y1d83t/proposals/question"", ""to"": ""/questions/0w3z1e5u1y1d83t/proposals/ideas""}",2026-08-01 08:41:30.393Z,0w3z1e5u1y1d83t,,,2026-08-01 08:41:29.704Z,34063db6dedf42bc
cfuw7gbxvwvb3je,session_start,2026-08-01 08:41:36.346Z,"{""isMobile"": true, ""screenHeight"": 770, ""screenWidth"": 411, ""userAgent"": ""Mozilla/5.0 (Linux; Android 10; K) AppleWebKit/537.36 (KHTML, like Gecko) Chrome/150.0.0.0 Mobile Safari/537.36""}",2026-08-01 08:41:37.038Z,,,,2026-08-01 08:41:36.346Z,34063db6dedf42bc
cyyi9dopg83zmig,feed_filter_change,2026-08-01 08:41:36.350Z,"{""feedTab"": ""foryou"", ""selectedLabelId"": null, ""sortMode"": ""Newest""}",2026-08-01 08:41:37.033Z,,,,2026-08-01 08:41:36.350Z,34063db6dedf42bc
prpd8wvbpclfg3v,page_view,2026-08-01 08:41:36.359Z,"{""to"": ""/questions/0w3z1e5u1y1d83t/proposals/ideas""}",2026-08-01 08:41:37.040Z,0w3z1e5u1y1d83t,,,2026-08-01 08:41:36.359Z,34063db6dedf42bc
gjyue2v07jx93sa,tab_switch,2026-08-01 08:45:29.186Z,"{""state"": ""visible""}",2026-08-01 08:45:29.687Z,,,,2026-08-01 08:45:29.186Z,34063db6dedf42bc
qndvgthnprwmdeh,session_start,2026-08-01 08:45:31.145Z,"{""isMobile"": true, ""screenHeight"": 770, ""screenWidth"": 411, ""userAgent"": ""Mozilla/5.0 (Linux; Android 10; K) AppleWebKit/537.36 (KHTML, like Gecko) Chrome/150.0.0.0 Mobile Safari/537.36""}",2026-08-01 08:45:31.832Z,,,,2026-08-01 08:45:31.145Z,34063db6dedf42bc
vlrgsn06jao7ekk,feed_filter_change,2026-08-01 08:45:31.149Z,"{""feedTab"": ""foryou"", ""selectedLabelId"": null, ""sortMode"": ""Newest""}",2026-08-01 08:45:31.827Z,,,,2026-08-01 08:45:31.149Z,34063db6dedf42bc
6knmhcvhvfwyl0i,page_view,2026-08-01 08:45:31.153Z,"{""to"": ""/questions/0w3z1e5u1y1d83t/proposals/ideas""}",2026-08-01 08:45:31.833Z,0w3z1e5u1y1d83t,,,2026-08-01 08:45:31.153Z,34063db6dedf42bc
bdkwyg9sibp7cee,tab_switch,2026-08-01 08:45:35.686Z,"{""state"": ""visible""}",2026-08-01 08:45:36.324Z,,,,2026-08-01 08:45:35.686Z,34063db6dedf42bc
xpp6rf71cwin74t,feed_filter_change,2026-08-01 08:45:37.354Z,"{""feedTab"": ""all"", ""selectedLabelId"": null, ""sortMode"": ""Newest""}",2026-08-01 08:45:38.025Z,,,,2026-08-01 08:45:37.354Z,34063db6dedf42bc
w0l7bqu8qtfymyq,tab_switch,2026-08-01 08:46:21.687Z,"{""state"": ""visible""}",2026-08-01 08:46:22.296Z,,,,2026-08-01 08:46:21.687Z,34063db6dedf42bc
5h4v2b0sdxf1von,proposal_view,2026-08-01 08:46:26.101Z,,2026-08-01 08:46:26.779Z,0w3z1e5u1y1d83t,,rcjsk2waeqw14pm,2026-08-01 08:46:26.101Z,34063db6dedf42bc
zt0yftrmw8si8ld,tab_switch,2026-08-01 08:47:08.706Z,"{""state"": ""visible""}",2026-08-01 08:47:09.261Z,,,,2026-08-01 08:47:08.706Z,34063db6dedf42bc
1o6e3kqt7rbbt0g,proposal_view,2026-08-01 08:47:09.679Z,,2026-08-01 08:47:10.366Z,0w3z1e5u1y1d83t,,ag1c4yqxa4oe2w4,2026-08-01 08:47:09.679Z,34063db6dedf42bc
324ha1jmd26h0gn,tab_switch,2026-08-01 08:48:06.065Z,"{""state"": ""visible""}",2026-08-01 08:48:06.605Z,,,,2026-08-01 08:48:06.065Z,34063db6dedf42bc
w1p7hy6b7rzt3n0,session_start,2026-08-01 08:48:18.641Z,"{""isMobile"": true, ""screenHeight"": 770, ""screenWidth"": 411, ""userAgent"": ""Mozilla/5.0 (Linux; Android 10; K) AppleWebKit/537.36 (KHTML, like Gecko) Chrome/150.0.0.0 Mobile Safari/537.36""}",2026-08-01 08:48:19.331Z,,,,2026-08-01 08:48:18.641Z,34063db6dedf42bc
94440lag5jbsyr6,feed_filter_change,2026-08-01 08:48:18.650Z,"{""feedTab"": ""foryou"", ""selectedLabelId"": null, ""sortMode"": ""Newest""}",2026-08-01 08:48:19.327Z,,,,2026-08-01 08:48:18.650Z,34063db6dedf42bc
yr2nftbdbtjt8rq,page_view,2026-08-01 08:48:18.650Z,"{""to"": ""/questions/0w3z1e5u1y1d83t/proposals/ideas""}",2026-08-01 08:48:19.331Z,0w3z1e5u1y1d83t,,,2026-08-01 08:48:18.650Z,34063db6dedf42bc
uggadbvqhk2g5ba,feed_filter_change,2026-08-01 08:48:22.999Z,"{""feedTab"": ""all"", ""selectedLabelId"": null, ""sortMode"": ""Newest""}",2026-08-01 08:48:23.687Z,,,,2026-08-01 08:48:22.999Z,34063db6dedf42bc
mr982warx5otsbn,tab_switch,2026-08-01 08:51:37.139Z,"{""state"": ""visible""}",2026-08-01 08:51:37.599Z,,,,2026-08-01 08:51:37.139Z,34063db6dedf42bc
dvjjuejy7j3ebyv,feed_filter_change,2026-08-01 08:51:39.790Z,"{""feedTab"": ""foryou"", ""selectedLabelId"": null, ""sortMode"": ""Newest""}",2026-08-01 08:51:40.472Z,,,,2026-08-01 08:51:39.790Z,34063db6dedf42bc
c5if7qckiub44uq,page_view,2026-08-01 08:51:39.793Z,"{""to"": ""/questions/0w3z1e5u1y1d83t/proposals/ideas""}",2026-08-01 08:51:40.478Z,0w3z1e5u1y1d83t,,,2026-08-01 08:51:39.793Z,34063db6dedf42bc
ct5ak4sm7k3zzw0,session_start,2026-08-01 08:51:39.797Z,"{""isMobile"": true, ""screenHeight"": 770, ""screenWidth"": 411, ""userAgent"": ""Mozilla/5.0 (Linux; Android 10; K) AppleWebKit/537.36 (KHTML, like Gecko) Chrome/150.0.0.0 Mobile Safari/537.36""}",2026-08-01 08:51:40.477Z,,,,2026-08-01 08:51:39.797Z,34063db6dedf42bc
w47hxyk9iqh4hel,feed_filter_change,2026-08-01 08:51:41.760Z,"{""feedTab"": ""all"", ""selectedLabelId"": null, ""sortMode"": ""Newest""}",2026-08-01 08:51:42.460Z,,,,2026-08-01 08:51:41.760Z,34063db6dedf42bc
1vuu952fj0d8y2h,tab_switch,2026-08-01 08:53:09.285Z,"{""state"": ""visible""}",2026-08-01 08:53:09.785Z,,,,2026-08-01 08:53:09.285Z,34063db6dedf42bc
i7pvpwj30ckjurx,proposal_view,2026-08-01 08:53:21.615Z,,2026-08-01 08:53:22.293Z,0w3z1e5u1y1d83t,,4ye5dsqpshy40jr,2026-08-01 08:53:21.615Z,34063db6dedf42bc
7osx9uld8rmuycc,tab_switch,2026-08-01 08:53:59.514Z,"{""state"": ""visible""}",2026-08-01 08:54:00.065Z,,,,2026-08-01 08:53:59.514Z,34063db6dedf42bc
k44igz7e5xci68a,tab_switch,2026-08-01 08:55:08.709Z,"{""state"": ""visible""}",2026-08-01 08:55:09.236Z,,,,2026-08-01 08:55:08.709Z,34063db6dedf42bc
bgdma50fh2114ms,feed_filter_change,2026-08-01 08:55:14.464Z,"{""feedTab"": ""foryou"", ""selectedLabelId"": null, ""sortMode"": ""Newest""}",2026-08-01 08:55:15.122Z,,,,2026-08-01 08:55:14.464Z,34063db6dedf42bc
hae3iu9k66u01zo,session_start,2026-08-01 08:55:14.475Z,"{""isMobile"": true, ""screenHeight"": 770, ""screenWidth"": 411, ""userAgent"": ""Mozilla/5.0 (Linux; Android 10; K) AppleWebKit/537.36 (KHTML, like Gecko) Chrome/150.0.0.0 Mobile Safari/537.36""}",2026-08-01 08:55:15.126Z,,,,2026-08-01 08:55:14.475Z,34063db6dedf42bc
i0n7efuyjf5ro0t,page_view,2026-08-01 08:55:14.505Z,"{""to"": ""/questions/0w3z1e5u1y1d83t/proposals/ideas""}",2026-08-01 08:55:15.128Z,0w3z1e5u1y1d83t,,,2026-08-01 08:55:14.505Z,34063db6dedf42bc
vt8pp8um31cgsd8,feed_filter_change,2026-08-01 08:55:17.033Z,"{""feedTab"": ""all"", ""selectedLabelId"": null, ""sortMode"": ""Newest""}",2026-08-01 08:55:17.738Z,,,,2026-08-01 08:55:17.033Z,34063db6dedf42bc
mojp0jg33rpk20z,tab_switch,2026-08-01 08:59:11.727Z,"{""state"": ""visible""}",2026-08-01 08:59:12.271Z,,,,2026-08-01 08:59:11.727Z,34063db6dedf42bc
uqc3m7mq6y0c274,feed_filter_change,2026-08-01 08:59:15.026Z,"{""feedTab"": ""foryou"", ""selectedLabelId"": null, ""sortMode"": ""Newest""}",2026-08-01 08:59:15.735Z,,,,2026-08-01 08:59:15.026Z,34063db6dedf42bc
bfp83zr9p305olf,session_start,2026-08-01 08:59:15.037Z,"{""isMobile"": true, ""screenHeight"": 770, ""screenWidth"": 411, ""userAgent"": ""Mozilla/5.0 (Linux; Android 10; K) AppleWebKit/537.36 (KHTML, like Gecko) Chrome/150.0.0.0 Mobile Safari/537.36""}",2026-08-01 08:59:15.740Z,,,,2026-08-01 08:59:15.037Z,34063db6dedf42bc
z0licp003yq3ukd,page_view,2026-08-01 08:59:15.044Z,"{""to"": ""/questions/0w3z1e5u1y1d83t/proposals/ideas""}",2026-08-01 08:59:15.742Z,0w3z1e5u1y1d83t,,,2026-08-01 08:59:15.044Z,34063db6dedf42bc
dtab6mqqw92uob6,tab_switch,2026-08-01 08:59:55.249Z,"{""state"": ""visible""}",2026-08-01 08:59:55.855Z,,,,2026-08-01 08:59:55.249Z,34063db6dedf42bc
ip653oum4o9s5zq,page_view,2026-08-02 08:32:40.424Z,"{""from"": ""/de/login"", ""to"": ""/de/discourse""}",2026-08-02 08:32:40.244Z,,,,2026-08-02 08:32:40.424Z,15e064539716cfbb
kdys02su009bldj,page_view,2026-08-02 08:32:44.222Z,"{""from"": ""/de/discourse"", ""to"": ""/de/questions/0w3z1e5u1y1d83t/proposals/question""}",2026-08-02 08:32:44.048Z,0w3z1e5u1y1d83t,,,2026-08-02 08:32:44.222Z,15e064539716cfbb
6m639mcyhs8wuc8,feed_filter_change,2026-08-02 08:32:47.179Z,"{""feedTab"": ""foryou"", ""selectedLabelId"": null, ""sortMode"": ""Newest""}",2026-08-02 08:32:46.955Z,,,,2026-08-02 08:32:47.179Z,15e064539716cfbb
dwe3iq63kqwkt5l,page_view,2026-08-02 08:32:47.187Z,"{""from"": ""/de/questions/0w3z1e5u1y1d83t/proposals/question"", ""to"": ""/de/questions/0w3z1e5u1y1d83t/proposals/ideas""}",2026-08-02 08:32:46.965Z,0w3z1e5u1y1d83t,,,2026-08-02 08:32:47.187Z,15e064539716cfbb
awmvxv0jgmatrtd,feed_filter_change,2026-08-02 08:32:58.617Z,"{""feedTab"": ""hidden"", ""selectedLabelId"": null, ""sortMode"": ""Newest""}",2026-08-02 08:32:58.402Z,,,,2026-08-02 08:32:58.617Z,15e064539716cfbb
z73qjw09d3pq1vi,feed_filter_change,2026-08-02 08:32:59.519Z,"{""feedTab"": ""all"", ""selectedLabelId"": null, ""sortMode"": ""Newest""}",2026-08-02 08:32:59.308Z,,,,2026-08-02 08:32:59.519Z,15e064539716cfbb
w5dph1gw2g3qpbm,proposal_view,2026-08-02 08:33:01.302Z,,2026-08-02 08:33:01.083Z,0w3z1e5u1y1d83t,,ag1c4yqxa4oe2w4,2026-08-02 08:33:01.302Z,15e064539716cfbb
rrozm0ww4xf2qhg,proposal_view,2026-08-02 08:33:33.683Z,,2026-08-02 08:33:33.465Z,0w3z1e5u1y1d83t,,rcjsk2waeqw14pm,2026-08-02 08:33:33.683Z,15e064539716cfbb
ks8781n5gs6650i,proposal_view,2026-08-02 08:33:58.787Z,,2026-08-02 08:33:58.595Z,0w3z1e5u1y1d83t,,tbzg254knicrhqz,2026-08-02 08:33:58.787Z,15e064539716cfbb
2g9r7ijjcqnppca,proposal_view,2026-08-02 08:34:08.791Z,,2026-08-02 08:34:08.573Z,0w3z1e5u1y1d83t,,g8f2osl4qpr7ixl,2026-08-02 08:34:08.791Z,15e064539716cfbb
d0vc2174gye606m,proposal_view,2026-08-02 08:34:23.407Z,,2026-08-02 08:34:23.192Z,0w3z1e5u1y1d83t,,g8f2osl4qpr7ixl,2026-08-02 08:34:23.407Z,15e064539716cfbb
7n39wdw1feafjij,proposal_view,2026-08-02 08:34:41.606Z,,2026-08-02 08:34:41.390Z,0w3z1e5u1y1d83t,,g8f2osl4qpr7ixl,2026-08-02 08:34:41.606Z,15e064539716cfbb
yyc0do1hqbef9x6,proposal_view,2026-08-02 08:34:43.437Z,,2026-08-02 08:34:43.223Z,0w3z1e5u1y1d83t,,l5sqzdyfozw6267,2026-08-02 08:34:43.437Z,15e064539716cfbb
yp953g6vzogzjl1,proposal_view,2026-08-02 08:34:49.440Z,,2026-08-02 08:34:49.201Z,0w3z1e5u1y1d83t,,g8f2osl4qpr7ixl,2026-08-02 08:34:49.440Z,15e064539716cfbb
stpuwn3cpeamwte,hide_proposal,2026-08-02 08:34:51.676Z,,2026-08-02 08:34:51.459Z,0w3z1e5u1y1d83t,,g8f2osl4qpr7ixl,2026-08-02 08:34:51.676Z,15e064539716cfbb
jiggybb8j3k1pq6,hide_proposal,2026-08-02 08:34:51.691Z,,2026-08-02 08:34:51.690Z,0w3z1e5u1y1d83t,,g8f2osl4qpr7ixl,2026-08-02 08:34:51.691Z,15e064539716cfbb
02xg4vw3uztul3f,proposal_view,2026-08-02 08:34:55.316Z,,2026-08-02 08:34:55.086Z,0w3z1e5u1y1d83t,,kfb0ib2gefppy6l,2026-08-02 08:34:55.316Z,15e064539716cfbb
xrrsxazqlh465n5,proposal_view,2026-08-02 08:35:29.730Z,,2026-08-02 08:35:29.510Z,0w3z1e5u1y1d83t,,4ye5dsqpshy40jr,2026-08-02 08:35:29.730Z,15e064539716cfbb
p9645jq6uwtb74k,proposal_view,2026-08-02 08:35:45.343Z,,2026-08-02 08:35:45.142Z,0w3z1e5u1y1d83t,,kfb0ib2gefppy6l,2026-08-02 08:35:45.343Z,15e064539716cfbb
mg27qukzjxubnwc,page_view,2026-08-02 08:35:59.358Z,"{""from"": ""/de/questions/0w3z1e5u1y1d83t/proposals/ideas"", ""to"": ""/de/questions/0w3z1e5u1y1d83t/proposals/question""}",2026-08-02 08:35:59.157Z,0w3z1e5u1y1d83t,,,2026-08-02 08:35:59.358Z,15e064539716cfbb
jjun1xtbb17aafo,page_view,2026-08-02 08:36:00.665Z,"{""from"": ""/de/questions/0w3z1e5u1y1d83t/proposals/question"", ""to"": ""/de/discourse""}",2026-08-02 08:36:00.472Z,0w3z1e5u1y1d83t,,,2026-08-02 08:36:00.665Z,15e064539716cfbb
loeasu4229s7pld,page_view,2026-08-02 09:10:15.140Z,"{""to"": ""/de/discourse""}",2026-08-02 09:10:15.047Z,,,,2026-08-02 09:10:15.140Z,407be8b01d4ce342
jnou2fo0a0mlhrh,session_start,2026-08-02 09:10:15.142Z,"{""isMobile"": true, ""screenHeight"": 647, ""screenWidth"": 375, ""userAgent"": ""Mozilla/5.0 (iPhone; CPU iPhone OS 18_7 like Mac OS X) AppleWebKit/605.1.15 (KHTML, like Gecko) Version/26.5.2 Mobile/15E148 Safari/604.1""}",2026-08-02 09:10:15.043Z,,,,2026-08-02 09:10:15.142Z,407be8b01d4ce342
0qxfadiu7s3pbdk,page_view,2026-08-02 09:10:17.803Z,"{""from"": ""/de/discourse"", ""to"": ""/de/questions/0w3z1e5u1y1d83t/proposals/question""}",2026-08-02 09:10:17.713Z,0w3z1e5u1y1d83t,,,2026-08-02 09:10:17.803Z,407be8b01d4ce342
jj8qyt6jqfri4mg,feed_filter_change,2026-08-02 09:10:19.384Z,"{""feedTab"": ""foryou"", ""selectedLabelId"": null, ""sortMode"": ""Newest""}",2026-08-02 09:10:19.289Z,,,,2026-08-02 09:10:19.384Z,407be8b01d4ce342
mqysdw70is8io3d,page_view,2026-08-02 09:10:19.389Z,"{""from"": ""/de/questions/0w3z1e5u1y1d83t/proposals/question"", ""to"": ""/de/questions/0w3z1e5u1y1d83t/proposals/ideas""}",2026-08-02 09:10:19.296Z,0w3z1e5u1y1d83t,,,2026-08-02 09:10:19.389Z,407be8b01d4ce342
yeyp84mox56xc5u,page_view,2026-08-02 09:10:28.049Z,"{""from"": ""/de/questions/0w3z1e5u1y1d83t/proposals/subscriptions"", ""to"": ""/de/questions/0w3z1e5u1y1d83t/proposals/ideas""}",2026-08-02 09:10:27.950Z,0w3z1e5u1y1d83t,,,2026-08-02 09:10:28.049Z,407be8b01d4ce342
7fwh7x2zotj7vqw,feed_filter_change,2026-08-02 09:10:28.893Z,"{""feedTab"": ""all"", ""selectedLabelId"": null, ""sortMode"": ""Newest""}",2026-08-02 09:10:28.796Z,,,,2026-08-02 09:10:28.893Z,407be8b01d4ce342
l8kh7khxvc3t1ir,proposal_view,2026-08-02 09:10:42.790Z,,2026-08-02 09:10:42.689Z,0w3z1e5u1y1d83t,,ag1c4yqxa4oe2w4,2026-08-02 09:10:42.790Z,407be8b01d4ce342
7yulwc3aumphvz6,proposal_view,2026-08-02 09:10:52.105Z,,2026-08-02 09:10:52.011Z,0w3z1e5u1y1d83t,,rcjsk2waeqw14pm,2026-08-02 09:10:52.105Z,407be8b01d4ce342
sidy21nhrfvbuxz,proposal_view,2026-08-02 09:10:54.276Z,,2026-08-02 09:10:54.172Z,0w3z1e5u1y1d83t,,tbzg254knicrhqz,2026-08-02 09:10:54.276Z,407be8b01d4ce342
ds8eq48yk5zd0kf,subscribe,2026-08-02 09:10:57.226Z,,2026-08-02 09:10:57.225Z,0w3z1e5u1y1d83t,,tbzg254knicrhqz,2026-08-02 09:10:57.226Z,407be8b01d4ce342
f4h1qp17gg5n2u8,proposal_view,2026-08-02 09:10:57.809Z,,2026-08-02 09:10:57.710Z,0w3z1e5u1y1d83t,,rcjsk2waeqw14pm,2026-08-02 09:10:57.809Z,407be8b01d4ce342
ht1yhu3gilbsnci,page_view,2026-08-02 09:45:55.762Z,"{""from"": ""/de/register"", ""to"": ""/de/how-it-works""}",2026-08-02 09:45:55.781Z,,,,2026-08-02 09:45:55.762Z,563eab35510dcae3
vv4qgwq3m16esiu,tab_switch,2026-08-02 09:48:14.335Z,"{""state"": ""visible""}",2026-08-02 09:48:14.029Z,,,,2026-08-02 09:48:14.335Z,563eab35510dcae3
jcuxxepafrhxu71,page_view,2026-08-02 09:48:30.163Z,"{""from"": ""/de/how-it-works"", ""to"": ""/de/discourse""}",2026-08-02 09:48:30.169Z,,,,2026-08-02 09:48:30.163Z,563eab35510dcae3
hvnnhtrvrr97khw,page_view,2026-08-02 10:02:17.016Z,"{""from"": ""/login"", ""to"": ""/discourse""}",2026-08-02 10:02:16.942Z,,,,2026-08-02 10:02:17.016Z,3e36e627a64bac27
x64aw7h8as4xsas,page_view,2026-08-02 10:02:21.772Z,"{""from"": ""/discourse"", ""to"": ""/questions/0w3z1e5u1y1d83t/proposals/question""}",2026-08-02 10:02:21.668Z,0w3z1e5u1y1d83t,,,2026-08-02 10:02:21.772Z,3e36e627a64bac27
l5ur2ezq1oag0na,page_view,2026-08-02 10:02:29.165Z,"{""from"": ""/questions/0w3z1e5u1y1d83t/proposals/question"", ""to"": ""/groups/v0e99klwn3wg6qe""}",2026-08-02 10:02:29.076Z,0w3z1e5u1y1d83t,,,2026-08-02 10:02:29.165Z,3e36e627a64bac27
wmktjgbs9ad107n,page_view,2026-08-02 10:03:00.995Z,"{""from"": ""/groups/v0e99klwn3wg6qe"", ""to"": ""/questions/0w3z1e5u1y1d83t/proposals/question""}",2026-08-02 10:03:00.887Z,0w3z1e5u1y1d83t,,,2026-08-02 10:03:00.995Z,3e36e627a64bac27
7w3ni574d930v2q,feed_filter_change,2026-08-02 10:03:05.335Z,"{""feedTab"": ""foryou"", ""selectedLabelId"": null, ""sortMode"": ""Newest""}",2026-08-02 10:03:05.260Z,,,,2026-08-02 10:03:05.335Z,3e36e627a64bac27
cgvykfxxvwbw02n,page_view,2026-08-02 10:03:05.351Z,"{""from"": ""/questions/0w3z1e5u1y1d83t/proposals/question"", ""to"": ""/questions/0w3z1e5u1y1d83t/proposals/ideas""}",2026-08-02 10:03:05.269Z,0w3z1e5u1y1d83t,,,2026-08-02 10:03:05.351Z,3e36e627a64bac27
m0p48djcy48ylze,compare_add,2026-08-02 10:03:05.565Z,"{""pool_size"": 1}",2026-08-02 10:03:05.501Z,0w3z1e5u1y1d83t,,tbzg254knicrhqz,2026-08-02 10:03:05.565Z,3e36e627a64bac27
8f4nnxb0haxgoop,proposal_view,2026-08-02 10:03:23.636Z,,2026-08-02 10:03:23.511Z,0w3z1e5u1y1d83t,,l5sqzdyfozw6267,2026-08-02 10:03:23.636Z,3e36e627a64bac27
jlpmtcqo2fmyerj,proposal_view,2026-08-02 10:03:42.337Z,,2026-08-02 10:03:42.210Z,0w3z1e5u1y1d83t,,g8f2osl4qpr7ixl,2026-08-02 10:03:42.337Z,3e36e627a64bac27
yb72b5wjfbbhnsv,proposal_view,2026-08-02 10:03:52.658Z,,2026-08-02 10:03:52.581Z,0w3z1e5u1y1d83t,,kfb0ib2gefppy6l,2026-08-02 10:03:52.658Z,3e36e627a64bac27
php3w3bd0l3kb1p,proposal_view,2026-08-02 10:04:25.454Z,,2026-08-02 10:04:25.322Z,0w3z1e5u1y1d83t,,rcjsk2waeqw14pm,2026-08-02 10:04:25.454Z,3e36e627a64bac27
ccfemi0hmcvmif7,proposal_view,2026-08-02 10:04:55.033Z,,2026-08-02 10:04:54.920Z,0w3z1e5u1y1d83t,,ag1c4yqxa4oe2w4,2026-08-02 10:04:55.033Z,3e36e627a64bac27
ftoeuejxc82fhv5,compare_add,2026-08-02 10:05:04.633Z,"{""pool_size"": 2}",2026-08-02 10:05:04.564Z,0w3z1e5u1y1d83t,,ag1c4yqxa4oe2w4,2026-08-02 10:05:04.633Z,3e36e627a64bac27
uxtlutxh4n515es,compare_remove,2026-08-02 10:05:05.671Z,"{""pool_size"": 1}",2026-08-02 10:05:05.572Z,,,ag1c4yqxa4oe2w4,2026-08-02 10:05:05.671Z,3e36e627a64bac27
m2c1dhtcs0sy606,compare_remove,2026-08-02 10:05:06.144Z,"{""pool_size"": 0}",2026-08-02 10:05:06.062Z,,,tbzg254knicrhqz,2026-08-02 10:05:06.144Z,3e36e627a64bac27
u8gfeuzd1ye3e9j,proposal_view,2026-08-02 10:05:10.755Z,,2026-08-02 10:05:10.676Z,0w3z1e5u1y1d83t,,tbzg254knicrhqz,2026-08-02 10:05:10.755Z,3e36e627a64bac27
3812uzwai7c3s05,proposal_view,2026-08-02 10:05:47.357Z,,2026-08-02 10:05:47.233Z,0w3z1e5u1y1d83t,,4ye5dsqpshy40jr,2026-08-02 10:05:47.357Z,3e36e627a64bac27
xulwruywwzpszez,feed_filter_change,2026-08-02 10:06:04.212Z,"{""feedTab"": ""all"", ""selectedLabelId"": null, ""sortMode"": ""Newest""}",2026-08-02 10:06:04.106Z,,,,2026-08-02 10:06:04.212Z,3e36e627a64bac27
bvedoe69p8yirus,feed_filter_change,2026-08-02 10:06:05.401Z,"{""feedTab"": ""foryou"", ""selectedLabelId"": null, ""sortMode"": ""Newest""}",2026-08-02 10:06:05.271Z,,,,2026-08-02 10:06:05.401Z,3e36e627a64bac27
qb0xodizi4nmsvh,feed_filter_change,2026-08-02 10:06:06.250Z,"{""feedTab"": ""all"", ""selectedLabelId"": null, ""sortMode"": ""Newest""}",2026-08-02 10:06:06.152Z,,,,2026-08-02 10:06:06.250Z,3e36e627a64bac27
a8na7aunqsccq56,feed_filter_change,2026-08-02 10:06:06.989Z,"{""feedTab"": ""foryou"", ""selectedLabelId"": null, ""sortMode"": ""Newest""}",2026-08-02 10:06:06.886Z,,,,2026-08-02 10:06:06.989Z,3e36e627a64bac27
ta1w9y1efz67ewf,feed_filter_change,2026-08-02 10:06:07.953Z,"{""feedTab"": ""all"", ""selectedLabelId"": null, ""sortMode"": ""Newest""}",2026-08-02 10:06:07.854Z,,,,2026-08-02 10:06:07.953Z,3e36e627a64bac27
9uaebor0m0gcufo,feed_filter_change,2026-08-02 10:06:10.871Z,"{""feedTab"": ""foryou"", ""selectedLabelId"": null, ""sortMode"": ""Newest""}",2026-08-02 10:06:10.766Z,,,,2026-08-02 10:06:10.871Z,3e36e627a64bac27
eyp3ip9g9e1wpum,proposal_view,2026-08-02 10:06:12.424Z,,2026-08-02 10:06:12.304Z,0w3z1e5u1y1d83t,,ag1c4yqxa4oe2w4,2026-08-02 10:06:12.424Z,3e36e627a64bac27
rk340sv9unfp9qi,hide_proposal,2026-08-02 10:06:32.219Z,,2026-08-02 10:06:32.217Z,0w3z1e5u1y1d83t,,tbzg254knicrhqz,2026-08-02 10:06:32.219Z,3e36e627a64bac27
e61zqldjiofgz7t,hide_proposal,2026-08-02 10:06:32.222Z,,2026-08-02 10:06:32.129Z,0w3z1e5u1y1d83t,,tbzg254knicrhqz,2026-08-02 10:06:32.222Z,3e36e627a64bac27
xq5x58il3vmzmq1,hide_proposal,2026-08-02 10:06:37.809Z,,2026-08-02 10:06:37.734Z,0w3z1e5u1y1d83t,,ag1c4yqxa4oe2w4,2026-08-02 10:06:37.809Z,3e36e627a64bac27
o70hza9wee3bwaf,hide_proposal,2026-08-02 10:06:37.809Z,,2026-08-02 10:06:37.808Z,0w3z1e5u1y1d83t,,ag1c4yqxa4oe2w4,2026-08-02 10:06:37.809Z,3e36e627a64bac27
hqpla9txd16tx1h,hide_proposal,2026-08-02 10:06:38.747Z,,2026-08-02 10:06:38.745Z,0w3z1e5u1y1d83t,,rcjsk2waeqw14pm,2026-08-02 10:06:38.747Z,3e36e627a64bac27
ca1thbsolaaelas,hide_proposal,2026-08-02 10:06:38.748Z,,2026-08-02 10:06:38.667Z,0w3z1e5u1y1d83t,,rcjsk2waeqw14pm,2026-08-02 10:06:38.748Z,3e36e627a64bac27
buam3jczwikncba,hide_proposal,2026-08-02 10:06:39.561Z,,2026-08-02 10:06:39.494Z,0w3z1e5u1y1d83t,,l5sqzdyfozw6267,2026-08-02 10:06:39.561Z,3e36e627a64bac27
ocdl1bga1i4arqw,hide_proposal,2026-08-02 10:06:39.568Z,,2026-08-02 10:06:39.567Z,0w3z1e5u1y1d83t,,l5sqzdyfozw6267,2026-08-02 10:06:39.568Z,3e36e627a64bac27
z9pbqvkpu9at5dr,hide_proposal,2026-08-02 10:06:40.703Z,,2026-08-02 10:06:40.634Z,0w3z1e5u1y1d83t,,kfb0ib2gefppy6l,2026-08-02 10:06:40.703Z,3e36e627a64bac27
p9hl6xgyke9vouk,hide_proposal,2026-08-02 10:06:40.708Z,,2026-08-02 10:06:40.707Z,0w3z1e5u1y1d83t,,kfb0ib2gefppy6l,2026-08-02 10:06:40.708Z,3e36e627a64bac27
0viui50ljixbtse,feed_filter_change,2026-08-02 10:06:48.299Z,"{""feedTab"": ""hidden"", ""selectedLabelId"": null, ""sortMode"": ""Newest""}",2026-08-02 10:06:48.198Z,,,,2026-08-02 10:06:48.299Z,3e36e627a64bac27
h3mey49v1k5nccy,restore_proposal,2026-08-02 10:06:49.465Z,,2026-08-02 10:06:49.363Z,0w3z1e5u1y1d83t,,ag1c4yqxa4oe2w4,2026-08-02 10:06:49.465Z,3e36e627a64bac27
n0tl90ad6in7avk,restore_proposal,2026-08-02 10:06:49.470Z,,2026-08-02 10:06:49.469Z,0w3z1e5u1y1d83t,,ag1c4yqxa4oe2w4,2026-08-02 10:06:49.470Z,3e36e627a64bac27
ubw5n40ju7xz0tk,restore_proposal,2026-08-02 10:06:50.252Z,,2026-08-02 10:06:50.164Z,0w3z1e5u1y1d83t,,rcjsk2waeqw14pm,2026-08-02 10:06:50.252Z,3e36e627a64bac27
c1cdkbqn6djjg0y,restore_proposal,2026-08-02 10:06:50.255Z,,2026-08-02 10:06:50.254Z,0w3z1e5u1y1d83t,,rcjsk2waeqw14pm,2026-08-02 10:06:50.255Z,3e36e627a64bac27
s5ffe5136xzeiyt,restore_proposal,2026-08-02 10:06:50.693Z,,2026-08-02 10:06:50.615Z,0w3z1e5u1y1d83t,,tbzg254knicrhqz,2026-08-02 10:06:50.693Z,3e36e627a64bac27
hg16q0jmwn6f31r,restore_proposal,2026-08-02 10:06:50.698Z,,2026-08-02 10:06:50.697Z,0w3z1e5u1y1d83t,,tbzg254knicrhqz,2026-08-02 10:06:50.698Z,3e36e627a64bac27
33tl10wppipvfm5,restore_proposal,2026-08-02 10:06:51.110Z,,2026-08-02 10:06:51.031Z,0w3z1e5u1y1d83t,,l5sqzdyfozw6267,2026-08-02 10:06:51.110Z,3e36e627a64bac27
4rapkzys5ntdtfa,restore_proposal,2026-08-02 10:06:51.120Z,,2026-08-02 10:06:51.117Z,0w3z1e5u1y1d83t,,l5sqzdyfozw6267,2026-08-02 10:06:51.120Z,3e36e627a64bac27
zrxxwlqbzap1323,restore_proposal,2026-08-02 10:06:51.621Z,,2026-08-02 10:06:51.530Z,0w3z1e5u1y1d83t,,kfb0ib2gefppy6l,2026-08-02 10:06:51.621Z,3e36e627a64bac27
wdy5ns1864nq0wy,restore_proposal,2026-08-02 10:06:51.626Z,,2026-08-02 10:06:51.625Z,0w3z1e5u1y1d83t,,kfb0ib2gefppy6l,2026-08-02 10:06:51.626Z,3e36e627a64bac27
28haijwisvkpj63,feed_filter_change,2026-08-02 10:06:57.975Z,"{""feedTab"": ""foryou"", ""selectedLabelId"": null, ""sortMode"": ""Newest""}",2026-08-02 10:06:57.869Z,,,,2026-08-02 10:06:57.975Z,3e36e627a64bac27
8at9ia95q4bkfxz,page_view,2026-08-02 10:21:17.885Z,"{""from"": ""/de/login"", ""to"": ""/de/discourse""}",2026-08-02 10:21:18.690Z,,,,2026-08-02 10:21:17.885Z,b003312e6c38c8a5
k0nxexg6viqv7o0,page_view,2026-08-02 10:21:21.321Z,"{""from"": ""/de/discourse"", ""to"": ""/de/questions/0w3z1e5u1y1d83t/proposals/question""}",2026-08-02 10:21:22.126Z,0w3z1e5u1y1d83t,,,2026-08-02 10:21:21.321Z,b003312e6c38c8a5
r2cfw0xz4oqsf98,proposal_view,2026-08-02 10:21:28.402Z,,2026-08-02 10:21:29.206Z,0w3z1e5u1y1d83t,,l5sqzdyfozw6267,2026-08-02 10:21:28.402Z,b003312e6c38c8a5
am2v52s643apnuq,compare_open,2026-08-02 10:21:46.224Z,"{""pool_size"": 2, ""proposal_ids"": [""l5sqzdyfozw6267"", ""g8f2osl4qpr7ixl""]}",2026-08-02 10:21:46.987Z,,,,2026-08-02 10:21:46.224Z,b003312e6c38c8a5
sjey6m80vjrdc5f,page_view,2026-08-02 10:21:46.249Z,"{""from"": ""/de/questions/0w3z1e5u1y1d83t/proposals/question"", ""to"": ""/de/questions/0w3z1e5u1y1d83t/proposals/compare""}",2026-08-02 10:21:47.055Z,0w3z1e5u1y1d83t,,,2026-08-02 10:21:46.249Z,b003312e6c38c8a5
oin0yrwe70yznqb,proposal_view,2026-08-02 10:21:54.712Z,,2026-08-02 10:21:55.512Z,0w3z1e5u1y1d83t,,l5sqzdyfozw6267,2026-08-02 10:21:54.712Z,b003312e6c38c8a5
am81k248afmkld2,page_view,2026-08-02 10:21:54.719Z,"{""from"": ""/de/questions/0w3z1e5u1y1d83t/proposals/compare"", ""to"": ""/de/questions/0w3z1e5u1y1d83t/proposals/question""}",2026-08-02 10:21:55.519Z,0w3z1e5u1y1d83t,,,2026-08-02 10:21:54.719Z,b003312e6c38c8a5
iiu2a3vqrv4us5c,feed_filter_change,2026-08-02 10:22:02.275Z,"{""feedTab"": ""foryou"", ""selectedLabelId"": null, ""sortMode"": ""Newest""}",2026-08-02 10:22:03.070Z,,,,2026-08-02 10:22:02.275Z,b003312e6c38c8a5
z5oewb5uyhlpeol,page_view,2026-08-02 10:22:02.277Z,"{""from"": ""/de/questions/0w3z1e5u1y1d83t/proposals/question"", ""to"": ""/de/questions/0w3z1e5u1y1d83t/proposals/ideas""}",2026-08-02 10:22:03.078Z,0w3z1e5u1y1d83t,,,2026-08-02 10:22:02.277Z,b003312e6c38c8a5
f45eoz76au6namb,proposal_view,2026-08-02 10:22:06.683Z,,2026-08-02 10:22:07.487Z,0w3z1e5u1y1d83t,,tbzg254knicrhqz,2026-08-02 10:22:06.683Z,b003312e6c38c8a5
10yhyw11dmwnkzo,proposal_view,2026-08-02 10:22:26.846Z,,2026-08-02 10:22:27.644Z,0w3z1e5u1y1d83t,,rcjsk2waeqw14pm,2026-08-02 10:22:26.846Z,b003312e6c38c8a5
cyl2ybixysnqfqy,proposal_view,2026-08-02 10:22:32.150Z,,2026-08-02 10:22:32.953Z,0w3z1e5u1y1d83t,,rcjsk2waeqw14pm,2026-08-02 10:22:32.150Z,b003312e6c38c8a5
qf0zwor30ugp0pi,proposal_view,2026-08-02 10:22:36.677Z,,2026-08-02 10:22:37.477Z,0w3z1e5u1y1d83t,,kfb0ib2gefppy6l,2026-08-02 10:22:36.677Z,b003312e6c38c8a5
fm3s42f3oq5nbgl,proposal_view,2026-08-02 10:22:43.000Z,,2026-08-02 10:22:43.797Z,0w3z1e5u1y1d83t,,g8f2osl4qpr7ixl,2026-08-02 10:22:43.000Z,b003312e6c38c8a5
wjgtxwtpyengnou,compare_remove,2026-08-02 10:26:26.027Z,"{""pool_size"": 1}",2026-08-02 10:26:26.798Z,,,g8f2osl4qpr7ixl,2026-08-02 10:26:26.027Z,b003312e6c38c8a5
htohfzu0145i3nr,proposal_view,2026-08-02 10:26:31.959Z,,2026-08-02 10:26:32.715Z,0w3z1e5u1y1d83t,,g8f2osl4qpr7ixl,2026-08-02 10:26:31.959Z,b003312e6c38c8a5
uo6pe895q82azfo,proposal_view,2026-08-02 10:26:38.026Z,,2026-08-02 10:26:38.833Z,0w3z1e5u1y1d83t,,l5sqzdyfozw6267,2026-08-02 10:26:38.026Z,b003312e6c38c8a5
qsyx3ezhnlqklds,proposal_view,2026-08-02 10:26:46.200Z,,2026-08-02 10:26:47.011Z,0w3z1e5u1y1d83t,,ag1c4yqxa4oe2w4,2026-08-02 10:26:46.200Z,b003312e6c38c8a5
m3c8lyywb2gvngt,proposal_view,2026-08-02 10:26:51.928Z,,2026-08-02 10:26:52.732Z,0w3z1e5u1y1d83t,,l5sqzdyfozw6267,2026-08-02 10:26:51.928Z,b003312e6c38c8a5
7xnv00bbijy4ifc,tab_switch,2026-08-02 10:49:04.939Z,"{""state"": ""visible""}",2026-08-02 10:49:04.790Z,,,,2026-08-02 10:49:04.939Z,407be8b01d4ce342
mjldggx78vwehg3,page_view,2026-08-02 10:49:05.998Z,"{""from"": ""/de/questions/0w3z1e5u1y1d83t/proposals/subscriptions"", ""to"": ""/de/questions/0w3z1e5u1y1d83t/proposals/ideas""}",2026-08-02 10:49:05.970Z,0w3z1e5u1y1d83t,,,2026-08-02 10:49:05.998Z,407be8b01d4ce342
e3fmgf9yd9b4khe,page_view,2026-08-02 10:49:07.551Z,"{""from"": ""/de/questions/0w3z1e5u1y1d83t/proposals/ideas"", ""to"": ""/de/questions/0w3z1e5u1y1d83t/proposals/question""}",2026-08-02 10:49:07.520Z,0w3z1e5u1y1d83t,,,2026-08-02 10:49:07.551Z,407be8b01d4ce342
10hbdff7vh1atxz,page_view,2026-08-02 10:49:08.680Z,"{""from"": ""/de/questions/0w3z1e5u1y1d83t/proposals/question"", ""to"": ""/de/questions/0w3z1e5u1y1d83t/proposals/ideas""}",2026-08-02 10:49:08.640Z,0w3z1e5u1y1d83t,,,2026-08-02 10:49:08.680Z,407be8b01d4ce342
9xm8xpv2rqijhb7,subscribe,2026-08-02 10:49:16.067Z,,2026-08-02 10:49:16.066Z,0w3z1e5u1y1d83t,,l5sqzdyfozw6267,2026-08-02 10:49:16.067Z,407be8b01d4ce342
1bxatkdfga56ho7,page_view,2026-08-02 10:49:29.960Z,"{""from"": ""/de/questions/0w3z1e5u1y1d83t/proposals/subscriptions"", ""to"": ""/de/questions/0w3z1e5u1y1d83t/proposals/subscriptions""}",2026-08-02 10:49:29.912Z,0w3z1e5u1y1d83t,,,2026-08-02 10:49:29.960Z,407be8b01d4ce342
o1owxkotwmkxqqt,page_view,2026-08-02 10:49:30.414Z,"{""from"": ""/de/questions/0w3z1e5u1y1d83t/proposals/subscriptions"", ""to"": ""/de/questions/0w3z1e5u1y1d83t/proposals/question""}",2026-08-02 10:49:30.386Z,0w3z1e5u1y1d83t,,,2026-08-02 10:49:30.414Z,407be8b01d4ce342
knk17m8eqet7as8,page_view,2026-08-02 10:49:31.157Z,"{""from"": ""/de/questions/0w3z1e5u1y1d83t/proposals/question"", ""to"": ""/de/questions/0w3z1e5u1y1d83t/proposals/ideas""}",2026-08-02 10:49:31.119Z,0w3z1e5u1y1d83t,,,2026-08-02 10:49:31.157Z,407be8b01d4ce342
u7gduuhian8pclg,proposal_view,2026-08-02 10:49:34.179Z,,2026-08-02 10:49:34.147Z,0w3z1e5u1y1d83t,,tbzg254knicrhqz,2026-08-02 10:49:34.179Z,407be8b01d4ce342
wtjpornivbdnbdn,page_view,2026-08-02 10:49:37.547Z,"{""from"": ""/de/questions/0w3z1e5u1y1d83t/proposals/subscriptions"", ""to"": ""/de/discourse""}",2026-08-02 10:49:37.519Z,0w3z1e5u1y1d83t,,,2026-08-02 10:49:37.547Z,407be8b01d4ce342
8qe1ncm941bzbtw,page_view,2026-08-02 10:49:39.879Z,"{""from"": ""/de/discourse"", ""to"": ""/de/questions/0w3z1e5u1y1d83t/proposals/question""}",2026-08-02 10:49:39.849Z,0w3z1e5u1y1d83t,,,2026-08-02 10:49:39.879Z,407be8b01d4ce342
a6mhjca3f0z9rqg,page_view,2026-08-02 10:49:45.740Z,"{""from"": ""/de/questions/0w3z1e5u1y1d83t/proposals/question"", ""to"": ""/de/groups/v0e99klwn3wg6qe""}",2026-08-02 10:49:45.712Z,0w3z1e5u1y1d83t,,,2026-08-02 10:49:45.740Z,407be8b01d4ce342
qad5g0qcfqf2rzh,page_view,2026-08-02 10:49:53.038Z,"{""from"": ""/de/groups/v0e99klwn3wg6qe"", ""to"": ""/de/questions/0w3z1e5u1y1d83t/proposals/question""}",2026-08-02 10:49:53.009Z,0w3z1e5u1y1d83t,,,2026-08-02 10:49:53.038Z,407be8b01d4ce342
sfs1dwv4nm6o5y6,page_view,2026-08-02 13:08:43.200Z,"{""from"": ""/de/login"", ""to"": ""/de/discourse""}",2026-08-02 13:08:43.018Z,,,,2026-08-02 13:08:43.200Z,15e064539716cfbb
h1i5tfwnf04aecy,page_view,2026-08-02 13:08:47.332Z,"{""from"": ""/de/discourse"", ""to"": ""/de/questions/0w3z1e5u1y1d83t/proposals/question""}",2026-08-02 13:08:47.166Z,0w3z1e5u1y1d83t,,,2026-08-02 13:08:47.332Z,15e064539716cfbb
p9dlgfpllo1dsy9,feed_filter_change,2026-08-02 13:08:57.662Z,"{""feedTab"": ""foryou"", ""selectedLabelId"": null, ""sortMode"": ""Newest""}",2026-08-02 13:08:57.477Z,,,,2026-08-02 13:08:57.662Z,15e064539716cfbb
s4gkqiq3yt966eo,page_view,2026-08-02 13:08:57.664Z,"{""from"": ""/de/questions/0w3z1e5u1y1d83t/proposals/question"", ""to"": ""/de/questions/0w3z1e5u1y1d83t/proposals/ideas""}",2026-08-02 13:08:57.489Z,0w3z1e5u1y1d83t,,,2026-08-02 13:08:57.664Z,15e064539716cfbb
zwylzexykn1z5lt,feed_filter_change,2026-08-02 13:08:58.684Z,"{""feedTab"": ""all"", ""selectedLabelId"": null, ""sortMode"": ""Newest""}",2026-08-02 13:08:58.513Z,,,,2026-08-02 13:08:58.684Z,15e064539716cfbb
bsaqmh6hwdtkx92,proposal_view,2026-08-02 13:09:08.735Z,,2026-08-02 13:09:08.552Z,0w3z1e5u1y1d83t,,l5sqzdyfozw6267,2026-08-02 13:09:08.735Z,15e064539716cfbb
yqb00i2jr7dvg2q,page_view,2026-08-02 13:09:22.958Z,"{""from"": ""/de/questions/0w3z1e5u1y1d83t/proposals/ideas"", ""to"": ""/de/questions/0w3z1e5u1y1d83t/proposals/question""}",2026-08-02 13:09:22.780Z,0w3z1e5u1y1d83t,,,2026-08-02 13:09:22.958Z,15e064539716cfbb
pitjsudk5ck7nfv,page_view,2026-08-02 13:09:23.765Z,"{""from"": ""/de/questions/0w3z1e5u1y1d83t/proposals/question"", ""to"": ""/de/discourse""}",2026-08-02 13:09:23.479Z,0w3z1e5u1y1d83t,,,2026-08-02 13:09:23.765Z,15e064539716cfbb
bythijc2a78bh8c,page_view,2026-08-02 16:39:59.486Z,"{""to"": ""/de/discourse""}",2026-08-02 16:39:59.234Z,,,,2026-08-02 16:39:59.486Z,407be8b01d4ce342
2qolvn6ry10sxch,session_start,2026-08-02 16:39:59.499Z,"{""isMobile"": true, ""screenHeight"": 647, ""screenWidth"": 375, ""userAgent"": ""Mozilla/5.0 (iPhone; CPU iPhone OS 18_7 like Mac OS X) AppleWebKit/605.1.15 (KHTML, like Gecko) Version/26.5.2 Mobile/15E148 Safari/604.1""}",2026-08-02 16:39:59.229Z,,,,2026-08-02 16:39:59.499Z,407be8b01d4ce342
8ejskqk69s1oiuk,page_view,2026-08-02 16:40:11.458Z,"{""from"": ""/de/discourse"", ""to"": ""/de/questions/0w3z1e5u1y1d83t/proposals/question""}",2026-08-02 16:40:11.329Z,0w3z1e5u1y1d83t,,,2026-08-02 16:40:11.458Z,407be8b01d4ce342
j1b6pe2mcoinl09,feed_filter_change,2026-08-02 16:40:34.421Z,"{""feedTab"": ""foryou"", ""selectedLabelId"": null, ""sortMode"": ""Newest""}",2026-08-02 16:40:34.270Z,,,,2026-08-02 16:40:34.421Z,407be8b01d4ce342
li8o7e3gj3k045t,page_view,2026-08-02 16:40:34.423Z,"{""from"": ""/de/questions/0w3z1e5u1y1d83t/proposals/subscriptions"", ""to"": ""/de/questions/0w3z1e5u1y1d83t/proposals/ideas""}",2026-08-02 16:40:34.284Z,0w3z1e5u1y1d83t,,,2026-08-02 16:40:34.423Z,407be8b01d4ce342
kz8ktqde8mtzzsg,hide_proposal,2026-08-02 16:40:42.667Z,,2026-08-02 16:40:42.531Z,0w3z1e5u1y1d83t,,rcjsk2waeqw14pm,2026-08-02 16:40:42.667Z,407be8b01d4ce342
4hq6lwaj68t9q2a,hide_proposal,2026-08-02 16:40:42.675Z,,2026-08-02 16:40:42.673Z,0w3z1e5u1y1d83t,,rcjsk2waeqw14pm,2026-08-02 16:40:42.675Z,407be8b01d4ce342
qmsic2mb7p0j5ms,hide_proposal,2026-08-02 16:40:44.292Z,,2026-08-02 16:40:44.117Z,0w3z1e5u1y1d83t,,g8f2osl4qpr7ixl,2026-08-02 16:40:44.292Z,407be8b01d4ce342
zr8evguzqhuivvm,hide_proposal,2026-08-02 16:40:44.294Z,,2026-08-02 16:40:44.291Z,0w3z1e5u1y1d83t,,g8f2osl4qpr7ixl,2026-08-02 16:40:44.294Z,407be8b01d4ce342
xsmdul6vs1vkrg7,hide_proposal,2026-08-02 16:40:45.834Z,,2026-08-02 16:40:45.717Z,0w3z1e5u1y1d83t,,ag1c4yqxa4oe2w4,2026-08-02 16:40:45.834Z,407be8b01d4ce342
mt81ypv1u6e3n9m,hide_proposal,2026-08-02 16:40:45.843Z,,2026-08-02 16:40:45.841Z,0w3z1e5u1y1d83t,,ag1c4yqxa4oe2w4,2026-08-02 16:40:45.843Z,407be8b01d4ce342
7oohw81hqe1ah6l,page_view,2026-08-02 16:40:48.715Z,"{""from"": ""/de/questions/0w3z1e5u1y1d83t/proposals/subscriptions"", ""to"": ""/de/questions/0w3z1e5u1y1d83t/proposals/ideas""}",2026-08-02 16:40:48.576Z,0w3z1e5u1y1d83t,,,2026-08-02 16:40:48.715Z,407be8b01d4ce342
d4ggrys1r8t7btt,page_view,2026-08-02 16:40:52.193Z,"{""from"": ""/de/questions/0w3z1e5u1y1d83t/proposals/subscriptions"", ""to"": ""/de/questions/0w3z1e5u1y1d83t/proposals/ideas""}",2026-08-02 16:40:51.998Z,0w3z1e5u1y1d83t,,,2026-08-02 16:40:52.193Z,407be8b01d4ce342
s77qkaf9pfp3qoi,proposal_view,2026-08-02 16:41:08.158Z,,2026-08-02 16:41:08.022Z,0w3z1e5u1y1d83t,,ppkkg16jlpylazv,2026-08-02 16:41:08.158Z,407be8b01d4ce342
emzmbg5t3544z7t,proposal_view,2026-08-02 16:41:31.833Z,,2026-08-02 16:41:31.678Z,0w3z1e5u1y1d83t,,4ye5dsqpshy40jr,2026-08-02 16:41:31.833Z,407be8b01d4ce342
6w4wa0673zhip5r,proposal_view,2026-08-02 16:41:46.810Z,,2026-08-02 16:41:46.680Z,0w3z1e5u1y1d83t,,ppkkg16jlpylazv,2026-08-02 16:41:46.810Z,407be8b01d4ce342
gilph28mzyf804o,page_view,2026-08-02 16:42:18.547Z,"{""from"": ""/de/questions/0w3z1e5u1y1d83t/proposals/subscriptions"", ""to"": ""/de/questions/0w3z1e5u1y1d83t/proposals/subscriptions""}",2026-08-02 16:42:18.433Z,0w3z1e5u1y1d83t,,,2026-08-02 16:42:18.547Z,407be8b01d4ce342
0c4defuagmt872o,page_view,2026-08-02 16:42:25.367Z,"{""from"": ""/de/questions/0w3z1e5u1y1d83t/proposals/ballot"", ""to"": ""/de/questions/0w3z1e5u1y1d83t/proposals/question""}",2026-08-02 16:42:25.260Z,0w3z1e5u1y1d83t,,,2026-08-02 16:42:25.367Z,407be8b01d4ce342
5ir3nd21yon6u8k,tab_switch,2026-08-02 16:46:08.227Z,"{""state"": ""visible""}",2026-08-02 16:46:07.859Z,,,,2026-08-02 16:46:08.227Z,407be8b01d4ce342
sa0shnfcgl5mwga,page_view,2026-08-02 16:46:09.687Z,"{""from"": ""/de/questions/0w3z1e5u1y1d83t/proposals/question"", ""to"": ""/de/questions/0w3z1e5u1y1d83t/proposals/ideas""}",2026-08-02 16:46:09.585Z,0w3z1e5u1y1d83t,,,2026-08-02 16:46:09.687Z,407be8b01d4ce342
fq8dnnzxs8i0uol,page_view,2026-08-03 08:48:32.081Z,"{""to"": ""/de/discourse""}",2026-08-03 08:48:32.049Z,,,,2026-08-03 08:48:32.081Z,407be8b01d4ce342
k6jbmhtezooh1v3,session_start,2026-08-03 08:48:32.085Z,"{""isMobile"": true, ""screenHeight"": 647, ""screenWidth"": 375, ""userAgent"": ""Mozilla/5.0 (iPhone; CPU iPhone OS 18_7 like Mac OS X) AppleWebKit/605.1.15 (KHTML, like Gecko) Version/26.5.2 Mobile/15E148 Safari/604.1""}",2026-08-03 08:48:32.044Z,,,,2026-08-03 08:48:32.085Z,407be8b01d4ce342
pzv6ongrrj48pzb,page_view,2026-08-03 08:48:35.879Z,"{""from"": ""/de/discourse"", ""to"": ""/de/questions/0w3z1e5u1y1d83t/proposals/question""}",2026-08-03 08:48:35.852Z,0w3z1e5u1y1d83t,,,2026-08-03 08:48:35.879Z,407be8b01d4ce342
i88g3f99dh6sqvs,feed_filter_change,2026-08-03 08:48:37.779Z,"{""feedTab"": ""foryou"", ""selectedLabelId"": null, ""sortMode"": ""Newest""}",2026-08-03 08:48:37.737Z,,,,2026-08-03 08:48:37.779Z,407be8b01d4ce342
n2aydzql09x63zn,page_view,2026-08-03 08:48:37.784Z,"{""from"": ""/de/questions/0w3z1e5u1y1d83t/proposals/question"", ""to"": ""/de/questions/0w3z1e5u1y1d83t/proposals/ideas""}",2026-08-03 08:48:37.745Z,0w3z1e5u1y1d83t,,,2026-08-03 08:48:37.784Z,407be8b01d4ce342
r2p8nxds1p8da7w,proposal_view,2026-08-03 08:48:53.228Z,,2026-08-03 08:48:53.197Z,0w3z1e5u1y1d83t,,tbzg254knicrhqz,2026-08-03 08:48:53.228Z,407be8b01d4ce342
qg8ih2lj6am02a2,tab_switch,2026-08-03 08:49:30.840Z,"{""state"": ""visible""}",2026-08-03 08:49:30.660Z,,,,2026-08-03 08:49:30.840Z,407be8b01d4ce342
h7hiquvj12bccpn,page_view,2026-08-03 08:49:32.607Z,"{""from"": ""/de/questions/0w3z1e5u1y1d83t/proposals/subscriptions"", ""to"": ""/de/discourse""}",2026-08-03 08:49:32.581Z,0w3z1e5u1y1d83t,,,2026-08-03 08:49:32.607Z,407be8b01d4ce342
i1m66porsojm6v6,page_view,2026-08-03 08:49:33.367Z,"{""from"": ""/de/discourse"", ""to"": ""/de/questions/0w3z1e5u1y1d83t/proposals/question""}",2026-08-03 08:49:33.342Z,0w3z1e5u1y1d83t,,,2026-08-03 08:49:33.367Z,407be8b01d4ce342
i7t37p3i55lmt1c,tab_switch,2026-08-03 08:51:56.469Z,"{""state"": ""visible""}",2026-08-03 08:51:56.275Z,,,,2026-08-03 08:51:56.469Z,407be8b01d4ce342
72xjhdf5hvn9c9o,page_view,2026-08-03 08:51:57.383Z,"{""from"": ""/de/questions/0w3z1e5u1y1d83t/proposals/question"", ""to"": ""/de/questions/0w3z1e5u1y1d83t/proposals/ideas""}",2026-08-03 08:51:57.351Z,0w3z1e5u1y1d83t,,,2026-08-03 08:51:57.383Z,407be8b01d4ce342
1po0iib72ay42g6,tab_switch,2026-08-03 08:54:35.305Z,"{""state"": ""visible""}",2026-08-03 08:54:35.121Z,,,,2026-08-03 08:54:35.305Z,407be8b01d4ce342
la6kfv6tz4ybaf3,page_view,2026-08-03 08:54:36.618Z,"{""from"": ""/de/questions/0w3z1e5u1y1d83t/proposals/ballot"", ""to"": ""/de/questions/0w3z1e5u1y1d83t/proposals/ideas""}",2026-08-03 08:54:36.583Z,0w3z1e5u1y1d83t,,,2026-08-03 08:54:36.618Z,407be8b01d4ce342
akk3z481kop7cn1,page_view,2026-08-03 08:54:37.967Z,"{""from"": ""/de/questions/0w3z1e5u1y1d83t/proposals/ideas"", ""to"": ""/de/questions/0w3z1e5u1y1d83t/proposals/question""}",2026-08-03 08:54:37.938Z,0w3z1e5u1y1d83t,,,2026-08-03 08:54:37.967Z,407be8b01d4ce342
govde2gw40tn7m7,tab_switch,2026-08-03 08:55:43.827Z,"{""state"": ""visible""}",2026-08-03 08:55:43.770Z,,,,2026-08-03 08:55:43.827Z,407be8b01d4ce342
b44sbr9kbfn2qc0,page_view,2026-08-03 08:55:46.489Z,"{""from"": ""/de/questions/0w3z1e5u1y1d83t/proposals/subscriptions"", ""to"": ""/de/how-it-works""}",2026-08-03 08:55:46.462Z,0w3z1e5u1y1d83t,,,2026-08-03 08:55:46.489Z,407be8b01d4ce342
57q49539kdtbsde,page_view,2026-08-03 08:55:51.915Z,"{""from"": ""/de/how-it-works"", ""to"": ""/de/discourse""}",2026-08-03 08:55:51.881Z,0w3z1e5u1y1d83t,,,2026-08-03 08:55:51.915Z,407be8b01d4ce342
hg23ybd9rudhi6h,page_view,2026-08-03 08:55:53.199Z,"{""from"": ""/de/discourse"", ""to"": ""/de/questions/0w3z1e5u1y1d83t/proposals/question""}",2026-08-03 08:55:53.172Z,0w3z1e5u1y1d83t,,,2026-08-03 08:55:53.199Z,407be8b01d4ce342
phrq47a9diyad4z,tab_switch,2026-08-03 08:56:14.033Z,"{""state"": ""visible""}",2026-08-03 08:56:13.953Z,,,,2026-08-03 08:56:14.033Z,407be8b01d4ce342
wusf6ndj7datv7k,tab_switch,2026-08-03 08:56:59.129Z,"{""state"": ""visible""}",2026-08-03 08:56:58.937Z,,,,2026-08-03 08:56:59.129Z,407be8b01d4ce342
jal1y4nufpmzqiy,page_view,2026-08-03 08:57:12.063Z,"{""from"": ""/de/questions/0w3z1e5u1y1d83t/proposals/question"", ""to"": ""/de/questions/0w3z1e5u1y1d83t/proposals/ideas""}",2026-08-03 08:57:12.023Z,0w3z1e5u1y1d83t,,,2026-08-03 08:57:12.063Z,407be8b01d4ce342
xv7gun19qtsqw5q,tab_switch,2026-08-03 08:59:37.635Z,"{""state"": ""visible""}",2026-08-03 08:59:37.458Z,,,,2026-08-03 08:59:37.635Z,407be8b01d4ce342
5bmo53mz8djdcqt,tab_switch,2026-08-03 09:00:00.616Z,"{""state"": ""visible""}",2026-08-03 09:00:00.559Z,,,,2026-08-03 09:00:00.616Z,407be8b01d4ce342
or0lrjzbctsvzgg,page_view,2026-08-03 09:00:03.494Z,"{""from"": ""/de/questions/0w3z1e5u1y1d83t/proposals/subscriptions"", ""to"": ""/de/questions/0w3z1e5u1y1d83t/proposals/subscriptions""}",2026-08-03 09:00:03.450Z,0w3z1e5u1y1d83t,,,2026-08-03 09:00:03.494Z,407be8b01d4ce342
nnmb176p2a8fj1t,unsubscribe,2026-08-03 09:00:09.382Z,,2026-08-03 09:00:09.381Z,0w3z1e5u1y1d83t,,kfb0ib2gefppy6l,2026-08-03 09:00:09.382Z,407be8b01d4ce342
bn88q6hiwjasr8g,proposal_view,2026-08-03 09:00:10.209Z,,2026-08-03 09:00:10.174Z,0w3z1e5u1y1d83t,,ppkkg16jlpylazv,2026-08-03 09:00:10.209Z,407be8b01d4ce342
3kbm4wlas76xxrh,proposal_view,2026-08-03 09:00:47.757Z,,2026-08-03 09:00:47.715Z,0w3z1e5u1y1d83t,,4ye5dsqpshy40jr,2026-08-03 09:00:47.757Z,407be8b01d4ce342
8iy5a2mbowtvkle,compare_open,2026-08-03 09:01:27.541Z,"{""pool_size"": 2, ""proposal_ids"": [""4ye5dsqpshy40jr"", ""ppkkg16jlpylazv""]}",2026-08-03 09:01:27.494Z,,,,2026-08-03 09:01:27.541Z,407be8b01d4ce342
s2dpavq3uc6n8bm,page_view,2026-08-03 09:01:27.605Z,"{""from"": ""/de/questions/0w3z1e5u1y1d83t/proposals/subscriptions"", ""to"": ""/de/questions/0w3z1e5u1y1d83t/proposals/compare""}",2026-08-03 09:01:27.578Z,0w3z1e5u1y1d83t,,,2026-08-03 09:01:27.605Z,407be8b01d4ce342
hoismb1cyeeyg9q,proposal_view,2026-08-03 09:01:53.532Z,,2026-08-03 09:01:53.485Z,0w3z1e5u1y1d83t,,4ye5dsqpshy40jr,2026-08-03 09:01:53.532Z,407be8b01d4ce342
6f59sj3y7gsqerv,page_view,2026-08-03 09:04:52.594Z,"{""from"": ""/de/login"", ""to"": ""/de/discourse""}",2026-08-03 09:04:53.828Z,,,,2026-08-03 09:04:52.594Z,b003312e6c38c8a5
hwhqzuooriscctr,page_view,2026-08-03 09:04:57.246Z,"{""from"": ""/de/discourse"", ""to"": ""/de/questions/0w3z1e5u1y1d83t/proposals/question""}",2026-08-03 09:04:58.482Z,0w3z1e5u1y1d83t,,,2026-08-03 09:04:57.246Z,b003312e6c38c8a5
0vkjsgd7gtswan3,proposal_view,2026-08-03 09:05:04.315Z,,2026-08-03 09:05:05.545Z,0w3z1e5u1y1d83t,,l5sqzdyfozw6267,2026-08-03 09:05:04.315Z,b003312e6c38c8a5
alt1pj2jnauhwei,feed_filter_change,2026-08-03 09:05:34.613Z,"{""feedTab"": ""foryou"", ""selectedLabelId"": null, ""sortMode"": ""Newest""}",2026-08-03 09:05:35.843Z,,,,2026-08-03 09:05:34.613Z,b003312e6c38c8a5
or9lxe42vyzibj0,page_view,2026-08-03 09:05:34.618Z,"{""from"": ""/de/questions/0w3z1e5u1y1d83t/proposals/question"", ""to"": ""/de/questions/0w3z1e5u1y1d83t/proposals/ideas""}",2026-08-03 09:05:35.853Z,0w3z1e5u1y1d83t,,,2026-08-03 09:05:34.618Z,b003312e6c38c8a5
ubl74vqte78cm3v,proposal_view,2026-08-03 09:05:40.890Z,,2026-08-03 09:05:42.116Z,0w3z1e5u1y1d83t,,tbzg254knicrhqz,2026-08-03 09:05:40.890Z,b003312e6c38c8a5
esnrynq3oo8udxy,proposal_view,2026-08-03 09:05:58.458Z,,2026-08-03 09:05:59.690Z,0w3z1e5u1y1d83t,,l5sqzdyfozw6267,2026-08-03 09:05:58.458Z,b003312e6c38c8a5
gfsokt0jlobwu1w,proposal_view,2026-08-03 09:06:05.179Z,,2026-08-03 09:06:06.414Z,0w3z1e5u1y1d83t,,ag1c4yqxa4oe2w4,2026-08-03 09:06:05.179Z,b003312e6c38c8a5
hh9qpb759e18q79,proposal_view,2026-08-03 09:06:09.538Z,,2026-08-03 09:06:10.771Z,0w3z1e5u1y1d83t,,rcjsk2waeqw14pm,2026-08-03 09:06:09.538Z,b003312e6c38c8a5
5kgp8gm2mjt5ru3,proposal_view,2026-08-03 09:06:16.892Z,,2026-08-03 09:06:18.125Z,0w3z1e5u1y1d83t,,ppkkg16jlpylazv,2026-08-03 09:06:16.892Z,b003312e6c38c8a5
asm4h78qvd5ogdg,proposal_view,2026-08-03 09:06:25.253Z,,2026-08-03 09:06:26.484Z,0w3z1e5u1y1d83t,,g8f2osl4qpr7ixl,2026-08-03 09:06:25.253Z,b003312e6c38c8a5
aeugn26t2x65yte,proposal_view,2026-08-03 09:06:29.107Z,,2026-08-03 09:06:30.344Z,0w3z1e5u1y1d83t,,kfb0ib2gefppy6l,2026-08-03 09:06:29.107Z,b003312e6c38c8a5
munk2qj1x2nptbm,proposal_view,2026-08-03 09:06:36.248Z,,2026-08-03 09:06:37.474Z,0w3z1e5u1y1d83t,,4ye5dsqpshy40jr,2026-08-03 09:06:36.247Z,b003312e6c38c8a5
oor00tnxs8m9d6w,proposal_view,2026-08-03 09:06:40.627Z,,2026-08-03 09:06:41.856Z,0w3z1e5u1y1d83t,,ppkkg16jlpylazv,2026-08-03 09:06:40.627Z,b003312e6c38c8a5
vxsb09mn5cjkw4s,proposal_view,2026-08-03 09:06:44.050Z,,2026-08-03 09:06:45.279Z,0w3z1e5u1y1d83t,,rcjsk2waeqw14pm,2026-08-03 09:06:44.050Z,b003312e6c38c8a5
qfcd1e8zpodxrct,proposal_view,2026-08-03 09:06:50.570Z,,2026-08-03 09:06:51.803Z,0w3z1e5u1y1d83t,,l5sqzdyfozw6267,2026-08-03 09:06:50.570Z,b003312e6c38c8a5
8bm905zgwshbgk8,proposal_view,2026-08-03 09:06:57.053Z,,2026-08-03 09:06:58.285Z,0w3z1e5u1y1d83t,,l5sqzdyfozw6267,2026-08-03 09:06:57.053Z,b003312e6c38c8a5
zxyip8ebwdgej0y,proposal_view,2026-08-03 09:07:07.032Z,,2026-08-03 09:07:08.257Z,0w3z1e5u1y1d83t,,tbzg254knicrhqz,2026-08-03 09:07:07.032Z,b003312e6c38c8a5
6dioey5auysl2xn,page_view,2026-08-03 09:07:19.969Z,"{""from"": ""/de/questions/0w3z1e5u1y1d83t/proposals/ideas"", ""to"": ""/de/questions/0w3z1e5u1y1d83t/proposals/question""}",2026-08-03 09:07:21.207Z,0w3z1e5u1y1d83t,,,2026-08-03 09:07:19.969Z,b003312e6c38c8a5
hw55rthuygnnq3f,page_view,2026-08-03 09:07:23.219Z,"{""from"": ""/de/questions/0w3z1e5u1y1d83t/proposals/question"", ""to"": ""/de/discourse""}",2026-08-03 09:07:24.456Z,0w3z1e5u1y1d83t,,,2026-08-03 09:07:23.219Z,b003312e6c38c8a5
bv1p6x5k8i7mjpa,page_view,2026-08-03 09:07:23.993Z,"{""from"": ""/de/discourse"", ""to"": ""/discourse""}",2026-08-03 09:07:25.234Z,0w3z1e5u1y1d83t,,,2026-08-03 09:07:23.993Z,b003312e6c38c8a5
oicuq84xwonbpae,tab_switch,2026-08-03 09:07:33.228Z,"{""state"": ""visible""}",2026-08-03 09:07:31.114Z,,,,2026-08-03 09:07:33.228Z,407be8b01d4ce342
hn4r6xsu6c6uu4x,page_view,2026-08-03 09:07:33.351Z,"{""from"": ""/de/questions/0w3z1e5u1y1d83t/proposals/subscriptions"", ""to"": ""/de/questions/0w3z1e5u1y1d83t/proposals/question""}",2026-08-03 09:07:33.323Z,0w3z1e5u1y1d83t,,,2026-08-03 09:07:33.351Z,407be8b01d4ce342
mkz0czq3ezi1tpb,page_view,2026-08-03 09:07:33.563Z,"{""from"": ""/de/questions/0w3z1e5u1y1d83t/proposals/question"", ""to"": ""/de/questions/0w3z1e5u1y1d83t/proposals/question""}",2026-08-03 09:07:33.531Z,0w3z1e5u1y1d83t,,,2026-08-03 09:07:33.563Z,407be8b01d4ce342
5f4qt5phoiw2qay,page_view,2026-08-03 09:07:34.295Z,"{""from"": ""/de/questions/0w3z1e5u1y1d83t/proposals/question"", ""to"": ""/de/questions/0w3z1e5u1y1d83t/proposals/ideas""}",2026-08-03 09:07:34.263Z,0w3z1e5u1y1d83t,,,2026-08-03 09:07:34.295Z,407be8b01d4ce342
1h4hb00z8bfg6ah,page_view,2026-08-03 09:07:36.139Z,"{""from"": ""/de/questions/0w3z1e5u1y1d83t/proposals/ideas"", ""to"": ""/de/questions/0w3z1e5u1y1d83t/proposals/question""}",2026-08-03 09:07:36.108Z,0w3z1e5u1y1d83t,,,2026-08-03 09:07:36.139Z,407be8b01d4ce342
0zp3ok9ugeyn8ss,tab_switch,2026-08-03 09:36:34.824Z,"{""state"": ""visible""}",2026-08-03 09:36:34.637Z,,,,2026-08-03 09:36:34.824Z,407be8b01d4ce342
y7yg8lwhwqvl9tr,page_view,2026-08-03 09:36:54.273Z,"{""from"": ""/de/questions/0w3z1e5u1y1d83t/proposals/ballot"", ""to"": ""/de/questions/0w3z1e5u1y1d83t/proposals/ideas""}",2026-08-03 09:36:54.229Z,0w3z1e5u1y1d83t,,,2026-08-03 09:36:54.273Z,407be8b01d4ce342
v0t7cenjme66vm2,page_view,2026-08-03 09:37:02.000Z,"{""from"": ""/de/questions/0w3z1e5u1y1d83t/proposals/ideas"", ""to"": ""/de/questions/0w3z1e5u1y1d83t/proposals/question""}",2026-08-03 09:37:01.967Z,0w3z1e5u1y1d83t,,,2026-08-03 09:37:02.000Z,407be8b01d4ce342
uppudlgy3fhsfaj,page_view,2026-08-03 09:37:03.808Z,"{""from"": ""/de/questions/0w3z1e5u1y1d83t/proposals/question"", ""to"": ""/de/questions/0w3z1e5u1y1d83t/proposals/ideas""}",2026-08-03 09:37:03.765Z,0w3z1e5u1y1d83t,,,2026-08-03 09:37:03.808Z,407be8b01d4ce342
zaloigaulmeyy0d,page_view,2026-08-03 09:37:06.643Z,"{""from"": ""/de/questions/0w3z1e5u1y1d83t/proposals/ideas"", ""to"": ""/de/questions/0w3z1e5u1y1d83t/proposals/question""}",2026-08-03 09:37:06.610Z,0w3z1e5u1y1d83t,,,2026-08-03 09:37:06.643Z,407be8b01d4ce342
vq713enk09x0b9w,page_view,2026-08-03 09:37:07.127Z,"{""from"": ""/de/questions/0w3z1e5u1y1d83t/proposals/question"", ""to"": ""/de/questions/0w3z1e5u1y1d83t/proposals/ideas""}",2026-08-03 09:37:07.090Z,0w3z1e5u1y1d83t,,,2026-08-03 09:37:07.127Z,407be8b01d4ce342
ahmv5dt040wx6hw,feed_filter_change,2026-08-03 09:37:09.798Z,"{""feedTab"": ""all"", ""selectedLabelId"": null, ""sortMode"": ""Newest""}",2026-08-03 09:37:09.756Z,,,,2026-08-03 09:37:09.798Z,407be8b01d4ce342
kbohdgq8ed5ltxw,page_view,2026-08-03 09:37:16.446Z,"{""from"": ""/de/questions/0w3z1e5u1y1d83t/proposals/subscriptions"", ""to"": ""/de/questions/0w3z1e5u1y1d83t/proposals/ideas""}",2026-08-03 09:37:16.404Z,0w3z1e5u1y1d83t,,,2026-08-03 09:37:16.446Z,407be8b01d4ce342
c0kzrgi2xq5o7b9,page_view,2026-08-03 09:37:17.756Z,"{""from"": ""/de/questions/0w3z1e5u1y1d83t/proposals/ideas"", ""to"": ""/de/questions/0w3z1e5u1y1d83t/proposals/question""}",2026-08-03 09:37:17.725Z,0w3z1e5u1y1d83t,,,2026-08-03 09:37:17.756Z,407be8b01d4ce342
s4u8wn0vql7mrlq,proposal_view,2026-08-03 09:37:25.662Z,,2026-08-03 09:37:25.617Z,0w3z1e5u1y1d83t,,tbzg254knicrhqz,2026-08-03 09:37:25.662Z,407be8b01d4ce342
z9tuey2k8tvk7x7,page_view,2026-08-03 09:37:34.515Z,"{""from"": ""/de/questions/0w3z1e5u1y1d83t/proposals/ballot"", ""to"": ""/de/questions/0w3z1e5u1y1d83t/proposals/question""}",2026-08-03 09:37:34.483Z,0w3z1e5u1y1d83t,,,2026-08-03 09:37:34.515Z,407be8b01d4ce342
h5ijj40w4923yox,page_view,2026-08-03 09:37:35.122Z,"{""from"": ""/de/questions/0w3z1e5u1y1d83t/proposals/question"", ""to"": ""/de/questions/0w3z1e5u1y1d83t/proposals/question""}",2026-08-03 09:37:35.081Z,0w3z1e5u1y1d83t,,,2026-08-03 09:37:35.122Z,407be8b01d4ce342
ykpbs4h4ag1e7yg,page_view,2026-08-03 09:37:36.615Z,"{""from"": ""/de/questions/0w3z1e5u1y1d83t/proposals/question"", ""to"": ""/de/questions/0w3z1e5u1y1d83t/proposals/ideas""}",2026-08-03 09:37:36.574Z,0w3z1e5u1y1d83t,,,2026-08-03 09:37:36.615Z,407be8b01d4ce342
5mc4v29exr7jlji,page_view,2026-08-03 09:37:37.474Z,"{""from"": ""/de/questions/0w3z1e5u1y1d83t/proposals/ideas"", ""to"": ""/de/questions/0w3z1e5u1y1d83t/proposals/ideas""}",2026-08-03 09:37:37.427Z,0w3z1e5u1y1d83t,,,2026-08-03 09:37:37.474Z,407be8b01d4ce342
01w18358ycr53fd,page_view,2026-08-03 10:20:11.540Z,"{""from"": ""/de/login"", ""to"": ""/de/discourse""}",2026-08-03 10:20:12.890Z,,,,2026-08-03 10:20:11.540Z,b003312e6c38c8a5
y9mequp4ltpbxsg,page_view,2026-08-03 10:20:20.294Z,"{""from"": ""/de/discourse"", ""to"": ""/de/questions/0w3z1e5u1y1d83t/proposals/question""}",2026-08-03 10:20:21.642Z,0w3z1e5u1y1d83t,,,2026-08-03 10:20:20.294Z,b003312e6c38c8a5
xmqi0w72y4gkr1h,feed_filter_change,2026-08-03 10:20:49.038Z,"{""feedTab"": ""foryou"", ""selectedLabelId"": null, ""sortMode"": ""Newest""}",2026-08-03 10:20:50.375Z,,,,2026-08-03 10:20:49.038Z,b003312e6c38c8a5
1qab5r77bqbzrw0,page_view,2026-08-03 10:20:49.039Z,"{""from"": ""/de/questions/0w3z1e5u1y1d83t/proposals/question"", ""to"": ""/de/questions/0w3z1e5u1y1d83t/proposals/ideas""}",2026-08-03 10:20:50.384Z,0w3z1e5u1y1d83t,,,2026-08-03 10:20:49.039Z,b003312e6c38c8a5
1yw7tshf08c4wvh,proposal_view,2026-08-03 10:20:55.572Z,,2026-08-03 10:20:56.923Z,0w3z1e5u1y1d83t,,tbzg254knicrhqz,2026-08-03 10:20:55.572Z,b003312e6c38c8a5
6dx5h5h66vmpvjl,proposal_view,2026-08-03 10:21:07.004Z,,2026-08-03 10:21:08.347Z,0w3z1e5u1y1d83t,,l5sqzdyfozw6267,2026-08-03 10:21:07.004Z,b003312e6c38c8a5
u68bk44hc3inx6w,proposal_view,2026-08-03 10:21:25.917Z,,2026-08-03 10:21:27.267Z,0w3z1e5u1y1d83t,,ag1c4yqxa4oe2w4,2026-08-03 10:21:25.917Z,b003312e6c38c8a5
sqwxxmfwnakdlme,proposal_view,2026-08-03 10:21:35.321Z,,2026-08-03 10:21:36.663Z,0w3z1e5u1y1d83t,,ppkkg16jlpylazv,2026-08-03 10:21:35.321Z,b003312e6c38c8a5
6fvvs7u9tem6vfz,notification_panel_open,2026-08-03 10:21:38.187Z,"{""unread_count"": 0}",2026-08-03 10:21:39.535Z,,,,2026-08-03 10:21:38.187Z,b003312e6c38c8a5
opmx166oip2yp5e,subscribe,2026-08-03 10:21:46.062Z,,2026-08-03 10:21:46.061Z,0w3z1e5u1y1d83t,,ppkkg16jlpylazv,2026-08-03 10:21:46.062Z,b003312e6c38c8a5
klv4fetxasu1a25,proposal_view,2026-08-03 10:22:11.224Z,,2026-08-03 10:22:12.575Z,0w3z1e5u1y1d83t,,4ye5dsqpshy40jr,2026-08-03 10:22:11.224Z,b003312e6c38c8a5
w9rwtnk4o4uc8kq,subscribe,2026-08-03 10:22:20.025Z,,2026-08-03 10:22:20.024Z,0w3z1e5u1y1d83t,,4ye5dsqpshy40jr,2026-08-03 10:22:20.025Z,b003312e6c38c8a5
ig7ikjd28u8ibd6,proposal_view,2026-08-03 10:22:36.758Z,,2026-08-03 10:22:38.100Z,0w3z1e5u1y1d83t,,g8f2osl4qpr7ixl,2026-08-03 10:22:36.758Z,b003312e6c38c8a5
03jtu8m9y6mtgcn,subscribe,2026-08-03 10:22:43.011Z,,2026-08-03 10:22:43.010Z,0w3z1e5u1y1d83t,,g8f2osl4qpr7ixl,2026-08-03 10:22:43.011Z,b003312e6c38c8a5
l6wgaquxkioqg3a,proposal_view,2026-08-03 10:22:58.504Z,,2026-08-03 10:22:59.851Z,0w3z1e5u1y1d83t,,kfb0ib2gefppy6l,2026-08-03 10:22:58.504Z,b003312e6c38c8a5
kquxfvj6plw5828,proposal_view,2026-08-03 10:23:06.902Z,,2026-08-03 10:23:08.247Z,0w3z1e5u1y1d83t,,4ye5dsqpshy40jr,2026-08-03 10:23:06.902Z,b003312e6c38c8a5
5qr9nc79ra08yky,proposal_view,2026-08-03 10:23:20.834Z,,2026-08-03 10:23:22.181Z,0w3z1e5u1y1d83t,,ag1c4yqxa4oe2w4,2026-08-03 10:23:20.834Z,b003312e6c38c8a5
k18253z0ya0fgau,proposal_view,2026-08-03 10:23:24.755Z,,2026-08-03 10:23:26.104Z,0w3z1e5u1y1d83t,,rcjsk2waeqw14pm,2026-08-03 10:23:24.755Z,b003312e6c38c8a5
avchcqe8kzbfg36,proposal_view,2026-08-03 10:23:28.849Z,,2026-08-03 10:23:30.194Z,0w3z1e5u1y1d83t,,l5sqzdyfozw6267,2026-08-03 10:23:28.849Z,b003312e6c38c8a5
jjyxsl2zjteivt8,proposal_view,2026-08-03 10:23:33.409Z,,2026-08-03 10:23:34.764Z,0w3z1e5u1y1d83t,,tbzg254knicrhqz,2026-08-03 10:23:33.409Z,b003312e6c38c8a5
al0a3d09m21aj58,proposal_view,2026-08-03 10:23:55.865Z,,2026-08-03 10:23:57.173Z,0w3z1e5u1y1d83t,,ppkkg16jlpylazv,2026-08-03 10:23:55.864Z,b003312e6c38c8a5
vb14xhk4ei61fz4,compare_open,2026-08-03 10:27:51.215Z,"{""pool_size"": 2, ""proposal_ids"": [""ppkkg16jlpylazv"", ""ag1c4yqxa4oe2w4""]}",2026-08-03 10:27:52.565Z,,,,2026-08-03 10:27:51.215Z,b003312e6c38c8a5
pugxrcurjowbeja,page_view,2026-08-03 10:27:51.311Z,"{""from"": ""/de/questions/0w3z1e5u1y1d83t/proposals/ideas"", ""to"": ""/de/questions/0w3z1e5u1y1d83t/proposals/compare""}",2026-08-03 10:27:52.674Z,0w3z1e5u1y1d83t,,,2026-08-03 10:27:51.311Z,b003312e6c38c8a5
o9fq7o0b7j81a7i,subscribe,2026-08-03 10:28:56.786Z,,2026-08-03 10:28:56.785Z,0w3z1e5u1y1d83t,,5ts5a0oatsjtetw,2026-08-03 10:28:56.786Z,b003312e6c38c8a5
mtmfquj5d1astyk,create_label,2026-08-03 10:28:57.197Z,"{""label_name"": ""Essen F\u00fcr alle \""ausser\""""}",2026-08-03 10:28:56.779Z,0w3z1e5u1y1d83t,,z66f041vbyh0984,2026-08-03 10:28:57.197Z,b003312e6c38c8a5
vexi5stp82crxwi,proposal_view,2026-08-03 10:29:08.490Z,,2026-08-03 10:29:09.848Z,0w3z1e5u1y1d83t,,4ye5dsqpshy40jr,2026-08-03 10:29:08.490Z,b003312e6c38c8a5
3d60nbgr18sunmu,page_view,2026-08-03 10:29:33.172Z,"{""from"": ""/de/questions/0w3z1e5u1y1d83t/proposals/ballot"", ""to"": ""/de/questions/0w3z1e5u1y1d83t/proposals/ideas""}",2026-08-03 10:29:34.486Z,0w3z1e5u1y1d83t,,,2026-08-03 10:29:33.172Z,b003312e6c38c8a5
9o3tk8yyuleb2bf,proposal_view,2026-08-03 10:29:33.173Z,,2026-08-03 10:29:34.482Z,0w3z1e5u1y1d83t,,ppkkg16jlpylazv,2026-08-03 10:29:33.173Z,b003312e6c38c8a5
kdz5x72q7k6hece,feed_filter_change,2026-08-03 10:29:55.813Z,"{""feedTab"": ""all"", ""selectedLabelId"": null, ""sortMode"": ""Newest""}",2026-08-03 10:29:57.168Z,,,,2026-08-03 10:29:55.813Z,b003312e6c38c8a5
84s5z4hsna10jqi,proposal_view,2026-08-03 10:30:03.484Z,,2026-08-03 10:30:04.838Z,0w3z1e5u1y1d83t,,ppkkg16jlpylazv,2026-08-03 10:30:03.484Z,b003312e6c38c8a5
sgscqgvy8d6ai3c,proposal_view,2026-08-03 10:30:21.933Z,,2026-08-03 10:30:23.293Z,0w3z1e5u1y1d83t,,5ts5a0oatsjtetw,2026-08-03 10:30:21.933Z,b003312e6c38c8a5
tivuad32avxliia,proposal_view,2026-08-03 10:30:36.550Z,,2026-08-03 10:30:37.905Z,0w3z1e5u1y1d83t,,ppkkg16jlpylazv,2026-08-03 10:30:36.550Z,b003312e6c38c8a5
lcq52zoeclepzuk,proposal_view,2026-08-03 10:30:41.075Z,,2026-08-03 10:30:42.433Z,0w3z1e5u1y1d83t,,5ts5a0oatsjtetw,2026-08-03 10:30:41.075Z,b003312e6c38c8a5
dopzr8mkkmefnoi,proposal_view,2026-08-03 10:30:50.521Z,,2026-08-03 10:30:51.878Z,0w3z1e5u1y1d83t,,ppkkg16jlpylazv,2026-08-03 10:30:50.521Z,b003312e6c38c8a5
aymr6qod4e5q8g0,page_view,2026-08-03 10:31:10.317Z,"{""from"": ""/de/questions/0w3z1e5u1y1d83t/proposals/ideas"", ""to"": ""/de/questions/0w3z1e5u1y1d83t/proposals/new""}",2026-08-03 10:31:11.682Z,0w3z1e5u1y1d83t,,,2026-08-03 10:31:10.317Z,b003312e6c38c8a5
f0hq4mt88le224b,page_view,2026-08-03 10:31:23.474Z,"{""from"": ""/de/questions/0w3z1e5u1y1d83t/proposals/new"", ""to"": ""/de/questions/0w3z1e5u1y1d83t/proposals/ideas""}",2026-08-03 10:31:24.819Z,0w3z1e5u1y1d83t,,,2026-08-03 10:31:23.474Z,b003312e6c38c8a5
13bdk85606jpyjr,proposal_view,2026-08-03 10:31:27.561Z,,2026-08-03 10:31:28.917Z,0w3z1e5u1y1d83t,,l5sqzdyfozw6267,2026-08-03 10:31:27.561Z,b003312e6c38c8a5
4wnavt0h7by0mce,subscribe,2026-08-03 10:36:59.479Z,,2026-08-03 10:36:59.478Z,0w3z1e5u1y1d83t,,f2zfx98durbtu6y,2026-08-03 10:36:59.479Z,b003312e6c38c8a5
b3agtl7encasobv,remix_singular,2026-08-03 10:36:59.620Z,,2026-08-03 10:36:59.473Z,0w3z1e5u1y1d83t,,f2zfx98durbtu6y,2026-08-03 10:36:59.620Z,b003312e6c38c8a5
7x98elrlyzwx8ri,proposal_view,2026-08-03 10:36:59.938Z,,2026-08-03 10:37:01.299Z,0w3z1e5u1y1d83t,,f2zfx98durbtu6y,2026-08-03 10:36:59.938Z,b003312e6c38c8a5
oqc7t99ihtndij1,page_view,2026-08-03 10:36:59.945Z,"{""from"": ""/de/questions/0w3z1e5u1y1d83t/proposals/ideas"", ""to"": ""/de/questions/0w3z1e5u1y1d83t/proposals/f2zfx98durbtu6y""}",2026-08-03 10:37:01.306Z,0w3z1e5u1y1d83t,,,2026-08-03 10:36:59.945Z,b003312e6c38c8a5
t8m7rwh9j73fj10,proposal_view,2026-08-03 10:36:59.953Z,,2026-08-03 10:37:01.303Z,0w3z1e5u1y1d83t,,f2zfx98durbtu6y,2026-08-03 10:36:59.953Z,b003312e6c38c8a5
5ujsa7wqhzssmhi,proposal_view,2026-08-03 10:37:16.970Z,,2026-08-03 10:37:18.330Z,0w3z1e5u1y1d83t,,l5sqzdyfozw6267,2026-08-03 10:37:16.970Z,b003312e6c38c8a5
5d8hgee7x5k1gjw,page_view,2026-08-03 10:37:16.971Z,"{""from"": ""/de/questions/0w3z1e5u1y1d83t/proposals/f2zfx98durbtu6y"", ""to"": ""/de/questions/0w3z1e5u1y1d83t/proposals/ideas""}",2026-08-03 10:37:18.333Z,0w3z1e5u1y1d83t,,,2026-08-03 10:37:16.971Z,b003312e6c38c8a5
o65rigjno25x11z,unsubscribe,2026-08-03 10:37:23.587Z,,2026-08-03 10:37:23.585Z,0w3z1e5u1y1d83t,,f2zfx98durbtu6y,2026-08-03 10:37:23.587Z,b003312e6c38c8a5
30ox39t3ebuda1b,subscribe,2026-08-03 10:37:24.479Z,,2026-08-03 10:37:24.478Z,0w3z1e5u1y1d83t,,f2zfx98durbtu6y,2026-08-03 10:37:24.479Z,b003312e6c38c8a5
3e8s1zr4p57pt3b,unsubscribe,2026-08-03 10:37:25.702Z,,2026-08-03 10:37:25.700Z,0w3z1e5u1y1d83t,,5ts5a0oatsjtetw,2026-08-03 10:37:25.702Z,b003312e6c38c8a5
6k3a5qpfwzdvtza,subscribe,2026-08-03 10:37:26.412Z,,2026-08-03 10:37:26.411Z,0w3z1e5u1y1d83t,,5ts5a0oatsjtetw,2026-08-03 10:37:26.412Z,b003312e6c38c8a5
t1xnwe9jx7fuc7z,proposal_view,2026-08-03 10:37:34.057Z,,2026-08-03 10:37:35.423Z,0w3z1e5u1y1d83t,,l5sqzdyfozw6267,2026-08-03 10:37:34.057Z,b003312e6c38c8a5
socu05t4pvcawqj,subscribe,2026-08-03 10:37:37.091Z,,2026-08-03 10:37:37.090Z,0w3z1e5u1y1d83t,,l5sqzdyfozw6267,2026-08-03 10:37:37.091Z,b003312e6c38c8a5
j0wmdy0cqvldv36,proposal_view,2026-08-03 10:37:40.107Z,,2026-08-03 10:37:41.472Z,0w3z1e5u1y1d83t,,g8f2osl4qpr7ixl,2026-08-03 10:37:40.107Z,b003312e6c38c8a5
mbdgiw2geycthl0,unsubscribe,2026-08-03 10:37:43.446Z,,2026-08-03 10:37:43.445Z,0w3z1e5u1y1d83t,,g8f2osl4qpr7ixl,2026-08-03 10:37:43.446Z,b003312e6c38c8a5
yrb6vbkzb44w67r,subscribe,2026-08-03 10:37:44.425Z,,2026-08-03 10:37:44.423Z,0w3z1e5u1y1d83t,,g8f2osl4qpr7ixl,2026-08-03 10:37:44.425Z,b003312e6c38c8a5
xqsnuh87j05iwxx,proposal_view,2026-08-03 10:37:49.784Z,,2026-08-03 10:37:51.152Z,0w3z1e5u1y1d83t,,ppkkg16jlpylazv,2026-08-03 10:37:49.784Z,b003312e6c38c8a5
5qc7gt4k69js0jf,unsubscribe,2026-08-03 10:37:52.848Z,,2026-08-03 10:37:52.847Z,0w3z1e5u1y1d83t,,ppkkg16jlpylazv,2026-08-03 10:37:52.848Z,b003312e6c38c8a5
r40fw3iacjg01m8,subscribe,2026-08-03 10:37:53.608Z,,2026-08-03 10:37:53.607Z,0w3z1e5u1y1d83t,,ppkkg16jlpylazv,2026-08-03 10:37:53.608Z,b003312e6c38c8a5
54n54cfcmz0rv9c,proposal_view,2026-08-03 10:37:55.290Z,,2026-08-03 10:37:56.657Z,0w3z1e5u1y1d83t,,4ye5dsqpshy40jr,2026-08-03 10:37:55.290Z,b003312e6c38c8a5
d9cpn20xojjzad1,unsubscribe,2026-08-03 10:38:00.463Z,,2026-08-03 10:38:00.461Z,0w3z1e5u1y1d83t,,4ye5dsqpshy40jr,2026-08-03 10:38:00.463Z,b003312e6c38c8a5
fzm2ulei8gr9eek,subscribe,2026-08-03 10:38:01.135Z,,2026-08-03 10:38:01.134Z,0w3z1e5u1y1d83t,,4ye5dsqpshy40jr,2026-08-03 10:38:01.135Z,b003312e6c38c8a5
uv00kibvm7rfxmj,proposal_view,2026-08-03 10:38:08.376Z,,2026-08-03 10:38:09.748Z,0w3z1e5u1y1d83t,,5ts5a0oatsjtetw,2026-08-03 10:38:08.376Z,b003312e6c38c8a5
x7lni8ko5j9ch6l,proposal_view,2026-08-03 10:38:18.108Z,,2026-08-03 10:38:19.473Z,0w3z1e5u1y1d83t,,5ts5a0oatsjtetw,2026-08-03 10:38:18.108Z,b003312e6c38c8a5
u2pbitmllppzpjf,proposal_view,2026-08-03 10:38:32.141Z,,2026-08-03 10:38:33.505Z,0w3z1e5u1y1d83t,,ag1c4yqxa4oe2w4,2026-08-03 10:38:32.141Z,b003312e6c38c8a5
isjkgcle8rl675k,proposal_view,2026-08-03 10:38:39.161Z,,2026-08-03 10:38:40.528Z,0w3z1e5u1y1d83t,,5ts5a0oatsjtetw,2026-08-03 10:38:39.161Z,b003312e6c38c8a5
37ew3xb5w8sr3hl,page_view,2026-08-03 10:38:47.243Z,"{""from"": ""/de/questions/0w3z1e5u1y1d83t/proposals/ideas"", ""to"": ""/de/discourse""}",2026-08-03 10:38:48.615Z,0w3z1e5u1y1d83t,,,2026-08-03 10:38:47.243Z,b003312e6c38c8a5
3dwhav888o3hdkl,page_view,2026-08-03 10:38:49.064Z,"{""from"": ""/de/discourse"", ""to"": ""/de/groups""}",2026-08-03 10:38:50.442Z,0w3z1e5u1y1d83t,,,2026-08-03 10:38:49.064Z,b003312e6c38c8a5
619u42l6v4zkv58,page_view,2026-08-03 10:38:52.239Z,"{""from"": ""/de/groups"", ""to"": ""/de/how-it-works""}",2026-08-03 10:38:53.616Z,0w3z1e5u1y1d83t,,,2026-08-03 10:38:52.239Z,b003312e6c38c8a5
nm3ct24spqbt9rl,notification_panel_open,2026-08-03 10:38:56.576Z,"{""unread_count"": 0}",2026-08-03 10:38:57.946Z,,,,2026-08-03 10:38:56.576Z,b003312e6c38c8a5
84o45j9x3g416de,page_view,2026-08-03 10:39:01.199Z,"{""from"": ""/de/how-it-works"", ""to"": ""/de/discourse""}",2026-08-03 10:39:02.576Z,0w3z1e5u1y1d83t,,,2026-08-03 10:39:01.199Z,b003312e6c38c8a5
11t2pj2ejpahghb,page_view,2026-08-03 10:39:02.689Z,"{""from"": ""/de/discourse"", ""to"": ""/de/questions/0w3z1e5u1y1d83t/proposals/question""}",2026-08-03 10:39:04.067Z,0w3z1e5u1y1d83t,,,2026-08-03 10:39:02.689Z,b003312e6c38c8a5
jvy9hy6z79zysgv,page_view,2026-08-03 10:39:22.628Z,"{""from"": ""/de/questions/0w3z1e5u1y1d83t/proposals/question"", ""to"": ""/de/questions/0w3z1e5u1y1d83t/proposals/ideas""}",2026-08-03 10:39:24.000Z,0w3z1e5u1y1d83t,,,2026-08-03 10:39:22.628Z,b003312e6c38c8a5
q70y39pky1ljf7x,proposal_view,2026-08-03 10:39:27.484Z,,2026-08-03 10:39:28.856Z,0w3z1e5u1y1d83t,,f2zfx98durbtu6y,2026-08-03 10:39:27.484Z,b003312e6c38c8a5
0rtb2p33uee53k8,proposal_view,2026-08-03 10:39:38.793Z,,2026-08-03 10:39:40.170Z,0w3z1e5u1y1d83t,,5ts5a0oatsjtetw,2026-08-03 10:39:38.793Z,b003312e6c38c8a5
ko0x0q7na5hu9pu,proposal_view,2026-08-03 10:39:44.026Z,,2026-08-03 10:39:45.400Z,0w3z1e5u1y1d83t,,ag1c4yqxa4oe2w4,2026-08-03 10:39:44.026Z,b003312e6c38c8a5
7luu2jzs7xton2s,proposal_view,2026-08-03 10:39:52.687Z,,2026-08-03 10:39:54.057Z,0w3z1e5u1y1d83t,,5ts5a0oatsjtetw,2026-08-03 10:39:52.687Z,b003312e6c38c8a5
x0gt3rxda92pzzb,proposal_view,2026-08-03 10:39:54.404Z,,2026-08-03 10:39:55.739Z,0w3z1e5u1y1d83t,,ag1c4yqxa4oe2w4,2026-08-03 10:39:54.404Z,b003312e6c38c8a5
j1cluj8djrmkwp1,page_view,2026-08-03 10:52:56.006Z,"{""from"": ""/de/login"", ""to"": ""/de/discourse""}",2026-08-03 10:52:55.784Z,,,,2026-08-03 10:52:56.006Z,15e064539716cfbb
nqxy4hwe7ex2lsp,page_view,2026-08-03 10:52:59.362Z,"{""from"": ""/de/discourse"", ""to"": ""/de/questions/0w3z1e5u1y1d83t/proposals/question""}",2026-08-03 10:52:59.143Z,0w3z1e5u1y1d83t,,,2026-08-03 10:52:59.362Z,15e064539716cfbb
2morjvgr8ymtos3,feed_filter_change,2026-08-03 10:53:09.162Z,"{""feedTab"": ""foryou"", ""selectedLabelId"": null, ""sortMode"": ""Newest""}",2026-08-03 10:53:08.929Z,,,,2026-08-03 10:53:09.162Z,15e064539716cfbb
otggn9gyb52wvzs,page_view,2026-08-03 10:53:09.167Z,"{""from"": ""/de/questions/0w3z1e5u1y1d83t/proposals/question"", ""to"": ""/de/questions/0w3z1e5u1y1d83t/proposals/ideas""}",2026-08-03 10:53:08.943Z,0w3z1e5u1y1d83t,,,2026-08-03 10:53:09.167Z,15e064539716cfbb
zc4ylgwfp8ximxe,feed_filter_change,2026-08-03 10:53:15.027Z,"{""feedTab"": ""all"", ""selectedLabelId"": null, ""sortMode"": ""Newest""}",2026-08-03 10:53:14.790Z,,,,2026-08-03 10:53:15.027Z,15e064539716cfbb
gxn1yj75qd26xz0,proposal_view,2026-08-03 10:53:18.081Z,,2026-08-03 10:53:17.852Z,0w3z1e5u1y1d83t,,f2zfx98durbtu6y,2026-08-03 10:53:18.081Z,15e064539716cfbb
6ig89zy6u1ksmf0,subscribe,2026-08-03 10:53:30.340Z,,2026-08-03 10:53:30.339Z,0w3z1e5u1y1d83t,,f2zfx98durbtu6y,2026-08-03 10:53:30.340Z,15e064539716cfbb
5fixcupbtffvmw0,unsubscribe,2026-08-03 10:53:35.272Z,,2026-08-03 10:53:35.270Z,0w3z1e5u1y1d83t,,f2zfx98durbtu6y,2026-08-03 10:53:35.272Z,15e064539716cfbb
izie1h23qnhv8gk,proposal_view,2026-08-03 10:54:42.948Z,,2026-08-03 10:54:42.711Z,0w3z1e5u1y1d83t,,f2zfx98durbtu6y,2026-08-03 10:54:42.948Z,15e064539716cfbb
6vstow032w1265u,proposal_view,2026-08-03 10:54:57.735Z,,2026-08-03 10:54:57.493Z,0w3z1e5u1y1d83t,,5ts5a0oatsjtetw,2026-08-03 10:54:57.735Z,15e064539716cfbb
c5dj0j9ooj95ex4,proposal_view,2026-08-03 10:55:01.584Z,,2026-08-03 10:55:01.352Z,0w3z1e5u1y1d83t,,ag1c4yqxa4oe2w4,2026-08-03 10:55:01.584Z,15e064539716cfbb
oypcxdxhseo6w29,proposal_view,2026-08-03 10:55:37.193Z,,2026-08-03 10:55:36.961Z,0w3z1e5u1y1d83t,,rcjsk2waeqw14pm,2026-08-03 10:55:37.193Z,15e064539716cfbb
nhsbcqvifvztp50,proposal_view,2026-08-03 10:55:43.248Z,,2026-08-03 10:55:43.024Z,0w3z1e5u1y1d83t,,l5sqzdyfozw6267,2026-08-03 10:55:43.248Z,15e064539716cfbb
ii1632c0jnfr3k3,proposal_view,2026-08-03 10:56:05.348Z,,2026-08-03 10:56:05.104Z,0w3z1e5u1y1d83t,,g8f2osl4qpr7ixl,2026-08-03 10:56:05.348Z,15e064539716cfbb
82pvuluvnc7fn97,proposal_view,2026-08-03 10:56:28.435Z,,2026-08-03 10:56:28.210Z,0w3z1e5u1y1d83t,,4ye5dsqpshy40jr,2026-08-03 10:56:28.435Z,15e064539716cfbb
9ymih0hosnuqv8p,subscribe,2026-08-03 10:56:45.300Z,,2026-08-03 10:56:45.299Z,0w3z1e5u1y1d83t,,4ye5dsqpshy40jr,2026-08-03 10:56:45.300Z,15e064539716cfbb
32imtpy191grtj3,unsubscribe,2026-08-03 10:56:50.064Z,,2026-08-03 10:56:50.063Z,0w3z1e5u1y1d83t,,4ye5dsqpshy40jr,2026-08-03 10:56:50.064Z,15e064539716cfbb
01fc0tztlo0tuoi,page_view,2026-08-03 10:56:52.728Z,"{""from"": ""/de/questions/0w3z1e5u1y1d83t/proposals/ideas"", ""to"": ""/de/questions/0w3z1e5u1y1d83t/proposals/question""}",2026-08-03 10:56:52.497Z,0w3z1e5u1y1d83t,,,2026-08-03 10:56:52.728Z,15e064539716cfbb
1yqd479xuf684x9,page_view,2026-08-03 10:56:54.992Z,"{""from"": ""/de/questions/0w3z1e5u1y1d83t/proposals/question"", ""to"": ""/de/questions/0w3z1e5u1y1d83t/proposals/ideas""}",2026-08-03 10:56:54.775Z,0w3z1e5u1y1d83t,,,2026-08-03 10:56:54.992Z,15e064539716cfbb
mf60id35jmktv8j,proposal_view,2026-08-03 10:56:59.382Z,,2026-08-03 10:56:59.137Z,0w3z1e5u1y1d83t,,f2zfx98durbtu6y,2026-08-03 10:56:59.382Z,15e064539716cfbb
gwvdxgujt9049jz,page_view,2026-08-03 10:57:35.225Z,"{""from"": ""/de/questions/0w3z1e5u1y1d83t/proposals/ideas"", ""to"": ""/de/questions/0w3z1e5u1y1d83t/proposals/question""}",2026-08-03 10:57:34.998Z,0w3z1e5u1y1d83t,,,2026-08-03 10:57:35.225Z,15e064539716cfbb
yxato6f6hz5yjc7,page_view,2026-08-03 10:57:36.086Z,"{""from"": ""/de/questions/0w3z1e5u1y1d83t/proposals/question"", ""to"": ""/de/discourse""}",2026-08-03 10:57:35.857Z,0w3z1e5u1y1d83t,,,2026-08-03 10:57:36.086Z,15e064539716cfbb
4c91n27si4ihzzy,page_view,2026-08-03 10:57:36.878Z,"{""from"": ""/de/discourse"", ""to"": ""/discourse""}",2026-08-03 10:57:36.660Z,0w3z1e5u1y1d83t,,,2026-08-03 10:57:36.878Z,15e064539716cfbb
al235vc54optaa6,page_view,2026-08-03 12:14:21.224Z,"{""from"": ""/de/register"", ""to"": ""/de/how-it-works""}",2026-08-03 12:14:21.314Z,,,,2026-08-03 12:14:21.224Z,cc3304ea9b75a00f
uquqg9d2a4b8h81,page_view,2026-08-03 12:15:41.085Z,"{""from"": ""/de/how-it-works"", ""to"": ""/de/discourse""}",2026-08-03 12:15:41.180Z,,,,2026-08-03 12:15:41.085Z,cc3304ea9b75a00f
tp0c1o5okj8324q,page_view,2026-08-03 12:15:42.189Z,"{""from"": ""/de/discourse"", ""to"": ""/de/discourse""}",2026-08-03 12:15:42.287Z,,,,2026-08-03 12:15:42.189Z,cc3304ea9b75a00f
4k4jsvi6yivy121,page_view,2026-08-03 12:15:54.217Z,"{""from"": ""/de/discourse"", ""to"": ""/de/questions/0w3z1e5u1y1d83t/proposals/question""}",2026-08-03 12:15:54.323Z,0w3z1e5u1y1d83t,,,2026-08-03 12:15:54.217Z,cc3304ea9b75a00f
9qj9k4fa89boe2d,feed_filter_change,2026-08-03 12:17:01.757Z,"{""feedTab"": ""foryou"", ""selectedLabelId"": null, ""sortMode"": ""Newest""}",2026-08-03 12:17:01.848Z,,,,2026-08-03 12:17:01.757Z,cc3304ea9b75a00f
b79ggauhyac35az,page_view,2026-08-03 12:17:01.917Z,"{""from"": ""/de/questions/0w3z1e5u1y1d83t/proposals/question"", ""to"": ""/de/questions/0w3z1e5u1y1d83t/proposals/ideas""}",2026-08-03 12:17:01.876Z,0w3z1e5u1y1d83t,,,2026-08-03 12:17:01.917Z,cc3304ea9b75a00f
coeq2xsvj2hftuo,proposal_view,2026-08-03 12:17:11.952Z,,2026-08-03 12:17:12.037Z,0w3z1e5u1y1d83t,,f2zfx98durbtu6y,2026-08-03 12:17:11.952Z,cc3304ea9b75a00f
10c7kf5t21bwsnl,subscribe,2026-08-03 12:17:39.250Z,,2026-08-03 12:17:39.249Z,0w3z1e5u1y1d83t,,l5sqzdyfozw6267,2026-08-03 12:17:39.250Z,cc3304ea9b75a00f
jzp3mby4flezfs5,proposal_view,2026-08-03 12:18:21.921Z,,2026-08-03 12:18:21.987Z,0w3z1e5u1y1d83t,,l5sqzdyfozw6267,2026-08-03 12:18:21.921Z,cc3304ea9b75a00f
8skcf0h4w3vs29m,proposal_view,2026-08-03 12:20:04.586Z,,2026-08-03 12:20:04.383Z,0w3z1e5u1y1d83t,,f2zfx98durbtu6y,2026-08-03 12:20:04.586Z,cc3304ea9b75a00f
kzkri3a4jcs8lw7,page_view,2026-08-03 12:20:46.442Z,"{""from"": ""/de/questions/0w3z1e5u1y1d83t/proposals/subscriptions"", ""to"": ""/de/questions/0w3z1e5u1y1d83t/proposals/ideas""}",2026-08-03 12:20:43.523Z,0w3z1e5u1y1d83t,,,2026-08-03 12:20:46.442Z,cc3304ea9b75a00f
ftvov9ozh0km8b2,proposal_view,2026-08-03 12:21:23.033Z,,2026-08-03 12:21:23.131Z,0w3z1e5u1y1d83t,,kfb0ib2gefppy6l,2026-08-03 12:21:23.033Z,cc3304ea9b75a00f
uasmg4pfjklzk8b,page_view,2026-08-03 12:21:58.221Z,"{""from"": ""/de/questions/0w3z1e5u1y1d83t/proposals/ideas"", ""to"": ""/de/questions/0w3z1e5u1y1d83t/proposals/new""}",2026-08-03 12:21:58.308Z,0w3z1e5u1y1d83t,,,2026-08-03 12:21:58.221Z,cc3304ea9b75a00f
975ph6am3sya16b,subscribe,2026-08-03 12:24:57.115Z,,2026-08-03 12:24:57.115Z,0w3z1e5u1y1d83t,,spcuyp6qr3y1eq6,2026-08-03 12:24:57.115Z,cc3304ea9b75a00f
dip78z1lhfg1249,create_idea,2026-08-03 12:24:57.120Z,,2026-08-03 12:24:57.110Z,0w3z1e5u1y1d83t,,spcuyp6qr3y1eq6,2026-08-03 12:24:57.120Z,cc3304ea9b75a00f
ulj6qli6dku1h02,create_label,2026-08-03 12:24:57.122Z,"{""label_name"": ""wir zahlen monatlich einen bestimmten Be""}",2026-08-03 12:24:57.110Z,0w3z1e5u1y1d83t,,8cth6qiy8vugw0j,2026-08-03 12:24:57.122Z,cc3304ea9b75a00f
427dma1xw64qk3w,page_view,2026-08-03 12:25:04.690Z,"{""from"": ""/de/questions/0w3z1e5u1y1d83t/proposals/new"", ""to"": ""/de/questions/0w3z1e5u1y1d83t/proposals/question""}",2026-08-03 12:25:04.786Z,0w3z1e5u1y1d83t,,,2026-08-03 12:25:04.690Z,cc3304ea9b75a00f
sr4mqxvyh7yz9zi,page_view,2026-08-03 12:25:07.033Z,"{""from"": ""/de/questions/0w3z1e5u1y1d83t/proposals/question"", ""to"": ""/de/questions/0w3z1e5u1y1d83t/proposals/ideas""}",2026-08-03 12:25:07.123Z,0w3z1e5u1y1d83t,,,2026-08-03 12:25:07.033Z,cc3304ea9b75a00f
igwl2vrksosa4yz,proposal_view,2026-08-03 12:25:22.893Z,,2026-08-03 12:25:22.978Z,0w3z1e5u1y1d83t,,5ts5a0oatsjtetw,2026-08-03 12:25:22.893Z,cc3304ea9b75a00f
icjb7y603rgqojs,proposal_view,2026-08-03 12:25:45.189Z,,2026-08-03 12:25:45.266Z,0w3z1e5u1y1d83t,,ag1c4yqxa4oe2w4,2026-08-03 12:25:45.189Z,cc3304ea9b75a00f
osb0k188tbcowcg,subscribe,2026-08-03 12:28:23.989Z,,2026-08-03 12:28:23.989Z,0w3z1e5u1y1d83t,,i6o7tfr2opn951e,2026-08-03 12:28:23.989Z,cc3304ea9b75a00f
4ttfxl0hjhqav2e,remix_singular,2026-08-03 12:28:23.996Z,,2026-08-03 12:28:23.983Z,0w3z1e5u1y1d83t,,i6o7tfr2opn951e,2026-08-03 12:28:23.996Z,cc3304ea9b75a00f
kw64oa1tm60wdhm,proposal_view,2026-08-03 12:28:24.988Z,,2026-08-03 12:28:25.081Z,0w3z1e5u1y1d83t,,i6o7tfr2opn951e,2026-08-03 12:28:24.988Z,cc3304ea9b75a00f
85w99293a90qdxz,proposal_view,2026-08-03 12:28:24.999Z,,2026-08-03 12:28:25.090Z,0w3z1e5u1y1d83t,,i6o7tfr2opn951e,2026-08-03 12:28:24.999Z,cc3304ea9b75a00f
b9v1fjbuo8ac74s,page_view,2026-08-03 12:28:25.007Z,"{""from"": ""/de/questions/0w3z1e5u1y1d83t/proposals/ideas"", ""to"": ""/de/questions/0w3z1e5u1y1d83t/proposals/i6o7tfr2opn951e""}",2026-08-03 12:28:25.115Z,0w3z1e5u1y1d83t,,,2026-08-03 12:28:25.007Z,cc3304ea9b75a00f
ktcsxm9o5b235ts,page_view,2026-08-03 12:28:33.358Z,"{""from"": ""/de/questions/0w3z1e5u1y1d83t/proposals/i6o7tfr2opn951e"", ""to"": ""/de/questions/0w3z1e5u1y1d83t/proposals/question""}",2026-08-03 12:28:33.443Z,0w3z1e5u1y1d83t,,,2026-08-03 12:28:33.358Z,cc3304ea9b75a00f
jv3tmjeufiu60xl,session_start,2026-08-03 12:33:27.985Z,"{""isMobile"": true, ""screenHeight"": 647, ""screenWidth"": 375, ""userAgent"": ""Mozilla/5.0 (iPhone; CPU iPhone OS 18_7 like Mac OS X) AppleWebKit/605.1.15 (KHTML, like Gecko) Version/26.5.2 Mobile/15E148 Safari/604.1""}",2026-08-03 12:33:27.944Z,,,,2026-08-03 12:33:27.985Z,407be8b01d4ce342
ak7dmniyc0z2n4o,page_view,2026-08-03 12:33:27.986Z,"{""to"": ""/de/discourse""}",2026-08-03 12:33:27.950Z,,,,2026-08-03 12:33:27.986Z,407be8b01d4ce342
j6fwlrikff4ohbn,page_view,2026-08-03 12:33:30.770Z,"{""from"": ""/de/discourse"", ""to"": ""/de/questions/0w3z1e5u1y1d83t/proposals/question""}",2026-08-03 12:33:30.743Z,0w3z1e5u1y1d83t,,,2026-08-03 12:33:30.770Z,407be8b01d4ce342
u5cjnp7zoxyexha,notification_panel_open,2026-08-03 12:33:31.919Z,"{""unread_count"": 2}",2026-08-03 12:33:31.848Z,,,,2026-08-03 12:33:31.919Z,407be8b01d4ce342
ix4vcfvfwesuok1,notification_panel_open,2026-08-03 12:33:33.081Z,"{""unread_count"": 1}",2026-08-03 12:33:33.038Z,,,,2026-08-03 12:33:33.081Z,407be8b01d4ce342
qx48wteephfjz6m,notification_panel_click,2026-08-03 12:33:33.093Z,"{""event_type"": ""vote_migration"", ""title"": ""Neuer Remix verf\u00fcgbar \ud83c\udf3f"", ""url"": ""/questions/0w3z1e5u1y1d83t/proposals/f2zfx98durbtu6y?action=compare""}",2026-08-03 12:33:33.092Z,,,s8lzuaed13hnhbo,2026-08-03 12:33:33.093Z,407be8b01d4ce342
5vq3p1d0mwcoyoe,compare_open,2026-08-03 12:33:33.244Z,"{""source_ids"": [""l5sqzdyfozw6267""]}",2026-08-03 12:33:33.213Z,,,f2zfx98durbtu6y,2026-08-03 12:33:33.244Z,407be8b01d4ce342
cuhpw5s6x4c4uvd,proposal_view,2026-08-03 12:33:33.246Z,,2026-08-03 12:33:33.213Z,0w3z1e5u1y1d83t,,f2zfx98durbtu6y,2026-08-03 12:33:33.246Z,407be8b01d4ce342
nzhc88l0r1afmby,compare_open,2026-08-03 12:33:33.266Z,"{""source_ids"": [""l5sqzdyfozw6267""]}",2026-08-03 12:33:33.222Z,,,f2zfx98durbtu6y,2026-08-03 12:33:33.266Z,407be8b01d4ce342
lnamhs7z8pbt8w8,proposal_view,2026-08-03 12:33:33.269Z,,2026-08-03 12:33:33.222Z,0w3z1e5u1y1d83t,,f2zfx98durbtu6y,2026-08-03 12:33:33.268Z,407be8b01d4ce342
60y3b0dk7e5hqzy,compare_open,2026-08-03 12:33:33.362Z,"{""source_ids"": [""l5sqzdyfozw6267""]}",2026-08-03 12:33:33.334Z,,,f2zfx98durbtu6y,2026-08-03 12:33:33.362Z,407be8b01d4ce342
1ye6a7k4r3w1p70,compare_open,2026-08-03 12:33:33.364Z,"{""source_ids"": [""l5sqzdyfozw6267""]}",2026-08-03 12:33:33.334Z,,,f2zfx98durbtu6y,2026-08-03 12:33:33.364Z,407be8b01d4ce342
1va2buqse1ejshs,page_view,2026-08-03 12:33:33.401Z,"{""from"": ""/de/questions/0w3z1e5u1y1d83t/proposals/f2zfx98durbtu6y"", ""to"": ""/de/questions/0w3z1e5u1y1d83t/proposals/compare""}",2026-08-03 12:33:33.366Z,0w3z1e5u1y1d83t,,,2026-08-03 12:33:33.401Z,407be8b01d4ce342
o2hrhlveh8rems1,subscribe,2026-08-03 12:34:51.986Z,,2026-08-03 12:34:51.985Z,0w3z1e5u1y1d83t,,f2zfx98durbtu6y,2026-08-03 12:34:51.986Z,407be8b01d4ce342
vl0bhrkqgfwv0ix,notification_panel_open,2026-08-03 12:34:57.309Z,"{""unread_count"": 1}",2026-08-03 12:34:57.235Z,,,,2026-08-03 12:34:57.309Z,407be8b01d4ce342
s91n164h95klnmi,notification_panel_open,2026-08-03 12:34:57.793Z,"{""unread_count"": 0}",2026-08-03 12:34:57.762Z,,,,2026-08-03 12:34:57.793Z,407be8b01d4ce342
94dwdiypmsabzi6,notification_panel_click,2026-08-03 12:34:57.798Z,"{""event_type"": ""vote_migration"", ""title"": ""Neuer Remix verf\u00fcgbar \ud83c\udf3f"", ""url"": ""/questions/0w3z1e5u1y1d83t/proposals/5ts5a0oatsjtetw?action=compare""}",2026-08-03 12:34:57.797Z,,,j60ip8hozge2oc7,2026-08-03 12:34:57.798Z,407be8b01d4ce342
7irek7lvs5irorc,compare_open,2026-08-03 12:34:57.949Z,"{""source_ids"": [""ppkkg16jlpylazv"", ""ag1c4yqxa4oe2w4""]}",2026-08-03 12:34:57.897Z,,,5ts5a0oatsjtetw,2026-08-03 12:34:57.949Z,407be8b01d4ce342
01r50j67li658mb,proposal_view,2026-08-03 12:34:57.955Z,,2026-08-03 12:34:57.896Z,0w3z1e5u1y1d83t,,5ts5a0oatsjtetw,2026-08-03 12:34:57.955Z,407be8b01d4ce342
ieal8594xem6jiz,compare_open,2026-08-03 12:34:57.963Z,"{""source_ids"": [""ppkkg16jlpylazv"", ""ag1c4yqxa4oe2w4""]}",2026-08-03 12:34:57.905Z,,,5ts5a0oatsjtetw,2026-08-03 12:34:57.963Z,407be8b01d4ce342
6sirjceytpzf8r4,proposal_view,2026-08-03 12:34:57.967Z,,2026-08-03 12:34:57.905Z,0w3z1e5u1y1d83t,,5ts5a0oatsjtetw,2026-08-03 12:34:57.967Z,407be8b01d4ce342
i3m6dn4bbqmaqhu,compare_open,2026-08-03 12:34:58.022Z,"{""source_ids"": [""ppkkg16jlpylazv"", ""ag1c4yqxa4oe2w4""]}",2026-08-03 12:34:57.995Z,,,5ts5a0oatsjtetw,2026-08-03 12:34:58.022Z,407be8b01d4ce342
ad483ep4qgr7y1j,compare_open,2026-08-03 12:34:58.024Z,"{""source_ids"": [""ppkkg16jlpylazv"", ""ag1c4yqxa4oe2w4""]}",2026-08-03 12:34:57.995Z,,,5ts5a0oatsjtetw,2026-08-03 12:34:58.024Z,407be8b01d4ce342
5wrbewxfcrhuilr,page_view,2026-08-03 12:34:58.046Z,"{""from"": ""/de/questions/0w3z1e5u1y1d83t/proposals/5ts5a0oatsjtetw"", ""to"": ""/de/questions/0w3z1e5u1y1d83t/proposals/compare""}",2026-08-03 12:34:58.020Z,0w3z1e5u1y1d83t,,,2026-08-03 12:34:58.046Z,407be8b01d4ce342
z7un9icnzh0nmdl,subscribe,2026-08-03 12:35:39.234Z,,2026-08-03 12:35:39.233Z,0w3z1e5u1y1d83t,,5ts5a0oatsjtetw,2026-08-03 12:35:39.234Z,407be8b01d4ce342
9520ceknoz2j49i,unsubscribe,2026-08-03 12:35:56.257Z,,2026-08-03 12:35:56.256Z,0w3z1e5u1y1d83t,,ppkkg16jlpylazv,2026-08-03 12:35:56.257Z,407be8b01d4ce342
1b5tqfh2o9os213,page_view,2026-08-03 12:35:58.301Z,"{""from"": ""/de/questions/0w3z1e5u1y1d83t/proposals/compare"", ""to"": ""/de/questions/0w3z1e5u1y1d83t/proposals/compare""}",2026-08-03 12:35:58.231Z,0w3z1e5u1y1d83t,,,2026-08-03 12:35:58.301Z,407be8b01d4ce342
84jawu7w4cu1tc8,page_view,2026-08-03 12:36:07.602Z,"{""from"": ""/de/questions/0w3z1e5u1y1d83t/proposals/compare"", ""to"": ""/de/questions/0w3z1e5u1y1d83t/proposals/question""}",2026-08-03 12:36:07.572Z,0w3z1e5u1y1d83t,,,2026-08-03 12:36:07.602Z,407be8b01d4ce342
6c68nvdfravp4eq,page_view,2026-08-03 12:36:12.559Z,"{""from"": ""/de/questions/0w3z1e5u1y1d83t/proposals/ballot"", ""to"": ""/de/questions/0w3z1e5u1y1d83t/proposals/ballot""}",2026-08-03 12:36:12.497Z,0w3z1e5u1y1d83t,,,2026-08-03 12:36:12.559Z,407be8b01d4ce342
eyxck7ermohu6t2,proposal_view,2026-08-03 12:36:26.684Z,,2026-08-03 12:36:26.614Z,0w3z1e5u1y1d83t,,4ye5dsqpshy40jr,2026-08-03 12:36:26.684Z,407be8b01d4ce342
9hjobg8h73cl7i9,compare_remove,2026-08-03 12:36:45.001Z,"{""pool_size"": 2}",2026-08-03 12:36:44.965Z,,,ppkkg16jlpylazv,2026-08-03 12:36:45.001Z,407be8b01d4ce342
grrnablm6ste777,compare_add,2026-08-03 12:36:46.756Z,"{""pool_size"": 1}",2026-08-03 12:36:46.729Z,0w3z1e5u1y1d83t,,l5sqzdyfozw6267,2026-08-03 12:36:46.756Z,407be8b01d4ce342
rlgigc2rde10cyn,proposal_view,2026-08-03 12:36:54.987Z,,2026-08-03 12:36:54.918Z,0w3z1e5u1y1d83t,,l5sqzdyfozw6267,2026-08-03 12:36:54.987Z,407be8b01d4ce342
8gztluioq30vzcz,compare_remove,2026-08-03 12:37:06.203Z,"{""pool_size"": 0}",2026-08-03 12:37:06.132Z,,,l5sqzdyfozw6267,2026-08-03 12:37:06.203Z,407be8b01d4ce342
3t24psv42kx3pup,proposal_view,2026-08-03 12:37:12.312Z,,2026-08-03 12:37:12.277Z,0w3z1e5u1y1d83t,,5ts5a0oatsjtetw,2026-08-03 12:37:12.312Z,407be8b01d4ce342
hyt1qgcfawaz5ex,proposal_view,2026-08-03 12:37:25.307Z,,2026-08-03 12:37:25.241Z,0w3z1e5u1y1d83t,,5ts5a0oatsjtetw,2026-08-03 12:37:25.307Z,407be8b01d4ce342
9kdr0fymane4ddr,proposal_view,2026-08-03 12:37:51.440Z,,2026-08-03 12:37:51.408Z,0w3z1e5u1y1d83t,,5ts5a0oatsjtetw,2026-08-03 12:37:51.440Z,407be8b01d4ce342
o52j9j2mnds2wm9,proposal_view,2026-08-03 12:38:37.660Z,,2026-08-03 12:38:37.626Z,0w3z1e5u1y1d83t,,ppkkg16jlpylazv,2026-08-03 12:38:37.660Z,407be8b01d4ce342
r41dnwitzqj5dku,proposal_view,2026-08-03 12:38:45.279Z,,2026-08-03 12:38:45.207Z,0w3z1e5u1y1d83t,,5ts5a0oatsjtetw,2026-08-03 12:38:45.279Z,407be8b01d4ce342
a4m3y39rvlwxtu9,proposal_view,2026-08-03 12:38:58.027Z,,2026-08-03 12:38:57.991Z,0w3z1e5u1y1d83t,,i6o7tfr2opn951e,2026-08-03 12:38:58.027Z,407be8b01d4ce342
g4wgqruce73p45p,subscribe,2026-08-03 12:39:56.936Z,,2026-08-03 12:39:56.934Z,0w3z1e5u1y1d83t,,i6o7tfr2opn951e,2026-08-03 12:39:56.936Z,407be8b01d4ce342
gxia1zgyhs7a8a4,proposal_view,2026-08-03 12:40:05.314Z,,2026-08-03 12:40:05.284Z,0w3z1e5u1y1d83t,,5ts5a0oatsjtetw,2026-08-03 12:40:05.314Z,407be8b01d4ce342
mxt1d0i4jzmb7g8,proposal_view,2026-08-03 12:40:29.754Z,,2026-08-03 12:40:29.723Z,0w3z1e5u1y1d83t,,l5sqzdyfozw6267,2026-08-03 12:40:29.754Z,407be8b01d4ce342
6bplc92bcbd6fjs,proposal_view,2026-08-03 12:40:55.530Z,,2026-08-03 12:40:55.492Z,0w3z1e5u1y1d83t,,f2zfx98durbtu6y,2026-08-03 12:40:55.530Z,407be8b01d4ce342
lyvswsg65ui8wa4,page_view,2026-08-03 12:41:06.915Z,"{""from"": ""/de/questions/0w3z1e5u1y1d83t/proposals/subscriptions"", ""to"": ""/de/questions/0w3z1e5u1y1d83t/proposals/subscriptions""}",2026-08-03 12:41:06.826Z,0w3z1e5u1y1d83t,,,2026-08-03 12:41:06.915Z,407be8b01d4ce342
wnli6qmushxm8zo,feed_filter_change,2026-08-03 12:41:21.043Z,"{""feedTab"": ""foryou"", ""selectedLabelId"": null, ""sortMode"": ""Newest""}",2026-08-03 12:41:20.995Z,,,,2026-08-03 12:41:21.043Z,407be8b01d4ce342
ruqhc0obmlkj9g2,page_view,2026-08-03 12:41:21.050Z,"{""from"": ""/de/questions/0w3z1e5u1y1d83t/proposals/subscriptions"", ""to"": ""/de/questions/0w3z1e5u1y1d83t/proposals/ideas""}",2026-08-03 12:41:21.022Z,0w3z1e5u1y1d83t,,,2026-08-03 12:41:21.050Z,407be8b01d4ce342
1l5g1e3t27z0zeq,feed_filter_change,2026-08-03 12:41:33.133Z,"{""feedTab"": ""hidden"", ""selectedLabelId"": null, ""sortMode"": ""Newest""}",2026-08-03 12:41:33.091Z,,,,2026-08-03 12:41:33.133Z,407be8b01d4ce342
h6k3oyu0tmni0qn,feed_filter_change,2026-08-03 12:41:35.160Z,"{""feedTab"": ""foryou"", ""selectedLabelId"": null, ""sortMode"": ""Newest""}",2026-08-03 12:41:35.127Z,,,,2026-08-03 12:41:35.160Z,407be8b01d4ce342
684ecrhx4my2upr,hide_proposal,2026-08-03 12:41:38.189Z,,2026-08-03 12:41:38.126Z,0w3z1e5u1y1d83t,,kfb0ib2gefppy6l,2026-08-03 12:41:38.189Z,407be8b01d4ce342
qgkbk6e9v66iao9,hide_proposal,2026-08-03 12:41:38.202Z,,2026-08-03 12:41:38.199Z,0w3z1e5u1y1d83t,,kfb0ib2gefppy6l,2026-08-03 12:41:38.202Z,407be8b01d4ce342
5xaxzhp4w1mvldl,feed_filter_change,2026-08-03 12:41:40.585Z,"{""feedTab"": ""hidden"", ""selectedLabelId"": null, ""sortMode"": ""Newest""}",2026-08-03 12:41:40.508Z,,,,2026-08-03 12:41:40.585Z,407be8b01d4ce342
x7ssxc33glxy6ed,feed_filter_change,2026-08-03 12:41:41.361Z,"{""feedTab"": ""foryou"", ""selectedLabelId"": null, ""sortMode"": ""Newest""}",2026-08-03 12:41:41.297Z,,,,2026-08-03 12:41:41.361Z,407be8b01d4ce342
zrb7z6bs6g7y0py,proposal_view,2026-08-03 12:41:46.228Z,,2026-08-03 12:41:46.195Z,0w3z1e5u1y1d83t,,g8f2osl4qpr7ixl,2026-08-03 12:41:46.228Z,407be8b01d4ce342
cxchc28t0oyc42r,hide_proposal,2026-08-03 12:41:49.361Z,,2026-08-03 12:41:49.294Z,0w3z1e5u1y1d83t,,g8f2osl4qpr7ixl,2026-08-03 12:41:49.361Z,407be8b01d4ce342
670tzswn1fj8wmv,proposal_view,2026-08-03 12:41:52.959Z,,2026-08-03 12:41:52.930Z,0w3z1e5u1y1d83t,,ppkkg16jlpylazv,2026-08-03 12:41:52.959Z,407be8b01d4ce342
2f4pz463xoe6rht,proposal_view,2026-08-03 12:42:12.713Z,,2026-08-03 12:42:12.680Z,0w3z1e5u1y1d83t,,5ts5a0oatsjtetw,2026-08-03 12:42:12.713Z,407be8b01d4ce342
dkdzvpkfwx02j7x,proposal_view,2026-08-03 12:42:18.375Z,,2026-08-03 12:42:18.305Z,0w3z1e5u1y1d83t,,ppkkg16jlpylazv,2026-08-03 12:42:18.375Z,407be8b01d4ce342
z6ne7n0ejckq2d5,subscribe,2026-08-03 12:42:30.715Z,,2026-08-03 12:42:30.713Z,0w3z1e5u1y1d83t,,ppkkg16jlpylazv,2026-08-03 12:42:30.715Z,407be8b01d4ce342
dgr204zfzkzd2ta,proposal_view,2026-08-03 12:42:33.562Z,,2026-08-03 12:42:33.529Z,0w3z1e5u1y1d83t,,rcjsk2waeqw14pm,2026-08-03 12:42:33.562Z,407be8b01d4ce342
4crh3nd6tzvr4bf,subscribe,2026-08-03 12:42:44.176Z,,2026-08-03 12:42:44.175Z,0w3z1e5u1y1d83t,,rcjsk2waeqw14pm,2026-08-03 12:42:44.176Z,407be8b01d4ce342
mnu2ncl6mozpqrm,proposal_view,2026-08-03 12:42:46.086Z,,2026-08-03 12:42:46.019Z,0w3z1e5u1y1d83t,,ag1c4yqxa4oe2w4,2026-08-03 12:42:46.086Z,407be8b01d4ce342
xqeslv2xwnsf61j,hide_proposal,2026-08-03 12:42:52.113Z,,2026-08-03 12:42:52.080Z,0w3z1e5u1y1d83t,,ag1c4yqxa4oe2w4,2026-08-03 12:42:52.113Z,407be8b01d4ce342
o1gxy9snl80yjtv,proposal_view,2026-08-03 12:42:58.839Z,,2026-08-03 12:42:58.805Z,0w3z1e5u1y1d83t,,spcuyp6qr3y1eq6,2026-08-03 12:42:58.839Z,407be8b01d4ce342
31lbrxd50vapzlu,subscribe,2026-08-03 12:43:06.138Z,,2026-08-03 12:43:06.136Z,0w3z1e5u1y1d83t,,spcuyp6qr3y1eq6,2026-08-03 12:43:06.138Z,407be8b01d4ce342
vpuwqqxnxze3o71,feed_filter_change,2026-08-03 12:43:08.462Z,"{""feedTab"": ""all"", ""selectedLabelId"": null, ""sortMode"": ""Newest""}",2026-08-03 12:43:08.407Z,,,,2026-08-03 12:43:08.462Z,407be8b01d4ce342
hkdyofdzf4gix6a,feed_filter_change,2026-08-03 12:43:10.895Z,"{""feedTab"": ""hidden"", ""selectedLabelId"": null, ""sortMode"": ""Newest""}",2026-08-03 12:43:10.850Z,,,,2026-08-03 12:43:10.895Z,407be8b01d4ce342
3e86xptb3zod37h,page_view,2026-08-03 12:43:15.443Z,"{""from"": ""/de/questions/0w3z1e5u1y1d83t/proposals/subscriptions"", ""to"": ""/de/questions/0w3z1e5u1y1d83t/proposals/subscriptions""}",2026-08-03 12:43:15.370Z,0w3z1e5u1y1d83t,,,2026-08-03 12:43:15.443Z,407be8b01d4ce342
svfibyobnzlcytj,page_view,2026-08-03 12:43:17.549Z,"{""from"": ""/de/questions/0w3z1e5u1y1d83t/proposals/subscriptions"", ""to"": ""/de/questions/0w3z1e5u1y1d83t/proposals/subscriptions""}",2026-08-03 12:43:17.481Z,0w3z1e5u1y1d83t,,,2026-08-03 12:43:17.549Z,407be8b01d4ce342
7of35pwle796nq1,page_view,2026-08-03 12:43:18.001Z,"{""from"": ""/de/questions/0w3z1e5u1y1d83t/proposals/subscriptions"", ""to"": ""/de/questions/0w3z1e5u1y1d83t/proposals/ideas""}",2026-08-03 12:43:17.961Z,0w3z1e5u1y1d83t,,,2026-08-03 12:43:18.001Z,407be8b01d4ce342
anqm3ikr04incce,page_view,2026-08-03 12:43:20.721Z,"{""from"": ""/de/questions/0w3z1e5u1y1d83t/proposals/subscriptions"", ""to"": ""/de/questions/0w3z1e5u1y1d83t/proposals/ideas""}",2026-08-03 12:43:20.661Z,0w3z1e5u1y1d83t,,,2026-08-03 12:43:20.721Z,407be8b01d4ce342
rupl7eui2q92p8l,feed_filter_change,2026-08-03 12:43:23.044Z,"{""feedTab"": ""all"", ""selectedLabelId"": null, ""sortMode"": ""Newest""}",2026-08-03 12:43:22.976Z,,,,2026-08-03 12:43:23.044Z,407be8b01d4ce342
d4o9xn47yax8els,feed_filter_change,2026-08-03 12:43:24.280Z,"{""feedTab"": ""hidden"", ""selectedLabelId"": null, ""sortMode"": ""Newest""}",2026-08-03 12:43:24.218Z,,,,2026-08-03 12:43:24.280Z,407be8b01d4ce342
b043jyly8skflw4,page_view,2026-08-03 12:43:25.580Z,"{""from"": ""/de/questions/0w3z1e5u1y1d83t/proposals/subscriptions"", ""to"": ""/de/questions/0w3z1e5u1y1d83t/proposals/ideas""}",2026-08-03 12:43:25.523Z,0w3z1e5u1y1d83t,,,2026-08-03 12:43:25.580Z,407be8b01d4ce342
nspumwqit0k8jbw,feed_filter_change,2026-08-03 12:43:26.281Z,"{""feedTab"": ""all"", ""selectedLabelId"": null, ""sortMode"": ""Newest""}",2026-08-03 12:43:26.218Z,,,,2026-08-03 12:43:26.281Z,407be8b01d4ce342
5bvahlycy6x5ea1,page_view,2026-08-03 12:43:27.899Z,"{""from"": ""/de/questions/0w3z1e5u1y1d83t/proposals/subscriptions"", ""to"": ""/de/questions/0w3z1e5u1y1d83t/proposals/ideas""}",2026-08-03 12:43:27.853Z,0w3z1e5u1y1d83t,,,2026-08-03 12:43:27.899Z,407be8b01d4ce342
evz5aqv3d6jnqfx,feed_filter_change,2026-08-03 12:43:28.440Z,"{""feedTab"": ""foryou"", ""selectedLabelId"": null, ""sortMode"": ""Newest""}",2026-08-03 12:43:28.386Z,,,,2026-08-03 12:43:28.440Z,407be8b01d4ce342
r29w5fhr46ri1qr,page_view,2026-08-03 12:43:30.677Z,"{""from"": ""/de/questions/0w3z1e5u1y1d83t/proposals/subscriptions"", ""to"": ""/de/questions/0w3z1e5u1y1d83t/proposals/ideas""}",2026-08-03 12:43:30.648Z,0w3z1e5u1y1d83t,,,2026-08-03 12:43:30.677Z,407be8b01d4ce342
74mmr0vwdj7xhds,feed_filter_change,2026-08-03 12:43:31.300Z,"{""feedTab"": ""hidden"", ""selectedLabelId"": null, ""sortMode"": ""Newest""}",2026-08-03 12:43:31.233Z,,,,2026-08-03 12:43:31.300Z,407be8b01d4ce342
ozt3rxrjqml8m27,page_view,2026-08-03 12:43:37.863Z,"{""from"": ""/de/questions/0w3z1e5u1y1d83t/proposals/subscriptions"", ""to"": ""/de/questions/0w3z1e5u1y1d83t/proposals/ideas""}",2026-08-03 12:43:37.823Z,0w3z1e5u1y1d83t,,,2026-08-03 12:43:37.863Z,407be8b01d4ce342
tlpx3fzygmnhzoi,feed_filter_change,2026-08-03 12:45:06.143Z,"{""feedTab"": ""foryou"", ""selectedLabelId"": null, ""sortMode"": ""Newest""}",2026-08-03 12:45:06.081Z,,,,2026-08-03 12:45:06.143Z,407be8b01d4ce342
dtljdv76vq030xb,feed_filter_change,2026-08-03 12:45:07.320Z,"{""feedTab"": ""all"", ""selectedLabelId"": null, ""sortMode"": ""Newest""}",2026-08-03 12:45:07.259Z,,,,2026-08-03 12:45:07.320Z,407be8b01d4ce342
mhwki1cdkpg0eh6,feed_filter_change,2026-08-03 12:45:13.301Z,"{""feedTab"": ""hidden"", ""selectedLabelId"": null, ""sortMode"": ""Newest""}",2026-08-03 12:45:13.233Z,,,,2026-08-03 12:45:13.301Z,407be8b01d4ce342
c11bac6gllz8not,tab_switch,2026-08-03 12:45:51.670Z,"{""state"": ""visible""}",2026-08-03 12:45:51.600Z,,,,2026-08-03 12:45:51.670Z,407be8b01d4ce342
0urtb85y2r21vea,page_view,2026-08-03 12:46:14.806Z,"{""from"": ""/de/questions/0w3z1e5u1y1d83t/proposals/subscriptions"", ""to"": ""/de/questions/0w3z1e5u1y1d83t/proposals/ideas""}",2026-08-03 12:46:14.727Z,0w3z1e5u1y1d83t,,,2026-08-03 12:46:14.806Z,407be8b01d4ce342
dlultvv5adh3ii6,page_view,2026-08-03 12:50:34.476Z,"{""from"": ""/de/login"", ""to"": ""/de/discourse""}",2026-08-03 12:50:36.041Z,,,,2026-08-03 12:50:34.476Z,b003312e6c38c8a5
26h0gwabffc2iez,page_view,2026-08-03 12:50:39.590Z,"{""from"": ""/de/discourse"", ""to"": ""/de/questions/0w3z1e5u1y1d83t/proposals/question""}",2026-08-03 12:50:41.149Z,0w3z1e5u1y1d83t,,,2026-08-03 12:50:39.590Z,b003312e6c38c8a5
szmqnbjdazh9294,page_view,2026-08-03 12:50:42.144Z,"{""from"": ""/de/questions/0w3z1e5u1y1d83t/proposals/question"", ""to"": ""/de/questions/0w3z1e5u1y1d83t/proposals/ideas""}",2026-08-03 12:50:43.645Z,0w3z1e5u1y1d83t,,,2026-08-03 12:50:42.144Z,b003312e6c38c8a5
xoi5wrvo7vcjumj,feed_filter_change,2026-08-03 12:50:42.150Z,"{""feedTab"": ""foryou"", ""selectedLabelId"": null, ""sortMode"": ""Newest""}",2026-08-03 12:50:43.636Z,,,,2026-08-03 12:50:42.150Z,b003312e6c38c8a5
gn56kk8q2img932,proposal_view,2026-08-03 12:50:49.323Z,,2026-08-03 12:50:50.780Z,0w3z1e5u1y1d83t,,i6o7tfr2opn951e,2026-08-03 12:50:49.323Z,b003312e6c38c8a5
epz1evpusn3ev14,proposal_view,2026-08-03 12:51:03.216Z,,2026-08-03 12:51:04.765Z,0w3z1e5u1y1d83t,,ag1c4yqxa4oe2w4,2026-08-03 12:51:03.216Z,b003312e6c38c8a5
a7pdi1vp3cjmm1i,proposal_view,2026-08-03 12:51:07.877Z,,2026-08-03 12:51:09.430Z,0w3z1e5u1y1d83t,,rcjsk2waeqw14pm,2026-08-03 12:51:07.877Z,b003312e6c38c8a5
c6zwsbekv7u488z,proposal_view,2026-08-03 12:51:09.687Z,,2026-08-03 12:51:11.218Z,0w3z1e5u1y1d83t,,ag1c4yqxa4oe2w4,2026-08-03 12:51:09.687Z,b003312e6c38c8a5
xomvv6zmwhzpkr0,proposal_view,2026-08-03 12:51:11.062Z,,2026-08-03 12:51:12.562Z,0w3z1e5u1y1d83t,,i6o7tfr2opn951e,2026-08-03 12:51:11.062Z,b003312e6c38c8a5
xn694n4qufglncm,proposal_view,2026-08-03 12:51:22.349Z,,2026-08-03 12:51:23.902Z,0w3z1e5u1y1d83t,,5ts5a0oatsjtetw,2026-08-03 12:51:22.349Z,b003312e6c38c8a5
79rmbd8uygkbenb,proposal_view,2026-08-03 12:51:35.488Z,,2026-08-03 12:51:36.900Z,0w3z1e5u1y1d83t,,i6o7tfr2opn951e,2026-08-03 12:51:35.488Z,b003312e6c38c8a5
hacfg7mhpqyk9ks,proposal_view,2026-08-03 12:51:45.909Z,,2026-08-03 12:51:47.463Z,0w3z1e5u1y1d83t,,kfb0ib2gefppy6l,2026-08-03 12:51:45.909Z,b003312e6c38c8a5
n7rywatbex6tiie,feed_filter_change,2026-08-03 12:51:52.002Z,"{""feedTab"": ""all"", ""selectedLabelId"": null, ""sortMode"": ""Newest""}",2026-08-03 12:51:53.493Z,,,,2026-08-03 12:51:52.002Z,b003312e6c38c8a5
jxpwialt5xjgikz,proposal_view,2026-08-03 12:51:59.951Z,,2026-08-03 12:52:01.497Z,0w3z1e5u1y1d83t,,l5sqzdyfozw6267,2026-08-03 12:51:59.951Z,b003312e6c38c8a5
pywliln4yzub0tp,proposal_view,2026-08-03 12:52:09.080Z,,2026-08-03 12:52:10.638Z,0w3z1e5u1y1d83t,,f2zfx98durbtu6y,2026-08-03 12:52:09.080Z,b003312e6c38c8a5
pj5ysuce88up4c2,page_view,2026-08-03 12:52:53.185Z,"{""from"": ""/de/login"", ""to"": ""/de/discourse""}",2026-08-03 12:52:54.740Z,,,,2026-08-03 12:52:53.185Z,b003312e6c38c8a5
floieko2hxpuxe9,session_start,2026-08-03 12:52:58.674Z,"{""isMobile"": true, ""screenHeight"": 785, ""screenWidth"": 411, ""userAgent"": ""Mozilla/5.0 (Linux; Android 10; K) AppleWebKit/537.36 (KHTML, like Gecko) Chrome/151.0.0.0 Mobile Safari/537.36""}",2026-08-03 12:53:00.235Z,,,,2026-08-03 12:52:58.674Z,b003312e6c38c8a5
wudqt8q1hufax41,page_view,2026-08-03 12:52:58.696Z,"{""to"": ""/de/groups/v0e99klwn3wg6qe""}",2026-08-03 12:53:00.237Z,,,,2026-08-03 12:52:58.696Z,b003312e6c38c8a5
pr572o9fzh7xxzo,tab_switch,2026-08-03 12:53:20.674Z,"{""state"": ""visible""}",2026-08-03 12:53:22.178Z,,,,2026-08-03 12:53:20.674Z,b003312e6c38c8a5
tk36fbs5jdkhljq,tab_switch,2026-08-03 12:54:56.214Z,"{""state"": ""visible""}",2026-08-03 12:54:55.959Z,,,,2026-08-03 12:54:56.214Z,407be8b01d4ce342
c6ff50yh8sz1p8t,page_view,2026-08-03 12:54:57.727Z,"{""from"": ""/de/questions/0w3z1e5u1y1d83t/proposals/ballot"", ""to"": ""/de/questions/0w3z1e5u1y1d83t/proposals/ideas""}",2026-08-03 12:54:57.677Z,0w3z1e5u1y1d83t,,,2026-08-03 12:54:57.727Z,407be8b01d4ce342
7hns4nr26asm6mi,page_view,2026-08-03 12:54:59.238Z,"{""from"": ""/de/questions/0w3z1e5u1y1d83t/proposals/ideas"", ""to"": ""/de/questions/0w3z1e5u1y1d83t/proposals/question""}",2026-08-03 12:54:59.188Z,0w3z1e5u1y1d83t,,,2026-08-03 12:54:59.238Z,407be8b01d4ce342
g55ydw74zbiinqv,page_view,2026-08-03 12:54:59.410Z,"{""from"": ""/de/questions/0w3z1e5u1y1d83t/proposals/question"", ""to"": ""/de/questions/0w3z1e5u1y1d83t/proposals/question""}",2026-08-03 12:54:59.370Z,0w3z1e5u1y1d83t,,,2026-08-03 12:54:59.410Z,407be8b01d4ce342
cih2gsm4rjn7c87,page_view,2026-08-03 12:55:03.706Z,"{""from"": ""/de/questions/0w3z1e5u1y1d83t/proposals/question"", ""to"": ""/de/groups/v0e99klwn3wg6qe""}",2026-08-03 12:55:03.680Z,0w3z1e5u1y1d83t,,,2026-08-03 12:55:03.706Z,407be8b01d4ce342
9vi2wuq96h9dq1j,page_view,2026-08-03 12:55:10.014Z,"{""from"": ""/de/groups/v0e99klwn3wg6qe"", ""to"": ""/de/questions/0w3z1e5u1y1d83t/proposals/question""}",2026-08-03 12:55:09.983Z,0w3z1e5u1y1d83t,,,2026-08-03 12:55:10.014Z,407be8b01d4ce342
oo4an0um6sssf8m,page_view,2026-08-03 12:55:13.010Z,"{""from"": ""/de/questions/0w3z1e5u1y1d83t/proposals/question"", ""to"": ""/de/groups/v0e99klwn3wg6qe""}",2026-08-03 12:55:12.980Z,0w3z1e5u1y1d83t,,,2026-08-03 12:55:13.010Z,407be8b01d4ce342
j08xkrumt2l4lwu,page_view,2026-08-03 12:55:15.109Z,"{""from"": ""/de/groups/v0e99klwn3wg6qe"", ""to"": ""/de/questions/0w3z1e5u1y1d83t/proposals/question""}",2026-08-03 12:55:15.084Z,0w3z1e5u1y1d83t,,,2026-08-03 12:55:15.109Z,407be8b01d4ce342
acl4lvdvh5qecgi,page_view,2026-08-03 12:55:16.582Z,"{""from"": ""/de/questions/0w3z1e5u1y1d83t/proposals/question"", ""to"": ""/de/questions/0w3z1e5u1y1d83t/proposals/ideas""}",2026-08-03 12:55:16.548Z,0w3z1e5u1y1d83t,,,2026-08-03 12:55:16.582Z,407be8b01d4ce342
pwxhang56xly6vi,page_view,2026-08-03 12:55:17.588Z,"{""from"": ""/de/questions/0w3z1e5u1y1d83t/proposals/ideas"", ""to"": ""/de/questions/0w3z1e5u1y1d83t/proposals/ideas""}",2026-08-03 12:55:17.559Z,0w3z1e5u1y1d83t,,,2026-08-03 12:55:17.588Z,407be8b01d4ce342
89ucf47ucdyn2zf,page_view,2026-08-03 12:55:18.171Z,"{""from"": ""/de/questions/0w3z1e5u1y1d83t/proposals/ideas"", ""to"": ""/de/questions/0w3z1e5u1y1d83t/proposals/ideas""}",2026-08-03 12:55:18.135Z,0w3z1e5u1y1d83t,,,2026-08-03 12:55:18.171Z,407be8b01d4ce342
grqhyouwperype2,page_view,2026-08-03 12:55:20.048Z,"{""from"": ""/de/questions/0w3z1e5u1y1d83t/proposals/ideas"", ""to"": ""/de/questions/0w3z1e5u1y1d83t/proposals/question""}",2026-08-03 12:55:20.014Z,0w3z1e5u1y1d83t,,,2026-08-03 12:55:20.048Z,407be8b01d4ce342
yjeltph4rg52uoc,page_view,2026-08-03 12:55:20.649Z,"{""from"": ""/de/questions/0w3z1e5u1y1d83t/proposals/question"", ""to"": ""/de/questions/0w3z1e5u1y1d83t/proposals/ideas""}",2026-08-03 12:55:20.622Z,0w3z1e5u1y1d83t,,,2026-08-03 12:55:20.649Z,407be8b01d4ce342
yxnsbjwcw2xt4hp,feed_filter_change,2026-08-03 12:55:23.131Z,"{""feedTab"": ""foryou"", ""selectedLabelId"": null, ""sortMode"": ""Newest""}",2026-08-03 12:55:23.090Z,,,,2026-08-03 12:55:23.131Z,407be8b01d4ce342
f8denr9hs7em01a,feed_filter_change,2026-08-03 12:55:24.449Z,"{""feedTab"": ""all"", ""selectedLabelId"": null, ""sortMode"": ""Newest""}",2026-08-03 12:55:24.408Z,,,,2026-08-03 12:55:24.449Z,407be8b01d4ce342
jq8i2cufss6mfn6,feed_filter_change,2026-08-03 12:55:25.629Z,"{""feedTab"": ""foryou"", ""selectedLabelId"": null, ""sortMode"": ""Newest""}",2026-08-03 12:55:25.569Z,,,,2026-08-03 12:55:25.629Z,407be8b01d4ce342
jbyfh1guaobi14c,feed_filter_change,2026-08-03 12:55:26.530Z,"{""feedTab"": ""all"", ""selectedLabelId"": null, ""sortMode"": ""Newest""}",2026-08-03 12:55:26.457Z,,,,2026-08-03 12:55:26.530Z,407be8b01d4ce342
dflr16wqj059kv1,page_view,2026-08-03 13:04:00.760Z,"{""from"": ""/de/login"", ""to"": ""/de/discourse""}",2026-08-03 13:04:02.328Z,,,,2026-08-03 13:04:00.760Z,b003312e6c38c8a5
t04u1ptvjhipkb1,page_view,2026-08-03 13:04:03.847Z,"{""from"": ""/de/discourse"", ""to"": ""/de/questions/0w3z1e5u1y1d83t/proposals/question""}",2026-08-03 13:04:05.421Z,0w3z1e5u1y1d83t,,,2026-08-03 13:04:03.847Z,b003312e6c38c8a5
w7me6ipckubgnv4,feed_filter_change,2026-08-03 13:04:06.362Z,"{""feedTab"": ""foryou"", ""selectedLabelId"": null, ""sortMode"": ""Newest""}",2026-08-03 13:04:07.890Z,,,,2026-08-03 13:04:06.362Z,b003312e6c38c8a5
gsgd33oqu8ov60b,page_view,2026-08-03 13:04:06.367Z,"{""from"": ""/de/questions/0w3z1e5u1y1d83t/proposals/question"", ""to"": ""/de/questions/0w3z1e5u1y1d83t/proposals/ideas""}",2026-08-03 13:04:07.897Z,0w3z1e5u1y1d83t,,,2026-08-03 13:04:06.367Z,b003312e6c38c8a5
cnxxww8cfgx0p8d,proposal_view,2026-08-03 13:04:09.108Z,,2026-08-03 13:04:10.661Z,0w3z1e5u1y1d83t,,spcuyp6qr3y1eq6,2026-08-03 13:04:09.108Z,b003312e6c38c8a5
noejh7gbx3um2s5,proposal_view,2026-08-03 13:04:33.207Z,,2026-08-03 13:04:34.769Z,0w3z1e5u1y1d83t,,i6o7tfr2opn951e,2026-08-03 13:04:33.207Z,b003312e6c38c8a5
bj7xufc9xkogdko,feed_filter_change,2026-08-03 13:04:51.872Z,"{""feedTab"": ""all"", ""selectedLabelId"": null, ""sortMode"": ""Newest""}",2026-08-03 13:04:53.382Z,,,,2026-08-03 13:04:51.872Z,b003312e6c38c8a5
mjv7x69dfoaznkn,proposal_view,2026-08-03 13:05:04.038Z,,2026-08-03 13:05:05.534Z,0w3z1e5u1y1d83t,,l5sqzdyfozw6267,2026-08-03 13:05:04.038Z,b003312e6c38c8a5
dqqqsknge53yi0y,proposal_view,2026-08-03 13:05:10.185Z,,2026-08-03 13:05:11.758Z,0w3z1e5u1y1d83t,,g8f2osl4qpr7ixl,2026-08-03 13:05:10.185Z,b003312e6c38c8a5
d3huog91ytlobys,proposal_view,2026-08-03 13:05:20.503Z,,2026-08-03 13:05:22.070Z,0w3z1e5u1y1d83t,,4ye5dsqpshy40jr,2026-08-03 13:05:20.503Z,b003312e6c38c8a5
3cjkotyt3wbt9ma,tab_switch,2026-08-03 13:15:03.632Z,"{""state"": ""visible""}",2026-08-03 13:15:02.770Z,,,,2026-08-03 13:15:03.632Z,cc3304ea9b75a00f
hpn43c5xfzbk1r4,page_view,2026-08-03 13:34:03.530Z,"{""from"": ""/register"", ""to"": ""/how-it-works""}",2026-08-03 13:34:03.481Z,,,,2026-08-03 13:34:03.530Z,adc82731fb3dc1de
3o97shtah7e9qx2,tab_switch,2026-08-03 13:38:08.405Z,"{""state"": ""visible""}",2026-08-03 13:38:08.335Z,,,,2026-08-03 13:38:08.405Z,adc82731fb3dc1de
5v8oomu6ukm79vb,tab_switch,2026-08-03 13:38:32.723Z,"{""state"": ""visible""}",2026-08-03 13:38:32.682Z,,,,2026-08-03 13:38:32.723Z,adc82731fb3dc1de
gitj4hrhj0ne4gj,page_view,2026-08-03 13:38:34.724Z,"{""from"": ""/how-it-works"", ""to"": ""/discourse""}",2026-08-03 13:38:34.702Z,,,,2026-08-03 13:38:34.724Z,adc82731fb3dc1de
dhll42med76ceoe,page_view,2026-08-03 13:39:00.422Z,"{""from"": ""/discourse"", ""to"": ""/questions/0w3z1e5u1y1d83t/proposals/question""}",2026-08-03 13:39:00.397Z,0w3z1e5u1y1d83t,,,2026-08-03 13:39:00.422Z,adc82731fb3dc1de
rzugj0vrz3oqrvk,tab_switch,2026-08-03 13:39:24.043Z,"{""state"": ""visible""}",2026-08-03 13:39:23.965Z,,,,2026-08-03 13:39:24.043Z,adc82731fb3dc1de
f8cwxqt0r8kvieb,tab_switch,2026-08-03 13:40:09.069Z,"{""state"": ""visible""}",2026-08-03 13:40:08.993Z,,,,2026-08-03 13:40:09.069Z,adc82731fb3dc1de
nuj8t3f89afsyqx,feed_filter_change,2026-08-03 13:42:52.409Z,"{""feedTab"": ""foryou"", ""selectedLabelId"": null, ""sortMode"": ""Newest""}",2026-08-03 13:42:52.375Z,,,,2026-08-03 13:42:52.409Z,adc82731fb3dc1de
mdbffon2x5p9tu2,page_view,2026-08-03 13:42:52.446Z,"{""from"": ""/questions/0w3z1e5u1y1d83t/proposals/question"", ""to"": ""/questions/0w3z1e5u1y1d83t/proposals/ideas""}",2026-08-03 13:42:52.418Z,0w3z1e5u1y1d83t,,,2026-08-03 13:42:52.446Z,adc82731fb3dc1de
zr8y4l1d5l4ie2s,proposal_view,2026-08-03 13:43:52.025Z,,2026-08-03 13:43:51.996Z,0w3z1e5u1y1d83t,,i6o7tfr2opn951e,2026-08-03 13:43:52.025Z,adc82731fb3dc1de
d5uaa6df13nifng,tab_switch,2026-08-03 13:45:11.364Z,"{""state"": ""visible""}",2026-08-03 13:45:11.292Z,,,,2026-08-03 13:45:11.364Z,adc82731fb3dc1de
5fjmozroznwygie,proposal_view,2026-08-03 13:45:23.754Z,,2026-08-03 13:45:23.720Z,0w3z1e5u1y1d83t,,tbzg254knicrhqz,2026-08-03 13:45:23.754Z,adc82731fb3dc1de
fkl3422v6xepd2f,proposal_view,2026-08-03 13:45:28.812Z,,2026-08-03 13:45:28.780Z,0w3z1e5u1y1d83t,,i6o7tfr2opn951e,2026-08-03 13:45:28.812Z,adc82731fb3dc1de
jilrc8vr8jaup3p,proposal_view,2026-08-03 13:45:42.435Z,,2026-08-03 13:45:42.403Z,0w3z1e5u1y1d83t,,tbzg254knicrhqz,2026-08-03 13:45:42.435Z,adc82731fb3dc1de
dlxn31hw4fgta9t,tab_switch,2026-08-03 13:46:21.723Z,"{""state"": ""visible""}",2026-08-03 13:46:21.659Z,,,,2026-08-03 13:46:21.723Z,adc82731fb3dc1de
au593czkx0wj0f9,proposal_view,2026-08-03 13:46:26.938Z,,2026-08-03 13:46:26.913Z,0w3z1e5u1y1d83t,,rcjsk2waeqw14pm,2026-08-03 13:46:26.938Z,adc82731fb3dc1de
yus415eadcg4hqm,proposal_view,2026-08-03 13:46:28.719Z,,2026-08-03 13:46:28.687Z,0w3z1e5u1y1d83t,,tbzg254knicrhqz,2026-08-03 13:46:28.719Z,adc82731fb3dc1de
wsbkstvz6vnmnp2,proposal_view,2026-08-03 13:46:30.388Z,,2026-08-03 13:46:30.358Z,0w3z1e5u1y1d83t,,rcjsk2waeqw14pm,2026-08-03 13:46:30.388Z,adc82731fb3dc1de
rdmsci41edfi2r1,proposal_view,2026-08-03 13:46:32.568Z,,2026-08-03 13:46:32.543Z,0w3z1e5u1y1d83t,,tbzg254knicrhqz,2026-08-03 13:46:32.568Z,adc82731fb3dc1de
tdq6uk3ovbaqz1z,proposal_view,2026-08-03 13:46:36.581Z,,2026-08-03 13:46:36.555Z,0w3z1e5u1y1d83t,,rcjsk2waeqw14pm,2026-08-03 13:46:36.581Z,adc82731fb3dc1de
nhe46pazu3wmwx7,proposal_view,2026-08-03 13:46:39.718Z,,2026-08-03 13:46:39.692Z,0w3z1e5u1y1d83t,,ag1c4yqxa4oe2w4,2026-08-03 13:46:39.718Z,adc82731fb3dc1de
kdzssbehaeesks3,proposal_view,2026-08-03 13:46:42.054Z,,2026-08-03 13:46:42.022Z,0w3z1e5u1y1d83t,,5ts5a0oatsjtetw,2026-08-03 13:46:42.054Z,adc82731fb3dc1de
l9cylnav5ddzmha,tab_switch,2026-08-03 13:47:23.595Z,"{""state"": ""visible""}",2026-08-03 13:47:23.517Z,,,,2026-08-03 13:47:23.595Z,adc82731fb3dc1de
n5i9167uhs1w0jb,proposal_view,2026-08-03 13:47:26.729Z,,2026-08-03 13:47:26.695Z,0w3z1e5u1y1d83t,,i6o7tfr2opn951e,2026-08-03 13:47:26.729Z,adc82731fb3dc1de
ovl0hc4efblcz3y,proposal_view,2026-08-03 13:47:48.783Z,,2026-08-03 13:47:48.752Z,0w3z1e5u1y1d83t,,5ts5a0oatsjtetw,2026-08-03 13:47:48.783Z,adc82731fb3dc1de
581i9gjd1kkvwrw,tab_switch,2026-08-03 13:48:02.254Z,"{""state"": ""visible""}",2026-08-03 13:48:02.190Z,,,,2026-08-03 13:48:02.254Z,adc82731fb3dc1de
yl22a85f9kt9lk8,proposal_view,2026-08-03 13:48:41.835Z,,2026-08-03 13:48:41.795Z,0w3z1e5u1y1d83t,,i6o7tfr2opn951e,2026-08-03 13:48:41.835Z,adc82731fb3dc1de
omrsdgfs6zkcp3n,proposal_view,2026-08-03 13:48:43.087Z,,2026-08-03 13:48:43.057Z,0w3z1e5u1y1d83t,,5ts5a0oatsjtetw,2026-08-03 13:48:43.087Z,adc82731fb3dc1de
z0zzloxtcti1wql,proposal_view,2026-08-03 13:48:43.915Z,,2026-08-03 13:48:43.885Z,0w3z1e5u1y1d83t,,ag1c4yqxa4oe2w4,2026-08-03 13:48:43.915Z,adc82731fb3dc1de
woz8dyy3uqrxn88,proposal_view,2026-08-03 13:48:44.679Z,,2026-08-03 13:48:44.652Z,0w3z1e5u1y1d83t,,rcjsk2waeqw14pm,2026-08-03 13:48:44.679Z,adc82731fb3dc1de
bzdxneaaz3wwjyp,proposal_view,2026-08-03 13:48:45.381Z,,2026-08-03 13:48:45.350Z,0w3z1e5u1y1d83t,,tbzg254knicrhqz,2026-08-03 13:48:45.381Z,adc82731fb3dc1de
joarmbvtm81gt99,proposal_view,2026-08-03 13:48:45.965Z,,2026-08-03 13:48:45.933Z,0w3z1e5u1y1d83t,,rcjsk2waeqw14pm,2026-08-03 13:48:45.965Z,adc82731fb3dc1de
8fyn693emk8ld08,proposal_view,2026-08-03 13:48:47.125Z,,2026-08-03 13:48:47.096Z,0w3z1e5u1y1d83t,,tbzg254knicrhqz,2026-08-03 13:48:47.125Z,adc82731fb3dc1de
174cyjkizf37fyw,proposal_view,2026-08-03 13:48:47.841Z,,2026-08-03 13:48:47.810Z,0w3z1e5u1y1d83t,,rcjsk2waeqw14pm,2026-08-03 13:48:47.841Z,adc82731fb3dc1de
69wl5yo754ts6pz,proposal_view,2026-08-03 13:48:48.591Z,,2026-08-03 13:48:48.563Z,0w3z1e5u1y1d83t,,tbzg254knicrhqz,2026-08-03 13:48:48.591Z,adc82731fb3dc1de
5m7g6bsoeggkt6j,proposal_view,2026-08-03 13:48:49.353Z,,2026-08-03 13:48:49.321Z,0w3z1e5u1y1d83t,,i6o7tfr2opn951e,2026-08-03 13:48:49.353Z,adc82731fb3dc1de
1qnnsg4hsjjwsxv,proposal_view,2026-08-03 13:48:56.526Z,,2026-08-03 13:48:56.493Z,0w3z1e5u1y1d83t,,f2zfx98durbtu6y,2026-08-03 13:48:56.526Z,adc82731fb3dc1de
8mayv7qnr55mtpl,tab_switch,2026-08-03 13:49:38.004Z,"{""state"": ""visible""}",2026-08-03 13:49:37.926Z,,,,2026-08-03 13:49:38.004Z,adc82731fb3dc1de
sg1342n3obyy6ae,proposal_view,2026-08-03 13:49:45.208Z,,2026-08-03 13:49:45.172Z,0w3z1e5u1y1d83t,,ppkkg16jlpylazv,2026-08-03 13:49:45.208Z,adc82731fb3dc1de
drk29w1vdke7vgh,proposal_view,2026-08-03 13:49:50.217Z,,2026-08-03 13:49:50.189Z,0w3z1e5u1y1d83t,,f2zfx98durbtu6y,2026-08-03 13:49:50.217Z,adc82731fb3dc1de
6g24h14n12iz5qu,proposal_view,2026-08-03 13:50:18.461Z,,2026-08-03 13:50:18.424Z,0w3z1e5u1y1d83t,,kfb0ib2gefppy6l,2026-08-03 13:50:18.461Z,adc82731fb3dc1de
g4eopwxwr0uulej,tab_switch,2026-08-03 13:50:39.928Z,"{""state"": ""visible""}",2026-08-03 13:50:39.848Z,,,,2026-08-03 13:50:39.928Z,adc82731fb3dc1de
yff9khgz483pf8o,page_view,2026-08-03 13:51:14.264Z,"{""from"": ""/questions/0w3z1e5u1y1d83t/proposals/ideas"", ""to"": ""/questions/0w3z1e5u1y1d83t/proposals/new""}",2026-08-03 13:51:14.236Z,0w3z1e5u1y1d83t,,,2026-08-03 13:51:14.264Z,adc82731fb3dc1de
ng8ym5uur1yrr5x,tab_switch,2026-08-03 13:53:29.451Z,"{""state"": ""visible""}",2026-08-03 13:53:29.363Z,,,,2026-08-03 13:53:29.451Z,adc82731fb3dc1de
6n62i4gil8qmfkf,tab_switch,2026-08-03 14:12:03.993Z,"{""state"": ""visible""}",2026-08-03 14:12:03.162Z,,,,2026-08-03 14:12:03.993Z,adc82731fb3dc1de
u9515hr28c4ne50,page_view,2026-08-03 14:12:06.716Z,"{""from"": ""/questions/0w3z1e5u1y1d83t/proposals/new"", ""to"": ""/questions/0w3z1e5u1y1d83t/proposals/ideas""}",2026-08-03 14:12:05.921Z,0w3z1e5u1y1d83t,,,2026-08-03 14:12:06.716Z,adc82731fb3dc1de
4oghldjru17t0p9,page_view,2026-08-03 14:12:10.674Z,"{""from"": ""/questions/0w3z1e5u1y1d83t/proposals/ideas"", ""to"": ""/questions/0w3z1e5u1y1d83t/proposals/question""}",2026-08-03 14:12:09.873Z,0w3z1e5u1y1d83t,,,2026-08-03 14:12:10.674Z,adc82731fb3dc1de
62b7il1ibwalisk,proposal_view,2026-08-03 14:12:41.617Z,,2026-08-03 14:12:40.816Z,0w3z1e5u1y1d83t,,l5sqzdyfozw6267,2026-08-03 14:12:41.617Z,adc82731fb3dc1de
pr9n4y8b1pymmwt,tab_switch,2026-08-03 14:13:17.360Z,"{""state"": ""visible""}",2026-08-03 14:13:16.502Z,,,,2026-08-03 14:13:17.360Z,adc82731fb3dc1de
gzg869xjkcdsle8,proposal_view,2026-08-03 14:13:35.412Z,,2026-08-03 14:13:34.604Z,0w3z1e5u1y1d83t,,spcuyp6qr3y1eq6,2026-08-03 14:13:35.412Z,adc82731fb3dc1de
i2fw2poxey3niua,page_view,2026-08-03 14:13:54.279Z,"{""from"": ""/questions/0w3z1e5u1y1d83t/proposals/ballot"", ""to"": ""/questions/0w3z1e5u1y1d83t/proposals/question""}",2026-08-03 14:13:53.480Z,0w3z1e5u1y1d83t,,,2026-08-03 14:13:54.279Z,adc82731fb3dc1de
85gdyfz3zaqnwi4,page_view,2026-08-03 14:14:06.784Z,"{""from"": ""/questions/0w3z1e5u1y1d83t/proposals/question"", ""to"": ""/groups/v0e99klwn3wg6qe""}",2026-08-03 14:14:05.988Z,0w3z1e5u1y1d83t,,,2026-08-03 14:14:06.784Z,adc82731fb3dc1de
mb013s1hj3eji7d,page_view,2026-08-03 14:14:27.251Z,"{""from"": ""/groups/v0e99klwn3wg6qe"", ""to"": ""/questions/0w3z1e5u1y1d83t/proposals/question""}",2026-08-03 14:14:26.452Z,0w3z1e5u1y1d83t,,,2026-08-03 14:14:27.251Z,adc82731fb3dc1de
xibw90rmax7e77v,page_view,2026-08-03 14:14:40.798Z,"{""from"": ""/questions/0w3z1e5u1y1d83t/proposals/question"", ""to"": ""/questions/0w3z1e5u1y1d83t/proposals/ideas""}",2026-08-03 14:14:39.997Z,0w3z1e5u1y1d83t,,,2026-08-03 14:14:40.798Z,adc82731fb3dc1de
je2k56bxerr64mz,feed_filter_change,2026-08-03 14:14:50.027Z,"{""feedTab"": ""all"", ""selectedLabelId"": null, ""sortMode"": ""Newest""}",2026-08-03 14:14:49.222Z,,,,2026-08-03 14:14:50.027Z,adc82731fb3dc1de
1fff2q5v2gx5d2f,feed_filter_change,2026-08-03 14:14:57.856Z,"{""feedTab"": ""hidden"", ""selectedLabelId"": null, ""sortMode"": ""Newest""}",2026-08-03 14:14:57.055Z,,,,2026-08-03 14:14:57.856Z,adc82731fb3dc1de
gksh4qcma7c68r9,feed_filter_change,2026-08-03 14:15:00.117Z,"{""feedTab"": ""all"", ""selectedLabelId"": null, ""sortMode"": ""Newest""}",2026-08-03 14:14:59.319Z,,,,2026-08-03 14:15:00.117Z,adc82731fb3dc1de
58w8hjostvfoekx,proposal_view,2026-08-03 14:15:31.204Z,,2026-08-03 14:15:30.397Z,0w3z1e5u1y1d83t,,kfb0ib2gefppy6l,2026-08-03 14:15:31.204Z,adc82731fb3dc1de
jxw9fzq9nyregjg,page_view,2026-08-03 14:15:43.313Z,"{""from"": ""/questions/0w3z1e5u1y1d83t/proposals/ideas"", ""to"": ""/questions/0w3z1e5u1y1d83t/proposals/new""}",2026-08-03 14:15:42.512Z,0w3z1e5u1y1d83t,,,2026-08-03 14:15:43.313Z,adc82731fb3dc1de
s5wt1bco75mpwo3,tab_switch,2026-08-03 14:29:12.377Z,"{""state"": ""visible""}",2026-08-03 14:29:12.326Z,,,,2026-08-03 14:29:12.377Z,adc82731fb3dc1de
2zli1a7txwceltg,tab_switch,2026-08-03 14:30:37.986Z,"{""state"": ""visible""}",2026-08-03 14:30:37.936Z,,,,2026-08-03 14:30:37.986Z,adc82731fb3dc1de
0jsec88k28ky4gm,tab_switch,2026-08-03 14:31:29.140Z,"{""state"": ""visible""}",2026-08-03 14:31:29.087Z,,,,2026-08-03 14:31:29.140Z,adc82731fb3dc1de
o8xtame1ii7y2vk,subscribe,2026-08-03 14:31:37.122Z,,2026-08-03 14:31:37.121Z,0w3z1e5u1y1d83t,,n9fuozjh7xq5vuy,2026-08-03 14:31:37.122Z,adc82731fb3dc1de
uwiaqyf1umei6zl,create_idea,2026-08-03 14:31:37.126Z,,2026-08-03 14:31:37.117Z,0w3z1e5u1y1d83t,,n9fuozjh7xq5vuy,2026-08-03 14:31:37.126Z,adc82731fb3dc1de
sixia2d60bgo0cw,create_label,2026-08-03 14:31:37.128Z,"{""label_name"": ""Lieferung""}",2026-08-03 14:31:37.117Z,0w3z1e5u1y1d83t,,j2vlg7z03d40l8v,2026-08-03 14:31:37.128Z,adc82731fb3dc1de
y7i30od1p9a5hzi,proposal_view,2026-08-03 14:31:37.296Z,,2026-08-03 14:31:37.273Z,0w3z1e5u1y1d83t,,n9fuozjh7xq5vuy,2026-08-03 14:31:37.296Z,adc82731fb3dc1de
68ofehbddyetaug,proposal_view,2026-08-03 14:31:37.303Z,,2026-08-03 14:31:37.290Z,0w3z1e5u1y1d83t,,n9fuozjh7xq5vuy,2026-08-03 14:31:37.303Z,adc82731fb3dc1de
7ig740j13wuz54o,page_view,2026-08-03 14:31:37.338Z,"{""from"": ""/questions/0w3z1e5u1y1d83t/proposals/new"", ""to"": ""/questions/0w3z1e5u1y1d83t/proposals/n9fuozjh7xq5vuy""}",2026-08-03 14:31:37.325Z,0w3z1e5u1y1d83t,,,2026-08-03 14:31:37.338Z,adc82731fb3dc1de
1w1fko7gpevcb68,page_view,2026-08-03 14:32:06.126Z,"{""from"": ""/questions/0w3z1e5u1y1d83t/proposals/new"", ""to"": ""/questions/0w3z1e5u1y1d83t/proposals/ideas""}",2026-08-03 14:32:06.107Z,0w3z1e5u1y1d83t,,,2026-08-03 14:32:06.126Z,adc82731fb3dc1de
pmp1msbodcg07e6,tab_switch,2026-08-03 15:35:11.506Z,"{""state"": ""visible""}",2026-08-03 15:35:11.236Z,,,,2026-08-03 15:35:11.506Z,407be8b01d4ce342
0vpuwhotov3ubmk,page_view,2026-08-03 15:35:17.390Z,"{""from"": ""/de/questions/0w3z1e5u1y1d83t/proposals/subscriptions"", ""to"": ""/de/questions/0w3z1e5u1y1d83t/proposals/question""}",2026-08-03 15:35:17.294Z,0w3z1e5u1y1d83t,,,2026-08-03 15:35:17.390Z,407be8b01d4ce342
7ss9otrred03w2q,page_view,2026-08-03 15:35:18.184Z,"{""from"": ""/de/questions/0w3z1e5u1y1d83t/proposals/question"", ""to"": ""/de/questions/0w3z1e5u1y1d83t/proposals/question""}",2026-08-03 15:35:18.063Z,0w3z1e5u1y1d83t,,,2026-08-03 15:35:18.184Z,407be8b01d4ce342
9l8c8m1ozakpzte,page_view,2026-08-03 15:35:20.145Z,"{""from"": ""/de/questions/0w3z1e5u1y1d83t/proposals/question"", ""to"": ""/de/questions/0w3z1e5u1y1d83t/proposals/ideas""}",2026-08-03 15:35:20.029Z,0w3z1e5u1y1d83t,,,2026-08-03 15:35:20.145Z,407be8b01d4ce342
97rp94if8wbykrx,page_view,2026-08-03 15:35:25.579Z,"{""from"": ""/de/questions/0w3z1e5u1y1d83t/proposals/ideas"", ""to"": ""/de/questions/0w3z1e5u1y1d83t/proposals/question""}",2026-08-03 15:35:25.489Z,0w3z1e5u1y1d83t,,,2026-08-03 15:35:25.579Z,407be8b01d4ce342
w6vi1oa6fqhvqif,proposal_view,2026-08-03 15:35:57.873Z,,2026-08-03 15:35:57.778Z,0w3z1e5u1y1d83t,,spcuyp6qr3y1eq6,2026-08-03 15:35:57.873Z,407be8b01d4ce342
qvoyndssz411xhc,session_start,2026-08-03 16:43:02.199Z,"{""isMobile"": true, ""screenHeight"": 647, ""screenWidth"": 375, ""userAgent"": ""Mozilla/5.0 (iPhone; CPU iPhone OS 18_7 like Mac OS X) AppleWebKit/605.1.15 (KHTML, like Gecko) Version/26.5.2 Mobile/15E148 Safari/604.1""}",2026-08-03 16:43:02.179Z,,,,2026-08-03 16:43:02.199Z,407be8b01d4ce342
7twvpbt70p1w8pf,page_view,2026-08-03 16:43:02.202Z,"{""to"": ""/de/discourse""}",2026-08-03 16:43:02.183Z,,,,2026-08-03 16:43:02.202Z,407be8b01d4ce342
9u8vl5f1hl13w0p,page_view,2026-08-03 16:43:04.374Z,"{""from"": ""/de/discourse"", ""to"": ""/de/questions/0w3z1e5u1y1d83t/proposals/question""}",2026-08-03 16:43:04.360Z,0w3z1e5u1y1d83t,,,2026-08-03 16:43:04.374Z,407be8b01d4ce342
20w8icqsnem8saz,feed_filter_change,2026-08-03 16:43:06.224Z,"{""feedTab"": ""foryou"", ""selectedLabelId"": null, ""sortMode"": ""Newest""}",2026-08-03 16:43:06.205Z,,,,2026-08-03 16:43:06.224Z,407be8b01d4ce342
uj3rj9l60o308zw,page_view,2026-08-03 16:43:06.234Z,"{""from"": ""/de/questions/0w3z1e5u1y1d83t/proposals/question"", ""to"": ""/de/questions/0w3z1e5u1y1d83t/proposals/ideas""}",2026-08-03 16:43:06.213Z,0w3z1e5u1y1d83t,,,2026-08-03 16:43:06.234Z,407be8b01d4ce342
lkmxt1ecj1q1j2p,page_view,2026-08-03 16:43:07.103Z,"{""from"": ""/de/questions/0w3z1e5u1y1d83t/proposals/ideas"", ""to"": ""/de/questions/0w3z1e5u1y1d83t/proposals/ideas""}",2026-08-03 16:43:07.082Z,0w3z1e5u1y1d83t,,,2026-08-03 16:43:07.103Z,407be8b01d4ce342
cj5gdpx3xv4ihua,push_notification_click,2026-08-03 19:06:29.991Z,"{""event_type"": ""phase_change"", ""title"": ""Bald geschlossen \u23f3"", ""url"": ""/questions/0w3z1e5u1y1d83t/proposals/question""}",2026-08-03 19:06:29.988Z,,,go77snikpyuztsh,2026-08-03 19:06:29.991Z,563eab35510dcae3
hhe35lv086c7mla,session_start,2026-08-03 19:06:30.648Z,"{""isMobile"": true, ""screenHeight"": 635, ""screenWidth"": 360, ""userAgent"": ""Mozilla/5.0 (Android 16; Mobile; rv:153.0) Gecko/153.0 Firefox/153.0""}",2026-08-03 19:06:30.662Z,,,,2026-08-03 19:06:30.648Z,563eab35510dcae3
4u07yvyjo62rrp5,page_view,2026-08-03 19:06:30.654Z,"{""to"": ""/de/questions/0w3z1e5u1y1d83t/proposals/question""}",2026-08-03 19:06:30.663Z,0w3z1e5u1y1d83t,,,2026-08-03 19:06:30.654Z,563eab35510dcae3
bjl11h461ii1gl7,push_notification_click,2026-08-03 19:06:30.668Z,"{""event_type"": ""phase_change"", ""title"": ""Bald geschlossen \u23f3"", ""url"": ""/questions/0w3z1e5u1y1d83t/proposals/question""}",2026-08-03 19:06:30.666Z,,,go77snikpyuztsh,2026-08-03 19:06:30.668Z,563eab35510dcae3
cyjgkd92jdyb0e7,session_start,2026-08-03 20:59:57.808Z,"{""isMobile"": true, ""screenHeight"": 647, ""screenWidth"": 375, ""userAgent"": ""Mozilla/5.0 (iPhone; CPU iPhone OS 18_7 like Mac OS X) AppleWebKit/605.1.15 (KHTML, like Gecko) Version/26.5.2 Mobile/15E148 Safari/604.1""}",2026-08-03 20:59:57.823Z,,,,2026-08-03 20:59:57.808Z,407be8b01d4ce342
r4x98vi3jei573w,page_view,2026-08-03 20:59:57.816Z,"{""to"": ""/de/discourse""}",2026-08-03 20:59:57.826Z,,,,2026-08-03 20:59:57.816Z,407be8b01d4ce342
t510qdgi5yd47hz,page_view,2026-08-03 20:59:59.896Z,"{""from"": ""/de/discourse"", ""to"": ""/de/questions/0w3z1e5u1y1d83t/proposals/question""}",2026-08-03 20:59:59.915Z,0w3z1e5u1y1d83t,,,2026-08-03 20:59:59.896Z,407be8b01d4ce342
w1v4mztvztgnzjp,tab_switch,2026-08-03 21:00:10.108Z,"{""state"": ""visible""}",2026-08-03 21:00:09.915Z,,,,2026-08-03 21:00:10.108Z,407be8b01d4ce342
bprppet5a7h27km,page_view,2026-08-03 21:00:19.014Z,"{""from"": ""/de/questions/0w3z1e5u1y1d83t/proposals/ballot"", ""to"": ""/de/questions/0w3z1e5u1y1d83t/proposals/question""}",2026-08-03 21:00:19.027Z,0w3z1e5u1y1d83t,,,2026-08-03 21:00:19.014Z,407be8b01d4ce342
5tei04cmy5acjsz,notification_panel_open,2026-08-03 21:00:28.242Z,"{""unread_count"": 1}",2026-08-03 21:00:28.255Z,,,,2026-08-03 21:00:28.242Z,407be8b01d4ce342
58n3dfi3m77mqh3,notification_panel_open,2026-08-03 21:00:34.280Z,"{""unread_count"": 0}",2026-08-03 21:00:34.281Z,,,,2026-08-03 21:00:34.280Z,407be8b01d4ce342
7kxer2p1hhoki5g,notification_panel_click,2026-08-03 21:00:34.291Z,"{""event_type"": ""phase_change"", ""title"": ""Bald geschlossen \u23f3"", ""url"": ""/questions/0w3z1e5u1y1d83t/proposals/question""}",2026-08-03 21:00:34.289Z,,,dezbgk1rr0dqvtp,2026-08-03 21:00:34.291Z,407be8b01d4ce342
frpf74ld8tvopyd,page_view,2026-08-03 21:00:34.449Z,"{""from"": ""/de/questions/0w3z1e5u1y1d83t/proposals/ballot"", ""to"": ""/de/questions/0w3z1e5u1y1d83t/proposals/question""}",2026-08-03 21:00:34.454Z,0w3z1e5u1y1d83t,,,2026-08-03 21:00:34.449Z,407be8b01d4ce342
so7x5ozzfbztuk3,page_view,2026-08-04 06:59:59.374Z,"{""to"": ""/de/discourse""}",2026-08-04 06:59:59.331Z,,,,2026-08-04 06:59:59.374Z,407be8b01d4ce342
bv0bdoljka5n09u,session_start,2026-08-04 06:59:59.376Z,"{""isMobile"": true, ""screenHeight"": 647, ""screenWidth"": 375, ""userAgent"": ""Mozilla/5.0 (iPhone; CPU iPhone OS 18_7 like Mac OS X) AppleWebKit/605.1.15 (KHTML, like Gecko) Version/26.5.2 Mobile/15E148 Safari/604.1""}",2026-08-04 06:59:59.327Z,,,,2026-08-04 06:59:59.376Z,407be8b01d4ce342
o1qh7rwrnl41xpx,page_view,2026-08-04 07:00:00.835Z,"{""from"": ""/de/discourse"", ""to"": ""/de/questions/0w3z1e5u1y1d83t/proposals/question""}",2026-08-04 07:00:00.795Z,0w3z1e5u1y1d83t,,,2026-08-04 07:00:00.835Z,407be8b01d4ce342
aj1jsytrbz4k688,page_view,2026-08-04 07:53:45.517Z,"{""from"": ""/de/login"", ""to"": ""/de/discourse""}",2026-08-04 07:53:47.150Z,,,,2026-08-04 07:53:45.517Z,b003312e6c38c8a5
k00dtu1r3bsxbkx,page_view,2026-08-04 07:53:53.965Z,"{""from"": ""/de/discourse"", ""to"": ""/de/questions/0w3z1e5u1y1d83t/proposals/question""}",2026-08-04 07:53:55.600Z,0w3z1e5u1y1d83t,,,2026-08-04 07:53:53.965Z,b003312e6c38c8a5
j7vm7anmsv4vhcp,page_view,2026-08-04 07:54:00.588Z,"{""from"": ""/de/questions/0w3z1e5u1y1d83t/proposals/question"", ""to"": ""/de/questions/0w3z1e5u1y1d83t/proposals/focus""}",2026-08-04 07:54:02.221Z,0w3z1e5u1y1d83t,,,2026-08-04 07:54:00.588Z,b003312e6c38c8a5
aij1qmcu9ppdiaj,page_view,2026-08-04 07:54:04.476Z,"{""from"": ""/de/questions/0w3z1e5u1y1d83t/proposals/focus"", ""to"": ""/de/questions/0w3z1e5u1y1d83t/proposals/question""}",2026-08-04 07:54:06.110Z,0w3z1e5u1y1d83t,,,2026-08-04 07:54:04.476Z,b003312e6c38c8a5
u2yl1vgtb1wksiz,page_view,2026-08-04 07:54:05.683Z,"{""from"": ""/de/questions/0w3z1e5u1y1d83t/proposals/question"", ""to"": ""/de/questions/0w3z1e5u1y1d83t/proposals/focus""}",2026-08-04 07:54:07.307Z,0w3z1e5u1y1d83t,,,2026-08-04 07:54:05.683Z,b003312e6c38c8a5
4lqm9jt3shilf4p,page_view,2026-08-04 07:54:50.712Z,"{""from"": ""/de/login"", ""to"": ""/de/discourse""}",2026-08-04 07:54:52.346Z,,,,2026-08-04 07:54:50.712Z,b003312e6c38c8a5
dybplz5rx1gne6p,page_view,2026-08-04 07:54:52.588Z,"{""from"": ""/de/discourse"", ""to"": ""/de/questions/0w3z1e5u1y1d83t/proposals/question""}",2026-08-04 07:54:54.224Z,0w3z1e5u1y1d83t,,,2026-08-04 07:54:52.588Z,b003312e6c38c8a5
q0qm559h1vc3cdo,page_view,2026-08-04 07:54:58.875Z,"{""from"": ""/de/questions/0w3z1e5u1y1d83t/proposals/question"", ""to"": ""/de/questions/0w3z1e5u1y1d83t/proposals/focus""}",2026-08-04 07:55:00.501Z,0w3z1e5u1y1d83t,,,2026-08-04 07:54:58.875Z,b003312e6c38c8a5
l1w1vebt9bcal4c,page_view,2026-08-04 07:57:54.462Z,"{""from"": ""/de/login"", ""to"": ""/de/discourse""}",2026-08-04 07:57:56.101Z,,,,2026-08-04 07:57:54.462Z,b003312e6c38c8a5
erri9et4gom098o,page_view,2026-08-04 07:57:56.135Z,"{""from"": ""/de/discourse"", ""to"": ""/de/questions/0w3z1e5u1y1d83t/proposals/question""}",2026-08-04 07:57:57.775Z,0w3z1e5u1y1d83t,,,2026-08-04 07:57:56.135Z,b003312e6c38c8a5
0pg0jwj3ejf6nh0,page_view,2026-08-04 07:58:05.522Z,"{""from"": ""/de/questions/0w3z1e5u1y1d83t/proposals/question"", ""to"": ""/de/questions/0w3z1e5u1y1d83t/proposals/focus""}",2026-08-04 07:58:07.157Z,0w3z1e5u1y1d83t,,,2026-08-04 07:58:05.522Z,b003312e6c38c8a5
qrrv8jes27vum7m,page_view,2026-08-04 08:39:25.287Z,"{""to"": ""/discourse""}",2026-08-04 08:39:25.236Z,,,,2026-08-04 08:39:25.287Z,3e36e627a64bac27
eyo1z987jpb7s5o,session_start,2026-08-04 08:39:25.289Z,"{""isMobile"": true, ""screenHeight"": 812, ""screenWidth"": 402, ""userAgent"": ""Mozilla/5.0 (iPhone; CPU iPhone OS 18_7 like Mac OS X) AppleWebKit/605.1.15 (KHTML, like Gecko) Version/18.7.5 Mobile/15E148 Safari/604.1""}",2026-08-04 08:39:25.233Z,,,,2026-08-04 08:39:25.289Z,3e36e627a64bac27
30jrc18syt4ylmr,page_view,2026-08-04 08:39:32.242Z,"{""from"": ""/discourse"", ""to"": ""/questions/0w3z1e5u1y1d83t/proposals/question""}",2026-08-04 08:39:32.154Z,0w3z1e5u1y1d83t,,,2026-08-04 08:39:32.242Z,3e36e627a64bac27
szeupiespjttnxd,proposal_view,2026-08-04 08:40:36.766Z,,2026-08-04 08:40:36.711Z,0w3z1e5u1y1d83t,,5ts5a0oatsjtetw,2026-08-04 08:40:36.766Z,3e36e627a64bac27
2gj6cmvopjdd3fm,proposal_view,2026-08-04 08:40:44.436Z,,2026-08-04 08:40:44.377Z,0w3z1e5u1y1d83t,,ag1c4yqxa4oe2w4,2026-08-04 08:40:44.436Z,3e36e627a64bac27
t1jeeirzayl7828,proposal_view,2026-08-04 08:41:06.690Z,,2026-08-04 08:41:06.629Z,0w3z1e5u1y1d83t,,5ts5a0oatsjtetw,2026-08-04 08:41:06.690Z,3e36e627a64bac27
qz5f6du94k4dewg,proposal_view,2026-08-04 08:41:23.681Z,,2026-08-04 08:41:23.621Z,0w3z1e5u1y1d83t,,spcuyp6qr3y1eq6,2026-08-04 08:41:23.681Z,3e36e627a64bac27
i84lngw2vtq1vna,tab_switch,2026-08-04 08:46:49.624Z,"{""state"": ""visible""}",2026-08-04 08:46:49.426Z,,,,2026-08-04 08:46:49.624Z,3e36e627a64bac27
uwmwi36xva5r8cu,page_view,2026-08-04 09:31:30.055Z,"{""from"": ""/de/login"", ""to"": ""/de/discourse""}",2026-08-04 09:31:30.177Z,,,,2026-08-04 09:31:30.055Z,b003312e6c38c8a5
pr1cjqhxif9ygqk,page_view,2026-08-04 09:31:35.386Z,"{""from"": ""/de/discourse"", ""to"": ""/de/questions/0w3z1e5u1y1d83t/proposals/question""}",2026-08-04 09:31:35.506Z,0w3z1e5u1y1d83t,,,2026-08-04 09:31:35.386Z,b003312e6c38c8a5
7c23ldwxf5znfgd,proposal_view,2026-08-04 09:31:43.155Z,,2026-08-04 09:31:43.269Z,0w3z1e5u1y1d83t,,ppkkg16jlpylazv,2026-08-04 09:31:43.155Z,b003312e6c38c8a5
7zbyx6ovqtk80j5,page_view,2026-08-04 09:31:59.523Z,"{""from"": ""/de/questions/0w3z1e5u1y1d83t/proposals/question"", ""to"": ""/de/questions/0w3z1e5u1y1d83t/proposals/focus""}",2026-08-04 09:31:59.534Z,0w3z1e5u1y1d83t,,,2026-08-04 09:31:59.523Z,b003312e6c38c8a5
3vspe1xv80s4g1r,session_start,2026-08-04 10:28:58.341Z,"{""isMobile"": true, ""screenHeight"": 647, ""screenWidth"": 375, ""userAgent"": ""Mozilla/5.0 (iPhone; CPU iPhone OS 18_7 like Mac OS X) AppleWebKit/605.1.15 (KHTML, like Gecko) Version/26.5.2 Mobile/15E148 Safari/604.1""}",2026-08-04 10:28:58.306Z,,,,2026-08-04 10:28:58.341Z,407be8b01d4ce342
jlnatkycqo2tj6i,page_view,2026-08-04 10:28:58.346Z,"{""to"": ""/de/discourse""}",2026-08-04 10:28:58.311Z,,,,2026-08-04 10:28:58.346Z,407be8b01d4ce342
2p42pip5jcb6zu8,page_view,2026-08-04 10:28:59.883Z,"{""from"": ""/de/discourse"", ""to"": ""/de/questions/0w3z1e5u1y1d83t/proposals/question""}",2026-08-04 10:28:59.856Z,0w3z1e5u1y1d83t,,,2026-08-04 10:28:59.883Z,407be8b01d4ce342
5kb2cywpa9uj9eg,tab_switch,2026-08-04 10:34:16.479Z,"{""state"": ""visible""}",2026-08-04 10:34:14.939Z,,,,2026-08-04 10:34:16.479Z,407be8b01d4ce342
f8slyjy1gvtyfa7,tab_switch,2026-08-04 10:35:40.219Z,"{""state"": ""visible""}",2026-08-04 10:35:39.896Z,,,,2026-08-04 10:35:40.219Z,407be8b01d4ce342
qg3psckyje2elaj,tab_switch,2026-08-04 10:36:55.600Z,"{""state"": ""visible""}",2026-08-04 10:36:55.417Z,,,,2026-08-04 10:36:55.600Z,407be8b01d4ce342
h0pr0w9kvs39noh,tab_switch,2026-08-04 10:53:07.711Z,"{""state"": ""visible""}",2026-08-04 10:53:07.541Z,,,,2026-08-04 10:53:07.711Z,407be8b01d4ce342
16b1nhevth6lv0p,tab_switch,2026-08-04 10:54:38.617Z,"{""state"": ""visible""}",2026-08-04 10:54:38.426Z,,,,2026-08-04 10:54:38.617Z,407be8b01d4ce342
5lx1pqy0wsojxat,tab_switch,2026-08-04 11:14:36.871Z,"{""state"": ""visible""}",2026-08-04 11:14:36.672Z,,,,2026-08-04 11:14:36.871Z,407be8b01d4ce342
vid56sx8nwvdiwm,tab_switch,2026-08-04 12:00:22.562Z,"{""state"": ""visible""}",2026-08-04 12:00:22.165Z,,,,2026-08-04 12:00:22.562Z,407be8b01d4ce342
ra2temof16ytpxv,page_view,2026-08-04 12:00:25.476Z,"{""from"": ""/de/questions/0w3z1e5u1y1d83t/proposals/ballot"", ""to"": ""/de/questions/0w3z1e5u1y1d83t/proposals/question""}",2026-08-04 12:00:25.395Z,0w3z1e5u1y1d83t,,,2026-08-04 12:00:25.476Z,407be8b01d4ce342
ezamq3n2zpej8hb,page_view,2026-08-04 12:00:36.769Z,"{""from"": ""/de/questions/0w3z1e5u1y1d83t/proposals/ballot"", ""to"": ""/de/questions/0w3z1e5u1y1d83t/proposals/question""}",2026-08-04 12:00:36.690Z,0w3z1e5u1y1d83t,,,2026-08-04 12:00:36.769Z,407be8b01d4ce342
osr6flmubg6pi95,page_view,2026-08-04 12:00:38.474Z,"{""from"": ""/de/questions/0w3z1e5u1y1d83t/proposals/question"", ""to"": ""/de/discourse""}",2026-08-04 12:00:38.397Z,0w3z1e5u1y1d83t,,,2026-08-04 12:00:38.474Z,407be8b01d4ce342
xo3qjvtwq8b8nxa,page_view,2026-08-04 12:00:51.268Z,"{""from"": ""/de/discourse"", ""to"": ""/de/questions/0w3z1e5u1y1d83t/proposals/question""}",2026-08-04 12:00:51.075Z,0w3z1e5u1y1d83t,,,2026-08-04 12:00:51.268Z,407be8b01d4ce342
w2gkm17u08t8qhj,tab_switch,2026-08-04 12:03:58.866Z,"{""state"": ""visible""}",2026-08-04 12:03:58.309Z,,,,2026-08-04 12:03:58.866Z,407be8b01d4ce342
cdxg911dxgsk9xl,page_view,2026-08-04 12:04:00.999Z,"{""from"": ""/de/questions/0w3z1e5u1y1d83t/proposals/ballot"", ""to"": ""/de/questions/0w3z1e5u1y1d83t/proposals/question""}",2026-08-04 12:04:00.916Z,0w3z1e5u1y1d83t,,,2026-08-04 12:04:00.999Z,407be8b01d4ce342
x29cktwpff34ttg,page_view,2026-08-04 12:04:01.619Z,"{""from"": ""/de/questions/0w3z1e5u1y1d83t/proposals/question"", ""to"": ""/de/discourse""}",2026-08-04 12:04:01.538Z,0w3z1e5u1y1d83t,,,2026-08-04 12:04:01.619Z,407be8b01d4ce342
4gdnkirmj9587rg,session_start,2026-08-04 12:04:06.678Z,"{""isMobile"": true, ""screenHeight"": 647, ""screenWidth"": 375, ""userAgent"": ""Mozilla/5.0 (iPhone; CPU iPhone OS 18_7 like Mac OS X) AppleWebKit/605.1.15 (KHTML, like Gecko) Version/26.5.2 Mobile/15E148 Safari/604.1""}",2026-08-04 12:04:06.596Z,,,,2026-08-04 12:04:06.678Z,407be8b01d4ce342
0sa4cb6q84ngqdo,page_view,2026-08-04 12:04:06.681Z,"{""to"": ""/de/discourse""}",2026-08-04 12:04:06.597Z,,,,2026-08-04 12:04:06.681Z,407be8b01d4ce342
29e96nbj74p1hpk,page_view,2026-08-04 12:04:08.185Z,"{""from"": ""/de/discourse"", ""to"": ""/de/questions/0w3z1e5u1y1d83t/proposals/question""}",2026-08-04 12:04:08.106Z,0w3z1e5u1y1d83t,,,2026-08-04 12:04:08.185Z,407be8b01d4ce342
e7mkz9h07pmkfvt,feed_filter_change,2026-08-04 12:04:09.750Z,"{""selectedLabelId"": null, ""sortMode"": ""Newest""}",2026-08-04 12:04:09.671Z,,,,2026-08-04 12:04:09.750Z,407be8b01d4ce342
nk7p8dorvdlviff,page_view,2026-08-04 12:04:09.758Z,"{""from"": ""/de/questions/0w3z1e5u1y1d83t/proposals/question"", ""to"": ""/de/questions/0w3z1e5u1y1d83t/proposals/ideas""}",2026-08-04 12:04:09.681Z,0w3z1e5u1y1d83t,,,2026-08-04 12:04:09.758Z,407be8b01d4ce342
i20g5wwvuen39mz,proposal_view,2026-08-04 12:04:27.635Z,,2026-08-04 12:04:27.544Z,0w3z1e5u1y1d83t,,4ye5dsqpshy40jr,2026-08-04 12:04:27.635Z,407be8b01d4ce342
1mvpy5j7ysj1yfu,unsubscribe,2026-08-04 12:04:41.426Z,,2026-08-04 12:04:41.425Z,0w3z1e5u1y1d83t,,l5sqzdyfozw6267,2026-08-04 12:04:41.426Z,407be8b01d4ce342
43m5z8wdslijpvq,subscribe,2026-08-04 12:04:43.083Z,,2026-08-04 12:04:43.082Z,0w3z1e5u1y1d83t,,l5sqzdyfozw6267,2026-08-04 12:04:43.083Z,407be8b01d4ce342
ee0rfv1v326bxt7,page_view,2026-08-04 12:05:08.943Z,"{""from"": ""/de/questions/0w3z1e5u1y1d83t/proposals/subscriptions"", ""to"": ""/de/questions/0w3z1e5u1y1d83t/proposals/ideas""}",2026-08-04 12:05:08.875Z,0w3z1e5u1y1d83t,,,2026-08-04 12:05:08.943Z,407be8b01d4ce342
r21dl5be5q6b5bt,page_view,2026-08-04 12:05:10.613Z,"{""from"": ""/de/questions/0w3z1e5u1y1d83t/proposals/subscriptions"", ""to"": ""/de/questions/0w3z1e5u1y1d83t/proposals/ideas""}",2026-08-04 12:05:10.543Z,0w3z1e5u1y1d83t,,,2026-08-04 12:05:10.613Z,407be8b01d4ce342
6jqlz7j0s4qovpn,page_view,2026-08-04 12:05:12.332Z,"{""from"": ""/de/questions/0w3z1e5u1y1d83t/proposals/ideas"", ""to"": ""/de/questions/0w3z1e5u1y1d83t/proposals/question""}",2026-08-04 12:05:12.266Z,0w3z1e5u1y1d83t,,,2026-08-04 12:05:12.332Z,407be8b01d4ce342
oe8g9zrlj7extad,page_view,2026-08-04 12:05:14.835Z,"{""from"": ""/de/questions/0w3z1e5u1y1d83t/proposals/question"", ""to"": ""/de/questions/0w3z1e5u1y1d83t/proposals/focus""}",2026-08-04 12:05:14.638Z,0w3z1e5u1y1d83t,,,2026-08-04 12:05:14.835Z,407be8b01d4ce342
yd3hqsjd0fyjqmh,page_view,2026-08-04 12:05:15.991Z,"{""from"": ""/de/questions/0w3z1e5u1y1d83t/proposals/focus"", ""to"": ""/de/questions/0w3z1e5u1y1d83t/proposals/question""}",2026-08-04 12:05:15.927Z,0w3z1e5u1y1d83t,,,2026-08-04 12:05:15.990Z,407be8b01d4ce342
tno6fvtb25zf2kz,tab_switch,2026-08-04 12:22:25.564Z,"{""state"": ""visible""}",2026-08-04 12:22:25.240Z,,,,2026-08-04 12:22:25.564Z,407be8b01d4ce342
qvoysyurrv8kill,page_view,2026-08-04 12:22:26.602Z,"{""from"": ""/de/questions/0w3z1e5u1y1d83t/proposals/question"", ""to"": ""/de/questions/0w3z1e5u1y1d83t/proposals/ideas""}",2026-08-04 12:22:26.601Z,0w3z1e5u1y1d83t,,,2026-08-04 12:22:26.602Z,407be8b01d4ce342
cwzd4kn5axaqsac,page_view,2026-08-04 12:22:31.040Z,"{""from"": ""/de/questions/0w3z1e5u1y1d83t/proposals/subscriptions"", ""to"": ""/de/questions/0w3z1e5u1y1d83t/proposals/ideas""}",2026-08-04 12:22:31.045Z,0w3z1e5u1y1d83t,,,2026-08-04 12:22:31.040Z,407be8b01d4ce342
c47xg99x9tef6eh,tab_switch,2026-08-04 12:24:02.896Z,"{""state"": ""visible""}",2026-08-04 12:24:02.665Z,,,,2026-08-04 12:24:02.896Z,407be8b01d4ce342
ata85ezd43wu4qr,subscribe,2026-08-04 12:24:17.069Z,,2026-08-04 12:24:17.067Z,0w3z1e5u1y1d83t,,n9fuozjh7xq5vuy,2026-08-04 12:24:17.069Z,407be8b01d4ce342
q8ev1ssxy9z0i83,proposal_view,2026-08-04 12:24:17.679Z,,2026-08-04 12:24:17.680Z,0w3z1e5u1y1d83t,,n9fuozjh7xq5vuy,2026-08-04 12:24:17.679Z,407be8b01d4ce342
w5zc160r6scv9y0,proposal_view,2026-08-04 12:24:58.377Z,,2026-08-04 12:24:58.377Z,0w3z1e5u1y1d83t,,5ts5a0oatsjtetw,2026-08-04 12:24:58.377Z,407be8b01d4ce342
04z8l6ksudqs54r,tab_switch,2026-08-04 13:34:43.104Z,"{""state"": ""visible""}",2026-08-04 13:34:42.851Z,,,,2026-08-04 13:34:43.104Z,407be8b01d4ce342
un5oyyt9akad55o,page_view,2026-08-04 17:40:08.482Z,"{""from"": ""/de/login"", ""to"": ""/de/discourse""}",2026-08-04 17:40:08.421Z,,,,2026-08-04 17:40:08.482Z,563eab35510dcae3
t4e1yoa4zlgt7ux,page_view,2026-08-04 17:40:13.991Z,"{""from"": ""/de/discourse"", ""to"": ""/de/questions/0w3z1e5u1y1d83t/proposals/question""}",2026-08-04 17:40:13.873Z,0w3z1e5u1y1d83t,,,2026-08-04 17:40:13.991Z,563eab35510dcae3
jwxa9ihetnqkwqu,proposal_view,2026-08-04 17:40:30.027Z,,2026-08-04 17:40:29.942Z,0w3z1e5u1y1d83t,,l5sqzdyfozw6267,2026-08-04 17:40:30.027Z,563eab35510dcae3
0wxkjsbej6f2g15,tab_switch,2026-08-04 18:15:05.335Z,"{""state"": ""visible""}",2026-08-04 18:15:04.574Z,,,,2026-08-04 18:15:05.335Z,563eab35510dcae3
grhsz8eumd8c86n,session_start,2026-08-04 20:50:42.785Z,"{""isMobile"": true, ""screenHeight"": 635, ""screenWidth"": 360, ""userAgent"": ""Mozilla/5.0 (Android 16; Mobile; rv:153.0) Gecko/153.0 Firefox/153.0""}",2026-08-04 20:50:42.672Z,,,,2026-08-04 20:50:42.785Z,563eab35510dcae3
do4dv4v9xo3v4pf,page_view,2026-08-04 20:50:42.796Z,"{""to"": ""/de/questions/0w3z1e5u1y1d83t/proposals/ballot""}",2026-08-04 20:50:42.674Z,0w3z1e5u1y1d83t,,,2026-08-04 20:50:42.796Z,563eab35510dcae3
k1vik4ieseu6xx6,tab_switch,2026-08-04 20:50:45.749Z,"{""state"": ""visible""}",2026-08-04 20:50:45.635Z,,,,2026-08-04 20:50:45.749Z,563eab35510dcae3
w4bg250cbze7pvs,tab_switch,2026-08-04 21:18:43.579Z,"{""state"": ""visible""}",2026-08-04 21:18:43.335Z,,,,2026-08-04 21:18:43.579Z,563eab35510dcae3
6qzb4k71vd04kyf,tab_switch,2026-08-04 21:18:49.567Z,"{""state"": ""visible""}",2026-08-04 21:18:49.376Z,,,,2026-08-04 21:18:49.567Z,563eab35510dcae3
27y3bmfcdxn6snu,page_view,2026-08-04 21:25:11.231Z,"{""to"": ""/de/discourse""}",2026-08-04 21:25:11.047Z,,,,2026-08-04 21:25:11.231Z,407be8b01d4ce342
a5kf12j0ey7kuh9,session_start,2026-08-04 21:25:11.233Z,"{""isMobile"": true, ""screenHeight"": 647, ""screenWidth"": 375, ""userAgent"": ""Mozilla/5.0 (iPhone; CPU iPhone OS 18_7 like Mac OS X) AppleWebKit/605.1.15 (KHTML, like Gecko) Version/26.5.2 Mobile/15E148 Safari/604.1""}",2026-08-04 21:25:11.044Z,,,,2026-08-04 21:25:11.233Z,407be8b01d4ce342
a4m3yxmm9acp4ix,notification_panel_open,2026-08-04 21:25:12.715Z,"{""unread_count"": 1}",2026-08-04 21:25:12.634Z,,,,2026-08-04 21:25:12.715Z,407be8b01d4ce342
z8iq4bi9kmh0t0e,notification_panel_open,2026-08-04 21:25:14.569Z,"{""unread_count"": 0}",2026-08-04 21:25:14.489Z,,,,2026-08-04 21:25:14.569Z,407be8b01d4ce342
emtvqgpmswlf0ku,notification_panel_click,2026-08-04 21:25:14.574Z,"{""event_type"": ""phase_halfway"", ""title"": ""Abschlussphase zur H\u00e4lfte \u23f0"", ""url"": ""/questions/0w3z1e5u1y1d83t/proposals/question""}",2026-08-04 21:25:14.573Z,,,h9w8xvops8l55ag,2026-08-04 21:25:14.574Z,407be8b01d4ce342
z9cg76hfuxi53a9,page_view,2026-08-04 21:25:14.733Z,"{""from"": ""/de/discourse"", ""to"": ""/de/questions/0w3z1e5u1y1d83t/proposals/question""}",2026-08-04 21:25:14.658Z,0w3z1e5u1y1d83t,,,2026-08-04 21:25:14.733Z,407be8b01d4ce342
lbn0ty40jnnwp7v,page_view,2026-08-04 21:25:19.745Z,"{""from"": ""/de/questions/0w3z1e5u1y1d83t/proposals/subscriptions"", ""to"": ""/de/questions/0w3z1e5u1y1d83t/proposals/question""}",2026-08-04 21:25:19.670Z,0w3z1e5u1y1d83t,,,2026-08-04 21:25:19.745Z,407be8b01d4ce342
7mspqf9tqcde3o7,feed_filter_change,2026-08-04 21:25:22.513Z,"{""selectedLabelId"": null, ""sortMode"": ""Newest""}",2026-08-04 21:25:22.438Z,,,,2026-08-04 21:25:22.513Z,407be8b01d4ce342
vlg7zwurskiqjof,page_view,2026-08-04 21:25:22.519Z,"{""from"": ""/de/questions/0w3z1e5u1y1d83t/proposals/question"", ""to"": ""/de/questions/0w3z1e5u1y1d83t/proposals/ideas""}",2026-08-04 21:25:22.446Z,0w3z1e5u1y1d83t,,,2026-08-04 21:25:22.519Z,407be8b01d4ce342
xtx3g87xhcfxygd,page_view,2026-08-04 21:25:23.676Z,"{""from"": ""/de/questions/0w3z1e5u1y1d83t/proposals/subscriptions"", ""to"": ""/de/questions/0w3z1e5u1y1d83t/proposals/ideas""}",2026-08-04 21:25:23.600Z,0w3z1e5u1y1d83t,,,2026-08-04 21:25:23.676Z,407be8b01d4ce342
g85nz7phgx8io0r,page_view,2026-08-04 21:25:24.962Z,"{""from"": ""/de/questions/0w3z1e5u1y1d83t/proposals/ideas"", ""to"": ""/de/questions/0w3z1e5u1y1d83t/proposals/ideas""}",2026-08-04 21:25:24.879Z,0w3z1e5u1y1d83t,,,2026-08-04 21:25:24.962Z,407be8b01d4ce342
znp8whdsm7h0wz5,page_view,2026-08-04 21:25:25.709Z,"{""from"": ""/de/questions/0w3z1e5u1y1d83t/proposals/ideas"", ""to"": ""/de/questions/0w3z1e5u1y1d83t/proposals/question""}",2026-08-04 21:25:25.636Z,0w3z1e5u1y1d83t,,,2026-08-04 21:25:25.709Z,407be8b01d4ce342
0yjkanuk2wk2m2v,page_view,2026-08-04 21:25:26.174Z,"{""from"": ""/de/questions/0w3z1e5u1y1d83t/proposals/question"", ""to"": ""/de/questions/0w3z1e5u1y1d83t/proposals/ideas""}",2026-08-04 21:25:26.097Z,0w3z1e5u1y1d83t,,,2026-08-04 21:25:26.174Z,407be8b01d4ce342
xabmdk84mty5zmt,page_view,2026-08-04 21:25:40.549Z,"{""from"": ""/de/questions/0w3z1e5u1y1d83t/proposals/ideas"", ""to"": ""/de/questions/0w3z1e5u1y1d83t/proposals/question""}",2026-08-04 21:25:40.474Z,0w3z1e5u1y1d83t,,,2026-08-04 21:25:40.549Z,407be8b01d4ce342
12tu182is6nw55x,page_view,2026-08-04 21:25:41.999Z,"{""from"": ""/de/questions/0w3z1e5u1y1d83t/proposals/question"", ""to"": ""/de/questions/0w3z1e5u1y1d83t/proposals/ideas""}",2026-08-04 21:25:41.925Z,0w3z1e5u1y1d83t,,,2026-08-04 21:25:41.999Z,407be8b01d4ce342
q6r0yvqhvq1op4w,page_view,2026-08-04 21:25:48.184Z,"{""from"": ""/de/questions/0w3z1e5u1y1d83t/proposals/ideas"", ""to"": ""/de/questions/0w3z1e5u1y1d83t/proposals/question""}",2026-08-04 21:25:48.110Z,0w3z1e5u1y1d83t,,,2026-08-04 21:25:48.184Z,407be8b01d4ce342
nxpya9dpqkk4gr7,page_view,2026-08-04 21:25:49.612Z,"{""from"": ""/de/questions/0w3z1e5u1y1d83t/proposals/question"", ""to"": ""/de/questions/0w3z1e5u1y1d83t/proposals/ideas""}",2026-08-04 21:25:49.535Z,0w3z1e5u1y1d83t,,,2026-08-04 21:25:49.612Z,407be8b01d4ce342
botc5m71ry2yrmd,page_view,2026-08-05 08:20:04.486Z,"{""to"": ""/de/discourse""}",2026-08-05 08:20:04.479Z,,,,2026-08-05 08:20:04.486Z,407be8b01d4ce342
lh7rf1oveti9elf,session_start,2026-08-05 08:20:04.499Z,"{""isMobile"": true, ""screenHeight"": 647, ""screenWidth"": 375, ""userAgent"": ""Mozilla/5.0 (iPhone; CPU iPhone OS 18_7 like Mac OS X) AppleWebKit/605.1.15 (KHTML, like Gecko) Version/26.5.2 Mobile/15E148 Safari/604.1""}",2026-08-05 08:20:04.475Z,,,,2026-08-05 08:20:04.499Z,407be8b01d4ce342
cl7umho63hjvdlf,page_view,2026-08-05 08:20:06.102Z,"{""from"": ""/de/discourse"", ""to"": ""/de/questions/0w3z1e5u1y1d83t/proposals/question""}",2026-08-05 08:20:06.099Z,0w3z1e5u1y1d83t,,,2026-08-05 08:20:06.102Z,407be8b01d4ce342
ecjy4bvkslgcvu3,page_view,2026-08-05 08:20:35.242Z,"{""from"": ""/de/questions/0w3z1e5u1y1d83t/proposals/ballot"", ""to"": ""/de/questions/0w3z1e5u1y1d83t/proposals/question""}",2026-08-05 08:20:35.237Z,0w3z1e5u1y1d83t,,,2026-08-05 08:20:35.242Z,407be8b01d4ce342
alwztk48jm40wvz,page_view,2026-08-05 08:22:04.148Z,"{""to"": ""/discourse""}",2026-08-05 08:22:04.131Z,,,,2026-08-05 08:22:04.148Z,3e36e627a64bac27
fe4m67uooycccpl,session_start,2026-08-05 08:22:04.151Z,"{""isMobile"": true, ""screenHeight"": 812, ""screenWidth"": 402, ""userAgent"": ""Mozilla/5.0 (iPhone; CPU iPhone OS 18_7 like Mac OS X) AppleWebKit/605.1.15 (KHTML, like Gecko) Version/18.7.5 Mobile/15E148 Safari/604.1""}",2026-08-05 08:22:04.130Z,,,,2026-08-05 08:22:04.151Z,3e36e627a64bac27
1djhxb7ai7vvid8,page_view,2026-08-05 08:22:07.338Z,"{""from"": ""/discourse"", ""to"": ""/questions/0w3z1e5u1y1d83t/proposals/question""}",2026-08-05 08:22:07.327Z,0w3z1e5u1y1d83t,,,2026-08-05 08:22:07.338Z,3e36e627a64bac27
g2n4qsntnr1hdnz,proposal_view,2026-08-05 08:22:17.737Z,,2026-08-05 08:22:17.726Z,0w3z1e5u1y1d83t,,n9fuozjh7xq5vuy,2026-08-05 08:22:17.737Z,3e36e627a64bac27
v4b6y406lbjg98j,proposal_view,2026-08-05 08:23:08.818Z,,2026-08-05 08:23:08.800Z,0w3z1e5u1y1d83t,,n9fuozjh7xq5vuy,2026-08-05 08:23:08.818Z,3e36e627a64bac27
xpu5k0hombzkuwd,tab_switch,2026-08-05 08:30:04.920Z,"{""state"": ""visible""}",2026-08-05 08:30:04.723Z,,,,2026-08-05 08:30:04.920Z,407be8b01d4ce342
70y51s94i82w3ke,page_view,2026-08-05 08:56:10.270Z,"{""from"": ""/de/login"", ""to"": ""/de/discourse""}",2026-08-05 08:56:09.913Z,,,,2026-08-05 08:56:10.270Z,15e064539716cfbb
d9jumzw8rvwublo,page_view,2026-08-05 08:56:16.673Z,"{""from"": ""/de/discourse"", ""to"": ""/de/questions/0w3z1e5u1y1d83t/proposals/question""}",2026-08-05 08:56:16.312Z,0w3z1e5u1y1d83t,,,2026-08-05 08:56:16.673Z,15e064539716cfbb
4475clp8d8nl0sp,proposal_view,2026-08-05 08:56:38.195Z,,2026-08-05 08:56:37.823Z,0w3z1e5u1y1d83t,,n9fuozjh7xq5vuy,2026-08-05 08:56:38.195Z,15e064539716cfbb
6kcjplq47g3b6cd,proposal_view,2026-08-05 08:57:18.926Z,,2026-08-05 08:57:18.558Z,0w3z1e5u1y1d83t,,l5sqzdyfozw6267,2026-08-05 08:57:18.926Z,15e064539716cfbb
yjjyua3ykc3dj2e,proposal_view,2026-08-05 08:57:42.895Z,,2026-08-05 08:57:42.527Z,0w3z1e5u1y1d83t,,4ye5dsqpshy40jr,2026-08-05 08:57:42.895Z,15e064539716cfbb
5cbphv750igl8t0,page_view,2026-08-05 08:58:02.474Z,"{""from"": ""/de/questions/0w3z1e5u1y1d83t/proposals/ballot"", ""to"": ""/de/questions/0w3z1e5u1y1d83t/proposals/question""}",2026-08-05 08:58:02.102Z,0w3z1e5u1y1d83t,,,2026-08-05 08:58:02.474Z,15e064539716cfbb
wb8lhza334alp62,page_view,2026-08-05 08:58:07.081Z,"{""from"": ""/de/questions/0w3z1e5u1y1d83t/proposals/question"", ""to"": ""/de/discourse""}",2026-08-05 08:58:06.714Z,0w3z1e5u1y1d83t,,,2026-08-05 08:58:07.081Z,15e064539716cfbb
7ezpqdjc5s5n139,page_view,2026-08-05 08:58:07.895Z,"{""from"": ""/de/discourse"", ""to"": ""/discourse""}",2026-08-05 08:58:07.531Z,0w3z1e5u1y1d83t,,,2026-08-05 08:58:07.895Z,15e064539716cfbb
01tl89qsnomcib6,notification_panel_open,2026-08-05 08:58:09.049Z,"{""unread_count"": 3}",2026-08-05 08:58:08.683Z,,,,2026-08-05 08:58:09.049Z,15e064539716cfbb
ks7od3ano4af6mi,notification_panel_open,2026-08-05 08:58:11.955Z,"{""unread_count"": 2}",2026-08-05 08:58:11.583Z,,,,2026-08-05 08:58:11.955Z,15e064539716cfbb
of0gfhh5mb7bda5,notification_panel_dismiss,2026-08-05 08:58:11.957Z,"{""event_type"": ""phase_change"", ""title"": ""Bald geschlossen \u23f3"", ""url"": ""/questions/0w3z1e5u1y1d83t/proposals/question""}",2026-08-05 08:58:11.955Z,,,1iwbhb7xm1egcpt,2026-08-05 08:58:11.957Z,15e064539716cfbb
w73dtsyiz6d5xmd,notification_panel_open,2026-08-05 08:58:13.025Z,"{""unread_count"": 1}",2026-08-05 08:58:12.650Z,,,,2026-08-05 08:58:13.025Z,15e064539716cfbb
1jhuxreoj0u1tua,notification_panel_dismiss,2026-08-05 08:58:13.033Z,"{""event_type"": ""proposal_remixed"", ""title"": ""Deine Idee wurde geremixt \ud83d\udca1"", ""url"": ""/questions/0w3z1e5u1y1d83t/proposals/f2zfx98durbtu6y""}",2026-08-05 08:58:13.031Z,,,dw2y119psgef3ly,2026-08-05 08:58:13.033Z,15e064539716cfbb
ten0x9ipo8ouyxc,notification_panel_open,2026-08-05 08:58:13.793Z,"{""unread_count"": 0}",2026-08-05 08:58:13.430Z,,,,2026-08-05 08:58:13.793Z,15e064539716cfbb
pjn10rl0es4mfmz,notification_panel_dismiss,2026-08-05 08:58:13.804Z,"{""event_type"": ""phase_halfway"", ""title"": ""Abschlussphase zur H\u00e4lfte \u23f0"", ""url"": ""/questions/0w3z1e5u1y1d83t/proposals/question""}",2026-08-05 08:58:13.802Z,,,cyb5q1j3fajge0n,2026-08-05 08:58:13.804Z,15e064539716cfbb
34gi0czegi4gjgy,tab_switch,2026-08-05 11:04:02.658Z,"{""state"": ""visible""}",2026-08-05 11:04:02.458Z,,,,2026-08-05 11:04:02.658Z,407be8b01d4ce342
pj8p1bn14z48uyc,feed_filter_change,2026-08-05 11:04:11.288Z,"{""selectedLabelId"": null, ""sortMode"": ""Newest""}",2026-08-05 11:04:11.188Z,,,,2026-08-05 11:04:11.288Z,407be8b01d4ce342
66hvfrvcw6zyl5l,page_view,2026-08-05 11:04:11.294Z,"{""from"": ""/de/questions/0w3z1e5u1y1d83t/proposals/subscriptions"", ""to"": ""/de/questions/0w3z1e5u1y1d83t/proposals/ideas""}",2026-08-05 11:04:11.198Z,0w3z1e5u1y1d83t,,,2026-08-05 11:04:11.294Z,407be8b01d4ce342
pd9i809xg90is1u,page_view,2026-08-05 11:04:11.854Z,"{""from"": ""/de/questions/0w3z1e5u1y1d83t/proposals/ideas"", ""to"": ""/de/questions/0w3z1e5u1y1d83t/proposals/question""}",2026-08-05 11:04:11.758Z,0w3z1e5u1y1d83t,,,2026-08-05 11:04:11.854Z,407be8b01d4ce342
64331wjsis083wk,tab_switch,2026-08-05 11:04:14.627Z,"{""state"": ""visible""}",2026-08-05 11:04:14.518Z,,,,2026-08-05 11:04:14.627Z,407be8b01d4ce342
pddziy2rq3p4l9y,session_start,2026-08-05 15:52:26.623Z,"{""isMobile"": false, ""screenHeight"": 847, ""screenWidth"": 1536, ""userAgent"": ""Mozilla/5.0 (X11; Linux x86_64) AppleWebKit/537.36 (KHTML, like Gecko) Chrome/151.0.0.0 Safari/537.36""}",2026-08-05 15:52:26.540Z,,,,2026-08-05 15:52:26.623Z,407be8b01d4ce342
c7eetuxfrzjybes,page_view,2026-08-05 15:52:28.831Z,"{""from"": ""/de/discourse"", ""to"": ""/de/questions/0w3z1e5u1y1d83t/proposals/question""}",2026-08-05 15:52:28.808Z,0w3z1e5u1y1d83t,,,2026-08-05 15:52:28.831Z,407be8b01d4ce342
sztuye3tmgmx989,feed_filter_change,2026-08-05 15:52:31.735Z,"{""selectedLabelId"": null, ""sortMode"": ""Newest""}",2026-08-05 15:52:31.706Z,,,,2026-08-05 15:52:31.735Z,407be8b01d4ce342
w0cjuhxztg4f386,page_view,2026-08-05 15:52:31.788Z,"{""from"": ""/de/questions/0w3z1e5u1y1d83t/proposals/question"", ""to"": ""/de/questions/0w3z1e5u1y1d83t/proposals/ideas""}",2026-08-05 15:52:31.752Z,0w3z1e5u1y1d83t,,,2026-08-05 15:52:31.788Z,407be8b01d4ce342
tx0k7duejniqfyb,notification_panel_open,2026-08-05 15:52:35.966Z,"{""unread_count"": 1}",2026-08-05 15:52:35.939Z,,,,2026-08-05 15:52:35.966Z,407be8b01d4ce342
9sp0fnpkfz5sh16,notification_panel_open,2026-08-05 15:52:37.488Z,"{""unread_count"": 0}",2026-08-05 15:52:37.465Z,,,,2026-08-05 15:52:37.488Z,407be8b01d4ce342
ojmn8xn9vxlwone,notification_panel_click,2026-08-05 15:52:37.494Z,"{""event_type"": ""phase_ending_soon"", ""title"": ""Schliesst in wenigen Stunden \u26a1"", ""url"": ""/questions/0w3z1e5u1y1d83t/proposals/question""}",2026-08-05 15:52:37.493Z,,,bg9n7cf9uc89bdx,2026-08-05 15:52:37.494Z,407be8b01d4ce342
01yo0cfurmk1mfn,page_view,2026-08-05 15:52:37.689Z,"{""from"": ""/de/questions/0w3z1e5u1y1d83t/proposals/ballot"", ""to"": ""/de/questions/0w3z1e5u1y1d83t/proposals/question""}",2026-08-05 15:52:37.591Z,0w3z1e5u1y1d83t,,,2026-08-05 15:52:37.689Z,407be8b01d4ce342
x3qiunswpav80gw,notification_panel_open,2026-08-05 15:52:38.773Z,"{""unread_count"": 0}",2026-08-05 15:52:38.651Z,,,,2026-08-05 15:52:38.773Z,407be8b01d4ce342
a2obeph9gjecvd3,tab_switch,2026-08-05 16:14:04.424Z,"{""state"": ""visible""}",2026-08-05 16:14:03.902Z,,,,2026-08-05 16:14:04.424Z,407be8b01d4ce342
jejx6ic0xj8vqjm,page_view,2026-08-05 16:14:07.181Z,"{""from"": ""/de/questions/0w3z1e5u1y1d83t/proposals/subscriptions"", ""to"": ""/de/questions/0w3z1e5u1y1d83t/proposals/question""}",2026-08-05 16:14:07.105Z,0w3z1e5u1y1d83t,,,2026-08-05 16:14:07.181Z,407be8b01d4ce342
f6gpai1w4yldelq,page_view,2026-08-05 16:14:07.515Z,"{""from"": ""/de/questions/0w3z1e5u1y1d83t/proposals/question"", ""to"": ""/de/questions/0w3z1e5u1y1d83t/proposals/question""}",2026-08-05 16:14:07.446Z,0w3z1e5u1y1d83t,,,2026-08-05 16:14:07.515Z,407be8b01d4ce342
o8ykjgsv6c02s11,unsubscribe,2026-08-05 16:14:55.508Z,,2026-08-05 16:14:55.505Z,0w3z1e5u1y1d83t,,4ye5dsqpshy40jr,2026-08-05 16:14:55.508Z,407be8b01d4ce342
g47qi65k2bz49j2,tab_switch,2026-08-05 16:15:02.924Z,"{""state"": ""visible""}",2026-08-05 16:15:02.849Z,,,,2026-08-05 16:15:02.924Z,407be8b01d4ce342
jwqj1osjo2wsg5m,page_view,2026-08-05 16:15:04.115Z,"{""from"": ""/de/questions/0w3z1e5u1y1d83t/proposals/ballot"", ""to"": ""/de/questions/0w3z1e5u1y1d83t/proposals/ballot""}",2026-08-05 16:15:04.008Z,0w3z1e5u1y1d83t,,,2026-08-05 16:15:04.115Z,407be8b01d4ce342
lg02nnh89dnhv8e,page_view,2026-08-05 16:15:20.942Z,"{""to"": ""/discourse""}",2026-08-05 16:15:20.855Z,,,,2026-08-05 16:15:20.942Z,3e36e627a64bac27
3rrp0hek4tfhp2i,session_start,2026-08-05 16:15:20.943Z,"{""isMobile"": true, ""screenHeight"": 812, ""screenWidth"": 402, ""userAgent"": ""Mozilla/5.0 (iPhone; CPU iPhone OS 18_7 like Mac OS X) AppleWebKit/605.1.15 (KHTML, like Gecko) Version/18.7.5 Mobile/15E148 Safari/604.1""}",2026-08-05 16:15:20.854Z,,,,2026-08-05 16:15:20.943Z,3e36e627a64bac27
c1yt1tt62alhwtp,page_view,2026-08-05 16:15:32.033Z,"{""from"": ""/discourse"", ""to"": ""/questions/0w3z1e5u1y1d83t/proposals/question""}",2026-08-05 16:15:31.977Z,0w3z1e5u1y1d83t,,,2026-08-05 16:15:32.033Z,3e36e627a64bac27
z2ucwez3cm616f0,feed_filter_change,2026-08-05 16:15:34.990Z,"{""selectedLabelId"": null, ""sortMode"": ""Newest""}",2026-08-05 16:15:34.903Z,,,,2026-08-05 16:15:34.990Z,3e36e627a64bac27
suedx7szqt5ickz,page_view,2026-08-05 16:15:34.997Z,"{""from"": ""/questions/0w3z1e5u1y1d83t/proposals/question"", ""to"": ""/questions/0w3z1e5u1y1d83t/proposals/ideas""}",2026-08-05 16:15:34.910Z,0w3z1e5u1y1d83t,,,2026-08-05 16:15:34.997Z,3e36e627a64bac27
53kzyefd63n318r,page_view,2026-08-05 16:15:36.583Z,"{""from"": ""/questions/0w3z1e5u1y1d83t/proposals/subscriptions"", ""to"": ""/questions/0w3z1e5u1y1d83t/proposals/ideas""}",2026-08-05 16:15:36.482Z,0w3z1e5u1y1d83t,,,2026-08-05 16:15:36.583Z,3e36e627a64bac27
rgp0a3tv8rhtcjp,subscribe,2026-08-05 16:15:45.400Z,,2026-08-05 16:15:45.398Z,0w3z1e5u1y1d83t,,n9fuozjh7xq5vuy,2026-08-05 16:15:45.400Z,3e36e627a64bac27
ta3t5abm4kiw2g3,unsubscribe,2026-08-05 16:15:46.359Z,,2026-08-05 16:15:46.357Z,0w3z1e5u1y1d83t,,n9fuozjh7xq5vuy,2026-08-05 16:15:46.359Z,3e36e627a64bac27
y1xsrr7q4a2zjkc,hide_proposal,2026-08-05 16:15:48.968Z,,2026-08-05 16:15:48.859Z,0w3z1e5u1y1d83t,,n9fuozjh7xq5vuy,2026-08-05 16:15:48.968Z,3e36e627a64bac27
rzby3pkjyfp9hht,hide_proposal,2026-08-05 16:15:48.974Z,,2026-08-05 16:15:48.972Z,0w3z1e5u1y1d83t,,n9fuozjh7xq5vuy,2026-08-05 16:15:48.974Z,3e36e627a64bac27
phm93w65ee7jez4,proposal_view,2026-08-05 16:15:52.985Z,,2026-08-05 16:15:52.844Z,0w3z1e5u1y1d83t,,i6o7tfr2opn951e,2026-08-05 16:15:52.985Z,3e36e627a64bac27
0mim28mspyy2qtr,proposal_view,2026-08-05 16:16:34.511Z,,2026-08-05 16:16:34.421Z,0w3z1e5u1y1d83t,,spcuyp6qr3y1eq6,2026-08-05 16:16:34.511Z,3e36e627a64bac27
5jqeygq4bkx8088,subscribe,2026-08-05 16:16:44.846Z,,2026-08-05 16:16:44.844Z,0w3z1e5u1y1d83t,,spcuyp6qr3y1eq6,2026-08-05 16:16:44.846Z,3e36e627a64bac27
4q358xquplyhk84,subscribe,2026-08-05 16:16:55.880Z,,2026-08-05 16:16:55.879Z,0w3z1e5u1y1d83t,,i6o7tfr2opn951e,2026-08-05 16:16:55.880Z,3e36e627a64bac27
xj0zklgru9ya1nt,proposal_view,2026-08-05 16:16:59.388Z,,2026-08-05 16:16:59.240Z,0w3z1e5u1y1d83t,,f2zfx98durbtu6y,2026-08-05 16:16:59.388Z,3e36e627a64bac27
nu2nsbgnoysab36,subscribe,2026-08-05 16:17:00.755Z,,2026-08-05 16:17:00.753Z,0w3z1e5u1y1d83t,,f2zfx98durbtu6y,2026-08-05 16:17:00.755Z,3e36e627a64bac27
of7ctg1vls519t3,proposal_view,2026-08-05 16:18:29.573Z,,2026-08-05 16:18:29.474Z,0w3z1e5u1y1d83t,,l5sqzdyfozw6267,2026-08-05 16:18:29.573Z,3e36e627a64bac27
yyuew3k7sf0ayoy,subscribe,2026-08-05 16:18:35.390Z,,2026-08-05 16:18:35.387Z,0w3z1e5u1y1d83t,,l5sqzdyfozw6267,2026-08-05 16:18:35.390Z,3e36e627a64bac27
roux96dsmw1my3l,unsubscribe,2026-08-05 16:18:47.506Z,,2026-08-05 16:18:47.505Z,0w3z1e5u1y1d83t,,l5sqzdyfozw6267,2026-08-05 16:18:47.506Z,3e36e627a64bac27
nvev1lo55rpt9ae,proposal_view,2026-08-05 16:18:49.096Z,,2026-08-05 16:18:48.981Z,0w3z1e5u1y1d83t,,l5sqzdyfozw6267,2026-08-05 16:18:49.096Z,3e36e627a64bac27
25xxdpvxg2qctsn,subscribe,2026-08-05 16:19:00.034Z,,2026-08-05 16:19:00.030Z,0w3z1e5u1y1d83t,,l5sqzdyfozw6267,2026-08-05 16:19:00.033Z,3e36e627a64bac27
2pxh6pni9coeevp,proposal_view,2026-08-05 16:19:02.501Z,,2026-08-05 16:19:02.404Z,0w3z1e5u1y1d83t,,l5sqzdyfozw6267,2026-08-05 16:19:02.501Z,3e36e627a64bac27
ngfzqh8ov3d2dlt,page_view,2026-08-05 16:22:39.455Z,"{""from"": ""/de/login"", ""to"": ""/de/discourse""}",2026-08-05 16:22:39.047Z,,,,2026-08-05 16:22:39.455Z,15e064539716cfbb
zmrztjrf55dcx0o,page_view,2026-08-05 16:22:42.266Z,"{""from"": ""/de/discourse"", ""to"": ""/de/questions/0w3z1e5u1y1d83t/proposals/question""}",2026-08-05 16:22:41.871Z,0w3z1e5u1y1d83t,,,2026-08-05 16:22:42.266Z,15e064539716cfbb
izd71ln40inaml0,proposal_view,2026-08-05 16:23:05.410Z,,2026-08-05 16:23:04.990Z,0w3z1e5u1y1d83t,,spcuyp6qr3y1eq6,2026-08-05 16:23:05.410Z,15e064539716cfbb
a30hqugv98w9jxb,proposal_view,2026-08-05 16:23:24.268Z,,2026-08-05 16:23:23.863Z,0w3z1e5u1y1d83t,,n9fuozjh7xq5vuy,2026-08-05 16:23:24.268Z,15e064539716cfbb
40ulucocsvc18el,page_view,2026-08-05 16:23:26.966Z,"{""from"": ""/de/login"", ""to"": ""/de/discourse""}",2026-08-05 16:23:28.274Z,,,,2026-08-05 16:23:26.966Z,b003312e6c38c8a5
5hpsjofjxi9wkxz,page_view,2026-08-05 16:23:29.027Z,"{""from"": ""/de/discourse"", ""to"": ""/de/questions/0w3z1e5u1y1d83t/proposals/question""}",2026-08-05 16:23:30.333Z,0w3z1e5u1y1d83t,,,2026-08-05 16:23:29.027Z,b003312e6c38c8a5
6i6v2m5a3wc02pt,proposal_view,2026-08-05 16:23:34.205Z,,2026-08-05 16:23:33.801Z,0w3z1e5u1y1d83t,,n9fuozjh7xq5vuy,2026-08-05 16:23:34.205Z,15e064539716cfbb
rtdqqojirwurgtl,proposal_view,2026-08-05 16:23:44.257Z,,2026-08-05 16:23:45.559Z,0w3z1e5u1y1d83t,,l5sqzdyfozw6267,2026-08-05 16:23:44.257Z,b003312e6c38c8a5
je21htu00b4itih,proposal_view,2026-08-05 16:23:49.337Z,,2026-08-05 16:23:48.935Z,0w3z1e5u1y1d83t,,l5sqzdyfozw6267,2026-08-05 16:23:49.337Z,15e064539716cfbb
6k6ouqa677dotwy,proposal_view,2026-08-05 16:23:53.623Z,,2026-08-05 16:23:54.931Z,0w3z1e5u1y1d83t,,i6o7tfr2opn951e,2026-08-05 16:23:53.623Z,b003312e6c38c8a5
ej87zckdlu8zvbx,page_view,2026-08-05 16:23:57.786Z,"{""from"": ""/de/questions/0w3z1e5u1y1d83t/proposals/ballot"", ""to"": ""/de/questions/0w3z1e5u1y1d83t/proposals/question""}",2026-08-05 16:23:57.396Z,0w3z1e5u1y1d83t,,,2026-08-05 16:23:57.786Z,15e064539716cfbb
boenpjtn22e6xa2,page_view,2026-08-05 16:23:58.655Z,"{""from"": ""/de/questions/0w3z1e5u1y1d83t/proposals/question"", ""to"": ""/de/discourse""}",2026-08-05 16:23:58.252Z,0w3z1e5u1y1d83t,,,2026-08-05 16:23:58.655Z,15e064539716cfbb
xpxecfsq631kqva,page_view,2026-08-05 16:23:59.336Z,"{""from"": ""/de/discourse"", ""to"": ""/discourse""}",2026-08-05 16:23:58.932Z,0w3z1e5u1y1d83t,,,2026-08-05 16:23:59.336Z,15e064539716cfbb
x3gkv1uvfhn0bry,proposal_view,2026-08-05 16:24:01.640Z,,2026-08-05 16:24:02.897Z,0w3z1e5u1y1d83t,,spcuyp6qr3y1eq6,2026-08-05 16:24:01.640Z,b003312e6c38c8a5
9ip39kajdb1votc,subscribe,2026-08-05 16:24:05.296Z,,2026-08-05 16:24:05.295Z,0w3z1e5u1y1d83t,,spcuyp6qr3y1eq6,2026-08-05 16:24:05.296Z,b003312e6c38c8a5
152u7kx4zqka3bm,proposal_view,2026-08-05 16:24:10.142Z,,2026-08-05 16:24:11.445Z,0w3z1e5u1y1d83t,,n9fuozjh7xq5vuy,2026-08-05 16:24:10.142Z,b003312e6c38c8a5
twhe5ce96jmanw7,proposal_view,2026-08-05 16:24:40.540Z,,2026-08-05 16:24:41.843Z,0w3z1e5u1y1d83t,,ppkkg16jlpylazv,2026-08-05 16:24:40.540Z,b003312e6c38c8a5
uhgs46jgybwxray,unsubscribe,2026-08-05 16:24:44.703Z,,2026-08-05 16:24:44.702Z,0w3z1e5u1y1d83t,,ppkkg16jlpylazv,2026-08-05 16:24:44.703Z,b003312e6c38c8a5
d26ooxiwclsk1ft,subscribe,2026-08-05 16:24:45.775Z,,2026-08-05 16:24:45.774Z,0w3z1e5u1y1d83t,,ppkkg16jlpylazv,2026-08-05 16:24:45.775Z,b003312e6c38c8a5
6rscpuwup3b3dgx,proposal_view,2026-08-05 16:24:59.471Z,,2026-08-05 16:25:00.769Z,0w3z1e5u1y1d83t,,l5sqzdyfozw6267,2026-08-05 16:24:59.471Z,b003312e6c38c8a5
y9jun8st20pg4bt,unsubscribe,2026-08-05 16:25:04.232Z,,2026-08-05 16:25:04.230Z,0w3z1e5u1y1d83t,,l5sqzdyfozw6267,2026-08-05 16:25:04.232Z,b003312e6c38c8a5
5v9g5wd8y4d0fvu,subscribe,2026-08-05 16:25:04.811Z,,2026-08-05 16:25:04.810Z,0w3z1e5u1y1d83t,,l5sqzdyfozw6267,2026-08-05 16:25:04.811Z,b003312e6c38c8a5
gv3oyznoi7er1t9,proposal_view,2026-08-05 16:25:08.939Z,,2026-08-05 16:25:10.242Z,0w3z1e5u1y1d83t,,i6o7tfr2opn951e,2026-08-05 16:25:08.939Z,b003312e6c38c8a5
88zhqj3b9lhuokq,proposal_view,2026-08-05 16:25:28.119Z,,2026-08-05 16:25:29.419Z,0w3z1e5u1y1d83t,,f2zfx98durbtu6y,2026-08-05 16:25:28.119Z,b003312e6c38c8a5
bws5950718fdztl,unsubscribe,2026-08-05 16:25:31.052Z,,2026-08-05 16:25:31.050Z,0w3z1e5u1y1d83t,,f2zfx98durbtu6y,2026-08-05 16:25:31.052Z,b003312e6c38c8a5
rij18m5uhxrj8gu,subscribe,2026-08-05 16:25:31.768Z,,2026-08-05 16:25:31.766Z,0w3z1e5u1y1d83t,,f2zfx98durbtu6y,2026-08-05 16:25:31.768Z,b003312e6c38c8a5
hsnkwou5qavdhls,proposal_view,2026-08-05 16:25:43.907Z,,2026-08-05 16:25:45.214Z,0w3z1e5u1y1d83t,,5ts5a0oatsjtetw,2026-08-05 16:25:43.907Z,b003312e6c38c8a5
yuto6v4ddpftl6b,unsubscribe,2026-08-05 16:25:48.477Z,,2026-08-05 16:25:48.474Z,0w3z1e5u1y1d83t,,5ts5a0oatsjtetw,2026-08-05 16:25:48.477Z,b003312e6c38c8a5
bsez2q9tksajqth,subscribe,2026-08-05 16:25:49.039Z,,2026-08-05 16:25:49.038Z,0w3z1e5u1y1d83t,,5ts5a0oatsjtetw,2026-08-05 16:25:49.039Z,b003312e6c38c8a5
mgj4zrh8yr1lxh0,proposal_view,2026-08-05 16:25:59.293Z,,2026-08-05 16:26:00.595Z,0w3z1e5u1y1d83t,,l5sqzdyfozw6267,2026-08-05 16:25:59.293Z,b003312e6c38c8a5
d8ayiczrof2eflb,unsubscribe,2026-08-05 16:26:01.563Z,,2026-08-05 16:26:01.562Z,0w3z1e5u1y1d83t,,l5sqzdyfozw6267,2026-08-05 16:26:01.563Z,b003312e6c38c8a5
4k23u80t3szfkth,proposal_view,2026-08-05 16:26:08.059Z,,2026-08-05 16:26:09.324Z,0w3z1e5u1y1d83t,,g8f2osl4qpr7ixl,2026-08-05 16:26:08.059Z,b003312e6c38c8a5
p7xzamzg4rfkw4n,proposal_view,2026-08-05 16:26:16.172Z,,2026-08-05 16:26:17.471Z,0w3z1e5u1y1d83t,,g8f2osl4qpr7ixl,2026-08-05 16:26:16.172Z,b003312e6c38c8a5
ture4m98dvg9kkk,unsubscribe,2026-08-05 16:26:18.139Z,,2026-08-05 16:26:18.137Z,0w3z1e5u1y1d83t,,g8f2osl4qpr7ixl,2026-08-05 16:26:18.139Z,b003312e6c38c8a5
0jmepi34p4x67wr,proposal_view,2026-08-05 16:26:20.902Z,,2026-08-05 16:26:22.207Z,0w3z1e5u1y1d83t,,ppkkg16jlpylazv,2026-08-05 16:26:20.902Z,b003312e6c38c8a5
87io50u66dt8vuc,unsubscribe,2026-08-05 16:26:23.431Z,,2026-08-05 16:26:23.429Z,0w3z1e5u1y1d83t,,ppkkg16jlpylazv,2026-08-05 16:26:23.431Z,b003312e6c38c8a5
lbl0lwz93si3inz,subscribe,2026-08-05 16:26:23.927Z,,2026-08-05 16:26:23.924Z,0w3z1e5u1y1d83t,,ppkkg16jlpylazv,2026-08-05 16:26:23.927Z,b003312e6c38c8a5
w8r19b0kvg5hgvj,proposal_view,2026-08-05 16:26:26.648Z,,2026-08-05 16:26:27.948Z,0w3z1e5u1y1d83t,,4ye5dsqpshy40jr,2026-08-05 16:26:26.648Z,b003312e6c38c8a5
9ehmkdj3n1r5res,unsubscribe,2026-08-05 16:26:31.844Z,,2026-08-05 16:26:31.843Z,0w3z1e5u1y1d83t,,4ye5dsqpshy40jr,2026-08-05 16:26:31.844Z,b003312e6c38c8a5
d21q9knitx2cu1y,subscribe,2026-08-05 16:26:32.377Z,,2026-08-05 16:26:32.375Z,0w3z1e5u1y1d83t,,4ye5dsqpshy40jr,2026-08-05 16:26:32.377Z,b003312e6c38c8a5
mtckwzsh9qpzs8e,feed_filter_change,2026-08-05 16:26:36.092Z,"{""selectedLabelId"": null, ""sortMode"": ""Newest""}",2026-08-05 16:26:37.400Z,,,,2026-08-05 16:26:36.092Z,b003312e6c38c8a5
jjc9kkrcp9cskvw,page_view,2026-08-05 16:26:36.098Z,"{""from"": ""/de/questions/0w3z1e5u1y1d83t/proposals/subscriptions"", ""to"": ""/de/questions/0w3z1e5u1y1d83t/proposals/ideas""}",2026-08-05 16:26:37.407Z,0w3z1e5u1y1d83t,,,2026-08-05 16:26:36.098Z,b003312e6c38c8a5
g17t1snqvji43sf,proposal_view,2026-08-05 16:26:50.362Z,,2026-08-05 16:26:51.621Z,0w3z1e5u1y1d83t,,g8f2osl4qpr7ixl,2026-08-05 16:26:50.362Z,b003312e6c38c8a5
xc3a44pt4vy6g0k,proposal_view,2026-08-05 16:26:57.069Z,,2026-08-05 16:26:58.373Z,0w3z1e5u1y1d83t,,ppkkg16jlpylazv,2026-08-05 16:26:57.069Z,b003312e6c38c8a5
ankgnro62iin5fy,proposal_view,2026-08-05 16:26:59.483Z,,2026-08-05 16:27:00.794Z,0w3z1e5u1y1d83t,,4ye5dsqpshy40jr,2026-08-05 16:26:59.483Z,b003312e6c38c8a5
alagorvnf3aqwfq,unsubscribe,2026-08-05 16:27:04.373Z,,2026-08-05 16:27:04.372Z,0w3z1e5u1y1d83t,,4ye5dsqpshy40jr,2026-08-05 16:27:04.373Z,b003312e6c38c8a5
1ni2zf8kd943l0v,subscribe,2026-08-05 16:27:04.881Z,,2026-08-05 16:27:04.880Z,0w3z1e5u1y1d83t,,4ye5dsqpshy40jr,2026-08-05 16:27:04.881Z,b003312e6c38c8a5
yitewis51q3538j,proposal_view,2026-08-05 16:27:14.840Z,,2026-08-05 16:27:16.147Z,0w3z1e5u1y1d83t,,5ts5a0oatsjtetw,2026-08-05 16:27:14.840Z,b003312e6c38c8a5
nbnhb6kkglvlb6m,proposal_view,2026-08-05 16:27:17.499Z,,2026-08-05 16:27:18.802Z,0w3z1e5u1y1d83t,,ppkkg16jlpylazv,2026-08-05 16:27:17.499Z,b003312e6c38c8a5
5w663bpdtmqrp5j,proposal_view,2026-08-05 16:27:23.772Z,,2026-08-05 16:27:25.075Z,0w3z1e5u1y1d83t,,5ts5a0oatsjtetw,2026-08-05 16:27:23.772Z,b003312e6c38c8a5
2lgw41xbwiruz41,notification_panel_open,2026-08-05 16:27:33.911Z,"{""unread_count"": 3}",2026-08-05 16:27:35.219Z,,,,2026-08-05 16:27:33.911Z,b003312e6c38c8a5
knt067bbk1o54cv,tab_switch,2026-08-05 16:33:51.078Z,"{""state"": ""visible""}",2026-08-05 16:33:50.503Z,,,,2026-08-05 16:33:51.078Z,3e36e627a64bac27
6xw9eqh95fu7pew,tab_switch,2026-08-05 17:42:45.050Z,"{""state"": ""visible""}",2026-08-05 17:42:44.633Z,,,,2026-08-05 17:42:45.050Z,407be8b01d4ce342
7iuri1ijop13ygg,page_view,2026-08-05 17:42:47.271Z,"{""from"": ""/de/questions/0w3z1e5u1y1d83t/proposals/ballot"", ""to"": ""/de/questions/0w3z1e5u1y1d83t/proposals/question""}",2026-08-05 17:42:47.159Z,0w3z1e5u1y1d83t,,,2026-08-05 17:42:47.271Z,407be8b01d4ce342
jdwg302ygfqj2b2,page_view,2026-08-05 17:43:07.388Z,"{""from"": ""/de/questions/0w3z1e5u1y1d83t/proposals/ballot"", ""to"": ""/de/questions/0w3z1e5u1y1d83t/proposals/question""}",2026-08-05 17:43:07.339Z,0w3z1e5u1y1d83t,,,2026-08-05 17:43:07.388Z,407be8b01d4ce342
7yw5wk9edronhzy,page_view,2026-08-05 17:43:08.451Z,"{""from"": ""/de/questions/0w3z1e5u1y1d83t/proposals/question"", ""to"": ""/de/discourse""}",2026-08-05 17:43:08.413Z,0w3z1e5u1y1d83t,,,2026-08-05 17:43:08.451Z,407be8b01d4ce342
ct741m6yrtdpm44,tab_switch,2026-08-05 17:44:04.005Z,"{""state"": ""visible""}",2026-08-05 17:44:03.404Z,,,,2026-08-05 17:44:04.005Z,407be8b01d4ce342
n8jas8bfq0y1r3v,session_start,2026-08-06 10:04:17.793Z,"{""isMobile"": true, ""screenHeight"": 647, ""screenWidth"": 375, ""userAgent"": ""Mozilla/5.0 (iPhone; CPU iPhone OS 18_7 like Mac OS X) AppleWebKit/605.1.15 (KHTML, like Gecko) Version/26.5.2 Mobile/15E148 Safari/604.1""}",2026-08-06 10:04:17.709Z,,,,2026-08-06 10:04:17.793Z,407be8b01d4ce342
xz0pj74b5zz6rd2,page_view,2026-08-06 10:04:17.799Z,"{""to"": ""/de/discourse""}",2026-08-06 10:04:17.713Z,,,,2026-08-06 10:04:17.799Z,407be8b01d4ce342
guyxe7w4aj7kmd0,notification_panel_open,2026-08-06 10:04:22.472Z,"{""unread_count"": 6}",2026-08-06 10:04:22.386Z,,,,2026-08-06 10:04:22.472Z,407be8b01d4ce342
bxiqtl76qlfdjto,notification_panel_open,2026-08-06 10:04:27.538Z,"{""unread_count"": 5}",2026-08-06 10:04:27.456Z,,,,2026-08-06 10:04:27.538Z,407be8b01d4ce342
yer93pvhatlt2uw,notification_panel_click,2026-08-06 10:04:27.556Z,"{""event_type"": ""ballot_entry"", ""title"": ""Auf der Abstimmungsliste! \ud83c\udfaf"", ""url"": ""/questions/0w3z1e5u1y1d83t/proposals/n9fuozjh7xq5vuy""}",2026-08-06 10:04:27.554Z,,,0optcw3mub1syz1,2026-08-06 10:04:27.556Z,407be8b01d4ce342
9nxh6qrqo4agfi2,proposal_view,2026-08-06 10:04:27.741Z,,2026-08-06 10:04:27.666Z,0w3z1e5u1y1d83t,,n9fuozjh7xq5vuy,2026-08-06 10:04:27.741Z,407be8b01d4ce342
c7m41223zhba3og,proposal_view,2026-08-06 10:04:27.770Z,,2026-08-06 10:04:27.674Z,0w3z1e5u1y1d83t,,n9fuozjh7xq5vuy,2026-08-06 10:04:27.770Z,407be8b01d4ce342
ixli0fhml6bp8ee,page_view,2026-08-06 10:04:27.780Z,"{""from"": ""/de/discourse"", ""to"": ""/de/questions/0w3z1e5u1y1d83t/proposals/n9fuozjh7xq5vuy""}",2026-08-06 10:04:27.679Z,0w3z1e5u1y1d83t,,,2026-08-06 10:04:27.780Z,407be8b01d4ce342
pqpmuu5a0swtwwy,page_view,2026-08-06 10:04:35.218Z,"{""from"": ""/de/questions/0w3z1e5u1y1d83t/proposals/n9fuozjh7xq5vuy"", ""to"": ""/de/discourse""}",2026-08-06 10:04:35.144Z,0w3z1e5u1y1d83t,,,2026-08-06 10:04:35.218Z,407be8b01d4ce342
swy3n167ie35c5g,page_view,2026-08-06 10:04:36.561Z,"{""from"": ""/de/discourse"", ""to"": ""/de/questions/0w3z1e5u1y1d83t/proposals/question""}",2026-08-06 10:04:36.482Z,0w3z1e5u1y1d83t,,,2026-08-06 10:04:36.561Z,407be8b01d4ce342
hitr0b0spxxmuh4,tab_switch,2026-08-06 10:11:43.955Z,"{""state"": ""visible""}",2026-08-06 10:11:43.800Z,,,,2026-08-06 10:11:43.955Z,407be8b01d4ce342
4tvspazbahm4t8p,tab_switch,2026-08-06 10:13:19.169Z,"{""state"": ""visible""}",2026-08-06 10:13:18.928Z,,,,2026-08-06 10:13:19.169Z,407be8b01d4ce342
xay3k9pft9exvf2,notification_panel_open,2026-08-06 10:15:23.284Z,"{""unread_count"": 5}",2026-08-06 10:15:23.197Z,,,,2026-08-06 10:15:23.284Z,407be8b01d4ce342
tjm1s143phxg2gk,notification_panel_open,2026-08-06 10:15:27.010Z,"{""unread_count"": 4}",2026-08-06 10:15:26.918Z,,,,2026-08-06 10:15:27.010Z,407be8b01d4ce342
63j4m2v10hfrqtm,notification_panel_click,2026-08-06 10:15:27.019Z,"{""event_type"": ""phase_change"", ""title"": ""Jetzt abstimmen \ud83d\uddf3\ufe0f"", ""url"": ""/questions/0w3z1e5u1y1d83t/proposals/question""}",2026-08-06 10:15:27.018Z,,,z69d0uah4blzuq6,2026-08-06 10:15:27.019Z,407be8b01d4ce342
vkeszcrv9cf3bsw,page_view,2026-08-06 10:15:27.133Z,"{""from"": ""/de/questions/0w3z1e5u1y1d83t/proposals/ballot"", ""to"": ""/de/questions/0w3z1e5u1y1d83t/proposals/question""}",2026-08-06 10:15:27.052Z,0w3z1e5u1y1d83t,,,2026-08-06 10:15:27.133Z,407be8b01d4ce342
8lhb7z1phmo1wg1,tab_switch,2026-08-06 10:32:44.775Z,"{""state"": ""visible""}",2026-08-06 10:32:44.521Z,,,,2026-08-06 10:32:44.775Z,407be8b01d4ce342
bjhelzrm3nz29f1,page_view,2026-08-06 10:32:45.806Z,"{""from"": ""/de/questions/0w3z1e5u1y1d83t/proposals/ballot"", ""to"": ""/de/questions/0w3z1e5u1y1d83t/proposals/ballot""}",2026-08-06 10:32:45.704Z,0w3z1e5u1y1d83t,,,2026-08-06 10:32:45.806Z,407be8b01d4ce342
j842jvm4jzz57s3,page_view,2026-08-06 10:32:46.560Z,"{""from"": ""/de/questions/0w3z1e5u1y1d83t/proposals/ballot"", ""to"": ""/de/questions/0w3z1e5u1y1d83t/proposals/question""}",2026-08-06 10:32:46.469Z,0w3z1e5u1y1d83t,,,2026-08-06 10:32:46.560Z,407be8b01d4ce342
d9n1re30hzkvaog,page_view,2026-08-06 10:32:46.773Z,"{""from"": ""/de/questions/0w3z1e5u1y1d83t/proposals/question"", ""to"": ""/de/questions/0w3z1e5u1y1d83t/proposals/question""}",2026-08-06 10:32:46.681Z,0w3z1e5u1y1d83t,,,2026-08-06 10:32:46.773Z,407be8b01d4ce342
fe1b5xzceq99nin,page_view,2026-08-06 10:32:48.067Z,"{""from"": ""/de/questions/0w3z1e5u1y1d83t/proposals/ballot"", ""to"": ""/de/questions/0w3z1e5u1y1d83t/proposals/question""}",2026-08-06 10:32:47.976Z,0w3z1e5u1y1d83t,,,2026-08-06 10:32:48.067Z,407be8b01d4ce342
q2221k67ti3yhsk,notification_panel_open,2026-08-06 10:32:52.555Z,"{""unread_count"": 4}",2026-08-06 10:32:52.460Z,,,,2026-08-06 10:32:52.555Z,407be8b01d4ce342
1wz01f15s4atvf7,notification_panel_open,2026-08-06 10:32:53.730Z,"{""unread_count"": 3}",2026-08-06 10:32:53.635Z,,,,2026-08-06 10:32:53.730Z,407be8b01d4ce342
3cc72ajtppwweuh,notification_panel_click,2026-08-06 10:32:53.737Z,"{""event_type"": ""ballot_entry"", ""title"": ""Auf der Abstimmungsliste! \ud83c\udfaf"", ""url"": ""/questions/0w3z1e5u1y1d83t/proposals/i6o7tfr2opn951e""}",2026-08-06 10:32:53.736Z,,,7c650ufff8mfe0n,2026-08-06 10:32:53.737Z,407be8b01d4ce342
ss4x163485ybc3d,proposal_view,2026-08-06 10:32:53.874Z,,2026-08-06 10:32:53.780Z,0w3z1e5u1y1d83t,,i6o7tfr2opn951e,2026-08-06 10:32:53.874Z,407be8b01d4ce342
adw03pe0gweiegi,proposal_view,2026-08-06 10:32:53.895Z,,2026-08-06 10:32:53.788Z,0w3z1e5u1y1d83t,,i6o7tfr2opn951e,2026-08-06 10:32:53.895Z,407be8b01d4ce342
j56hhag8ayxj4iv,page_view,2026-08-06 10:32:53.897Z,"{""from"": ""/de/questions/0w3z1e5u1y1d83t/proposals/question"", ""to"": ""/de/questions/0w3z1e5u1y1d83t/proposals/i6o7tfr2opn951e""}",2026-08-06 10:32:53.790Z,0w3z1e5u1y1d83t,,,2026-08-06 10:32:53.897Z,407be8b01d4ce342
w9clka830n7emu4,page_view,2026-08-06 10:32:57.291Z,"{""from"": ""/de/questions/0w3z1e5u1y1d83t/proposals/i6o7tfr2opn951e"", ""to"": ""/de/questions/0w3z1e5u1y1d83t/proposals/question""}",2026-08-06 10:32:57.199Z,0w3z1e5u1y1d83t,,,2026-08-06 10:32:57.291Z,407be8b01d4ce342
vz0yxr50der0iam,push_notification_click,2026-08-06 10:37:42.985Z,"{""event_type"": ""ballot_entry"", ""title"": ""Auf der Abstimmungsliste! \ud83c\udfaf"", ""url"": ""/questions/0w3z1e5u1y1d83t/proposals/n9fuozjh7xq5vuy""}",2026-08-06 10:37:42.984Z,,,0optcw3mub1syz1,2026-08-06 10:37:42.985Z,407be8b01d4ce342
lbcv7quqot1cz1e,proposal_view,2026-08-06 10:37:43.714Z,,2026-08-06 10:37:43.693Z,0w3z1e5u1y1d83t,,n9fuozjh7xq5vuy,2026-08-06 10:37:43.714Z,407be8b01d4ce342
fnegsyah1utrdhv,proposal_view,2026-08-06 10:37:43.731Z,,2026-08-06 10:37:43.709Z,0w3z1e5u1y1d83t,,n9fuozjh7xq5vuy,2026-08-06 10:37:43.731Z,407be8b01d4ce342
c1t1hb7mhwbpzpz,session_start,2026-08-06 10:37:43.738Z,"{""isMobile"": false, ""screenHeight"": 847, ""screenWidth"": 1536, ""userAgent"": ""Mozilla/5.0 (X11; Linux x86_64) AppleWebKit/537.36 (KHTML, like Gecko) Chrome/151.0.0.0 Safari/537.36""}",2026-08-06 10:37:43.717Z,,,,2026-08-06 10:37:43.738Z,407be8b01d4ce342
n88757zit9r3dcv,page_view,2026-08-06 10:37:43.794Z,"{""to"": ""/de/questions/0w3z1e5u1y1d83t/proposals/n9fuozjh7xq5vuy""}",2026-08-06 10:37:43.723Z,0w3z1e5u1y1d83t,,,2026-08-06 10:37:43.794Z,407be8b01d4ce342
yxc0iibe2o4jfdu,push_notification_click,2026-08-06 10:37:43.829Z,"{""event_type"": ""ballot_entry"", ""title"": ""Auf der Abstimmungsliste! \ud83c\udfaf"", ""url"": ""/questions/0w3z1e5u1y1d83t/proposals/n9fuozjh7xq5vuy""}",2026-08-06 10:37:43.826Z,,,0optcw3mub1syz1,2026-08-06 10:37:43.829Z,407be8b01d4ce342
8pjcb8ggtugy6ki,notification_panel_open,2026-08-06 10:37:48.180Z,"{""unread_count"": 3}",2026-08-06 10:37:48.153Z,,,,2026-08-06 10:37:48.180Z,407be8b01d4ce342
1vcjkz18yim4nz4,notification_panel_open,2026-08-06 10:37:49.216Z,"{""unread_count"": 2}",2026-08-06 10:37:49.191Z,,,,2026-08-06 10:37:49.216Z,407be8b01d4ce342
l8wwanw50cx6dzv,notification_panel_click,2026-08-06 10:37:49.218Z,"{""event_type"": ""ballot_entry"", ""title"": ""Auf der Abstimmungsliste! \ud83c\udfaf"", ""url"": ""/questions/0w3z1e5u1y1d83t/proposals/spcuyp6qr3y1eq6""}",2026-08-06 10:37:49.217Z,,,3onh6zb5iw1jep8,2026-08-06 10:37:49.218Z,407be8b01d4ce342
hze3n3zjkv2yjin,proposal_view,2026-08-06 10:37:49.399Z,,2026-08-06 10:37:49.337Z,0w3z1e5u1y1d83t,,spcuyp6qr3y1eq6,2026-08-06 10:37:49.399Z,407be8b01d4ce342
nma86a5ri88rf79,proposal_view,2026-08-06 10:37:49.401Z,,2026-08-06 10:37:49.328Z,0w3z1e5u1y1d83t,,spcuyp6qr3y1eq6,2026-08-06 10:37:49.401Z,407be8b01d4ce342
2xb7eqqnv0usu1g,page_view,2026-08-06 10:37:49.403Z,"{""from"": ""/de/questions/0w3z1e5u1y1d83t/proposals/n9fuozjh7xq5vuy"", ""to"": ""/de/questions/0w3z1e5u1y1d83t/proposals/spcuyp6qr3y1eq6""}",2026-08-06 10:37:49.346Z,0w3z1e5u1y1d83t,,,2026-08-06 10:37:49.403Z,407be8b01d4ce342
gj74v7ubvig24kc,notification_panel_open,2026-08-06 10:37:50.635Z,"{""unread_count"": 2}",2026-08-06 10:37:50.614Z,,,,2026-08-06 10:37:50.635Z,407be8b01d4ce342
1789ndn9mivybfe,notification_panel_open,2026-08-06 10:37:51.439Z,"{""unread_count"": 1}",2026-08-06 10:37:51.418Z,,,,2026-08-06 10:37:51.439Z,407be8b01d4ce342
zqgrvknv0h51o3u,notification_panel_click,2026-08-06 10:37:51.447Z,"{""event_type"": ""ballot_entry"", ""title"": ""Auf der Abstimmungsliste! \ud83c\udfaf"", ""url"": ""/questions/0w3z1e5u1y1d83t/proposals/l5sqzdyfozw6267""}",2026-08-06 10:37:51.445Z,,,m3x0qon6dma3ldi,2026-08-06 10:37:51.447Z,407be8b01d4ce342
84fk6xp1ttjan8w,proposal_view,2026-08-06 10:37:51.612Z,,2026-08-06 10:37:51.592Z,0w3z1e5u1y1d83t,,l5sqzdyfozw6267,2026-08-06 10:37:51.612Z,407be8b01d4ce342
bajpgjuuy7i8isj,proposal_view,2026-08-06 10:37:51.618Z,,2026-08-06 10:37:51.602Z,0w3z1e5u1y1d83t,,l5sqzdyfozw6267,2026-08-06 10:37:51.618Z,407be8b01d4ce342
qr3n4sxplcuaj87,page_view,2026-08-06 10:37:51.648Z,"{""from"": ""/de/questions/0w3z1e5u1y1d83t/proposals/spcuyp6qr3y1eq6"", ""to"": ""/de/questions/0w3z1e5u1y1d83t/proposals/l5sqzdyfozw6267""}",2026-08-06 10:37:51.617Z,0w3z1e5u1y1d83t,,,2026-08-06 10:37:51.648Z,407be8b01d4ce342
85vbgja12e42h1m,proposal_view,2026-08-06 10:37:53.588Z,,2026-08-06 10:37:53.533Z,0w3z1e5u1y1d83t,,f2zfx98durbtu6y,2026-08-06 10:37:53.588Z,407be8b01d4ce342
altr6neu64szjki,proposal_view,2026-08-06 10:37:56.724Z,,2026-08-06 10:37:56.659Z,0w3z1e5u1y1d83t,,l5sqzdyfozw6267,2026-08-06 10:37:56.724Z,407be8b01d4ce342
9kk0rgvntp4h42o,proposal_view,2026-08-06 10:37:58.145Z,,2026-08-06 10:37:58.068Z,0w3z1e5u1y1d83t,,f2zfx98durbtu6y,2026-08-06 10:37:58.145Z,407be8b01d4ce342
dmvnuqcppstctm3,tab_switch,2026-08-06 10:50:57.950Z,"{""state"": ""visible""}",2026-08-06 10:50:57.876Z,,,,2026-08-06 10:50:57.950Z,407be8b01d4ce342
1iedk3fqaeojsgk,tab_switch,2026-08-06 10:50:59.559Z,"{""state"": ""visible""}",2026-08-06 10:50:59.504Z,,,,2026-08-06 10:50:59.559Z,407be8b01d4ce342
wac9y1xbfnw2pzn,tab_switch,2026-08-06 10:51:02.445Z,"{""state"": ""visible""}",2026-08-06 10:51:02.379Z,,,,2026-08-06 10:51:02.445Z,407be8b01d4ce342
5hjggopt3birpd6,tab_switch,2026-08-06 10:51:04.219Z,"{""state"": ""visible""}",2026-08-06 10:51:04.115Z,,,,2026-08-06 10:51:04.219Z,407be8b01d4ce342
pea0et317t76ghs,tab_switch,2026-08-06 10:58:06.553Z,"{""state"": ""visible""}",2026-08-06 10:58:06.379Z,,,,2026-08-06 10:58:06.553Z,407be8b01d4ce342
nnvgeamymkkcb9z,notification_panel_open,2026-08-06 10:58:16.107Z,"{""unread_count"": 3}",2026-08-06 10:58:16.064Z,,,,2026-08-06 10:58:16.107Z,407be8b01d4ce342
grxjigaoc99b4zq,notification_panel_open,2026-08-06 10:58:17.008Z,"{""unread_count"": 2}",2026-08-06 10:58:16.971Z,,,,2026-08-06 10:58:17.008Z,407be8b01d4ce342
psnrsxdz0gnhdz0,notification_panel_click,2026-08-06 10:58:17.020Z,"{""event_type"": ""ballot_entry"", ""title"": ""Auf der Abstimmungsliste! \ud83c\udfaf"", ""url"": ""/questions/0w3z1e5u1y1d83t/proposals/spcuyp6qr3y1eq6""}",2026-08-06 10:58:17.017Z,,,3onh6zb5iw1jep8,2026-08-06 10:58:17.020Z,407be8b01d4ce342
bppkx592ptao68x,proposal_view,2026-08-06 10:58:17.131Z,,2026-08-06 10:58:17.094Z,0w3z1e5u1y1d83t,,spcuyp6qr3y1eq6,2026-08-06 10:58:17.131Z,407be8b01d4ce342
crshdruxmtq2cnp,proposal_view,2026-08-06 10:58:17.143Z,,2026-08-06 10:58:17.101Z,0w3z1e5u1y1d83t,,spcuyp6qr3y1eq6,2026-08-06 10:58:17.143Z,407be8b01d4ce342
9ltrk8qxisbl2xy,page_view,2026-08-06 10:58:17.157Z,"{""from"": ""/de/questions/0w3z1e5u1y1d83t/proposals/ballot"", ""to"": ""/de/questions/0w3z1e5u1y1d83t/proposals/spcuyp6qr3y1eq6""}",2026-08-06 10:58:17.105Z,0w3z1e5u1y1d83t,,,2026-08-06 10:58:17.157Z,407be8b01d4ce342
3i3k3e6im02811x,page_view,2026-08-06 10:58:21.442Z,"{""from"": ""/de/questions/0w3z1e5u1y1d83t/proposals/spcuyp6qr3y1eq6"", ""to"": ""/de/questions/0w3z1e5u1y1d83t/proposals/question""}",2026-08-06 10:58:21.411Z,0w3z1e5u1y1d83t,,,2026-08-06 10:58:21.442Z,407be8b01d4ce342
1jyr5w1j6vw3cgw,tab_switch,2026-08-06 11:06:36.125Z,"{""state"": ""visible""}",2026-08-06 11:06:35.807Z,,,,2026-08-06 11:06:36.125Z,407be8b01d4ce342
z62uc2r7ikgcgkq,page_view,2026-08-06 11:06:38.469Z,"{""from"": ""/de/questions/0w3z1e5u1y1d83t/proposals/ballot"", ""to"": ""/de/questions/0w3z1e5u1y1d83t/proposals/question""}",2026-08-06 11:06:38.436Z,0w3z1e5u1y1d83t,,,2026-08-06 11:06:38.469Z,407be8b01d4ce342
677cvc2buicyu2o,page_view,2026-08-06 11:06:38.581Z,"{""from"": ""/de/questions/0w3z1e5u1y1d83t/proposals/question"", ""to"": ""/de/questions/0w3z1e5u1y1d83t/proposals/question""}",2026-08-06 11:06:38.549Z,0w3z1e5u1y1d83t,,,2026-08-06 11:06:38.581Z,407be8b01d4ce342
qi639vz83qz1c5u,page_view,2026-08-06 11:06:41.926Z,"{""from"": ""/de/questions/0w3z1e5u1y1d83t/proposals/ballot"", ""to"": ""/de/discourse""}",2026-08-06 11:06:41.895Z,0w3z1e5u1y1d83t,,,2026-08-06 11:06:41.926Z,407be8b01d4ce342
p199ff8tvaat35e,page_view,2026-08-06 11:06:43.622Z,"{""from"": ""/de/discourse"", ""to"": ""/de/questions/0w3z1e5u1y1d83t/proposals/question""}",2026-08-06 11:06:43.591Z,0w3z1e5u1y1d83t,,,2026-08-06 11:06:43.622Z,407be8b01d4ce342
he7nefplpm26is8,session_start,2026-08-06 11:06:49.018Z,"{""isMobile"": true, ""screenHeight"": 647, ""screenWidth"": 375, ""userAgent"": ""Mozilla/5.0 (iPhone; CPU iPhone OS 18_7 like Mac OS X) AppleWebKit/605.1.15 (KHTML, like Gecko) Version/26.5.2 Mobile/15E148 Safari/604.1""}",2026-08-06 11:06:48.986Z,,,,2026-08-06 11:06:49.018Z,407be8b01d4ce342
wc5a89krujbmisj,page_view,2026-08-06 11:06:49.031Z,"{""to"": ""/de/discourse""}",2026-08-06 11:06:48.986Z,,,,2026-08-06 11:06:49.031Z,407be8b01d4ce342
bf4d78tmam63qrq,page_view,2026-08-06 11:06:52.848Z,"{""from"": ""/de/discourse"", ""to"": ""/de/questions/0w3z1e5u1y1d83t/proposals/question""}",2026-08-06 11:06:52.819Z,0w3z1e5u1y1d83t,,,2026-08-06 11:06:52.848Z,407be8b01d4ce342
sxetgao9x5f03fh,proposal_view,2026-08-06 11:08:24.779Z,,2026-08-06 11:08:24.743Z,0w3z1e5u1y1d83t,,l5sqzdyfozw6267,2026-08-06 11:08:24.779Z,407be8b01d4ce342
q37cnhuuf8mkcvl,page_view,2026-08-06 11:08:24.790Z,"{""from"": ""/de/questions/0w3z1e5u1y1d83t/proposals/ballot"", ""to"": ""/de/questions/0w3z1e5u1y1d83t/proposals/l5sqzdyfozw6267""}",2026-08-06 11:08:24.752Z,0w3z1e5u1y1d83t,,,2026-08-06 11:08:24.790Z,407be8b01d4ce342
bvktzo0p3l9o8r5,proposal_view,2026-08-06 11:08:24.792Z,,2026-08-06 11:08:24.750Z,0w3z1e5u1y1d83t,,l5sqzdyfozw6267,2026-08-06 11:08:24.792Z,407be8b01d4ce342
j7183n1lpuwd66l,notification_panel_open,2026-08-06 11:08:28.757Z,"{""unread_count"": 1}",2026-08-06 11:08:28.725Z,,,,2026-08-06 11:08:28.757Z,407be8b01d4ce342
05q9iigeaqctc53,notification_panel_open,2026-08-06 11:08:29.333Z,"{""unread_count"": 0}",2026-08-06 11:08:29.297Z,,,,2026-08-06 11:08:29.333Z,407be8b01d4ce342
d40w30qf778p8sf,notification_panel_click,2026-08-06 11:08:29.341Z,"{""event_type"": ""ballot_entry"", ""title"": ""Auf der Abstimmungsliste! \ud83c\udfaf"", ""url"": ""/questions/0w3z1e5u1y1d83t/proposals/ppkkg16jlpylazv""}",2026-08-06 11:08:29.340Z,,,8ybsx8ltco8f7xo,2026-08-06 11:08:29.341Z,407be8b01d4ce342
wcxq4ma2j0u20iy,proposal_view,2026-08-06 11:08:29.466Z,,2026-08-06 11:08:29.434Z,0w3z1e5u1y1d83t,,ppkkg16jlpylazv,2026-08-06 11:08:29.466Z,407be8b01d4ce342
qupf14v5hq7mq0y,proposal_view,2026-08-06 11:08:29.488Z,,2026-08-06 11:08:29.443Z,0w3z1e5u1y1d83t,,ppkkg16jlpylazv,2026-08-06 11:08:29.488Z,407be8b01d4ce342
9qkdq91r2ku0lbb,page_view,2026-08-06 11:08:29.491Z,"{""from"": ""/de/questions/0w3z1e5u1y1d83t/proposals/l5sqzdyfozw6267"", ""to"": ""/de/questions/0w3z1e5u1y1d83t/proposals/ppkkg16jlpylazv""}",2026-08-06 11:08:29.444Z,0w3z1e5u1y1d83t,,,2026-08-06 11:08:29.491Z,407be8b01d4ce342
0jxwr3y5vkrnhwn,proposal_view,2026-08-06 11:08:36.397Z,,2026-08-06 11:08:36.362Z,0w3z1e5u1y1d83t,,l5sqzdyfozw6267,2026-08-06 11:08:36.397Z,407be8b01d4ce342
t8oqjd90bnau7kf,page_view,2026-08-06 11:08:36.411Z,"{""from"": ""/de/questions/0w3z1e5u1y1d83t/proposals/ppkkg16jlpylazv"", ""to"": ""/de/questions/0w3z1e5u1y1d83t/proposals/l5sqzdyfozw6267""}",2026-08-06 11:08:36.372Z,0w3z1e5u1y1d83t,,,2026-08-06 11:08:36.411Z,407be8b01d4ce342
zji7rkexy9dx9b9,proposal_view,2026-08-06 11:08:36.414Z,,2026-08-06 11:08:36.371Z,0w3z1e5u1y1d83t,,l5sqzdyfozw6267,2026-08-06 11:08:36.414Z,407be8b01d4ce342
2o57i74h89yewnt,proposal_view,2026-08-06 11:08:41.582Z,,2026-08-06 11:08:41.546Z,0w3z1e5u1y1d83t,,i6o7tfr2opn951e,2026-08-06 11:08:41.582Z,407be8b01d4ce342
2tcsuxt9am8ufdv,page_view,2026-08-06 11:08:41.595Z,"{""from"": ""/de/questions/0w3z1e5u1y1d83t/proposals/ballot"", ""to"": ""/de/questions/0w3z1e5u1y1d83t/proposals/i6o7tfr2opn951e""}",2026-08-06 11:08:41.557Z,0w3z1e5u1y1d83t,,,2026-08-06 11:08:41.595Z,407be8b01d4ce342
gg9xs1dvniooo3l,proposal_view,2026-08-06 11:08:41.599Z,,2026-08-06 11:08:41.556Z,0w3z1e5u1y1d83t,,i6o7tfr2opn951e,2026-08-06 11:08:41.599Z,407be8b01d4ce342
lvk8ads1pp6zjy0,proposal_view,2026-08-06 11:09:29.940Z,,2026-08-06 11:09:29.903Z,0w3z1e5u1y1d83t,,spcuyp6qr3y1eq6,2026-08-06 11:09:29.940Z,407be8b01d4ce342
cf82co1tcy8uwko,proposal_view,2026-08-06 11:09:29.960Z,,2026-08-06 11:09:29.911Z,0w3z1e5u1y1d83t,,spcuyp6qr3y1eq6,2026-08-06 11:09:29.960Z,407be8b01d4ce342
zoattzvq67kfx93,page_view,2026-08-06 11:09:29.961Z,"{""from"": ""/de/questions/0w3z1e5u1y1d83t/proposals/ballot"", ""to"": ""/de/questions/0w3z1e5u1y1d83t/proposals/spcuyp6qr3y1eq6""}",2026-08-06 11:09:29.912Z,0w3z1e5u1y1d83t,,,2026-08-06 11:09:29.961Z,407be8b01d4ce342
zi5rc7wxy0ze38k,session_start,2026-08-06 11:31:53.555Z,"{""isMobile"": false, ""screenHeight"": 847, ""screenWidth"": 1536, ""userAgent"": ""Mozilla/5.0 (X11; Linux x86_64) AppleWebKit/537.36 (KHTML, like Gecko) Chrome/151.0.0.0 Safari/537.36""}",2026-08-06 11:31:53.495Z,,,,2026-08-06 11:31:53.555Z,407be8b01d4ce342
ybdjuw046pv9quy,page_view,2026-08-06 11:31:53.558Z,"{""to"": ""/de/discourse""}",2026-08-06 11:31:53.500Z,,,,2026-08-06 11:31:53.558Z,407be8b01d4ce342
htkcandb2ewhfv5,page_view,2026-08-06 11:31:57.023Z,"{""from"": ""/de/discourse"", ""to"": ""/de/groups""}",2026-08-06 11:31:56.979Z,,,,2026-08-06 11:31:57.023Z,407be8b01d4ce342
zpojh1zgto4qpkr,tab_switch,2026-08-06 11:34:22.855Z,"{""state"": ""visible""}",2026-08-06 11:34:22.690Z,,,,2026-08-06 11:34:22.855Z,407be8b01d4ce342
vgr2jrdzvp8ylje,tab_switch,2026-08-06 12:22:54.000Z,"{""state"": ""visible""}",2026-08-06 12:22:53.864Z,,,,2026-08-06 12:22:54.000Z,407be8b01d4ce342
0bdxiqmd3vq8307,page_view,2026-08-06 12:22:55.814Z,"{""from"": ""/de/questions/0w3z1e5u1y1d83t/proposals/ballot"", ""to"": ""/de/questions/0w3z1e5u1y1d83t/proposals/question""}",2026-08-06 12:22:55.816Z,0w3z1e5u1y1d83t,,,2026-08-06 12:22:55.814Z,407be8b01d4ce342
nf4qe794rjrjsv3,page_view,2026-08-06 12:22:56.430Z,"{""from"": ""/de/questions/0w3z1e5u1y1d83t/proposals/question"", ""to"": ""/de/discourse""}",2026-08-06 12:22:56.364Z,0w3z1e5u1y1d83t,,,2026-08-06 12:22:56.430Z,407be8b01d4ce342
n8gew6c9id5z7ys,page_view,2026-08-06 12:23:09.810Z,"{""to"": ""/de/discourse""}",2026-08-06 12:23:09.744Z,,,,2026-08-06 12:23:09.810Z,407be8b01d4ce342
s8gxmtk8knpi5cd,session_start,2026-08-06 12:23:09.818Z,"{""isMobile"": true, ""screenHeight"": 647, ""screenWidth"": 375, ""userAgent"": ""Mozilla/5.0 (iPhone; CPU iPhone OS 18_7 like Mac OS X) AppleWebKit/605.1.15 (KHTML, like Gecko) Version/26.5.2 Mobile/15E148 Safari/604.1""}",2026-08-06 12:23:09.743Z,,,,2026-08-06 12:23:09.818Z,407be8b01d4ce342
5xbh2c1e6y2t5j4,page_view,2026-08-06 13:05:38.152Z,"{""from"": ""/de/discourse"", ""to"": ""/de/questions/0w3z1e5u1y1d83t/proposals/question""}",2026-08-06 13:05:38.122Z,0w3z1e5u1y1d83t,,,2026-08-06 13:05:38.152Z,de13859e1d6aea12
r4owmsfnjg65dty,tab_switch,2026-08-06 13:05:56.079Z,"{""state"": ""visible""}",2026-08-06 13:05:55.778Z,,,,2026-08-06 13:05:56.079Z,407be8b01d4ce342
fclflxuwn0blg07,page_view,2026-08-06 13:06:08.591Z,"{""from"": ""/de/discourse"", ""to"": ""/de/questions/0w3z1e5u1y1d83t/proposals/question""}",2026-08-06 13:06:08.507Z,0w3z1e5u1y1d83t,,,2026-08-06 13:06:08.591Z,407be8b01d4ce342
6s8atxi1kcxygla,page_view,2026-08-06 13:06:12.595Z,"{""from"": ""/de/questions/0w3z1e5u1y1d83t/proposals/ballot"", ""to"": ""/de/questions/0w3z1e5u1y1d83t/proposals/question""}",2026-08-06 13:06:12.515Z,0w3z1e5u1y1d83t,,,2026-08-06 13:06:12.595Z,de13859e1d6aea12
z7k40y4c85pv56c,page_view,2026-08-06 13:06:15.183Z,"{""from"": ""/de/questions/0w3z1e5u1y1d83t/proposals/question"", ""to"": ""/questions/0w3z1e5u1y1d83t/proposals/question""}",2026-08-06 13:06:15.122Z,0w3z1e5u1y1d83t,,,2026-08-06 13:06:15.183Z,de13859e1d6aea12
rxa56jr996douhw,page_view,2026-08-06 13:06:15.304Z,"{""from"": ""/questions/0w3z1e5u1y1d83t/proposals/question"", ""to"": ""/de/questions/0w3z1e5u1y1d83t/proposals/question""}",2026-08-06 13:06:15.245Z,0w3z1e5u1y1d83t,,,2026-08-06 13:06:15.304Z,de13859e1d6aea12
s1ftz3faxk98lr0,page_view,2026-08-06 13:06:18.404Z,"{""from"": ""/de/questions/1dknvmz113a4x03/proposals/question"", ""to"": ""/de/questions/0w3z1e5u1y1d83t/proposals/question""}",2026-08-06 13:06:18.352Z,0w3z1e5u1y1d83t,,,2026-08-06 13:06:18.404Z,de13859e1d6aea12
j3kfsxx79wa6n53,page_view,2026-08-06 13:06:19.971Z,"{""from"": ""/de/questions/0w3z1e5u1y1d83t/proposals/question"", ""to"": ""/questions/0w3z1e5u1y1d83t/proposals/question""}",2026-08-06 13:06:19.900Z,0w3z1e5u1y1d83t,,,2026-08-06 13:06:19.971Z,de13859e1d6aea12
c4iz3s2fuxctms3,page_view,2026-08-06 13:06:20.096Z,"{""from"": ""/questions/0w3z1e5u1y1d83t/proposals/question"", ""to"": ""/de/questions/0w3z1e5u1y1d83t/proposals/question""}",2026-08-06 13:06:20.030Z,0w3z1e5u1y1d83t,,,2026-08-06 13:06:20.096Z,de13859e1d6aea12
89cqrzp7umqkmhr,proposal_view,2026-08-06 13:06:24.697Z,,2026-08-06 13:06:24.611Z,0w3z1e5u1y1d83t,,l5sqzdyfozw6267,2026-08-06 13:06:24.697Z,407be8b01d4ce342
qh97ikngfoa233e,proposal_view,2026-08-06 13:06:24.704Z,,2026-08-06 13:06:24.618Z,0w3z1e5u1y1d83t,,l5sqzdyfozw6267,2026-08-06 13:06:24.704Z,407be8b01d4ce342
ao89s3iyvey3a9d,page_view,2026-08-06 13:06:24.709Z,"{""from"": ""/de/questions/0w3z1e5u1y1d83t/proposals/ballot"", ""to"": ""/de/questions/0w3z1e5u1y1d83t/proposals/l5sqzdyfozw6267""}",2026-08-06 13:06:24.619Z,0w3z1e5u1y1d83t,,,2026-08-06 13:06:24.709Z,407be8b01d4ce342
yfn6w4vtlg2r730,proposal_view,2026-08-06 13:06:41.025Z,,2026-08-06 13:06:40.936Z,0w3z1e5u1y1d83t,,n9fuozjh7xq5vuy,2026-08-06 13:06:41.025Z,407be8b01d4ce342
svy3nqcurxfqkjo,page_view,2026-08-06 13:06:41.033Z,"{""from"": ""/de/questions/0w3z1e5u1y1d83t/proposals/ballot"", ""to"": ""/de/questions/0w3z1e5u1y1d83t/proposals/n9fuozjh7xq5vuy""}",2026-08-06 13:06:40.947Z,0w3z1e5u1y1d83t,,,2026-08-06 13:06:41.033Z,407be8b01d4ce342
t80nue00b58v9vd,proposal_view,2026-08-06 13:06:41.041Z,,2026-08-06 13:06:40.946Z,0w3z1e5u1y1d83t,,n9fuozjh7xq5vuy,2026-08-06 13:06:41.041Z,407be8b01d4ce342
slyjelnyy7uzvvy,page_view,2026-08-06 13:06:48.777Z,"{""from"": ""/de/questions/0w3z1e5u1y1d83t/proposals/ballot"", ""to"": ""/de/questions/0w3z1e5u1y1d83t/proposals/question""}",2026-08-06 13:06:48.692Z,0w3z1e5u1y1d83t,,,2026-08-06 13:06:48.777Z,de13859e1d6aea12
hv9smg9g8oylmrj,proposal_view,2026-08-06 13:07:10.940Z,,2026-08-06 13:07:10.849Z,0w3z1e5u1y1d83t,,spcuyp6qr3y1eq6,2026-08-06 13:07:10.940Z,407be8b01d4ce342
avcuwdnxv6c1t95,page_view,2026-08-06 13:07:10.957Z,"{""from"": ""/de/questions/0w3z1e5u1y1d83t/proposals/ballot"", ""to"": ""/de/questions/0w3z1e5u1y1d83t/proposals/spcuyp6qr3y1eq6""}",2026-08-06 13:07:10.860Z,0w3z1e5u1y1d83t,,,2026-08-06 13:07:10.957Z,407be8b01d4ce342
shg2j9mzefwritn,proposal_view,2026-08-06 13:07:10.959Z,,2026-08-06 13:07:10.859Z,0w3z1e5u1y1d83t,,spcuyp6qr3y1eq6,2026-08-06 13:07:10.959Z,407be8b01d4ce342
0f47rbxiq14pa7f,proposal_view,2026-08-06 13:07:24.666Z,,2026-08-06 13:07:24.573Z,0w3z1e5u1y1d83t,,i6o7tfr2opn951e,2026-08-06 13:07:24.666Z,407be8b01d4ce342
w4ru4k1hgeinc9p,proposal_view,2026-08-06 13:07:24.687Z,,2026-08-06 13:07:24.582Z,0w3z1e5u1y1d83t,,i6o7tfr2opn951e,2026-08-06 13:07:24.687Z,407be8b01d4ce342
negyth3x8xpg2uh,page_view,2026-08-06 13:07:24.691Z,"{""from"": ""/de/questions/0w3z1e5u1y1d83t/proposals/ballot"", ""to"": ""/de/questions/0w3z1e5u1y1d83t/proposals/i6o7tfr2opn951e""}",2026-08-06 13:07:24.583Z,0w3z1e5u1y1d83t,,,2026-08-06 13:07:24.691Z,407be8b01d4ce342
mp6m9jguoo4seo4,proposal_view,2026-08-06 13:07:57.940Z,,2026-08-06 13:07:57.850Z,0w3z1e5u1y1d83t,,ppkkg16jlpylazv,2026-08-06 13:07:57.940Z,407be8b01d4ce342
he0muqtl0d3faon,proposal_view,2026-08-06 13:07:57.955Z,,2026-08-06 13:07:57.856Z,0w3z1e5u1y1d83t,,ppkkg16jlpylazv,2026-08-06 13:07:57.955Z,407be8b01d4ce342
qwygi0hy6utnz6x,page_view,2026-08-06 13:07:57.956Z,"{""from"": ""/de/questions/0w3z1e5u1y1d83t/proposals/ballot"", ""to"": ""/de/questions/0w3z1e5u1y1d83t/proposals/ppkkg16jlpylazv""}",2026-08-06 13:07:57.858Z,0w3z1e5u1y1d83t,,,2026-08-06 13:07:57.956Z,407be8b01d4ce342
r5kery9iknh1x46,proposal_view,2026-08-06 13:08:29.415Z,,2026-08-06 13:08:29.324Z,0w3z1e5u1y1d83t,,l5sqzdyfozw6267,2026-08-06 13:08:29.415Z,407be8b01d4ce342
kcu3o7azo7j2yvz,page_view,2026-08-06 13:08:29.428Z,"{""from"": ""/de/questions/0w3z1e5u1y1d83t/proposals/ballot"", ""to"": ""/de/questions/0w3z1e5u1y1d83t/proposals/l5sqzdyfozw6267""}",2026-08-06 13:08:29.335Z,0w3z1e5u1y1d83t,,,2026-08-06 13:08:29.428Z,407be8b01d4ce342
kjyisse1k2epkjk,proposal_view,2026-08-06 13:08:29.435Z,,2026-08-06 13:08:29.334Z,0w3z1e5u1y1d83t,,l5sqzdyfozw6267,2026-08-06 13:08:29.435Z,407be8b01d4ce342
o82msd67yhbfkk1,proposal_view,2026-08-06 13:08:42.172Z,,2026-08-06 13:08:42.082Z,0w3z1e5u1y1d83t,,n9fuozjh7xq5vuy,2026-08-06 13:08:42.172Z,407be8b01d4ce342
6iz52w8fbyggbhe,page_view,2026-08-06 13:08:42.183Z,"{""from"": ""/de/questions/0w3z1e5u1y1d83t/proposals/ballot"", ""to"": ""/de/questions/0w3z1e5u1y1d83t/proposals/n9fuozjh7xq5vuy""}",2026-08-06 13:08:42.093Z,0w3z1e5u1y1d83t,,,2026-08-06 13:08:42.183Z,407be8b01d4ce342
iar7any0nfddra4,proposal_view,2026-08-06 13:08:42.195Z,,2026-08-06 13:08:42.092Z,0w3z1e5u1y1d83t,,n9fuozjh7xq5vuy,2026-08-06 13:08:42.195Z,407be8b01d4ce342
mfe71ft31kzeli9,proposal_view,2026-08-06 13:09:03.147Z,,2026-08-06 13:09:03.059Z,0w3z1e5u1y1d83t,,spcuyp6qr3y1eq6,2026-08-06 13:09:03.147Z,407be8b01d4ce342
lxbfyjis65ta59c,proposal_view,2026-08-06 13:09:03.167Z,,2026-08-06 13:09:03.068Z,0w3z1e5u1y1d83t,,spcuyp6qr3y1eq6,2026-08-06 13:09:03.167Z,407be8b01d4ce342
0voe7rq41egx2po,page_view,2026-08-06 13:09:03.168Z,"{""from"": ""/de/questions/0w3z1e5u1y1d83t/proposals/ballot"", ""to"": ""/de/questions/0w3z1e5u1y1d83t/proposals/spcuyp6qr3y1eq6""}",2026-08-06 13:09:03.069Z,0w3z1e5u1y1d83t,,,2026-08-06 13:09:03.168Z,407be8b01d4ce342
d7ve12ddhc69vl5,proposal_view,2026-08-06 13:09:13.107Z,,2026-08-06 13:09:13.017Z,0w3z1e5u1y1d83t,,i6o7tfr2opn951e,2026-08-06 13:09:13.107Z,407be8b01d4ce342
n1vxpu6w2bfbbq1,page_view,2026-08-06 13:09:13.120Z,"{""from"": ""/de/questions/0w3z1e5u1y1d83t/proposals/ballot"", ""to"": ""/de/questions/0w3z1e5u1y1d83t/proposals/i6o7tfr2opn951e""}",2026-08-06 13:09:13.026Z,0w3z1e5u1y1d83t,,,2026-08-06 13:09:13.120Z,407be8b01d4ce342
2ljcbp7kipcfbej,proposal_view,2026-08-06 13:09:13.132Z,,2026-08-06 13:09:13.025Z,0w3z1e5u1y1d83t,,i6o7tfr2opn951e,2026-08-06 13:09:13.132Z,407be8b01d4ce342
mdi517y8vcqk8sz,page_view,2026-08-06 13:09:25.895Z,"{""from"": ""/de/questions/0w3z1e5u1y1d83t/proposals/ballot"", ""to"": ""/de/questions/0w3z1e5u1y1d83t/proposals/ppkkg16jlpylazv""}",2026-08-06 13:09:25.801Z,0w3z1e5u1y1d83t,,,2026-08-06 13:09:25.895Z,407be8b01d4ce342
zcuafbjyc5d1ibs,proposal_view,2026-08-06 13:09:25.896Z,,2026-08-06 13:09:25.791Z,0w3z1e5u1y1d83t,,ppkkg16jlpylazv,2026-08-06 13:09:25.896Z,407be8b01d4ce342
a845t1652pup0we,proposal_view,2026-08-06 13:09:25.904Z,,2026-08-06 13:09:25.799Z,0w3z1e5u1y1d83t,,ppkkg16jlpylazv,2026-08-06 13:09:25.904Z,407be8b01d4ce342
q10w5cgkts8086f,ballot_submit,2026-08-06 13:12:19.622Z,"{""is_update"": false, ""ranks_count"": 5}",2026-08-06 13:12:19.620Z,0w3z1e5u1y1d83t,,,2026-08-06 13:12:19.622Z,407be8b01d4ce342
kcnjoyf5s3v7bwn,page_view,2026-08-06 13:22:45.598Z,"{""to"": ""/de/questions/0w3z1e5u1y1d83t/proposals/question""}",2026-08-06 13:22:45.577Z,0w3z1e5u1y1d83t,,,2026-08-06 13:22:45.598Z,de13859e1d6aea12
9zvsbz32ol6o496,page_view,2026-08-06 13:22:48.670Z,"{""from"": ""/de/questions/0w3z1e5u1y1d83t/proposals/question"", ""to"": ""/de/discourse""}",2026-08-06 13:22:48.651Z,0w3z1e5u1y1d83t,,,2026-08-06 13:22:48.670Z,de13859e1d6aea12
uwep20p4v7sgv7a,page_view,2026-08-06 13:22:58.941Z,"{""from"": ""/de/discourse"", ""to"": ""/de/groups""}",2026-08-06 13:22:58.879Z,0w3z1e5u1y1d83t,,,2026-08-06 13:22:58.941Z,de13859e1d6aea12
0o9ahhcz6rrd2w6,page_view,2026-08-06 13:23:02.725Z,"{""from"": ""/de/groups"", ""to"": ""/de/groups/m5obm8bp0rbq043""}",2026-08-06 13:23:02.688Z,0w3z1e5u1y1d83t,,,2026-08-06 13:23:02.725Z,de13859e1d6aea12
8amxgjkwrhx46t3,tab_switch,2026-08-06 14:32:29.286Z,"{""state"": ""visible""}",2026-08-06 14:32:29.073Z,,,,2026-08-06 14:32:29.286Z,407be8b01d4ce342
fwcy6apvty8u5fz,page_view,2026-08-06 14:32:31.738Z,"{""from"": ""/de/questions/0w3z1e5u1y1d83t/proposals/ballot"", ""to"": ""/de/discourse""}",2026-08-06 14:32:31.661Z,0w3z1e5u1y1d83t,,,2026-08-06 14:32:31.738Z,407be8b01d4ce342
sewlcr9sn637z6e,page_view,2026-08-06 14:32:36.981Z,"{""from"": ""/de/discourse"", ""to"": ""/de/discourse""}",2026-08-06 14:32:36.899Z,0w3z1e5u1y1d83t,,,2026-08-06 14:32:36.981Z,407be8b01d4ce342
1vsfxs7qsa047km,page_view,2026-08-06 14:33:22.530Z,"{""from"": ""/de/login"", ""to"": ""/de/discourse""}",2026-08-06 14:33:22.451Z,,,,2026-08-06 14:33:22.530Z,407be8b01d4ce342
7vwooyxz6mwfq3u,page_view,2026-08-06 14:33:28.838Z,"{""to"": ""/de/groups/m5obm8bp0rbq043""}",2026-08-06 14:33:28.762Z,,,,2026-08-06 14:33:28.838Z,407be8b01d4ce342
l3mf6nioyn9oh1f,session_start,2026-08-06 14:33:28.841Z,"{""isMobile"": true, ""screenHeight"": 549, ""screenWidth"": 375, ""userAgent"": ""Mozilla/5.0 (iPhone; CPU iPhone OS 18_7 like Mac OS X) AppleWebKit/605.1.15 (KHTML, like Gecko) Version/26.5.2 Mobile/15E148 Safari/604.1""}",2026-08-06 14:33:28.761Z,,,,2026-08-06 14:33:28.841Z,407be8b01d4ce342
2qns0wxb1zzqnkn,page_view,2026-08-06 14:33:51.918Z,"{""to"": ""/de/discourse""}",2026-08-06 14:33:51.840Z,,,,2026-08-06 14:33:51.918Z,407be8b01d4ce342
q7nbxm0huw018ib,session_start,2026-08-06 14:33:51.928Z,"{""isMobile"": true, ""screenHeight"": 647, ""screenWidth"": 375, ""userAgent"": ""Mozilla/5.0 (iPhone; CPU iPhone OS 18_7 like Mac OS X) AppleWebKit/605.1.15 (KHTML, like Gecko) Version/26.5.2 Mobile/15E148 Safari/604.1""}",2026-08-06 14:33:51.840Z,,,,2026-08-06 14:33:51.928Z,407be8b01d4ce342
tbtmfa3i6oxvi6f,tab_switch,2026-08-06 14:39:17.727Z,"{""state"": ""visible""}",2026-08-06 14:39:17.492Z,,,,2026-08-06 14:39:17.727Z,407be8b01d4ce342
cndcpl8vonhrjqp,feed_filter_change,2026-08-06 14:39:27.908Z,"{""selectedLabelId"": null, ""sortMode"": ""Newest""}",2026-08-06 14:39:27.833Z,,,,2026-08-06 14:39:27.908Z,407be8b01d4ce342
urjh14gmke5bzcj,tab_switch,2026-08-06 14:50:54.922Z,"{""state"": ""visible""}",2026-08-06 14:50:54.561Z,,,,2026-08-06 14:50:54.922Z,407be8b01d4ce342
21v4chsf82f6tyc,page_view,2026-08-06 16:17:49.222Z,"{""from"": ""/de/login"", ""to"": ""/de/discourse""}",2026-08-06 16:17:49.368Z,,,,2026-08-06 16:17:49.222Z,b003312e6c38c8a5
ryf1570l53yh83c,session_start,2026-08-06 16:18:09.734Z,"{""isMobile"": true, ""screenHeight"": 809, ""screenWidth"": 411, ""userAgent"": ""Mozilla/5.0 (Linux; Android 10; K) AppleWebKit/537.36 (KHTML, like Gecko) Chrome/151.0.0.0 Mobile Safari/537.36""}",2026-08-06 16:18:09.881Z,,,,2026-08-06 16:18:09.734Z,b003312e6c38c8a5
g5jxpdjt8boxev8,page_view,2026-08-06 16:18:09.738Z,"{""to"": ""/de/discourse""}",2026-08-06 16:18:09.884Z,,,,2026-08-06 16:18:09.738Z,b003312e6c38c8a5
gyq9ewbrqtmbe7s,tab_switch,2026-08-06 16:18:15.799Z,"{""state"": ""visible""}",2026-08-06 16:18:15.929Z,,,,2026-08-06 16:18:15.799Z,b003312e6c38c8a5
wqrht4c1qxi7w7j,tab_switch,2026-08-06 16:18:20.054Z,"{""state"": ""visible""}",2026-08-06 16:18:20.194Z,,,,2026-08-06 16:18:20.054Z,b003312e6c38c8a5
nqdpfvxfaaks8dt,tab_switch,2026-08-06 16:18:27.184Z,"{""state"": ""visible""}",2026-08-06 16:18:27.274Z,,,,2026-08-06 16:18:27.184Z,b003312e6c38c8a5
i2spa7ebeymvvd6,page_view,2026-08-06 16:19:04.077Z,"{""from"": ""/de/login"", ""to"": ""/de/discourse""}",2026-08-06 16:19:04.227Z,,,,2026-08-06 16:19:04.077Z,b003312e6c38c8a5
fw3ohqc3m832k5h,page_view,2026-08-06 16:19:05.545Z,"{""from"": ""/de/discourse"", ""to"": ""/de/questions/0w3z1e5u1y1d83t/proposals/question""}",2026-08-06 16:19:05.694Z,0w3z1e5u1y1d83t,,,2026-08-06 16:19:05.545Z,b003312e6c38c8a5
8prbgceci13fo5s,page_view,2026-08-06 16:19:31.750Z,"{""from"": ""/de/questions/0w3z1e5u1y1d83t/proposals/ballot"", ""to"": ""/de/questions/0w3z1e5u1y1d83t/proposals/spcuyp6qr3y1eq6""}",2026-08-06 16:19:31.879Z,0w3z1e5u1y1d83t,,,2026-08-06 16:19:31.750Z,b003312e6c38c8a5
7i3n2z13jy0g78b,proposal_view,2026-08-06 16:19:31.752Z,,2026-08-06 16:19:31.877Z,0w3z1e5u1y1d83t,,spcuyp6qr3y1eq6,2026-08-06 16:19:31.752Z,b003312e6c38c8a5
uz4nxaa4ekyzayk,proposal_view,2026-08-06 16:19:31.754Z,,2026-08-06 16:19:31.870Z,0w3z1e5u1y1d83t,,spcuyp6qr3y1eq6,2026-08-06 16:19:31.754Z,b003312e6c38c8a5
q3nzptwzh8llg58,proposal_view,2026-08-06 16:19:36.518Z,,2026-08-06 16:19:36.668Z,0w3z1e5u1y1d83t,,spcuyp6qr3y1eq6,2026-08-06 16:19:36.518Z,b003312e6c38c8a5
bmumoymoboqswjo,proposal_view,2026-08-06 16:19:36.538Z,,2026-08-06 16:19:36.676Z,0w3z1e5u1y1d83t,,spcuyp6qr3y1eq6,2026-08-06 16:19:36.538Z,b003312e6c38c8a5
z77osdm5hue3wiz,session_start,2026-08-06 16:19:36.540Z,"{""isMobile"": true, ""screenHeight"": 841, ""screenWidth"": 411, ""userAgent"": ""Mozilla/5.0 (Linux; Android 10; K) AppleWebKit/537.36 (KHTML, like Gecko) Chrome/151.0.0.0 Mobile Safari/537.36""}",2026-08-06 16:19:36.678Z,,,,2026-08-06 16:19:36.540Z,b003312e6c38c8a5
mbe8iiat9na3jb0,page_view,2026-08-06 16:19:36.550Z,"{""to"": ""/de/questions/0w3z1e5u1y1d83t/proposals/spcuyp6qr3y1eq6""}",2026-08-06 16:19:36.681Z,0w3z1e5u1y1d83t,,,2026-08-06 16:19:36.550Z,b003312e6c38c8a5
ilk39av3lrm3dd2,proposal_view,2026-08-06 16:19:40.986Z,,2026-08-06 16:19:41.135Z,0w3z1e5u1y1d83t,,ppkkg16jlpylazv,2026-08-06 16:19:40.986Z,b003312e6c38c8a5
4tvjjhajy5452ub,proposal_view,2026-08-06 16:19:41.007Z,,2026-08-06 16:19:41.142Z,0w3z1e5u1y1d83t,,ppkkg16jlpylazv,2026-08-06 16:19:41.007Z,b003312e6c38c8a5
g2wfsahzx0qe4eq,page_view,2026-08-06 16:19:41.011Z,"{""from"": ""/de/questions/0w3z1e5u1y1d83t/proposals/ballot"", ""to"": ""/de/questions/0w3z1e5u1y1d83t/proposals/ppkkg16jlpylazv""}",2026-08-06 16:19:41.144Z,0w3z1e5u1y1d83t,,,2026-08-06 16:19:41.011Z,b003312e6c38c8a5
248pfunv4hb50bp,proposal_view,2026-08-06 16:19:44.375Z,,2026-08-06 16:19:44.518Z,0w3z1e5u1y1d83t,,l5sqzdyfozw6267,2026-08-06 16:19:44.375Z,b003312e6c38c8a5
cobryzblexajkfi,proposal_view,2026-08-06 16:19:44.379Z,,2026-08-06 16:19:44.523Z,0w3z1e5u1y1d83t,,l5sqzdyfozw6267,2026-08-06 16:19:44.379Z,b003312e6c38c8a5
olbcz1rkcd3uake,page_view,2026-08-06 16:19:44.394Z,"{""from"": ""/de/questions/0w3z1e5u1y1d83t/proposals/ballot"", ""to"": ""/de/questions/0w3z1e5u1y1d83t/proposals/l5sqzdyfozw6267""}",2026-08-06 16:19:44.524Z,0w3z1e5u1y1d83t,,,2026-08-06 16:19:44.394Z,b003312e6c38c8a5
vcjlin6102gmy82,proposal_view,2026-08-06 16:19:49.626Z,,2026-08-06 16:19:49.767Z,0w3z1e5u1y1d83t,,l5sqzdyfozw6267,2026-08-06 16:19:49.626Z,b003312e6c38c8a5
m9np43870a806zh,page_view,2026-08-06 16:19:49.639Z,"{""from"": ""/de/questions/0w3z1e5u1y1d83t/proposals/ballot"", ""to"": ""/de/questions/0w3z1e5u1y1d83t/proposals/l5sqzdyfozw6267""}",2026-08-06 16:19:49.773Z,0w3z1e5u1y1d83t,,,2026-08-06 16:19:49.639Z,b003312e6c38c8a5
o2fo7iak10b0woj,proposal_view,2026-08-06 16:19:49.643Z,,2026-08-06 16:19:49.772Z,0w3z1e5u1y1d83t,,l5sqzdyfozw6267,2026-08-06 16:19:49.643Z,b003312e6c38c8a5
5d1mdqllfsb9sw3,proposal_view,2026-08-06 16:19:52.159Z,,2026-08-06 16:19:52.309Z,0w3z1e5u1y1d83t,,n9fuozjh7xq5vuy,2026-08-06 16:19:52.159Z,b003312e6c38c8a5
h7pr4ygjnyk95yn,proposal_view,2026-08-06 16:19:52.170Z,,2026-08-06 16:19:52.316Z,0w3z1e5u1y1d83t,,n9fuozjh7xq5vuy,2026-08-06 16:19:52.170Z,b003312e6c38c8a5
gvmn5zxdje85vi0,page_view,2026-08-06 16:19:52.176Z,"{""from"": ""/de/questions/0w3z1e5u1y1d83t/proposals/ballot"", ""to"": ""/de/questions/0w3z1e5u1y1d83t/proposals/n9fuozjh7xq5vuy""}",2026-08-06 16:19:52.317Z,0w3z1e5u1y1d83t,,,2026-08-06 16:19:52.176Z,b003312e6c38c8a5
4z1tp60tn0t91ys,ballot_submit,2026-08-06 16:20:36.909Z,"{""is_update"": false, ""ranks_count"": 5}",2026-08-06 16:20:36.908Z,0w3z1e5u1y1d83t,,,2026-08-06 16:20:36.909Z,b003312e6c38c8a5
vb7ix2yh2g1dbh2,notification_panel_open,2026-08-06 16:20:40.502Z,"{""unread_count"": 6}",2026-08-06 16:20:40.645Z,,,,2026-08-06 16:20:40.502Z,b003312e6c38c8a5
0h2itiwr0fev62i,page_view,2026-08-06 21:40:30.016Z,"{""to"": ""/de/discourse""}",2026-08-06 21:40:30.000Z,,,,2026-08-06 21:40:30.016Z,407be8b01d4ce342
jc4tp53usjv238a,session_start,2026-08-06 21:40:30.024Z,"{""isMobile"": true, ""screenHeight"": 647, ""screenWidth"": 375, ""userAgent"": ""Mozilla/5.0 (iPhone; CPU iPhone OS 18_7 like Mac OS X) AppleWebKit/605.1.15 (KHTML, like Gecko) Version/26.5.2 Mobile/15E148 Safari/604.1""}",2026-08-06 21:40:29.997Z,,,,2026-08-06 21:40:30.024Z,407be8b01d4ce342
qdriw3mrztqex3d,feed_filter_change,2026-08-06 21:40:38.365Z,"{""selectedLabelId"": null, ""sortMode"": ""Newest""}",2026-08-06 21:40:38.347Z,,,,2026-08-06 21:40:38.365Z,407be8b01d4ce342
ydje6xttou7ki6s,session_start,2026-08-07 07:49:50.680Z,"{""isMobile"": true, ""screenHeight"": 647, ""screenWidth"": 375, ""userAgent"": ""Mozilla/5.0 (iPhone; CPU iPhone OS 18_7 like Mac OS X) AppleWebKit/605.1.15 (KHTML, like Gecko) Version/26.5.2 Mobile/15E148 Safari/604.1""}",2026-08-07 07:49:50.656Z,,,,2026-08-07 07:49:50.680Z,407be8b01d4ce342
izav383sv6tn4gh,page_view,2026-08-07 07:49:50.682Z,"{""to"": ""/de/discourse""}",2026-08-07 07:49:50.660Z,,,,2026-08-07 07:49:50.682Z,407be8b01d4ce342
q0w1wc8580rnoen,notification_panel_open,2026-08-07 07:49:53.476Z,"{""unread_count"": 1}",2026-08-07 07:49:53.454Z,,,,2026-08-07 07:49:53.476Z,407be8b01d4ce342
cjxftixbiiingor,notification_panel_open,2026-08-07 07:49:55.028Z,"{""unread_count"": 0}",2026-08-07 07:49:55.011Z,,,,2026-08-07 07:49:55.028Z,407be8b01d4ce342
5goqv5a1t5t5h2d,notification_panel_click,2026-08-07 07:49:55.035Z,"{""event_type"": ""phase_halfway"", ""title"": ""Abstimmung zur H\u00e4lfte \ud83d\uddf3\ufe0f"", ""url"": ""/questions/0w3z1e5u1y1d83t/proposals/question""}",2026-08-07 07:49:55.033Z,,,88qgc6dr7epx5yh,2026-08-07 07:49:55.035Z,407be8b01d4ce342
zvj4fpbz66icr6z,page_view,2026-08-07 07:49:55.179Z,"{""from"": ""/de/discourse"", ""to"": ""/de/questions/0w3z1e5u1y1d83t/proposals/question""}",2026-08-07 07:49:55.165Z,0w3z1e5u1y1d83t,,,2026-08-07 07:49:55.179Z,407be8b01d4ce342
j95y2barue9ecst,page_view,2026-08-07 07:50:04.138Z,"{""from"": ""/de/questions/0w3z1e5u1y1d83t/proposals/ballot"", ""to"": ""/de/questions/0w3z1e5u1y1d83t/proposals/question""}",2026-08-07 07:50:04.119Z,0w3z1e5u1y1d83t,,,2026-08-07 07:50:04.138Z,407be8b01d4ce342
rdq320e6x4fhlmh,page_view,2026-08-07 07:50:17.803Z,"{""from"": ""/de/questions/0w3z1e5u1y1d83t/proposals/ballot"", ""to"": ""/de/questions/0w3z1e5u1y1d83t/proposals/question""}",2026-08-07 07:50:17.786Z,0w3z1e5u1y1d83t,,,2026-08-07 07:50:17.803Z,407be8b01d4ce342
dutg08cpswyw1ox,page_view,2026-08-07 07:50:24.559Z,"{""from"": ""/de/questions/0w3z1e5u1y1d83t/proposals/ballot"", ""to"": ""/de/questions/0w3z1e5u1y1d83t/proposals/question""}",2026-08-07 07:50:24.541Z,0w3z1e5u1y1d83t,,,2026-08-07 07:50:24.559Z,407be8b01d4ce342
iqprkb02p0gezdq,tab_switch,2026-08-07 08:15:54.586Z,"{""state"": ""visible""}",2026-08-07 08:15:54.406Z,,,,2026-08-07 08:15:54.586Z,407be8b01d4ce342
wd5d4qr3bblgn40,tab_switch,2026-08-07 08:37:30.509Z,"{""state"": ""visible""}",2026-08-07 08:37:30.361Z,,,,2026-08-07 08:37:30.509Z,407be8b01d4ce342
26fhi1d112s546p,page_view,2026-08-07 08:37:32.802Z,"{""from"": ""/de/questions/0w3z1e5u1y1d83t/proposals/ballot"", ""to"": ""/de/questions/0w3z1e5u1y1d83t/proposals/question""}",2026-08-07 08:37:32.781Z,0w3z1e5u1y1d83t,,,2026-08-07 08:37:32.801Z,407be8b01d4ce342
8b983fq9gpzzkkb,page_view,2026-08-07 08:37:33.205Z,"{""from"": ""/de/questions/0w3z1e5u1y1d83t/proposals/question"", ""to"": ""/de/questions/0w3z1e5u1y1d83t/proposals/question""}",2026-08-07 08:37:33.182Z,0w3z1e5u1y1d83t,,,2026-08-07 08:37:33.205Z,407be8b01d4ce342
57fte1njbn7uz63,page_view,2026-08-07 08:37:35.279Z,"{""from"": ""/de/questions/0w3z1e5u1y1d83t/proposals/ballot"", ""to"": ""/de/questions/0w3z1e5u1y1d83t/proposals/question""}",2026-08-07 08:37:35.259Z,0w3z1e5u1y1d83t,,,2026-08-07 08:37:35.279Z,407be8b01d4ce342
wuw67ltqsgoyw38,page_view,2026-08-07 08:37:39.067Z,"{""from"": ""/de/questions/0w3z1e5u1y1d83t/proposals/ballot"", ""to"": ""/de/discourse""}",2026-08-07 08:37:39.049Z,0w3z1e5u1y1d83t,,,2026-08-07 08:37:39.067Z,407be8b01d4ce342
w9d1dm84onyginv,feed_filter_change,2026-08-07 08:38:32.802Z,"{""selectedLabelId"": null, ""sortMode"": ""Newest""}",2026-08-07 08:38:32.771Z,,,,2026-08-07 08:38:32.802Z,407be8b01d4ce342
7bx6r8ago6jp1dk,tab_switch,2026-08-07 08:42:36.331Z,"{""state"": ""visible""}",2026-08-07 08:42:36.165Z,,,,2026-08-07 08:42:36.331Z,407be8b01d4ce342
d8shqxe5b67pr6u,tab_switch,2026-08-07 09:49:35.910Z,"{""state"": ""visible""}",2026-08-07 09:49:35.770Z,,,,2026-08-07 09:49:35.910Z,407be8b01d4ce342
8u7cpnds7si1fk7,tab_switch,2026-08-07 09:57:20.418Z,"{""state"": ""visible""}",2026-08-07 09:57:20.230Z,,,,2026-08-07 09:57:20.418Z,407be8b01d4ce342
rvs7wxk0ku2jgje,page_view,2026-08-07 09:57:22.359Z,"{""from"": ""/de/discourse"", ""to"": ""/de/questions/0w3z1e5u1y1d83t/proposals/question""}",2026-08-07 09:57:22.316Z,0w3z1e5u1y1d83t,,,2026-08-07 09:57:22.359Z,407be8b01d4ce342
8uimkl54qduim7e,page_view,2026-08-07 09:57:27.674Z,"{""from"": ""/de/questions/0w3z1e5u1y1d83t/proposals/ballot"", ""to"": ""/de/questions/0w3z1e5u1y1d83t/proposals/question""}",2026-08-07 09:57:27.639Z,0w3z1e5u1y1d83t,,,2026-08-07 09:57:27.674Z,407be8b01d4ce342
e4kta48z6g1unxl,tab_switch,2026-08-07 10:18:04.947Z,"{""state"": ""visible""}",2026-08-07 10:18:03.598Z,,,,2026-08-07 10:18:04.947Z,407be8b01d4ce342
raoag2727y30yla,page_view,2026-08-07 10:18:07.724Z,"{""from"": ""/de/questions/0w3z1e5u1y1d83t/proposals/ballot"", ""to"": ""/de/questions/0w3z1e5u1y1d83t/proposals/question""}",2026-08-07 10:18:07.684Z,0w3z1e5u1y1d83t,,,2026-08-07 10:18:07.724Z,407be8b01d4ce342
eaknl8n7165gmo8,page_view,2026-08-07 10:18:08.003Z,"{""from"": ""/de/questions/0w3z1e5u1y1d83t/proposals/question"", ""to"": ""/de/questions/0w3z1e5u1y1d83t/proposals/question""}",2026-08-07 10:18:07.965Z,0w3z1e5u1y1d83t,,,2026-08-07 10:18:08.003Z,407be8b01d4ce342
zzcgh3wi58krs7k,page_view,2026-08-07 10:18:12.643Z,"{""from"": ""/de/questions/0w3z1e5u1y1d83t/proposals/ballot"", ""to"": ""/de/questions/0w3z1e5u1y1d83t/proposals/question""}",2026-08-07 10:18:12.602Z,0w3z1e5u1y1d83t,,,2026-08-07 10:18:12.643Z,407be8b01d4ce342
8m98ugr98jyfahc,tab_switch,2026-08-07 10:18:36.663Z,"{""state"": ""visible""}",2026-08-07 10:18:36.467Z,,,,2026-08-07 10:18:36.663Z,407be8b01d4ce342
wt2uxm9ymcno1cd,page_view,2026-08-07 10:18:37.503Z,"{""from"": ""/de/questions/0w3z1e5u1y1d83t/proposals/question"", ""to"": ""/de/discourse""}",2026-08-07 10:18:37.465Z,0w3z1e5u1y1d83t,,,2026-08-07 10:18:37.503Z,407be8b01d4ce342
6obvr5u3tx0ftzp,tab_switch,2026-08-07 10:26:28.976Z,"{""state"": ""visible""}",2026-08-07 10:26:28.763Z,,,,2026-08-07 10:26:28.976Z,407be8b01d4ce342
ymu22jffm08dnei,tab_switch,2026-08-07 10:26:32.505Z,"{""state"": ""visible""}",2026-08-07 10:26:32.463Z,,,,2026-08-07 10:26:32.505Z,407be8b01d4ce342
utt2hct27qb33am,session_start,2026-08-07 12:05:59.993Z,"{""isMobile"": true, ""screenHeight"": 647, ""screenWidth"": 375, ""userAgent"": ""Mozilla/5.0 (iPhone; CPU iPhone OS 18_7 like Mac OS X) AppleWebKit/605.1.15 (KHTML, like Gecko) Version/26.5.2 Mobile/15E148 Safari/604.1""}",2026-08-07 12:05:59.909Z,,,,2026-08-07 12:05:59.993Z,407be8b01d4ce342
bykmsmjrui68pap,page_view,2026-08-07 12:05:59.998Z,"{""to"": ""/de/discourse""}",2026-08-07 12:05:59.914Z,,,,2026-08-07 12:05:59.998Z,407be8b01d4ce342
9olseved5rapkku,page_view,2026-08-07 12:06:05.733Z,"{""from"": ""/de/discourse"", ""to"": ""/de/questions/0w3z1e5u1y1d83t/proposals/question""}",2026-08-07 12:06:05.652Z,0w3z1e5u1y1d83t,,,2026-08-07 12:06:05.733Z,407be8b01d4ce342
xbizxjxmmlypin0,tab_switch,2026-08-07 12:06:23.690Z,"{""state"": ""visible""}",2026-08-07 12:06:23.452Z,,,,2026-08-07 12:06:23.690Z,407be8b01d4ce342
iib7n8lulr5v9i6,page_view,2026-08-08 09:33:12.173Z,"{""to"": ""/de/discourse""}",2026-08-08 09:33:12.064Z,,,,2026-08-08 09:33:12.173Z,407be8b01d4ce342
uw77fh9mn5gkk4f,session_start,2026-08-08 09:33:12.175Z,"{""isMobile"": true, ""screenHeight"": 647, ""screenWidth"": 375, ""userAgent"": ""Mozilla/5.0 (iPhone; CPU iPhone OS 18_7 like Mac OS X) AppleWebKit/605.1.15 (KHTML, like Gecko) Version/26.5.2 Mobile/15E148 Safari/604.1""}",2026-08-08 09:33:12.061Z,,,,2026-08-08 09:33:12.175Z,407be8b01d4ce342
fgo7nmoypvszouu,notification_panel_open,2026-08-08 09:33:16.944Z,"{""unread_count"": 1}",2026-08-08 09:33:16.838Z,,,,2026-08-08 09:33:16.944Z,407be8b01d4ce342
kg76aav3v08e1jd,notification_panel_open,2026-08-08 09:33:18.206Z,"{""unread_count"": 0}",2026-08-08 09:33:18.108Z,,,,2026-08-08 09:33:18.206Z,407be8b01d4ce342
z77f28d7kcr830y,notification_panel_click,2026-08-08 09:33:18.212Z,"{""event_type"": ""phase_ending_soon"", ""title"": ""Letzte Chance zur Abstimmung! \ud83c\udfc1"", ""url"": ""/questions/0w3z1e5u1y1d83t/proposals/question""}",2026-08-08 09:33:18.211Z,,,bbfs2dn8gsrpkme,2026-08-08 09:33:18.212Z,407be8b01d4ce342
nn0c8cfzs74vd2n,page_view,2026-08-08 09:33:18.437Z,"{""from"": ""/de/discourse"", ""to"": ""/de/questions/0w3z1e5u1y1d83t/proposals/question""}",2026-08-08 09:33:18.350Z,0w3z1e5u1y1d83t,,,2026-08-08 09:33:18.437Z,407be8b01d4ce342
y7x773y221of6d5,page_view,2026-08-08 09:33:21.319Z,"{""from"": ""/de/questions/0w3z1e5u1y1d83t/proposals/question"", ""to"": ""/de/discourse""}",2026-08-08 09:33:21.246Z,0w3z1e5u1y1d83t,,,2026-08-08 09:33:21.319Z,407be8b01d4ce342
xjumxvw2gjl9ni0,page_view,2026-08-08 10:10:32.780Z,"{""from"": ""/register"", ""to"": ""/how-it-works""}",2026-08-08 10:10:32.394Z,,,,2026-08-08 10:10:32.780Z,155f1aa31205a1db
ryv8upsgpmcdgxk,page_view,2026-08-08 10:10:58.471Z,"{""from"": ""/how-it-works"", ""to"": ""/discourse""}",2026-08-08 10:10:58.068Z,,,,2026-08-08 10:10:58.471Z,155f1aa31205a1db
6a30owj9q5lfz3m,page_view,2026-08-08 10:11:12.910Z,"{""from"": ""/discourse"", ""to"": ""/questions/0w3z1e5u1y1d83t/proposals/question""}",2026-08-08 10:11:12.438Z,0w3z1e5u1y1d83t,,,2026-08-08 10:11:12.910Z,155f1aa31205a1db
an0q2s8fj77vrms,page_view,2026-08-08 10:11:20.076Z,"{""from"": ""/questions/0w3z1e5u1y1d83t/proposals/question"", ""to"": ""/discourse""}",2026-08-08 10:11:20.009Z,0w3z1e5u1y1d83t,,,2026-08-08 10:11:20.076Z,155f1aa31205a1db
6ugbrf7alpwl54r,page_view,2026-08-08 10:11:21.490Z,"{""from"": ""/discourse"", ""to"": ""/questions/0w3z1e5u1y1d83t/proposals/question""}",2026-08-08 10:11:21.140Z,0w3z1e5u1y1d83t,,,2026-08-08 10:11:21.490Z,155f1aa31205a1db
fo8pk8nepk0mkr0,compare_add,2026-08-08 10:12:28.183Z,"{""pool_size"": 1}",2026-08-08 10:12:28.167Z,0w3z1e5u1y1d83t,,i6o7tfr2opn951e,2026-08-08 10:12:28.183Z,155f1aa31205a1db
jff56p6fdjo44hm,compare_add,2026-08-08 10:12:29.140Z,"{""pool_size"": 2}",2026-08-08 10:12:29.111Z,0w3z1e5u1y1d83t,,n9fuozjh7xq5vuy,2026-08-08 10:12:29.140Z,155f1aa31205a1db
3c6qmpazdrilq9l,page_view,2026-08-08 10:12:34.043Z,"{""from"": ""/questions/0w3z1e5u1y1d83t/proposals/ballot"", ""to"": ""/questions/0w3z1e5u1y1d83t/proposals/question""}",2026-08-08 10:12:33.731Z,0w3z1e5u1y1d83t,,,2026-08-08 10:12:34.043Z,155f1aa31205a1db
7cih7subh4dvu3k,compare_remove,2026-08-08 10:12:37.346Z,"{""pool_size"": 1}",2026-08-08 10:12:37.318Z,,,n9fuozjh7xq5vuy,2026-08-08 10:12:37.346Z,155f1aa31205a1db
jcsllkny7es55l2,compare_remove,2026-08-08 10:12:38.017Z,"{""pool_size"": 0}",2026-08-08 10:12:37.990Z,,,i6o7tfr2opn951e,2026-08-08 10:12:38.017Z,155f1aa31205a1db
80qrcfyawot5uca,page_view,2026-08-08 10:12:47.420Z,"{""from"": ""/questions/0w3z1e5u1y1d83t/proposals/ballot"", ""to"": ""/questions/0w3z1e5u1y1d83t/proposals/question""}",2026-08-08 10:12:47.096Z,0w3z1e5u1y1d83t,,,2026-08-08 10:12:47.420Z,155f1aa31205a1db
4uc1y99nzs50h9b,page_view,2026-08-08 10:12:52.244Z,"{""from"": ""/questions/0w3z1e5u1y1d83t/proposals/question"", ""to"": ""/groups/v0e99klwn3wg6qe""}",2026-08-08 10:12:51.801Z,0w3z1e5u1y1d83t,,,2026-08-08 10:12:52.244Z,155f1aa31205a1db
hiti9m0s9hxe08y,page_view,2026-08-08 10:13:02.096Z,"{""from"": ""/groups/v0e99klwn3wg6qe"", ""to"": ""/questions/0w3z1e5u1y1d83t/proposals/question""}",2026-08-08 10:13:01.726Z,0w3z1e5u1y1d83t,,,2026-08-08 10:13:02.096Z,155f1aa31205a1db
3v8y8783q2o8sj1,compare_add,2026-08-08 10:13:34.774Z,"{""pool_size"": 1}",2026-08-08 10:13:34.735Z,0w3z1e5u1y1d83t,,i6o7tfr2opn951e,2026-08-08 10:13:34.774Z,155f1aa31205a1db
jbobwky1j6fjs6n,compare_add,2026-08-08 10:13:35.429Z,"{""pool_size"": 2}",2026-08-08 10:13:35.399Z,0w3z1e5u1y1d83t,,n9fuozjh7xq5vuy,2026-08-08 10:13:35.429Z,155f1aa31205a1db
5dg9k66wel22wxq,compare_open,2026-08-08 10:13:38.914Z,"{""pool_size"": 2, ""proposal_ids"": [""i6o7tfr2opn951e"", ""n9fuozjh7xq5vuy""]}",2026-08-08 10:13:38.894Z,,,,2026-08-08 10:13:38.914Z,155f1aa31205a1db
ffgnzik50jompnn,page_view,2026-08-08 10:13:39.424Z,"{""from"": ""/questions/0w3z1e5u1y1d83t/proposals/ballot"", ""to"": ""/questions/0w3z1e5u1y1d83t/proposals/compare""}",2026-08-08 10:13:38.992Z,0w3z1e5u1y1d83t,,,2026-08-08 10:13:39.424Z,155f1aa31205a1db
gc7wj5q7ubeqomw,compare_remove,2026-08-08 10:14:34.601Z,"{""pool_size"": 1}",2026-08-08 10:14:34.569Z,,,n9fuozjh7xq5vuy,2026-08-08 10:14:34.601Z,155f1aa31205a1db
zh1sit56vlovcuy,compare_remove,2026-08-08 10:14:35.571Z,"{""pool_size"": 0}",2026-08-08 10:14:35.535Z,,,i6o7tfr2opn951e,2026-08-08 10:14:35.571Z,155f1aa31205a1db
vp1oray2wuqshy6,compare_add,2026-08-08 10:15:01.237Z,"{""pool_size"": 1}",2026-08-08 10:15:01.192Z,0w3z1e5u1y1d83t,,l5sqzdyfozw6267,2026-08-08 10:15:01.237Z,155f1aa31205a1db
dtnx83tbz56yuji,compare_add,2026-08-08 10:15:01.698Z,"{""pool_size"": 2}",2026-08-08 10:15:01.655Z,0w3z1e5u1y1d83t,,spcuyp6qr3y1eq6,2026-08-08 10:15:01.698Z,155f1aa31205a1db
89g2hwh3tqu1uri,compare_open,2026-08-08 10:15:04.268Z,"{""pool_size"": 2, ""proposal_ids"": [""l5sqzdyfozw6267"", ""spcuyp6qr3y1eq6""]}",2026-08-08 10:15:03.966Z,,,,2026-08-08 10:15:04.268Z,155f1aa31205a1db
qgyyds9loxapi5z,page_view,2026-08-08 10:15:04.301Z,"{""from"": ""/questions/0w3z1e5u1y1d83t/proposals/ballot"", ""to"": ""/questions/0w3z1e5u1y1d83t/proposals/compare""}",2026-08-08 10:15:04.013Z,0w3z1e5u1y1d83t,,,2026-08-08 10:15:04.301Z,155f1aa31205a1db
m8hs41k4d1amg6v,compare_add,2026-08-08 10:15:37.820Z,"{""pool_size"": 1}",2026-08-08 10:15:37.775Z,0w3z1e5u1y1d83t,,ppkkg16jlpylazv,2026-08-08 10:15:37.820Z,155f1aa31205a1db
t6f6bv91hlz7iei,compare_add,2026-08-08 10:15:40.545Z,"{""pool_size"": 2}",2026-08-08 10:15:40.503Z,0w3z1e5u1y1d83t,,i6o7tfr2opn951e,2026-08-08 10:15:40.545Z,155f1aa31205a1db
kw9mfgslq2aqadv,compare_open,2026-08-08 10:15:43.212Z,"{""pool_size"": 2, ""proposal_ids"": [""ppkkg16jlpylazv"", ""i6o7tfr2opn951e""]}",2026-08-08 10:15:42.838Z,,,,2026-08-08 10:15:43.212Z,155f1aa31205a1db
bw8tdbl8u3anow1,page_view,2026-08-08 10:15:43.219Z,"{""from"": ""/questions/0w3z1e5u1y1d83t/proposals/ballot"", ""to"": ""/questions/0w3z1e5u1y1d83t/proposals/compare""}",2026-08-08 10:15:42.865Z,0w3z1e5u1y1d83t,,,2026-08-08 10:15:43.219Z,155f1aa31205a1db
7u4vbytabt7jyvz,compare_remove,2026-08-08 10:16:01.990Z,"{""pool_size"": 1}",2026-08-08 10:16:01.958Z,,,i6o7tfr2opn951e,2026-08-08 10:16:01.990Z,155f1aa31205a1db
uinq7d817l9z9bh,compare_remove,2026-08-08 10:16:03.339Z,"{""pool_size"": 0}",2026-08-08 10:16:03.312Z,,,ppkkg16jlpylazv,2026-08-08 10:16:03.339Z,155f1aa31205a1db
5s0z2edehh2oij6,compare_add,2026-08-08 10:16:07.873Z,"{""pool_size"": 1}",2026-08-08 10:16:07.832Z,0w3z1e5u1y1d83t,,spcuyp6qr3y1eq6,2026-08-08 10:16:07.873Z,155f1aa31205a1db
659hieecsi0l4ba,compare_add,2026-08-08 10:16:08.507Z,"{""pool_size"": 2}",2026-08-08 10:16:08.463Z,0w3z1e5u1y1d83t,,l5sqzdyfozw6267,2026-08-08 10:16:08.507Z,155f1aa31205a1db
xfe7gss88tabvpw,compare_open,2026-08-08 10:16:11.187Z,"{""pool_size"": 2, ""proposal_ids"": [""spcuyp6qr3y1eq6"", ""l5sqzdyfozw6267""]}",2026-08-08 10:16:10.782Z,,,,2026-08-08 10:16:11.187Z,155f1aa31205a1db
2wyxpv37mvv6kqe,page_view,2026-08-08 10:16:11.195Z,"{""from"": ""/questions/0w3z1e5u1y1d83t/proposals/ballot"", ""to"": ""/questions/0w3z1e5u1y1d83t/proposals/compare""}",2026-08-08 10:16:10.814Z,0w3z1e5u1y1d83t,,,2026-08-08 10:16:11.195Z,155f1aa31205a1db
98744h5qdl3tr3e,compare_add,2026-08-08 10:16:31.844Z,"{""pool_size"": 3}",2026-08-08 10:16:31.800Z,0w3z1e5u1y1d83t,,n9fuozjh7xq5vuy,2026-08-08 10:16:31.844Z,155f1aa31205a1db
sq1rkg13gif7s7v,compare_add,2026-08-08 10:16:32.472Z,"{""pool_size"": 4}",2026-08-08 10:16:32.424Z,0w3z1e5u1y1d83t,,i6o7tfr2opn951e,2026-08-08 10:16:32.472Z,155f1aa31205a1db
oq9g3sfi8hvvfxv,compare_add,2026-08-08 10:16:34.285Z,"{""pool_size"": 5}",2026-08-08 10:16:34.240Z,0w3z1e5u1y1d83t,,ppkkg16jlpylazv,2026-08-08 10:16:34.285Z,155f1aa31205a1db
ad12ima9q7pkq3h,ballot_submit,2026-08-08 10:16:37.253Z,"{""is_update"": false, ""ranks_count"": 5}",2026-08-08 10:16:37.252Z,0w3z1e5u1y1d83t,,,2026-08-08 10:16:37.253Z,155f1aa31205a1db
2ovc3yx55n0vm0a,session_start,2026-08-08 11:44:54.314Z,"{""isMobile"": true, ""screenHeight"": 647, ""screenWidth"": 375, ""userAgent"": ""Mozilla/5.0 (iPhone; CPU iPhone OS 18_7 like Mac OS X) AppleWebKit/605.1.15 (KHTML, like Gecko) Version/26.5.2 Mobile/15E148 Safari/604.1""}",2026-08-08 11:44:54.279Z,,,,2026-08-08 11:44:54.314Z,407be8b01d4ce342
50ssoydxjtvd65f,page_view,2026-08-08 11:44:54.316Z,"{""to"": ""/de/discourse""}",2026-08-08 11:44:54.285Z,,,,2026-08-08 11:44:54.316Z,407be8b01d4ce342
mqxzh8wbyevqdmy,session_start,2026-08-08 16:13:10.433Z,"{""isMobile"": true, ""screenHeight"": 647, ""screenWidth"": 375, ""userAgent"": ""Mozilla/5.0 (iPhone; CPU iPhone OS 18_7 like Mac OS X) AppleWebKit/605.1.15 (KHTML, like Gecko) Version/26.5.2 Mobile/15E148 Safari/604.1""}",2026-08-08 16:13:10.431Z,,,,2026-08-08 16:13:10.433Z,407be8b01d4ce342
qanie6n80pmqn0t,page_view,2026-08-08 16:13:10.442Z,"{""to"": ""/de/discourse""}",2026-08-08 16:13:10.433Z,,,,2026-08-08 16:13:10.442Z,407be8b01d4ce342
nw53k8ceqs1mgyn,notification_panel_open,2026-08-08 16:13:12.185Z,"{""unread_count"": 1}",2026-08-08 16:13:12.188Z,,,,2026-08-08 16:13:12.185Z,407be8b01d4ce342
bq31c0fhxf49g0w,notification_panel_open,2026-08-08 16:13:13.204Z,"{""unread_count"": 0}",2026-08-08 16:13:13.201Z,,,,2026-08-08 16:13:13.204Z,407be8b01d4ce342
bdqnt8b5rqqt43v,notification_panel_click,2026-08-08 16:13:13.204Z,"{""event_type"": ""proposal_remixed"", ""title"": ""Deine Idee wurde geremixt \ud83d\udca1"", ""url"": ""/questions/76q0g006tjtp7gp/proposals/xtsnw7ypbsms4jl""}",2026-08-08 16:13:13.202Z,,,u9csqi6ztqajipp,2026-08-08 16:13:13.204Z,407be8b01d4ce342
czrh9cnpn16qb7m,compare_open,2026-08-08 16:13:20.600Z,"{""source_ids"": [""l6ue0ntwy9qo9p6""]}",2026-08-08 16:13:20.596Z,,,xtsnw7ypbsms4jl,2026-08-08 16:13:20.600Z,407be8b01d4ce342
ofo7vtyzqnnbn6o,page_view,2026-08-08 16:13:38.952Z,"{""from"": ""/de/discourse"", ""to"": ""/de/questions/0w3z1e5u1y1d83t/proposals/question""}",2026-08-08 16:13:38.956Z,0w3z1e5u1y1d83t,,,2026-08-08 16:13:38.952Z,407be8b01d4ce342
0r1h1whuz4nacug,page_view,2026-08-08 16:13:41.936Z,"{""from"": ""/de/questions/0w3z1e5u1y1d83t/proposals/ballot"", ""to"": ""/de/questions/0w3z1e5u1y1d83t/proposals/question""}",2026-08-08 16:13:41.940Z,0w3z1e5u1y1d83t,,,2026-08-08 16:13:41.936Z,407be8b01d4ce342
yumpixa6e0z2kf7,page_view,2026-08-08 16:13:44.214Z,"{""from"": ""/de/questions/0w3z1e5u1y1d83t/proposals/ballot"", ""to"": ""/de/questions/0w3z1e5u1y1d83t/proposals/question""}",2026-08-08 16:13:44.219Z,0w3z1e5u1y1d83t,,,2026-08-08 16:13:44.214Z,407be8b01d4ce342
coakdjmxug4cf6e,page_view,2026-08-08 16:13:44.726Z,"{""from"": ""/de/questions/0w3z1e5u1y1d83t/proposals/question"", ""to"": ""/de/discourse""}",2026-08-08 16:13:44.729Z,0w3z1e5u1y1d83t,,,2026-08-08 16:13:44.726Z,407be8b01d4ce342
3zapruf8xawbha8,page_view,2026-08-08 16:13:54.241Z,"{""to"": ""/de/groups/m5obm8bp0rbq043""}",2026-08-08 16:13:54.242Z,,,,2026-08-08 16:13:54.241Z,407be8b01d4ce342
xj9nqcqxf3ukg00,session_start,2026-08-08 16:13:54.250Z,"{""isMobile"": true, ""screenHeight"": 647, ""screenWidth"": 375, ""userAgent"": ""Mozilla/5.0 (iPhone; CPU iPhone OS 18_7 like Mac OS X) AppleWebKit/605.1.15 (KHTML, like Gecko) Version/26.5.2 Mobile/15E148 Safari/604.1""}",2026-08-08 16:13:54.242Z,,,,2026-08-08 16:13:54.250Z,407be8b01d4ce342
wh2nyveqvhfrjm8,tab_switch,2026-08-08 16:13:59.993Z,"{""state"": ""visible""}",2026-08-08 16:13:59.992Z,,,,2026-08-08 16:13:59.993Z,407be8b01d4ce342
dyo9wv1wh5e9d65,feed_filter_change,2026-08-08 16:14:09.976Z,"{""selectedLabelId"": null, ""sortMode"": ""Newest""}",2026-08-08 16:14:09.976Z,,,,2026-08-08 16:14:09.976Z,407be8b01d4ce342
3fixxedvpovcnoq,session_start,2026-08-08 23:17:25.410Z,"{""isMobile"": true, ""screenHeight"": 647, ""screenWidth"": 375, ""userAgent"": ""Mozilla/5.0 (iPhone; CPU iPhone OS 18_7 like Mac OS X) AppleWebKit/605.1.15 (KHTML, like Gecko) Version/26.5.2 Mobile/15E148 Safari/604.1""}",2026-08-08 23:17:25.389Z,,,,2026-08-08 23:17:25.410Z,407be8b01d4ce342
nh9q0tzrn8nm2kk,page_view,2026-08-08 23:17:25.411Z,"{""to"": ""/de/discourse""}",2026-08-08 23:17:25.389Z,,,,2026-08-08 23:17:25.411Z,407be8b01d4ce342
myh7ep7b4cxxfx9,session_start,2026-08-09 08:04:29.082Z,"{""isMobile"": true, ""screenHeight"": 647, ""screenWidth"": 375, ""userAgent"": ""Mozilla/5.0 (iPhone; CPU iPhone OS 18_7 like Mac OS X) AppleWebKit/605.1.15 (KHTML, like Gecko) Version/26.5.2 Mobile/15E148 Safari/604.1""}",2026-08-09 08:04:29.060Z,,,,2026-08-09 08:04:29.082Z,407be8b01d4ce342
zi8c4azqsldmip6,page_view,2026-08-09 08:04:29.084Z,"{""to"": ""/de/discourse""}",2026-08-09 08:04:29.061Z,,,,2026-08-09 08:04:29.084Z,407be8b01d4ce342
u0aok2wc06v45z7,tab_switch,2026-08-09 08:43:38.888Z,"{""state"": ""visible""}",2026-08-09 08:43:38.701Z,,,,2026-08-09 08:43:38.888Z,407be8b01d4ce342
ykvmb3trzcv7krh,page_view,2026-08-09 08:43:42.995Z,"{""from"": ""/de/discourse"", ""to"": ""/de/discourse""}",2026-08-09 08:43:42.968Z,,,,2026-08-09 08:43:42.995Z,407be8b01d4ce342
zxvgq226q4sn2s0,page_view,2026-08-09 08:43:45.395Z,"{""from"": ""/de/discourse"", ""to"": ""/de/questions/0w3z1e5u1y1d83t/proposals/question""}",2026-08-09 08:43:45.375Z,0w3z1e5u1y1d83t,,,2026-08-09 08:43:45.395Z,407be8b01d4ce342
b0mszdhmpjqunkd,page_view,2026-08-09 08:43:46.681Z,"{""from"": ""/de/questions/0w3z1e5u1y1d83t/proposals/question"", ""to"": ""/de/questions/0w3z1e5u1y1d83t/proposals/results""}",2026-08-09 08:43:46.658Z,0w3z1e5u1y1d83t,,,2026-08-09 08:43:46.681Z,407be8b01d4ce342
4n7h5sp1gwaugh7,tab_switch,2026-08-09 08:46:26.511Z,"{""state"": ""visible""}",2026-08-09 08:46:26.322Z,,,,2026-08-09 08:46:26.511Z,407be8b01d4ce342
qhka2yek77jh6fo,page_view,2026-08-09 08:46:28.069Z,"{""from"": ""/de/questions/0w3z1e5u1y1d83t/proposals/results"", ""to"": ""/de/questions/0w3z1e5u1y1d83t/proposals/question""}",2026-08-09 08:46:28.046Z,0w3z1e5u1y1d83t,,,2026-08-09 08:46:28.069Z,407be8b01d4ce342
pr3b777m6ri6pnw,page_view,2026-08-09 09:20:18.382Z,"{""from"": ""/de/groups/m5obm8bp0rbq043"", ""to"": ""/de/questions/0w3z1e5u1y1d83t/proposals/question""}",2026-08-09 09:20:18.361Z,0w3z1e5u1y1d83t,,,2026-08-09 09:20:18.382Z,de13859e1d6aea12
h4efr43hycwdby8,page_view,2026-08-09 09:20:20.697Z,"{""from"": ""/de/questions/0w3z1e5u1y1d83t/proposals/question"", ""to"": ""/de/questions/0w3z1e5u1y1d83t/proposals/results""}",2026-08-09 09:20:20.647Z,0w3z1e5u1y1d83t,,,2026-08-09 09:20:20.697Z,de13859e1d6aea12
r2uzao6nygw75s9,page_view,2026-08-09 09:25:17.062Z,"{""from"": ""/de/questions/0w3z1e5u1y1d83t/proposals/results"", ""to"": ""/de/questions/0w3z1e5u1y1d83t/proposals/question""}",2026-08-09 09:25:17.021Z,0w3z1e5u1y1d83t,,,2026-08-09 09:25:17.062Z,de13859e1d6aea12
xhcd8hjjdn5a3wg,page_view,2026-08-09 09:25:18.645Z,"{""from"": ""/de/questions/0w3z1e5u1y1d83t/proposals/question"", ""to"": ""/de/questions/0w3z1e5u1y1d83t/proposals/results""}",2026-08-09 09:25:18.571Z,0w3z1e5u1y1d83t,,,2026-08-09 09:25:18.645Z,de13859e1d6aea12
nzuu8zm47dvt9fc,proposal_view,2026-08-09 09:43:31.916Z,,2026-08-09 09:43:31.890Z,0w3z1e5u1y1d83t,,ppkkg16jlpylazv,2026-08-09 09:43:31.916Z,de13859e1d6aea12
fq76u8jz1t5wp20,proposal_view,2026-08-09 09:43:31.926Z,,2026-08-09 09:43:31.899Z,0w3z1e5u1y1d83t,,ppkkg16jlpylazv,2026-08-09 09:43:31.926Z,de13859e1d6aea12
u37r97dgjaev03q,page_view,2026-08-09 09:43:31.965Z,"{""from"": ""/de/questions/0w3z1e5u1y1d83t/proposals/results"", ""to"": ""/de/questions/0w3z1e5u1y1d83t/proposals/ppkkg16jlpylazv""}",2026-08-09 09:43:31.948Z,0w3z1e5u1y1d83t,,,2026-08-09 09:43:31.965Z,de13859e1d6aea12
knz94pycthz4flp,page_view,2026-08-09 09:43:37.996Z,"{""from"": ""/de/questions/0w3z1e5u1y1d83t/proposals/ppkkg16jlpylazv"", ""to"": ""/de/questions/0w3z1e5u1y1d83t/proposals/results""}",2026-08-09 09:43:37.979Z,0w3z1e5u1y1d83t,,,2026-08-09 09:43:37.996Z,de13859e1d6aea12
6jcl2qr2ez47ncb,page_view,2026-08-09 10:51:19.639Z,"{""to"": ""/de/questions/0w3z1e5u1y1d83t/proposals/results""}",2026-08-09 10:51:19.621Z,0w3z1e5u1y1d83t,,,2026-08-09 10:51:19.639Z,de13859e1d6aea12
f3obs7gnz4rq892,page_view,2026-08-09 12:14:32.767Z,"{""to"": ""/discourse""}",2026-08-09 12:14:32.737Z,,,,2026-08-09 12:14:32.767Z,3e36e627a64bac27
vkouz2x4y9zm0n6,session_start,2026-08-09 12:14:32.770Z,"{""isMobile"": true, ""screenHeight"": 812, ""screenWidth"": 402, ""userAgent"": ""Mozilla/5.0 (iPhone; CPU iPhone OS 18_7 like Mac OS X) AppleWebKit/605.1.15 (KHTML, like Gecko) Version/18.7.5 Mobile/15E148 Safari/604.1""}",2026-08-09 12:14:32.736Z,,,,2026-08-09 12:14:32.770Z,3e36e627a64bac27
hbk8egeq0pq0wja,page_view,2026-08-09 12:14:55.451Z,"{""from"": ""/discourse"", ""to"": ""/questions/0w3z1e5u1y1d83t/proposals/question""}",2026-08-09 12:14:55.432Z,0w3z1e5u1y1d83t,,,2026-08-09 12:14:55.451Z,3e36e627a64bac27
x2a2n1padu02p5w,tab_switch,2026-08-09 12:16:12.986Z,"{""state"": ""visible""}",2026-08-09 12:16:12.741Z,,,,2026-08-09 12:16:12.986Z,3e36e627a64bac27
urd97x240hbtigq,page_view,2026-08-09 12:17:23.777Z,"{""from"": ""/de/login"", ""to"": ""/groups/m5obm8bp0rbq043""}",2026-08-09 12:17:23.744Z,,,,2026-08-09 12:17:23.777Z,3e36e627a64bac27
mvg8gk5z3kfpvnm,tab_switch,2026-08-09 12:42:01.894Z,"{""state"": ""visible""}",2026-08-09 12:42:01.548Z,,,,2026-08-09 12:42:01.894Z,3e36e627a64bac27
ekwclt1rvm1s1r5,page_view,2026-08-09 13:12:07.630Z,"{""to"": ""/de/questions/0w3z1e5u1y1d83t/proposals/results""}",2026-08-09 13:12:07.603Z,0w3z1e5u1y1d83t,,,2026-08-09 13:12:07.630Z,de13859e1d6aea12
gpshfo4xyywvlw0,page_view,2026-08-09 13:25:24.848Z,"{""to"": ""/de/questions/0w3z1e5u1y1d83t/proposals/results""}",2026-08-09 13:25:24.825Z,0w3z1e5u1y1d83t,,,2026-08-09 13:25:24.848Z,de13859e1d6aea12
g3ijkki36f6gx6d,proposal_view,2026-08-09 13:25:59.290Z,,2026-08-09 13:25:59.262Z,0w3z1e5u1y1d83t,,ppkkg16jlpylazv,2026-08-09 13:25:59.290Z,de13859e1d6aea12
s63emw2dbeuivpy,page_view,2026-08-09 13:25:59.299Z,"{""from"": ""/de/questions/0w3z1e5u1y1d83t/proposals/results"", ""to"": ""/de/questions/0w3z1e5u1y1d83t/proposals/ppkkg16jlpylazv""}",2026-08-09 13:25:59.272Z,0w3z1e5u1y1d83t,,,2026-08-09 13:25:59.299Z,de13859e1d6aea12
k9ezdizdg2mssc7,proposal_view,2026-08-09 13:25:59.301Z,,2026-08-09 13:25:59.266Z,0w3z1e5u1y1d83t,,ppkkg16jlpylazv,2026-08-09 13:25:59.301Z,de13859e1d6aea12
2e3bgselka05qo8,page_view,2026-08-09 13:26:01.674Z,"{""from"": ""/de/questions/0w3z1e5u1y1d83t/proposals/ppkkg16jlpylazv"", ""to"": ""/de/questions/0w3z1e5u1y1d83t/proposals/results""}",2026-08-09 13:26:01.660Z,0w3z1e5u1y1d83t,,,2026-08-09 13:26:01.674Z,de13859e1d6aea12
e4hyt3wdbct5acx,proposal_view,2026-08-09 13:26:02.409Z,,2026-08-09 13:26:02.386Z,0w3z1e5u1y1d83t,,l5sqzdyfozw6267,2026-08-09 13:26:02.409Z,de13859e1d6aea12
ko99046z2c7rmk8,proposal_view,2026-08-09 13:26:02.415Z,,2026-08-09 13:26:02.394Z,0w3z1e5u1y1d83t,,l5sqzdyfozw6267,2026-08-09 13:26:02.415Z,de13859e1d6aea12
rhy5sfv4il6t9qr,page_view,2026-08-09 13:26:02.423Z,"{""from"": ""/de/questions/0w3z1e5u1y1d83t/proposals/results"", ""to"": ""/de/questions/0w3z1e5u1y1d83t/proposals/l5sqzdyfozw6267""}",2026-08-09 13:26:02.402Z,0w3z1e5u1y1d83t,,,2026-08-09 13:26:02.423Z,de13859e1d6aea12
x9e59wy3dp92wi6,page_view,2026-08-09 13:26:04.510Z,"{""from"": ""/de/questions/0w3z1e5u1y1d83t/proposals/l5sqzdyfozw6267"", ""to"": ""/de/questions/0w3z1e5u1y1d83t/proposals/results""}",2026-08-09 13:26:04.496Z,0w3z1e5u1y1d83t,,,2026-08-09 13:26:04.510Z,de13859e1d6aea12
97bmmmlrvkcodnb,proposal_view,2026-08-09 13:26:06.692Z,,2026-08-09 13:26:06.656Z,0w3z1e5u1y1d83t,,i6o7tfr2opn951e,2026-08-09 13:26:06.692Z,de13859e1d6aea12
ve27bgsyiw87llz,proposal_view,2026-08-09 13:26:06.702Z,,2026-08-09 13:26:06.662Z,0w3z1e5u1y1d83t,,i6o7tfr2opn951e,2026-08-09 13:26:06.702Z,de13859e1d6aea12
6wanquwpfuqfafq,page_view,2026-08-09 13:26:06.706Z,"{""from"": ""/de/questions/0w3z1e5u1y1d83t/proposals/results"", ""to"": ""/de/questions/0w3z1e5u1y1d83t/proposals/i6o7tfr2opn951e""}",2026-08-09 13:26:06.670Z,0w3z1e5u1y1d83t,,,2026-08-09 13:26:06.706Z,de13859e1d6aea12
ymu5k4xibf4a1vr,proposal_view,2026-08-09 13:26:11.488Z,,2026-08-09 13:26:11.458Z,0w3z1e5u1y1d83t,,5ts5a0oatsjtetw,2026-08-09 13:26:11.488Z,de13859e1d6aea12
g5p3weo3jypv41b,proposal_view,2026-08-09 13:26:15.954Z,,2026-08-09 13:26:15.934Z,0w3z1e5u1y1d83t,,i6o7tfr2opn951e,2026-08-09 13:26:15.954Z,de13859e1d6aea12
xmm5lzwrni19jye,page_view,2026-08-09 13:26:17.011Z,"{""from"": ""/de/questions/0w3z1e5u1y1d83t/proposals/i6o7tfr2opn951e"", ""to"": ""/de/questions/0w3z1e5u1y1d83t/proposals/results""}",2026-08-09 13:26:16.997Z,0w3z1e5u1y1d83t,,,2026-08-09 13:26:17.011Z,de13859e1d6aea12
o4c5dsr2vtn8fx8,page_view,2026-08-09 13:26:34.287Z,"{""from"": ""/de/questions/0w3z1e5u1y1d83t/proposals/results"", ""to"": ""/de/discourse""}",2026-08-09 13:26:34.270Z,0w3z1e5u1y1d83t,,,2026-08-09 13:26:34.287Z,de13859e1d6aea12
4i151r5g003t57h,tab_switch,2026-08-09 13:26:57.485Z,"{""state"": ""visible""}",2026-08-09 13:26:57.211Z,,,,2026-08-09 13:26:57.485Z,407be8b01d4ce342
le27jxekvf3wb1j,page_view,2026-08-09 13:27:00.005Z,"{""from"": ""/de/questions/0w3z1e5u1y1d83t/proposals/question"", ""to"": ""/de/questions/0w3z1e5u1y1d83t/proposals/results""}",2026-08-09 13:26:59.900Z,0w3z1e5u1y1d83t,,,2026-08-09 13:27:00.005Z,407be8b01d4ce342
q5tlxcttmv40cvl,page_view,2026-08-09 13:27:06.606Z,"{""from"": ""/de/questions/0w3z1e5u1y1d83t/proposals/results"", ""to"": ""/de/questions/0w3z1e5u1y1d83t/proposals/question""}",2026-08-09 13:27:06.499Z,0w3z1e5u1y1d83t,,,2026-08-09 13:27:06.606Z,407be8b01d4ce342
85927ll0m5e1hmk,page_view,2026-08-09 13:27:08.596Z,"{""from"": ""/de/questions/0w3z1e5u1y1d83t/proposals/question"", ""to"": ""/de/discourse""}",2026-08-09 13:27:08.490Z,0w3z1e5u1y1d83t,,,2026-08-09 13:27:08.596Z,407be8b01d4ce342
y2ulwvzumvk4yl3,page_view,2026-08-09 13:27:10.418Z,"{""from"": ""/de/discourse"", ""to"": ""/de/groups""}",2026-08-09 13:27:10.312Z,0w3z1e5u1y1d83t,,,2026-08-09 13:27:10.418Z,407be8b01d4ce342
p9u0frs1ukm2xco,page_view,2026-08-09 13:27:11.907Z,"{""from"": ""/de/groups"", ""to"": ""/de/groups/m5obm8bp0rbq043""}",2026-08-09 13:27:11.801Z,0w3z1e5u1y1d83t,,,2026-08-09 13:27:11.907Z,407be8b01d4ce342
xad1awuqu8k2atf,tab_switch,2026-08-09 15:48:46.114Z,"{""state"": ""visible""}",2026-08-09 15:48:45.918Z,,,,2026-08-09 15:48:46.114Z,407be8b01d4ce342
kli9ma5blvz3777,page_view,2026-08-09 15:48:53.119Z,"{""from"": ""/de/groups/m5obm8bp0rbq043"", ""to"": ""/de/discourse""}",2026-08-09 15:48:53.096Z,0w3z1e5u1y1d83t,,,2026-08-09 15:48:53.119Z,407be8b01d4ce342
2uudd9xgllyiru5,page_view,2026-08-09 15:48:56.289Z,"{""from"": ""/de/discourse"", ""to"": ""/de/questions/0w3z1e5u1y1d83t/proposals/question""}",2026-08-09 15:48:56.263Z,0w3z1e5u1y1d83t,,,2026-08-09 15:48:56.289Z,407be8b01d4ce342
ao38nvf6lo8n3ai,page_view,2026-08-09 15:49:04.244Z,"{""from"": ""/de/questions/0w3z1e5u1y1d83t/proposals/question"", ""to"": ""/de/questions/0w3z1e5u1y1d83t/proposals/results""}",2026-08-09 15:49:04.220Z,0w3z1e5u1y1d83t,,,2026-08-09 15:49:04.244Z,407be8b01d4ce342
ltohy9zx3g3ou6n,proposal_view,2026-08-09 15:49:16.625Z,,2026-08-09 15:49:16.594Z,0w3z1e5u1y1d83t,,ppkkg16jlpylazv,2026-08-09 15:49:16.625Z,407be8b01d4ce342
rxyk8x6ryikwv1q,page_view,2026-08-09 15:49:16.636Z,"{""from"": ""/de/questions/0w3z1e5u1y1d83t/proposals/results"", ""to"": ""/de/questions/0w3z1e5u1y1d83t/proposals/ppkkg16jlpylazv""}",2026-08-09 15:49:16.603Z,0w3z1e5u1y1d83t,,,2026-08-09 15:49:16.636Z,407be8b01d4ce342
xdcb2ucry5luij4,proposal_view,2026-08-09 15:49:16.638Z,,2026-08-09 15:49:16.601Z,0w3z1e5u1y1d83t,,ppkkg16jlpylazv,2026-08-09 15:49:16.638Z,407be8b01d4ce342
ke8gi5875z6ldm9,page_view,2026-08-09 15:49:20.077Z,"{""from"": ""/de/questions/0w3z1e5u1y1d83t/proposals/ppkkg16jlpylazv"", ""to"": ""/de/questions/0w3z1e5u1y1d83t/proposals/results""}",2026-08-09 15:49:20.054Z,0w3z1e5u1y1d83t,,,2026-08-09 15:49:20.077Z,407be8b01d4ce342
x93b2nnzxaxwxg6,page_view,2026-08-09 15:49:25.480Z,"{""from"": ""/de/questions/0w3z1e5u1y1d83t/proposals/results"", ""to"": ""/de/discourse""}",2026-08-09 15:49:25.457Z,0w3z1e5u1y1d83t,,,2026-08-09 15:49:25.480Z,407be8b01d4ce342
d10dgi8xl9vj4df,feed_filter_change,2026-08-09 15:49:38.611Z,"{""selectedLabelId"": null, ""sortMode"": ""Newest""}",2026-08-09 15:49:38.587Z,,,,2026-08-09 15:49:38.611Z,407be8b01d4ce342
hkx6a4bkjyhqjpp,page_view,2026-08-09 15:50:23.776Z,"{""from"": ""/de/discourse"", ""to"": ""/de/questions/0w3z1e5u1y1d83t/proposals/question""}",2026-08-09 15:50:23.756Z,0w3z1e5u1y1d83t,,,2026-08-09 15:50:23.776Z,407be8b01d4ce342
tfdyubzubpnauiw,page_view,2026-08-09 15:50:25.557Z,"{""from"": ""/de/questions/0w3z1e5u1y1d83t/proposals/question"", ""to"": ""/de/questions/0w3z1e5u1y1d83t/proposals/results""}",2026-08-09 15:50:25.536Z,0w3z1e5u1y1d83t,,,2026-08-09 15:50:25.557Z,407be8b01d4ce342
b3xqypibl40gfy4,proposal_view,2026-08-09 15:50:26.531Z,,2026-08-09 15:50:26.496Z,0w3z1e5u1y1d83t,,ppkkg16jlpylazv,2026-08-09 15:50:26.531Z,407be8b01d4ce342
7y4680zjkhdo2jj,page_view,2026-08-09 15:50:26.532Z,"{""from"": ""/de/questions/0w3z1e5u1y1d83t/proposals/results"", ""to"": ""/de/questions/0w3z1e5u1y1d83t/proposals/ppkkg16jlpylazv""}",2026-08-09 15:50:26.506Z,0w3z1e5u1y1d83t,,,2026-08-09 15:50:26.532Z,407be8b01d4ce342
huoibtspp0abxxf,proposal_view,2026-08-09 15:50:26.535Z,,2026-08-09 15:50:26.505Z,0w3z1e5u1y1d83t,,ppkkg16jlpylazv,2026-08-09 15:50:26.534Z,407be8b01d4ce342
3pftpvnhbyqfeya,proposal_view,2026-08-09 15:50:28.938Z,,2026-08-09 15:50:28.914Z,0w3z1e5u1y1d83t,,5ts5a0oatsjtetw,2026-08-09 15:50:28.938Z,407be8b01d4ce342
q3w9k9iikhrf478,proposal_view,2026-08-09 15:50:37.031Z,,2026-08-09 15:50:37.002Z,0w3z1e5u1y1d83t,,ppkkg16jlpylazv,2026-08-09 15:50:37.031Z,407be8b01d4ce342
tsvkb9ct2jfbjzn,page_view,2026-08-09 15:50:38.294Z,"{""from"": ""/de/questions/0w3z1e5u1y1d83t/proposals/ppkkg16jlpylazv"", ""to"": ""/de/discourse""}",2026-08-09 15:50:38.272Z,0w3z1e5u1y1d83t,,,2026-08-09 15:50:38.294Z,407be8b01d4ce342
hrjijvkmz61dg4i,page_view,2026-08-09 18:54:10.697Z,"{""to"": ""/discourse""}",2026-08-09 18:54:10.535Z,,,,2026-08-09 18:54:10.697Z,3e36e627a64bac27
dmdy7sumat1deyb,session_start,2026-08-09 18:54:10.699Z,"{""isMobile"": true, ""screenHeight"": 812, ""screenWidth"": 402, ""userAgent"": ""Mozilla/5.0 (iPhone; CPU iPhone OS 18_7 like Mac OS X) AppleWebKit/605.1.15 (KHTML, like Gecko) Version/18.7.5 Mobile/15E148 Safari/604.1""}",2026-08-09 18:54:10.534Z,,,,2026-08-09 18:54:10.699Z,3e36e627a64bac27
2lbk91rcwa4y83m,page_view,2026-08-09 21:59:10.772Z,"{""to"": ""/de/discourse""}",2026-08-09 21:59:10.668Z,,,,2026-08-09 21:59:10.772Z,407be8b01d4ce342
wkf26ztzd3a3d1z,session_start,2026-08-09 21:59:10.773Z,"{""isMobile"": true, ""screenHeight"": 647, ""screenWidth"": 375, ""userAgent"": ""Mozilla/5.0 (iPhone; CPU iPhone OS 18_7 like Mac OS X) AppleWebKit/605.1.15 (KHTML, like Gecko) Version/26.5.2 Mobile/15E148 Safari/604.1""}",2026-08-09 21:59:10.665Z,,,,2026-08-09 21:59:10.773Z,407be8b01d4ce342
s8qmp1238mfrils,tab_switch,2026-08-09 21:59:13.550Z,"{""state"": ""visible""}",2026-08-09 21:59:13.474Z,,,,2026-08-09 21:59:13.550Z,407be8b01d4ce342
hg0agotx1x0ux3k,notification_panel_open,2026-08-09 21:59:15.785Z,"{""unread_count"": 1}",2026-08-09 21:59:15.706Z,,,,2026-08-09 21:59:15.785Z,407be8b01d4ce342
t5vep43vsegibqn,notification_panel_open,2026-08-09 21:59:17.715Z,"{""unread_count"": 0}",2026-08-09 21:59:17.635Z,,,,2026-08-09 21:59:17.715Z,407be8b01d4ce342
j8sihsfbppqfngn,notification_panel_click,2026-08-09 21:59:17.723Z,"{""event_type"": ""vote_migration"", ""title"": ""Neuer Remix verf\u00fcgbar \ud83c\udf3f"", ""url"": ""/questions/3o2fj1znev0krvz/proposals/d8last7n0bdbqme?action=compare""}",2026-08-09 21:59:17.721Z,,,pknnkyzanejj784,2026-08-09 21:59:17.723Z,407be8b01d4ce342
m2qcgzs2at88lqe,compare_open,2026-08-09 21:59:17.916Z,"{""source_ids"": [""vee7zdpty5ijljm""]}",2026-08-09 21:59:17.834Z,,,d8last7n0bdbqme,2026-08-09 21:59:17.916Z,407be8b01d4ce342
a4ztc8nvlj5d2ha,compare_open,2026-08-09 21:59:17.937Z,"{""source_ids"": [""vee7zdpty5ijljm""]}",2026-08-09 21:59:17.844Z,,,d8last7n0bdbqme,2026-08-09 21:59:17.937Z,407be8b01d4ce342
6huks5vkp9l2eh9,compare_open,2026-08-09 21:59:18.537Z,"{""source_ids"": [""vee7zdpty5ijljm""]}",2026-08-09 21:59:18.460Z,,,d8last7n0bdbqme,2026-08-09 21:59:18.537Z,407be8b01d4ce342
lbhi4r0nybrd3cv,compare_open,2026-08-09 21:59:18.540Z,"{""source_ids"": [""vee7zdpty5ijljm""]}",2026-08-09 21:59:18.461Z,,,d8last7n0bdbqme,2026-08-09 21:59:18.540Z,407be8b01d4ce342
a64qlyh1dzgjgr3,feed_filter_change,2026-08-09 21:59:37.823Z,"{""selectedLabelId"": null, ""sortMode"": ""Newest""}",2026-08-09 21:59:37.750Z,,,,2026-08-09 21:59:37.823Z,407be8b01d4ce342
yfkcwazlflyde3y,page_view,2026-08-10 13:33:10.666Z,"{""to"": ""/de/discourse""}",2026-08-10 13:33:10.616Z,,,,2026-08-10 13:33:10.666Z,407be8b01d4ce342
4o1s3vvfaqm4tgi,session_start,2026-08-10 13:33:10.670Z,"{""isMobile"": true, ""screenHeight"": 647, ""screenWidth"": 375, ""userAgent"": ""Mozilla/5.0 (iPhone; CPU iPhone OS 18_7 like Mac OS X) AppleWebKit/605.1.15 (KHTML, like Gecko) Version/26.5.2 Mobile/15E148 Safari/604.1""}",2026-08-10 13:33:10.613Z,,,,2026-08-10 13:33:10.670Z,407be8b01d4ce342
ttm0lhztwdfxofn,session_start,2026-08-10 13:39:22.275Z,"{""isMobile"": true, ""screenHeight"": 647, ""screenWidth"": 375, ""userAgent"": ""Mozilla/5.0 (iPhone; CPU iPhone OS 18_7 like Mac OS X) AppleWebKit/605.1.15 (KHTML, like Gecko) Version/26.5.2 Mobile/15E148 Safari/604.1""}",2026-08-10 13:39:22.308Z,,,,2026-08-10 13:39:22.275Z,407be8b01d4ce342
nbsmrakiraj7l9k,page_view,2026-08-10 13:39:22.279Z,"{""to"": ""/de/discourse""}",2026-08-10 13:39:22.313Z,,,,2026-08-10 13:39:22.279Z,407be8b01d4ce342
pv2or35xl71exy0,page_view,2026-08-10 13:39:30.821Z,"{""from"": ""/de/discourse"", ""to"": ""/de/questions/0w3z1e5u1y1d83t/proposals/question""}",2026-08-10 13:39:30.856Z,0w3z1e5u1y1d83t,,,2026-08-10 13:39:30.821Z,407be8b01d4ce342
8cb07oc3un7cvcl,page_view,2026-08-10 13:39:32.309Z,"{""from"": ""/de/questions/0w3z1e5u1y1d83t/proposals/question"", ""to"": ""/de/questions/0w3z1e5u1y1d83t/proposals/results""}",2026-08-10 13:39:32.345Z,0w3z1e5u1y1d83t,,,2026-08-10 13:39:32.309Z,407be8b01d4ce342
l3255lesarkv1f0,proposal_view,2026-08-10 13:39:37.858Z,,2026-08-10 13:39:37.890Z,0w3z1e5u1y1d83t,,ppkkg16jlpylazv,2026-08-10 13:39:37.858Z,407be8b01d4ce342
mc11p9elh3zewrx,page_view,2026-08-10 13:39:37.866Z,"{""from"": ""/de/questions/0w3z1e5u1y1d83t/proposals/results"", ""to"": ""/de/questions/0w3z1e5u1y1d83t/proposals/ppkkg16jlpylazv""}",2026-08-10 13:39:37.898Z,0w3z1e5u1y1d83t,,,2026-08-10 13:39:37.866Z,407be8b01d4ce342
ym70ujwpi6bu4hu,proposal_view,2026-08-10 13:39:37.866Z,,2026-08-10 13:39:37.897Z,0w3z1e5u1y1d83t,,ppkkg16jlpylazv,2026-08-10 13:39:37.866Z,407be8b01d4ce342
00da2dgtkexy174,page_view,2026-08-10 13:39:38.721Z,"{""from"": ""/de/questions/0w3z1e5u1y1d83t/proposals/ppkkg16jlpylazv"", ""to"": ""/de/questions/0w3z1e5u1y1d83t/proposals/results""}",2026-08-10 13:39:38.757Z,0w3z1e5u1y1d83t,,,2026-08-10 13:39:38.721Z,407be8b01d4ce342
dt2sgyqk84habp3,proposal_view,2026-08-10 13:39:40.801Z,,2026-08-10 13:39:40.835Z,0w3z1e5u1y1d83t,,l5sqzdyfozw6267,2026-08-10 13:39:40.801Z,407be8b01d4ce342
t60kz018dbc7nbf,proposal_view,2026-08-10 13:39:40.813Z,,2026-08-10 13:39:40.845Z,0w3z1e5u1y1d83t,,l5sqzdyfozw6267,2026-08-10 13:39:40.813Z,407be8b01d4ce342
bt0eugbl20etao8,page_view,2026-08-10 13:39:40.816Z,"{""from"": ""/de/questions/0w3z1e5u1y1d83t/proposals/results"", ""to"": ""/de/questions/0w3z1e5u1y1d83t/proposals/l5sqzdyfozw6267""}",2026-08-10 13:39:40.846Z,0w3z1e5u1y1d83t,,,2026-08-10 13:39:40.816Z,407be8b01d4ce342
70jfrwhe17a7h7s,page_view,2026-08-10 13:39:41.917Z,"{""from"": ""/de/questions/0w3z1e5u1y1d83t/proposals/l5sqzdyfozw6267"", ""to"": ""/de/questions/0w3z1e5u1y1d83t/proposals/results""}",2026-08-10 13:39:41.954Z,0w3z1e5u1y1d83t,,,2026-08-10 13:39:41.917Z,407be8b01d4ce342
vj05bzsxq29zruw,page_view,2026-08-10 13:40:19.111Z,"{""from"": ""/de/questions/0w3z1e5u1y1d83t/proposals/results"", ""to"": ""/de/questions/0w3z1e5u1y1d83t/proposals/question""}",2026-08-10 13:40:19.144Z,0w3z1e5u1y1d83t,,,2026-08-10 13:40:19.111Z,407be8b01d4ce342
6cttb6n96h3zagk,page_view,2026-08-10 13:40:20.125Z,"{""from"": ""/de/questions/0w3z1e5u1y1d83t/proposals/question"", ""to"": ""/de/questions/0w3z1e5u1y1d83t/proposals/results""}",2026-08-10 13:40:20.158Z,0w3z1e5u1y1d83t,,,2026-08-10 13:40:20.125Z,407be8b01d4ce342
kb27hvf5levi3qg,tab_switch,2026-08-10 13:41:01.335Z,"{""state"": ""visible""}",2026-08-10 13:41:01.225Z,,,,2026-08-10 13:41:01.335Z,407be8b01d4ce342
t4oltribb4oggif,page_view,2026-08-10 14:41:06.306Z,"{""to"": ""/de/discourse""}",2026-08-10 14:41:06.253Z,,,,2026-08-10 14:41:06.306Z,407be8b01d4ce342
88imlzv73egxomz,session_start,2026-08-10 14:41:06.307Z,"{""isMobile"": true, ""screenHeight"": 647, ""screenWidth"": 375, ""userAgent"": ""Mozilla/5.0 (iPhone; CPU iPhone OS 18_7 like Mac OS X) AppleWebKit/605.1.15 (KHTML, like Gecko) Version/26.5.2 Mobile/15E148 Safari/604.1""}",2026-08-10 14:41:06.249Z,,,,2026-08-10 14:41:06.307Z,407be8b01d4ce342
yffozlhmq5man8j,feed_filter_change,2026-08-10 14:41:10.066Z,"{""selectedLabelId"": null, ""sortMode"": ""Newest""}",2026-08-10 14:41:10.011Z,,,,2026-08-10 14:41:10.066Z,407be8b01d4ce342
a0j63y7ezcav47a,compare_open,2026-08-10 14:41:18.362Z,"{""source_ids"": [""vee7zdpty5ijljm""]}",2026-08-10 14:41:18.305Z,,,d8last7n0bdbqme,2026-08-10 14:41:18.362Z,407be8b01d4ce342
wrg6rfhuo8ex5vo,tab_switch,2026-08-10 15:25:42.952Z,"{""state"": ""visible""}",2026-08-10 15:25:42.779Z,,,,2026-08-10 15:25:42.952Z,407be8b01d4ce342
7f4xfqumf4up34j,tab_switch,2026-08-10 15:31:36.796Z,"{""state"": ""visible""}",2026-08-10 15:31:36.678Z,,,,2026-08-10 15:31:36.796Z,407be8b01d4ce342
r1hb0l10dyclyoq,compare_open,2026-08-10 15:31:40.824Z,"{""pool_size"": 2, ""proposal_ids"": [""vee7zdpty5ijljm"", ""d8last7n0bdbqme""]}",2026-08-10 15:31:40.784Z,,,,2026-08-10 15:31:40.824Z,407be8b01d4ce342
meogpi6x02glp21,tab_switch,2026-08-10 15:32:06.706Z,"{""state"": ""visible""}",2026-08-10 15:32:06.522Z,,,,2026-08-10 15:32:06.706Z,407be8b01d4ce342
m1669dh4cdaz1wh,session_start,2026-08-10 19:33:15.786Z,"{""isMobile"": true, ""screenHeight"": 647, ""screenWidth"": 375, ""userAgent"": ""Mozilla/5.0 (iPhone; CPU iPhone OS 18_7 like Mac OS X) AppleWebKit/605.1.15 (KHTML, like Gecko) Version/26.5.2 Mobile/15E148 Safari/604.1""}",2026-08-10 19:33:15.451Z,,,,2026-08-10 19:33:15.786Z,407be8b01d4ce342
msoxkjom0r9dlbb,page_view,2026-08-10 19:33:15.805Z,"{""to"": ""/de/discourse""}",2026-08-10 19:33:15.454Z,,,,2026-08-10 19:33:15.805Z,407be8b01d4ce342
4x88dnp9xbrn158,feed_filter_change,2026-08-10 19:33:47.198Z,"{""selectedLabelId"": null, ""sortMode"": ""Newest""}",2026-08-10 19:33:47.018Z,,,,2026-08-10 19:33:47.198Z,407be8b01d4ce342
jierme3do3jvwl5,compare_open,2026-08-10 19:34:04.452Z,"{""source_ids"": [""vee7zdpty5ijljm""]}",2026-08-10 19:34:04.357Z,,,d8last7n0bdbqme,2026-08-10 19:34:04.452Z,407be8b01d4ce342
2fdrs2nz6nunqln,tab_switch,2026-08-10 19:51:19.182Z,"{""state"": ""visible""}",2026-08-10 19:51:18.491Z,,,,2026-08-10 19:51:19.182Z,407be8b01d4ce342
1dos96o40jpydmo,tab_switch,2026-08-11 05:40:43.016Z,"{""state"": ""visible""}",2026-08-11 05:40:42.357Z,,,,2026-08-11 05:40:43.016Z,407be8b01d4ce342
gcxs0rj1160kqnz,page_view,2026-08-11 11:00:14.847Z,"{""to"": ""/de/discourse""}",2026-08-11 11:00:14.817Z,,,,2026-08-11 11:00:14.847Z,407be8b01d4ce342
vgwsf5xv8cuzo4w,session_start,2026-08-11 11:00:14.853Z,"{""isMobile"": true, ""screenHeight"": 647, ""screenWidth"": 375, ""userAgent"": ""Mozilla/5.0 (iPhone; CPU iPhone OS 18_7 like Mac OS X) AppleWebKit/605.1.15 (KHTML, like Gecko) Version/26.5.2 Mobile/15E148 Safari/604.1""}",2026-08-11 11:00:14.813Z,,,,2026-08-11 11:00:14.853Z,407be8b01d4ce342
niwtxyg7b0ignt5,feed_filter_change,2026-08-11 11:00:29.216Z,"{""selectedLabelId"": null, ""sortMode"": ""Newest""}",2026-08-11 11:00:29.259Z,,,,2026-08-11 11:00:29.216Z,407be8b01d4ce342
9by82yii6btokp4,tab_switch,2026-08-11 14:06:19.261Z,"{""state"": ""visible""}",2026-08-11 14:06:17.413Z,,,,2026-08-11 14:06:19.261Z,407be8b01d4ce342
o6704bgmplis9lu,page_view,2026-08-12 10:48:00.123Z,"{""to"": ""/de/discourse""}",2026-08-12 10:48:00.075Z,,,,2026-08-12 10:48:00.123Z,407be8b01d4ce342
s53z6wca8sof8d0,session_start,2026-08-12 10:48:00.130Z,"{""isMobile"": true, ""screenHeight"": 647, ""screenWidth"": 375, ""userAgent"": ""Mozilla/5.0 (iPhone; CPU iPhone OS 18_7 like Mac OS X) AppleWebKit/605.1.15 (KHTML, like Gecko) Version/26.5.2 Mobile/15E148 Safari/604.1""}",2026-08-12 10:48:00.071Z,,,,2026-08-12 10:48:00.130Z,407be8b01d4ce342
q4pq5ai6xbtkt1b,session_start,2026-08-12 14:37:14.911Z,"{""isMobile"": true, ""screenHeight"": 647, ""screenWidth"": 375, ""userAgent"": ""Mozilla/5.0 (iPhone; CPU iPhone OS 18_7 like Mac OS X) AppleWebKit/605.1.15 (KHTML, like Gecko) Version/26.5.2 Mobile/15E148 Safari/604.1""}",2026-08-12 14:37:14.826Z,,,,2026-08-12 14:37:14.911Z,407be8b01d4ce342
n3wqblpx3jnj5fj,page_view,2026-08-12 14:37:14.913Z,"{""to"": ""/de/discourse""}",2026-08-12 14:37:14.831Z,,,,2026-08-12 14:37:14.913Z,407be8b01d4ce342
rpxilyptqm3sn78,feed_filter_change,2026-08-12 14:37:22.063Z,"{""selectedLabelId"": null, ""sortMode"": ""Newest""}",2026-08-12 14:37:21.979Z,,,,2026-08-12 14:37:22.063Z,407be8b01d4ce342
bbouder060mffpj,tab_switch,2026-08-12 15:07:36.961Z,"{""state"": ""visible""}",2026-08-12 15:07:36.820Z,,,,2026-08-12 15:07:36.961Z,407be8b01d4ce342
po88kt38d02c06z,tab_switch,2026-08-12 15:08:16.315Z,"{""state"": ""visible""}",2026-08-12 15:08:16.126Z,,,,2026-08-12 15:08:16.315Z,407be8b01d4ce342
6rry715xxyz3o38,session_start,2026-08-13 09:52:39.489Z,"{""isMobile"": true, ""screenHeight"": 647, ""screenWidth"": 375, ""userAgent"": ""Mozilla/5.0 (iPhone; CPU iPhone OS 18_7 like Mac OS X) AppleWebKit/605.1.15 (KHTML, like Gecko) Version/26.6 Mobile/15E148 Safari/604.1""}",2026-08-13 09:52:39.465Z,,,,2026-08-13 09:52:39.489Z,407be8b01d4ce342
6ww7ze8tfepve6j,page_view,2026-08-13 09:52:39.493Z,"{""to"": ""/de/discourse""}",2026-08-13 09:52:39.470Z,,,,2026-08-13 09:52:39.493Z,407be8b01d4ce342
lxosycpezjtj3ki,tab_switch,2026-08-13 09:54:30.728Z,"{""state"": ""visible""}",2026-08-13 09:54:30.553Z,,,,2026-08-13 09:54:30.728Z,407be8b01d4ce342
zspqp0y4n44t229,tab_switch,2026-08-13 09:54:39.459Z,"{""state"": ""visible""}",2026-08-13 09:54:39.301Z,,,,2026-08-13 09:54:39.459Z,407be8b01d4ce342
8exgqbh1gg27vw3,tab_switch,2026-08-13 10:01:52.179Z,"{""state"": ""visible""}",2026-08-13 10:01:51.923Z,,,,2026-08-13 10:01:52.179Z,407be8b01d4ce342
523qpyk2rq4uvrf,tab_switch,2026-08-13 10:02:05.143Z,"{""state"": ""visible""}",2026-08-13 10:02:04.955Z,,,,2026-08-13 10:02:05.143Z,407be8b01d4ce342
hs7621w0n031twm,page_view,2026-08-13 10:11:47.272Z,"{""from"": ""/de/discourse"", ""to"": ""/de/questions/0w3z1e5u1y1d83t/proposals/question""}",2026-08-13 10:11:47.224Z,0w3z1e5u1y1d83t,,,2026-08-13 10:11:47.272Z,de13859e1d6aea12
66b732lgbgvqvvi,page_view,2026-08-13 10:11:48.793Z,"{""from"": ""/de/questions/0w3z1e5u1y1d83t/proposals/question"", ""to"": ""/de/questions/0w3z1e5u1y1d83t/proposals/results""}",2026-08-13 10:11:48.746Z,0w3z1e5u1y1d83t,,,2026-08-13 10:11:48.793Z,de13859e1d6aea12
jgr4uvtgwnhixl4,proposal_view,2026-08-13 10:11:55.492Z,,2026-08-13 10:11:55.471Z,0w3z1e5u1y1d83t,,ppkkg16jlpylazv,2026-08-13 10:11:55.492Z,de13859e1d6aea12
na5n1qi8vwde9tp,proposal_view,2026-08-13 10:11:55.497Z,,2026-08-13 10:11:55.484Z,0w3z1e5u1y1d83t,,ppkkg16jlpylazv,2026-08-13 10:11:55.497Z,de13859e1d6aea12
g27ifrnqbz4p5kg,page_view,2026-08-13 10:11:55.526Z,"{""from"": ""/de/questions/0w3z1e5u1y1d83t/proposals/results"", ""to"": ""/de/questions/0w3z1e5u1y1d83t/proposals/ppkkg16jlpylazv""}",2026-08-13 10:11:55.504Z,0w3z1e5u1y1d83t,,,2026-08-13 10:11:55.526Z,de13859e1d6aea12
xno4nungxr9zgep,page_view,2026-08-13 10:12:04.408Z,"{""from"": ""/de/questions/0w3z1e5u1y1d83t/proposals/ppkkg16jlpylazv"", ""to"": ""/de/questions/0w3z1e5u1y1d83t/proposals/results""}",2026-08-13 10:12:04.395Z,0w3z1e5u1y1d83t,,,2026-08-13 10:12:04.408Z,de13859e1d6aea12
yjxg3pb185xvaxy,page_view,2026-08-13 10:12:06.921Z,"{""from"": ""/de/questions/0w3z1e5u1y1d83t/proposals/results"", ""to"": ""/de/post-study-survey""}",2026-08-13 10:12:06.906Z,0w3z1e5u1y1d83t,,,2026-08-13 10:12:06.921Z,de13859e1d6aea12
ke25ko9ylvmml1l,page_view,2026-08-13 10:12:09.621Z,"{""from"": ""/de/post-study-survey"", ""to"": ""/de/discourse""}",2026-08-13 10:12:09.565Z,0w3z1e5u1y1d83t,,,2026-08-13 10:12:09.621Z,de13859e1d6aea12
sdjxafypfolhevp,tab_switch,2026-08-13 12:01:09.779Z,"{""state"": ""visible""}",2026-08-13 12:01:09.460Z,,,,2026-08-13 12:01:09.779Z,407be8b01d4ce342
g2svenbwwkav5gn,tab_switch,2026-08-13 12:54:53.575Z,"{""state"": ""visible""}",2026-08-13 12:54:53.328Z,,,,2026-08-13 12:54:53.575Z,407be8b01d4ce342
we5ygbq14mat40n,feed_filter_change,2026-08-13 12:55:00.043Z,"{""selectedLabelId"": null, ""sortMode"": ""Newest""}",2026-08-13 12:54:59.969Z,,,,2026-08-13 12:55:00.043Z,407be8b01d4ce342
egnfjcmyc0qv7fc,page_view,2026-08-13 12:57:24.245Z,"{""to"": ""/de/discourse""}",2026-08-13 12:57:24.167Z,,,,2026-08-13 12:57:24.245Z,407be8b01d4ce342
kuk00bwf2rvl1i9,session_start,2026-08-13 12:57:24.246Z,"{""isMobile"": true, ""screenHeight"": 647, ""screenWidth"": 375, ""userAgent"": ""Mozilla/5.0 (iPhone; CPU iPhone OS 18_7 like Mac OS X) AppleWebKit/605.1.15 (KHTML, like Gecko) Version/26.6 Mobile/15E148 Safari/604.1""}",2026-08-13 12:57:24.166Z,,,,2026-08-13 12:57:24.246Z,407be8b01d4ce342
j08holo3t0oqnqp,feed_filter_change,2026-08-13 12:57:37.637Z,"{""selectedLabelId"": null, ""sortMode"": ""Newest""}",2026-08-13 12:57:37.558Z,,,,2026-08-13 12:57:37.637Z,407be8b01d4ce342
w6dms1mulnut6cz,session_start,2026-08-13 15:00:52.607Z,"{""isMobile"": true, ""screenHeight"": 647, ""screenWidth"": 375, ""userAgent"": ""Mozilla/5.0 (iPhone; CPU iPhone OS 18_7 like Mac OS X) AppleWebKit/605.1.15 (KHTML, like Gecko) Version/26.6 Mobile/15E148 Safari/604.1""}",2026-08-13 15:00:52.567Z,,,,2026-08-13 15:00:52.607Z,407be8b01d4ce342
6zq35bmxymbvy51,page_view,2026-08-13 15:00:52.610Z,"{""to"": ""/de/discourse""}",2026-08-13 15:00:52.568Z,,,,2026-08-13 15:00:52.610Z,407be8b01d4ce342
reo1uul7vfpftpo,notification_panel_open,2026-08-13 15:00:56.042Z,"{""unread_count"": 2}",2026-08-13 15:00:56.008Z,,,,2026-08-13 15:00:56.042Z,407be8b01d4ce342
4h6gj3n8fi8rjoe,notification_panel_open,2026-08-13 15:00:58.724Z,"{""unread_count"": 1}",2026-08-13 15:00:58.635Z,,,,2026-08-13 15:00:58.724Z,407be8b01d4ce342
jggiuxaf7cgurzn,notification_panel_click,2026-08-13 15:00:58.728Z,"{""event_type"": ""phase_halfway"", ""title"": ""Diskussion zur H\u00e4lfte \u23f3"", ""url"": ""/questions/3o2fj1znev0krvz/proposals/question""}",2026-08-13 15:00:58.728Z,,,rv2azfo6hczva96,2026-08-13 15:00:58.728Z,407be8b01d4ce342
cml4efsy2n0d6ar,feed_filter_change,2026-08-13 15:01:02.412Z,"{""selectedLabelId"": null, ""sortMode"": ""Newest""}",2026-08-13 15:01:02.303Z,,,,2026-08-13 15:01:02.412Z,407be8b01d4ce342
3u9rl0rh0y0c14m,notification_panel_open,2026-08-13 15:01:40.798Z,"{""unread_count"": 1}",2026-08-13 15:01:40.694Z,,,,2026-08-13 15:01:40.798Z,407be8b01d4ce342
msnqm02jsc79tvn,notification_panel_open,2026-08-13 15:01:41.620Z,"{""unread_count"": 0}",2026-08-13 15:01:41.517Z,,,,2026-08-13 15:01:41.620Z,407be8b01d4ce342
ya63n75qb5c64fa,notification_panel_click,2026-08-13 15:01:41.634Z,"{""event_type"": ""phase_halfway"", ""title"": ""Diskussion zur H\u00e4lfte \u23f3"", ""url"": ""/questions/76q0g006tjtp7gp/proposals/question""}",2026-08-13 15:01:41.633Z,,,917h6vmngwqd0u1,2026-08-13 15:01:41.634Z,407be8b01d4ce342
nl2ccy3wo7qpqsl,session_start,2026-08-13 23:35:06.253Z,"{""isMobile"": true, ""screenHeight"": 647, ""screenWidth"": 375, ""userAgent"": ""Mozilla/5.0 (iPhone; CPU iPhone OS 18_7 like Mac OS X) AppleWebKit/605.1.15 (KHTML, like Gecko) Version/26.6 Mobile/15E148 Safari/604.1""}",2026-08-13 23:35:04.156Z,,,,2026-08-13 23:35:06.253Z,407be8b01d4ce342
r4lr6nnsygiiemw,page_view,2026-08-13 23:35:06.256Z,"{""to"": ""/de/discourse""}",2026-08-13 23:35:04.160Z,,,,2026-08-13 23:35:06.256Z,407be8b01d4ce342
p1gqp3soiidd422,session_start,2026-08-14 08:03:38.205Z,"{""isMobile"": true, ""screenHeight"": 647, ""screenWidth"": 375, ""userAgent"": ""Mozilla/5.0 (iPhone; CPU iPhone OS 18_7 like Mac OS X) AppleWebKit/605.1.15 (KHTML, like Gecko) Version/26.6 Mobile/15E148 Safari/604.1""}",2026-08-14 08:03:38.178Z,,,,2026-08-14 08:03:38.205Z,407be8b01d4ce342
2gy1969gs868gnl,page_view,2026-08-14 08:03:38.207Z,"{""to"": ""/de/discourse""}",2026-08-14 08:03:38.182Z,,,,2026-08-14 08:03:38.207Z,407be8b01d4ce342
ni0qy8u0cr5dtm5,page_view,2026-08-14 15:47:47.269Z,"{""to"": ""/de/discourse""}",2026-08-14 15:47:47.277Z,,,,2026-08-14 15:47:47.269Z,407be8b01d4ce342
brzic7x4ga1bxbv,session_start,2026-08-14 15:47:47.270Z,"{""isMobile"": true, ""screenHeight"": 647, ""screenWidth"": 375, ""userAgent"": ""Mozilla/5.0 (iPhone; CPU iPhone OS 18_7 like Mac OS X) AppleWebKit/605.1.15 (KHTML, like Gecko) Version/26.6 Mobile/15E148 Safari/604.1""}",2026-08-14 15:47:47.275Z,,,,2026-08-14 15:47:47.270Z,407be8b01d4ce342
z32rgxceanqpijs,notification_panel_open,2026-08-14 15:47:48.357Z,"{""unread_count"": 3}",2026-08-14 15:47:48.360Z,,,,2026-08-14 15:47:48.357Z,407be8b01d4ce342
hia5ewo18dizz4p,notification_panel_open,2026-08-14 15:47:50.213Z,"{""unread_count"": 2}",2026-08-14 15:47:50.217Z,,,,2026-08-14 15:47:50.213Z,407be8b01d4ce342
ttzg74lb8ij5d9p,notification_panel_click,2026-08-14 15:47:50.221Z,"{""event_type"": ""vote_migration"", ""title"": ""Neuer Remix verf\u00fcgbar \ud83c\udf3f"", ""url"": ""/questions/76q0g006tjtp7gp/proposals/jm45hx8bajf99lv?action=compare""}",2026-08-14 15:47:50.220Z,,,xjmdzic73lyx7g0,2026-08-14 15:47:50.221Z,407be8b01d4ce342
n38hnnv657pvmxj,compare_open,2026-08-14 15:47:50.393Z,"{""source_ids"": [""yuk7erdsr4l9gbd""]}",2026-08-14 15:47:50.394Z,,,jm45hx8bajf99lv,2026-08-14 15:47:50.393Z,407be8b01d4ce342
jdkr6c3p4r926e3,compare_open,2026-08-14 15:47:50.426Z,"{""source_ids"": [""yuk7erdsr4l9gbd""]}",2026-08-14 15:47:50.403Z,,,jm45hx8bajf99lv,2026-08-14 15:47:50.426Z,407be8b01d4ce342
y9ovbq4tl86blud,compare_open,2026-08-14 15:47:50.809Z,"{""source_ids"": [""yuk7erdsr4l9gbd""]}",2026-08-14 15:47:50.814Z,,,jm45hx8bajf99lv,2026-08-14 15:47:50.809Z,407be8b01d4ce342
cusqw900rhtzvcq,compare_open,2026-08-14 15:47:50.811Z,"{""source_ids"": [""yuk7erdsr4l9gbd""]}",2026-08-14 15:47:50.815Z,,,jm45hx8bajf99lv,2026-08-14 15:47:50.811Z,407be8b01d4ce342
1n070gy25r0kio9,notification_panel_open,2026-08-14 15:48:40.988Z,"{""unread_count"": 2}",2026-08-14 15:48:40.987Z,,,,2026-08-14 15:48:40.988Z,407be8b01d4ce342
y3mpcaernvq1vma,notification_panel_open,2026-08-14 15:48:41.923Z,"{""unread_count"": 1}",2026-08-14 15:48:41.920Z,,,,2026-08-14 15:48:41.923Z,407be8b01d4ce342
vurgluijs8jici6,notification_panel_click,2026-08-14 15:48:41.926Z,"{""event_type"": ""vote_migration"", ""title"": ""Neuer Remix verf\u00fcgbar \ud83c\udf3f"", ""url"": ""/questions/3o2fj1znev0krvz/proposals/usjpvaq5nnvjl9w?action=compare""}",2026-08-14 15:48:41.925Z,,,ol8o6cqdmfrx533,2026-08-14 15:48:41.926Z,407be8b01d4ce342
ju1firke3118e1v,compare_open,2026-08-14 15:48:42.045Z,"{""source_ids"": [""d8last7n0bdbqme""]}",2026-08-14 15:48:42.043Z,,,usjpvaq5nnvjl9w,2026-08-14 15:48:42.045Z,407be8b01d4ce342
xp41t778nu4gghf,compare_open,2026-08-14 15:48:42.053Z,"{""source_ids"": [""d8last7n0bdbqme""]}",2026-08-14 15:48:42.053Z,,,usjpvaq5nnvjl9w,2026-08-14 15:48:42.053Z,407be8b01d4ce342
j1mpj8ac1d2tmca,compare_open,2026-08-14 15:48:42.237Z,"{""source_ids"": [""d8last7n0bdbqme""]}",2026-08-14 15:48:42.239Z,,,usjpvaq5nnvjl9w,2026-08-14 15:48:42.237Z,407be8b01d4ce342
a85ght8bdqa2c6u,compare_open,2026-08-14 15:48:42.238Z,"{""source_ids"": [""d8last7n0bdbqme""]}",2026-08-14 15:48:42.238Z,,,usjpvaq5nnvjl9w,2026-08-14 15:48:42.238Z,407be8b01d4ce342
2sx8jqnuyfloyul,notification_panel_open,2026-08-14 15:49:29.470Z,"{""unread_count"": 1}",2026-08-14 15:49:29.461Z,,,,2026-08-14 15:49:29.470Z,407be8b01d4ce342
m5g4x86ct42xup0,notification_panel_open,2026-08-14 15:49:30.190Z,"{""unread_count"": 0}",2026-08-14 15:49:30.188Z,,,,2026-08-14 15:49:30.190Z,407be8b01d4ce342
0sy9vu96wsk2oh9,notification_panel_click,2026-08-14 15:49:30.192Z,"{""event_type"": ""vote_migration"", ""title"": ""Neuer Remix verf\u00fcgbar \ud83c\udf3f"", ""url"": ""/questions/3o2fj1znev0krvz/proposals/px3acjduduouqz6?action=compare""}",2026-08-14 15:49:30.191Z,,,h0vwkpmho34fyqy,2026-08-14 15:49:30.192Z,407be8b01d4ce342
suo67sndy6hfmn9,compare_open,2026-08-14 15:49:30.544Z,"{""source_ids"": [""rgjhcdyr8kdvxyz""]}",2026-08-14 15:49:30.472Z,,,px3acjduduouqz6,2026-08-14 15:49:30.544Z,407be8b01d4ce342
xm30jrh0kesjm2a,compare_open,2026-08-14 15:49:30.555Z,"{""source_ids"": [""rgjhcdyr8kdvxyz""]}",2026-08-14 15:49:30.461Z,,,px3acjduduouqz6,2026-08-14 15:49:30.555Z,407be8b01d4ce342
ikmegw73itnqw8x,compare_open,2026-08-14 15:49:30.594Z,"{""source_ids"": [""rgjhcdyr8kdvxyz""]}",2026-08-14 15:49:30.595Z,,,px3acjduduouqz6,2026-08-14 15:49:30.594Z,407be8b01d4ce342
k2g7aqniwlc35ct,compare_open,2026-08-14 15:49:30.597Z,"{""source_ids"": [""rgjhcdyr8kdvxyz""]}",2026-08-14 15:49:30.594Z,,,px3acjduduouqz6,2026-08-14 15:49:30.597Z,407be8b01d4ce342
5qk2hpek3ok3tvp,compare_open,2026-08-14 15:50:16.324Z,"{""source_ids"": [""px3acjduduouqz6""]}",2026-08-14 15:50:16.315Z,,,eesc7p17sxod25m,2026-08-14 15:50:16.324Z,407be8b01d4ce342
7yh08rzb7pdatbk,compare_open,2026-08-14 15:51:04.619Z,"{""source_ids"": [""m5vq0q540kenhen"", ""eesc7p17sxod25m""]}",2026-08-14 15:51:04.603Z,,,ehi9fzgit9bcjwx,2026-08-14 15:51:04.619Z,407be8b01d4ce342
sa64gcfhfa4cbs2,feed_filter_change,2026-08-14 15:51:22.358Z,"{""selectedLabelId"": null, ""sortMode"": ""Newest""}",2026-08-14 15:51:22.345Z,,,,2026-08-14 15:51:22.358Z,407be8b01d4ce342
btz1wduq716r2es,session_start,2026-08-14 18:51:17.103Z,"{""isMobile"": true, ""screenHeight"": 647, ""screenWidth"": 375, ""userAgent"": ""Mozilla/5.0 (iPhone; CPU iPhone OS 18_7 like Mac OS X) AppleWebKit/605.1.15 (KHTML, like Gecko) Version/26.6 Mobile/15E148 Safari/604.1""}",2026-08-14 18:51:16.998Z,,,,2026-08-14 18:51:17.103Z,407be8b01d4ce342
8ar03z2inyif4aj,page_view,2026-08-14 18:51:17.111Z,"{""to"": ""/de/discourse""}",2026-08-14 18:51:17.002Z,,,,2026-08-14 18:51:17.111Z,407be8b01d4ce342
iovfolr8cchvuy2,feed_filter_change,2026-08-14 18:51:25.044Z,"{""selectedLabelId"": null, ""sortMode"": ""Newest""}",2026-08-14 18:51:24.918Z,,,,2026-08-14 18:51:25.044Z,407be8b01d4ce342
8e6uphrpmok2i45,session_start,2026-08-14 19:40:50.999Z,"{""isMobile"": true, ""screenHeight"": 647, ""screenWidth"": 375, ""userAgent"": ""Mozilla/5.0 (iPhone; CPU iPhone OS 18_7 like Mac OS X) AppleWebKit/605.1.15 (KHTML, like Gecko) Version/26.6 Mobile/15E148 Safari/604.1""}",2026-08-14 19:40:50.833Z,,,,2026-08-14 19:40:50.999Z,407be8b01d4ce342
yexozckdtbbt00v,page_view,2026-08-14 19:40:51.002Z,"{""to"": ""/de/groups/m5obm8bp0rbq043""}",2026-08-14 19:40:50.838Z,,,,2026-08-14 19:40:51.002Z,407be8b01d4ce342
awku6wejomh2dw9,tab_switch,2026-08-15 00:52:46.705Z,"{""state"": ""visible""}",2026-08-15 00:52:46.514Z,,,,2026-08-15 00:52:46.705Z,407be8b01d4ce342
k0xby611oee6u8a,tab_switch,2026-08-15 07:15:39.449Z,"{""state"": ""visible""}",2026-08-15 07:15:39.281Z,,,,2026-08-15 07:15:39.449Z,407be8b01d4ce342
astjqsygbpgx982,tab_switch,2026-08-15 07:32:01.653Z,"{""state"": ""visible""}",2026-08-15 07:32:01.454Z,,,,2026-08-15 07:32:01.653Z,407be8b01d4ce342
gs8o61kgtk9pqtq,session_start,2026-08-15 09:37:28.993Z,"{""isMobile"": true, ""screenHeight"": 647, ""screenWidth"": 375, ""userAgent"": ""Mozilla/5.0 (iPhone; CPU iPhone OS 18_7 like Mac OS X) AppleWebKit/605.1.15 (KHTML, like Gecko) Version/26.6 Mobile/15E148 Safari/604.1""}",2026-08-15 09:37:28.956Z,,,,2026-08-15 09:37:28.993Z,407be8b01d4ce342
fooc7bffcow47xt,page_view,2026-08-15 09:37:29.008Z,"{""to"": ""/de/discourse""}",2026-08-15 09:37:28.960Z,,,,2026-08-15 09:37:29.008Z,407be8b01d4ce342
91i9gxn7bb5gtib,page_view,2026-08-15 09:38:07.175Z,"{""from"": ""/de/discourse"", ""to"": ""/de/how-it-works""}",2026-08-15 09:38:07.152Z,,,,2026-08-15 09:38:07.175Z,407be8b01d4ce342
8ztd6orklzshd8w,page_view,2026-08-15 09:38:58.910Z,"{""from"": ""/de/how-it-works"", ""to"": ""/de/discourse""}",2026-08-15 09:38:58.881Z,,,,2026-08-15 09:38:58.910Z,407be8b01d4ce342
h7m9orrnvv164fj,feed_filter_change,2026-08-15 09:39:27.254Z,"{""selectedLabelId"": null, ""sortMode"": ""Newest""}",2026-08-15 09:39:27.176Z,,,,2026-08-15 09:39:27.254Z,407be8b01d4ce342
hlala3p8c8b956l,page_view,2026-08-15 13:01:15.421Z,"{""to"": ""/de/discourse""}",2026-08-15 13:01:15.374Z,,,,2026-08-15 13:01:15.421Z,407be8b01d4ce342
ly98c04vpif8n54,session_start,2026-08-15 13:01:15.435Z,"{""isMobile"": true, ""screenHeight"": 647, ""screenWidth"": 375, ""userAgent"": ""Mozilla/5.0 (iPhone; CPU iPhone OS 18_7 like Mac OS X) AppleWebKit/605.1.15 (KHTML, like Gecko) Version/26.6 Mobile/15E148 Safari/604.1""}",2026-08-15 13:01:15.372Z,,,,2026-08-15 13:01:15.435Z,407be8b01d4ce342
9hy3wjqp1i46mnl,page_view,2026-08-15 18:01:19.674Z,"{""to"": ""/de/discourse""}",2026-08-15 18:01:19.627Z,,,,2026-08-15 18:01:19.674Z,407be8b01d4ce342
3m5xonsfeqtvm92,session_start,2026-08-15 18:01:19.678Z,"{""isMobile"": true, ""screenHeight"": 647, ""screenWidth"": 375, ""userAgent"": ""Mozilla/5.0 (iPhone; CPU iPhone OS 18_7 like Mac OS X) AppleWebKit/605.1.15 (KHTML, like Gecko) Version/26.6 Mobile/15E148 Safari/604.1""}",2026-08-15 18:01:19.623Z,,,,2026-08-15 18:01:19.678Z,407be8b01d4ce342
buv28i3m9tchx8r,feed_filter_change,2026-08-15 18:01:28.053Z,"{""selectedLabelId"": null, ""sortMode"": ""Newest""}",2026-08-15 18:01:28.026Z,,,,2026-08-15 18:01:28.053Z,407be8b01d4ce342
lcrr9rh1j24f5mi,compare_open,2026-08-15 18:01:48.182Z,"{""source_ids"": [""z5ovabzo2syrqbj""]}",2026-08-15 18:01:48.149Z,,,8mnhz0jpnllu7jd,2026-08-15 18:01:48.182Z,407be8b01d4ce342
6whk47o2nq7iyrp,compare_open,2026-08-15 18:02:37.955Z,"{""source_ids"": [""yuk7erdsr4l9gbd""]}",2026-08-15 18:02:37.920Z,,,jm45hx8bajf99lv,2026-08-15 18:02:37.955Z,407be8b01d4ce342
nc5nmvkg8nvyay0,session_start,2026-08-16 08:37:43.086Z,"{""isMobile"": true, ""screenHeight"": 647, ""screenWidth"": 375, ""userAgent"": ""Mozilla/5.0 (iPhone; CPU iPhone OS 18_7 like Mac OS X) AppleWebKit/605.1.15 (KHTML, like Gecko) Version/26.6 Mobile/15E148 Safari/604.1""}",2026-08-16 08:37:43.021Z,,,,2026-08-16 08:37:43.086Z,407be8b01d4ce342
nwr48fdu67qz4he,page_view,2026-08-16 08:37:43.087Z,"{""to"": ""/de/discourse""}",2026-08-16 08:37:43.025Z,,,,2026-08-16 08:37:43.087Z,407be8b01d4ce342
e3oe8lqo33tsp4h,tab_switch,2026-08-16 09:05:21.085Z,"{""state"": ""visible""}",2026-08-16 09:05:19.783Z,,,,2026-08-16 09:05:21.085Z,407be8b01d4ce342
55b6b1n013b779c,tab_switch,2026-08-16 09:59:33.670Z,"{""state"": ""visible""}",2026-08-16 09:59:33.108Z,,,,2026-08-16 09:59:33.670Z,407be8b01d4ce342
53gbgtype0oslok,page_view,2026-08-16 10:08:29.945Z,"{""to"": ""/discourse""}",2026-08-16 10:08:29.782Z,,,,2026-08-16 10:08:29.945Z,3e36e627a64bac27
jpxs2bdtlbq8wsz,session_start,2026-08-16 10:08:29.947Z,"{""isMobile"": true, ""screenHeight"": 812, ""screenWidth"": 402, ""userAgent"": ""Mozilla/5.0 (iPhone; CPU iPhone OS 18_7 like Mac OS X) AppleWebKit/605.1.15 (KHTML, like Gecko) Version/18.7.5 Mobile/15E148 Safari/604.1""}",2026-08-16 10:08:29.780Z,,,,2026-08-16 10:08:29.947Z,3e36e627a64bac27
ed0lrl9t9dedlsi,tab_switch,2026-08-16 10:08:43.301Z,"{""state"": ""visible""}",2026-08-16 10:08:42.830Z,,,,2026-08-16 10:08:43.301Z,407be8b01d4ce342
6jeumyafwtzf4ap,feed_filter_change,2026-08-16 10:08:49.614Z,"{""selectedLabelId"": null, ""sortMode"": ""Newest""}",2026-08-16 10:08:49.554Z,,,,2026-08-16 10:08:49.614Z,407be8b01d4ce342
tiuwo349xgxny4a,notification_panel_open,2026-08-16 10:09:55.991Z,"{""unread_count"": 12}",2026-08-16 10:09:55.810Z,,,,2026-08-16 10:09:55.991Z,3e36e627a64bac27
p1ocnu2fz50xht6,notification_panel_open,2026-08-16 10:10:12.443Z,"{""unread_count"": 11}",2026-08-16 10:10:12.251Z,,,,2026-08-16 10:10:12.443Z,3e36e627a64bac27
g7ruw6idtgfx31n,notification_panel_click,2026-08-16 10:10:12.449Z,"{""event_type"": ""phase_halfway"", ""title"": ""Discussion halfway through \u23f3"", ""url"": ""/questions/76q0g006tjtp7gp/proposals/question""}",2026-08-16 10:10:12.448Z,,,l3ostfvwjllqi92,2026-08-16 10:10:12.449Z,3e36e627a64bac27
6jexiwipezkrcyy,feed_filter_change,2026-08-16 10:10:15.762Z,"{""selectedLabelId"": null, ""sortMode"": ""Newest""}",2026-08-16 10:10:15.609Z,,,,2026-08-16 10:10:15.762Z,3e36e627a64bac27
ai6gw4apykei3kp,page_view,2026-08-16 14:26:55.117Z,"{""to"": ""/de/discourse""}",2026-08-16 14:26:55.086Z,,,,2026-08-16 14:26:55.117Z,407be8b01d4ce342
3hgm4kscavuuj6f,session_start,2026-08-16 14:26:55.119Z,"{""isMobile"": true, ""screenHeight"": 647, ""screenWidth"": 375, ""userAgent"": ""Mozilla/5.0 (iPhone; CPU iPhone OS 18_7 like Mac OS X) AppleWebKit/605.1.15 (KHTML, like Gecko) Version/26.6 Mobile/15E148 Safari/604.1""}",2026-08-16 14:26:55.082Z,,,,2026-08-16 14:26:55.119Z,407be8b01d4ce342
dtk1l04gb4ri7hc,feed_filter_change,2026-08-16 14:27:10.648Z,"{""selectedLabelId"": null, ""sortMode"": ""Newest""}",2026-08-16 14:27:10.594Z,,,,2026-08-16 14:27:10.648Z,407be8b01d4ce342
mmohe7pp1ioilz9,compare_open,2026-08-16 14:31:27.688Z,"{""source_ids"": [""m0zn817n9g4w07p"", ""gjnpljxyyh1y1fv""]}",2026-08-16 14:31:27.622Z,,,creod2dm6xewo2s,2026-08-16 14:31:27.688Z,407be8b01d4ce342
j47eqh7fsn4zk6y,compare_open,2026-08-16 14:34:19.388Z,"{""source_ids"": [""d8last7n0bdbqme""]}",2026-08-16 14:34:19.347Z,,,usjpvaq5nnvjl9w,2026-08-16 14:34:19.388Z,407be8b01d4ce342
byjg1x8wrjp4ayz,compare_open,2026-08-16 14:35:19.559Z,"{""source_ids"": [""px3acjduduouqz6""]}",2026-08-16 14:35:19.483Z,,,eesc7p17sxod25m,2026-08-16 14:35:19.559Z,407be8b01d4ce342
6jhyypzquskkrd6,compare_open,2026-08-16 14:35:45.479Z,"{""source_ids"": [""m5vq0q540kenhen"", ""eesc7p17sxod25m""]}",2026-08-16 14:35:45.357Z,,,626n317m1w4j7lo,2026-08-16 14:35:45.479Z,407be8b01d4ce342
ml9tpvemt37qmu7,compare_open,2026-08-16 14:36:58.615Z,"{""source_ids"": [""n8luy5w1pc5olz4""]}",2026-08-16 14:36:58.475Z,,,m5vq0q540kenhen,2026-08-16 14:36:58.615Z,407be8b01d4ce342
v29nokc79oe4ngx,feed_filter_change,2026-08-16 14:39:14.858Z,"{""selectedLabelId"": ""adrzgivw8x6vlnp"", ""sortMode"": ""Newest""}",2026-08-16 14:39:14.826Z,,,,2026-08-16 14:39:14.858Z,407be8b01d4ce342
a5fejf6x4yuej52,compare_remove,2026-08-16 14:40:05.101Z,"{""pool_size"": 1}",2026-08-16 14:40:05.057Z,,,n8luy5w1pc5olz4,2026-08-16 14:40:05.101Z,407be8b01d4ce342
ahhdfyof7bi68oq,compare_remove,2026-08-16 14:40:05.397Z,"{""pool_size"": 0}",2026-08-16 14:40:05.367Z,,,m5vq0q540kenhen,2026-08-16 14:40:05.397Z,407be8b01d4ce342
5oxwtbr814zd1hd,compare_remove,2026-08-16 14:40:09.417Z,"{""pool_size"": 0}",2026-08-16 14:40:09.335Z,,,ehi9fzgit9bcjwx,2026-08-16 14:40:09.417Z,407be8b01d4ce342
70yqurr0k1euvmy,compare_open,2026-08-16 14:40:15.314Z,"{""pool_size"": 4, ""proposal_ids"": [""ehi9fzgit9bcjwx"", ""626n317m1w4j7lo"", ""m5vq0q540kenhen"", ""n8luy5w1pc5olz4""]}",2026-08-16 14:40:15.268Z,,,,2026-08-16 14:40:15.314Z,407be8b01d4ce342
27ta8cvmr2gl0d6,compare_remove,2026-08-16 14:42:38.510Z,"{""pool_size"": 3}",2026-08-16 14:42:38.378Z,,,ehi9fzgit9bcjwx,2026-08-16 14:42:38.510Z,407be8b01d4ce342
zz0kmrv4cagi12a,compare_remove,2026-08-16 14:42:38.815Z,"{""pool_size"": 2}",2026-08-16 14:42:38.760Z,,,626n317m1w4j7lo,2026-08-16 14:42:38.815Z,407be8b01d4ce342
wqtg08cccz6hx84,compare_remove,2026-08-16 14:42:38.968Z,"{""pool_size"": 1}",2026-08-16 14:42:38.910Z,,,m5vq0q540kenhen,2026-08-16 14:42:38.968Z,407be8b01d4ce342
239xqwkm68cp9pw,compare_remove,2026-08-16 14:42:39.068Z,"{""pool_size"": 0}",2026-08-16 14:42:39.042Z,,,n8luy5w1pc5olz4,2026-08-16 14:42:39.068Z,407be8b01d4ce342
q82txm6ousgnqwz,tab_switch,2026-08-16 14:58:05.355Z,"{""state"": ""visible""}",2026-08-16 14:58:05.129Z,,,,2026-08-16 14:58:05.355Z,407be8b01d4ce342
urd9z36vht5rwt8,compare_open,2026-08-16 14:58:31.885Z,"{""pool_size"": 2, ""proposal_ids"": [""wyx4lc9o5ebp473"", ""cu6kgkeod5v8oxj""]}",2026-08-16 14:58:31.843Z,,,,2026-08-16 14:58:31.885Z,407be8b01d4ce342
uyp5lkevqcix941,compare_open,2026-08-16 14:59:18.631Z,"{""pool_size"": 2, ""proposal_ids"": [""wyx4lc9o5ebp473"", ""cu6kgkeod5v8oxj""]}",2026-08-16 14:59:18.588Z,,,,2026-08-16 14:59:18.631Z,407be8b01d4ce342
8rhlxe42o0rngrj,compare_remove,2026-08-16 14:59:25.229Z,"{""pool_size"": 1}",2026-08-16 14:59:25.174Z,,,cu6kgkeod5v8oxj,2026-08-16 14:59:25.229Z,407be8b01d4ce342
5ozu39xfu3sj7ou,compare_remove,2026-08-16 14:59:27.220Z,"{""pool_size"": 1}",2026-08-16 14:59:27.183Z,,,cu6kgkeod5v8oxj,2026-08-16 14:59:27.220Z,407be8b01d4ce342
fku3fd9phs5wa75,compare_remove,2026-08-16 14:59:32.961Z,"{""pool_size"": 1}",2026-08-16 14:59:32.929Z,,,wyx4lc9o5ebp473,2026-08-16 14:59:32.961Z,407be8b01d4ce342
v32hc5ic4om3hde,compare_remove,2026-08-16 14:59:38.110Z,"{""pool_size"": 0}",2026-08-16 14:59:38.083Z,,,cu6kgkeod5v8oxj,2026-08-16 14:59:38.110Z,407be8b01d4ce342
6d74qcawv5hwydd,session_start,2026-08-16 14:59:50.707Z,"{""isMobile"": true, ""screenHeight"": 647, ""screenWidth"": 375, ""userAgent"": ""Mozilla/5.0 (iPhone; CPU iPhone OS 18_7 like Mac OS X) AppleWebKit/605.1.15 (KHTML, like Gecko) Version/26.6 Mobile/15E148 Safari/604.1""}",2026-08-16 14:59:50.677Z,,,,2026-08-16 14:59:50.707Z,407be8b01d4ce342
n24mksrwo2ftymd,page_view,2026-08-16 14:59:50.712Z,"{""to"": ""/de/discourse""}",2026-08-16 14:59:50.678Z,,,,2026-08-16 14:59:50.712Z,407be8b01d4ce342
dgwefaw96tom6mr,feed_filter_change,2026-08-16 14:59:53.102Z,"{""selectedLabelId"": null, ""sortMode"": ""Newest""}",2026-08-16 14:59:53.065Z,,,,2026-08-16 14:59:53.102Z,407be8b01d4ce342
gdeygf3a07bz26g,compare_open,2026-08-16 15:00:03.834Z,"{""pool_size"": 2, ""proposal_ids"": [""cu6kgkeod5v8oxj"", ""2k4q9z9tfrakikx""]}",2026-08-16 15:00:03.786Z,,,,2026-08-16 15:00:03.834Z,407be8b01d4ce342
onx9mpw75lk2irx,tab_switch,2026-08-16 15:05:59.263Z,"{""state"": ""visible""}",2026-08-16 15:05:59.183Z,,,,2026-08-16 15:05:59.263Z,407be8b01d4ce342
bsdagpgw241d6ie,tab_switch,2026-08-16 15:15:52.327Z,"{""state"": ""visible""}",2026-08-16 15:15:51.736Z,,,,2026-08-16 15:15:52.327Z,407be8b01d4ce342
4nfy1fxt39hr0c4,tab_switch,2026-08-16 15:28:35.655Z,"{""state"": ""visible""}",2026-08-16 15:28:31.320Z,,,,2026-08-16 15:28:35.655Z,407be8b01d4ce342
r4vw3mzv2bsc2t8,session_start,2026-08-16 15:28:47.650Z,"{""isMobile"": true, ""screenHeight"": 647, ""screenWidth"": 375, ""userAgent"": ""Mozilla/5.0 (iPhone; CPU iPhone OS 18_7 like Mac OS X) AppleWebKit/605.1.15 (KHTML, like Gecko) Version/26.6 Mobile/15E148 Safari/604.1""}",2026-08-16 15:28:47.621Z,,,,2026-08-16 15:28:47.650Z,407be8b01d4ce342
tp6w8f8auhhqget,page_view,2026-08-16 15:28:47.655Z,"{""to"": ""/de/discourse""}",2026-08-16 15:28:47.623Z,,,,2026-08-16 15:28:47.655Z,407be8b01d4ce342
z2f9ybo7ynapcmi,session_start,2026-08-17 07:24:54.654Z,"{""isMobile"": true, ""screenHeight"": 647, ""screenWidth"": 375, ""userAgent"": ""Mozilla/5.0 (iPhone; CPU iPhone OS 18_7 like Mac OS X) AppleWebKit/605.1.15 (KHTML, like Gecko) Version/26.6 Mobile/15E148 Safari/604.1""}",2026-08-17 07:24:54.580Z,,,,2026-08-17 07:24:54.654Z,407be8b01d4ce342
65c215cfhlfz5gw,page_view,2026-08-17 07:24:54.656Z,"{""to"": ""/de/discourse""}",2026-08-17 07:24:54.584Z,,,,2026-08-17 07:24:54.656Z,407be8b01d4ce342
hbaguzuc9axn471,feed_filter_change,2026-08-17 07:25:02.111Z,"{""selectedLabelId"": null, ""sortMode"": ""Newest""}",2026-08-17 07:25:02.050Z,,,,2026-08-17 07:25:02.111Z,407be8b01d4ce342
wedp59p6snuc37p,session_start,2026-08-17 09:24:53.780Z,"{""isMobile"": true, ""screenHeight"": 647, ""screenWidth"": 375, ""userAgent"": ""Mozilla/5.0 (iPhone; CPU iPhone OS 18_7 like Mac OS X) AppleWebKit/605.1.15 (KHTML, like Gecko) Version/26.6 Mobile/15E148 Safari/604.1""}",2026-08-17 09:24:53.740Z,,,,2026-08-17 09:24:53.780Z,407be8b01d4ce342
j67htup3i8z9jeh,page_view,2026-08-17 09:24:53.788Z,"{""to"": ""/de/discourse""}",2026-08-17 09:24:53.743Z,,,,2026-08-17 09:24:53.788Z,407be8b01d4ce342
gmcf8dbqwcab38m,feed_filter_change,2026-08-17 09:25:15.068Z,"{""selectedLabelId"": null, ""sortMode"": ""Newest""}",2026-08-17 09:25:15.024Z,,,,2026-08-17 09:25:15.068Z,407be8b01d4ce342
i2h6f51fwzvpv7z,feed_filter_change,2026-08-17 09:25:20.201Z,"{""selectedLabelId"": null, ""sortMode"": ""TopSupport""}",2026-08-17 09:25:20.140Z,,,,2026-08-17 09:25:20.201Z,407be8b01d4ce342
m2osleex79mjke8,session_start,2026-08-17 14:10:05.196Z,"{""isMobile"": true, ""screenHeight"": 647, ""screenWidth"": 375, ""userAgent"": ""Mozilla/5.0 (iPhone; CPU iPhone OS 18_7 like Mac OS X) AppleWebKit/605.1.15 (KHTML, like Gecko) Version/26.6 Mobile/15E148 Safari/604.1""}",2026-08-17 14:10:05.097Z,,,,2026-08-17 14:10:05.196Z,407be8b01d4ce342
nem6gf3dwdgia6t,page_view,2026-08-17 14:10:05.202Z,"{""to"": ""/de/discourse""}",2026-08-17 14:10:05.101Z,,,,2026-08-17 14:10:05.202Z,407be8b01d4ce342
swal97cofye6v83,feed_filter_change,2026-08-17 14:10:11.762Z,"{""selectedLabelId"": null, ""sortMode"": ""Newest""}",2026-08-17 14:10:11.714Z,,,,2026-08-17 14:10:11.762Z,407be8b01d4ce342
ut60dm9gb4vq837,tab_switch,2026-08-17 14:35:17.669Z,"{""state"": ""visible""}",2026-08-17 14:35:17.273Z,,,,2026-08-17 14:35:17.669Z,407be8b01d4ce342
hvey6klx4ndxlal,session_start,2026-08-17 15:03:54.303Z,"{""isMobile"": true, ""screenHeight"": 647, ""screenWidth"": 375, ""userAgent"": ""Mozilla/5.0 (iPhone; CPU iPhone OS 18_7 like Mac OS X) AppleWebKit/605.1.15 (KHTML, like Gecko) Version/26.6 Mobile/15E148 Safari/604.1""}",2026-08-17 15:03:54.249Z,,,,2026-08-17 15:03:54.303Z,407be8b01d4ce342
lkmhqyuvpif9wr6,page_view,2026-08-17 15:03:54.305Z,"{""to"": ""/de/discourse""}",2026-08-17 15:03:54.252Z,,,,2026-08-17 15:03:54.305Z,407be8b01d4ce342
pirl3bxqfq2ym0r,tab_switch,2026-08-17 15:12:26.957Z,"{""state"": ""visible""}",2026-08-17 15:12:25.112Z,,,,2026-08-17 15:12:26.957Z,407be8b01d4ce342
sp4xjlft3b5j8cm,page_view,2026-08-17 16:29:16.028Z,"{""to"": ""/de/discourse""}",2026-08-17 16:29:15.985Z,,,,2026-08-17 16:29:16.028Z,407be8b01d4ce342
p0nr9en0mm33e4l,session_start,2026-08-17 16:29:16.030Z,"{""isMobile"": true, ""screenHeight"": 647, ""screenWidth"": 375, ""userAgent"": ""Mozilla/5.0 (iPhone; CPU iPhone OS 18_7 like Mac OS X) AppleWebKit/605.1.15 (KHTML, like Gecko) Version/26.6 Mobile/15E148 Safari/604.1""}",2026-08-17 16:29:15.982Z,,,,2026-08-17 16:29:16.030Z,407be8b01d4ce342
x5z4vbupecka02f,feed_filter_change,2026-08-17 16:29:21.295Z,"{""selectedLabelId"": null, ""sortMode"": ""Newest""}",2026-08-17 16:29:21.251Z,,,,2026-08-17 16:29:21.295Z,407be8b01d4ce342
g8dbus9yku5znbu,tab_switch,2026-08-17 16:37:18.864Z,"{""state"": ""visible""}",2026-08-17 16:37:18.535Z,,,,2026-08-17 16:37:18.864Z,407be8b01d4ce342
iqcsrwxkka784we,tab_switch,2026-08-17 16:41:19.845Z,"{""state"": ""visible""}",2026-08-17 16:41:19.563Z,,,,2026-08-17 16:41:19.845Z,407be8b01d4ce342
pjtgkddt05uxevd,session_start,2026-08-17 19:05:19.298Z,"{""isMobile"": true, ""screenHeight"": 647, ""screenWidth"": 375, ""userAgent"": ""Mozilla/5.0 (iPhone; CPU iPhone OS 18_7 like Mac OS X) AppleWebKit/605.1.15 (KHTML, like Gecko) Version/26.6 Mobile/15E148 Safari/604.1""}",2026-08-17 19:05:19.270Z,,,,2026-08-17 19:05:19.298Z,407be8b01d4ce342
hm40ostmjclepmf,page_view,2026-08-17 19:05:19.299Z,"{""to"": ""/de/discourse""}",2026-08-17 19:05:19.273Z,,,,2026-08-17 19:05:19.299Z,407be8b01d4ce342
38sxulp9otd5a69,feed_filter_change,2026-08-17 19:05:31.851Z,"{""selectedLabelId"": null, ""sortMode"": ""Newest""}",2026-08-17 19:05:31.826Z,,,,2026-08-17 19:05:31.851Z,407be8b01d4ce342
o9tj6yolcqok5we,compare_open,2026-08-17 19:05:50.979Z,"{""source_ids"": [""jm45hx8bajf99lv""]}",2026-08-17 19:05:50.949Z,,,vixofkl1sb29k6z,2026-08-17 19:05:50.979Z,407be8b01d4ce342
kmrh7hfzk280e4y,compare_open,2026-08-17 19:05:56.263Z,"{""source_ids"": [""jm45hx8bajf99lv""]}",2026-08-17 19:05:56.238Z,,,vixofkl1sb29k6z,2026-08-17 19:05:56.263Z,407be8b01d4ce342
h4zxkygs6aie1dw,tab_switch,2026-08-17 21:10:52.715Z,"{""state"": ""visible""}",2026-08-17 21:10:52.617Z,,,,2026-08-17 21:10:52.715Z,407be8b01d4ce342
opc6c4h0kvz3vgs,session_start,2026-08-18 08:46:47.561Z,"{""isMobile"": true, ""screenHeight"": 647, ""screenWidth"": 375, ""userAgent"": ""Mozilla/5.0 (iPhone; CPU iPhone OS 18_7 like Mac OS X) AppleWebKit/605.1.15 (KHTML, like Gecko) Version/26.6 Mobile/15E148 Safari/604.1""}",2026-08-18 08:46:47.540Z,,,,2026-08-18 08:46:47.561Z,407be8b01d4ce342
3xawy5uf2is24kc,page_view,2026-08-18 08:46:47.566Z,"{""to"": ""/de/discourse""}",2026-08-18 08:46:47.544Z,,,,2026-08-18 08:46:47.566Z,407be8b01d4ce342
deoqlsc1401dw9a,feed_filter_change,2026-08-18 08:46:58.074Z,"{""selectedLabelId"": null, ""sortMode"": ""Newest""}",2026-08-18 08:46:58.050Z,,,,2026-08-18 08:46:58.074Z,407be8b01d4ce342
p2ac40mve9zzsiy,page_view,2026-08-18 10:45:43.359Z,"{""to"": ""/de/discourse""}",2026-08-18 10:45:43.348Z,,,,2026-08-18 10:45:43.359Z,407be8b01d4ce342
0dlsyb3rhj5d8wq,session_start,2026-08-18 10:45:43.362Z,"{""isMobile"": true, ""screenHeight"": 647, ""screenWidth"": 375, ""userAgent"": ""Mozilla/5.0 (iPhone; CPU iPhone OS 18_7 like Mac OS X) AppleWebKit/605.1.15 (KHTML, like Gecko) Version/26.6.1 Mobile/15E148 Safari/604.1""}",2026-08-18 10:45:43.343Z,,,,2026-08-18 10:45:43.362Z,407be8b01d4ce342
zad70ta9ak48kl1,feed_filter_change,2026-08-18 10:45:51.652Z,"{""selectedLabelId"": null, ""sortMode"": ""Newest""}",2026-08-18 10:45:51.634Z,,,,2026-08-18 10:45:51.652Z,407be8b01d4ce342
lnq9hcwg1vcje1o,tab_switch,2026-08-18 11:41:27.911Z,"{""state"": ""visible""}",2026-08-18 11:41:27.756Z,,,,2026-08-18 11:41:27.911Z,407be8b01d4ce342
80pe5krelvbqp5l,tab_switch,2026-08-18 12:34:07.437Z,"{""state"": ""visible""}",2026-08-18 12:34:06.943Z,,,,2026-08-18 12:34:07.437Z,407be8b01d4ce342
w9ltsqgubfo7ck0,page_view,2026-08-18 12:34:15.277Z,"{""to"": ""/de/discourse""}",2026-08-18 12:34:15.185Z,,,,2026-08-18 12:34:15.277Z,407be8b01d4ce342
d4notcxp6d5cih5,session_start,2026-08-18 12:34:15.281Z,"{""isMobile"": true, ""screenHeight"": 647, ""screenWidth"": 375, ""userAgent"": ""Mozilla/5.0 (iPhone; CPU iPhone OS 18_7 like Mac OS X) AppleWebKit/605.1.15 (KHTML, like Gecko) Version/26.6.1 Mobile/15E148 Safari/604.1""}",2026-08-18 12:34:15.184Z,,,,2026-08-18 12:34:15.281Z,407be8b01d4ce342
19roynk4nrm6z91,feed_filter_change,2026-08-18 12:34:17.996Z,"{""selectedLabelId"": null, ""sortMode"": ""Newest""}",2026-08-18 12:34:17.906Z,,,,2026-08-18 12:34:17.996Z,407be8b01d4ce342
5qi603y221babs5,page_view,2026-08-18 12:34:32.214Z,"{""to"": ""/de/discourse""}",2026-08-18 12:34:32.123Z,,,,2026-08-18 12:34:32.214Z,407be8b01d4ce342
vqnuvmjvakvmyyy,session_start,2026-08-18 12:34:32.216Z,"{""isMobile"": true, ""screenHeight"": 647, ""screenWidth"": 375, ""userAgent"": ""Mozilla/5.0 (iPhone; CPU iPhone OS 18_7 like Mac OS X) AppleWebKit/605.1.15 (KHTML, like Gecko) Version/26.6.1 Mobile/15E148 Safari/604.1""}",2026-08-18 12:34:32.123Z,,,,2026-08-18 12:34:32.216Z,407be8b01d4ce342
qj31zfyyggkbkp2,feed_filter_change,2026-08-18 12:34:37.366Z,"{""selectedLabelId"": null, ""sortMode"": ""Newest""}",2026-08-18 12:34:37.275Z,,,,2026-08-18 12:34:37.366Z,407be8b01d4ce342
1iugxqazl7fqgd7,tab_switch,2026-08-18 12:45:31.705Z,"{""state"": ""visible""}",2026-08-18 12:45:31.458Z,,,,2026-08-18 12:45:31.705Z,407be8b01d4ce342
mg1hzdiovg9f205,tab_switch,2026-08-18 12:46:08.727Z,"{""state"": ""visible""}",2026-08-18 12:46:08.463Z,,,,2026-08-18 12:46:08.727Z,407be8b01d4ce342
5cmtps5bjhvzro2,tab_switch,2026-08-18 12:53:43.584Z,"{""state"": ""visible""}",2026-08-18 12:53:43.381Z,,,,2026-08-18 12:53:43.584Z,407be8b01d4ce342
tl51ima2o8fsi0p,tab_switch,2026-08-18 12:59:04.352Z,"{""state"": ""visible""}",2026-08-18 12:59:04.166Z,,,,2026-08-18 12:59:04.352Z,407be8b01d4ce342
gb8vzbbyt809tys,tab_switch,2026-08-18 13:13:08.208Z,"{""state"": ""visible""}",2026-08-18 13:13:08.048Z,,,,2026-08-18 13:13:08.208Z,407be8b01d4ce342
095duxzqubch27u,tab_switch,2026-08-18 13:56:05.038Z,"{""state"": ""visible""}",2026-08-18 13:56:03.634Z,,,,2026-08-18 13:56:05.038Z,407be8b01d4ce342
lsn498gma29pjls,tab_switch,2026-08-18 14:02:27.376Z,"{""state"": ""visible""}",2026-08-18 14:02:27.072Z,,,,2026-08-18 14:02:27.376Z,407be8b01d4ce342
fwgxxxs9gik5u5s,tab_switch,2026-08-18 14:05:17.598Z,"{""state"": ""visible""}",2026-08-18 14:05:17.405Z,,,,2026-08-18 14:05:17.598Z,407be8b01d4ce342
w1pifyjd0vijunr,session_start,2026-08-18 15:40:43.250Z,"{""isMobile"": true, ""screenHeight"": 647, ""screenWidth"": 375, ""userAgent"": ""Mozilla/5.0 (iPhone; CPU iPhone OS 18_7 like Mac OS X) AppleWebKit/605.1.15 (KHTML, like Gecko) Version/26.6.1 Mobile/15E148 Safari/604.1""}",2026-08-18 15:40:43.160Z,,,,2026-08-18 15:40:43.250Z,407be8b01d4ce342
b20x9iy6839opgz,page_view,2026-08-18 15:40:43.251Z,"{""to"": ""/de/discourse""}",2026-08-18 15:40:43.164Z,,,,2026-08-18 15:40:43.251Z,407be8b01d4ce342
p01hlzktozspzue,feed_filter_change,2026-08-18 15:41:19.585Z,"{""selectedLabelId"": null, ""sortMode"": ""Newest""}",2026-08-18 15:41:19.501Z,,,,2026-08-18 15:41:19.585Z,407be8b01d4ce342
g3gfhpekee39ptw,tab_switch,2026-08-18 15:44:13.188Z,"{""state"": ""visible""}",2026-08-18 15:44:11.247Z,,,,2026-08-18 15:44:13.188Z,407be8b01d4ce342
ma981j7xw53ppij,tab_switch,2026-08-18 15:59:57.762Z,"{""state"": ""visible""}",2026-08-18 15:59:57.545Z,,,,2026-08-18 15:59:57.762Z,407be8b01d4ce342
ralgt6kcbpan0cy,session_start,2026-08-18 16:00:38.471Z,"{""isMobile"": true, ""screenHeight"": 647, ""screenWidth"": 375, ""userAgent"": ""Mozilla/5.0 (iPhone; CPU iPhone OS 18_7 like Mac OS X) AppleWebKit/605.1.15 (KHTML, like Gecko) Version/26.6.1 Mobile/15E148 Safari/604.1""}",2026-08-18 16:00:38.399Z,,,,2026-08-18 16:00:38.471Z,407be8b01d4ce342
5d7eyp0one42a6w,page_view,2026-08-18 16:00:38.478Z,"{""to"": ""/de/discourse""}",2026-08-18 16:00:38.400Z,,,,2026-08-18 16:00:38.478Z,407be8b01d4ce342
9vnxk6g72cfg69u,feed_filter_change,2026-08-18 16:00:51.556Z,"{""selectedLabelId"": null, ""sortMode"": ""Newest""}",2026-08-18 16:00:51.484Z,,,,2026-08-18 16:00:51.556Z,407be8b01d4ce342
1182qlud7i1gx7t,tab_switch,2026-08-18 16:07:58.856Z,"{""state"": ""visible""}",2026-08-18 16:07:57.870Z,,,,2026-08-18 16:07:58.856Z,407be8b01d4ce342
tpaqb8p3bfmb902,tab_switch,2026-08-18 16:12:54.714Z,"{""state"": ""visible""}",2026-08-18 16:12:54.531Z,,,,2026-08-18 16:12:54.714Z,407be8b01d4ce342
03qdvix6v0ow9nb,session_start,2026-08-18 19:29:58.023Z,"{""isMobile"": true, ""screenHeight"": 647, ""screenWidth"": 375, ""userAgent"": ""Mozilla/5.0 (iPhone; CPU iPhone OS 18_7 like Mac OS X) AppleWebKit/605.1.15 (KHTML, like Gecko) Version/26.6.1 Mobile/15E148 Safari/604.1""}",2026-08-18 19:29:57.923Z,,,,2026-08-18 19:29:58.023Z,407be8b01d4ce342
25u1k5o4j2weut0,page_view,2026-08-18 19:29:58.032Z,"{""to"": ""/de/discourse""}",2026-08-18 19:29:57.926Z,,,,2026-08-18 19:29:58.032Z,407be8b01d4ce342
qnobrlm4sxv05va,feed_filter_change,2026-08-18 19:30:10.065Z,"{""selectedLabelId"": null, ""sortMode"": ""Newest""}",2026-08-18 19:30:09.936Z,,,,2026-08-18 19:30:10.065Z,407be8b01d4ce342
lkmx2rjs1odmtli,tab_switch,2026-08-18 20:05:03.077Z,"{""state"": ""visible""}",2026-08-18 20:05:02.687Z,,,,2026-08-18 20:05:03.077Z,407be8b01d4ce342
cxk99zdrgpcrzz3,tab_switch,2026-08-18 20:19:48.450Z,"{""state"": ""visible""}",2026-08-18 20:19:48.096Z,,,,2026-08-18 20:19:48.450Z,407be8b01d4ce342
49nko8pq1u4dnx4,tab_switch,2026-08-19 07:55:24.529Z,"{""state"": ""visible""}",2026-08-19 07:55:24.330Z,,,,2026-08-19 07:55:24.529Z,407be8b01d4ce342
9sxfni1s2h8yeep,compare_remove,2026-08-19 07:56:07.779Z,"{""pool_size"": 1}",2026-08-19 07:56:07.759Z,,,jm45hx8bajf99lv,2026-08-19 07:56:07.779Z,407be8b01d4ce342
zm5lzatem9hnzw8,compare_remove,2026-08-19 07:56:08.473Z,"{""pool_size"": 0}",2026-08-19 07:56:08.343Z,,,vixofkl1sb29k6z,2026-08-19 07:56:08.473Z,407be8b01d4ce342
kki1hs3av1wbfdd,notification_panel_open,2026-08-19 07:56:48.202Z,"{""unread_count"": 0}",2026-08-19 07:56:48.180Z,,,,2026-08-19 07:56:48.202Z,407be8b01d4ce342
b9w2da15kmhuxaw,compare_open,2026-08-19 07:56:50.376Z,"{""pool_size"": 2, ""proposal_ids"": [""nra27jcg8g8vvq8"", ""y9eb6fxeu3zpepy""]}",2026-08-19 07:56:50.358Z,,,,2026-08-19 07:56:50.376Z,407be8b01d4ce342
lgga5mumg9tteii,tab_switch,2026-08-19 08:30:17.068Z,"{""state"": ""visible""}",2026-08-19 08:30:16.822Z,,,,2026-08-19 08:30:17.068Z,407be8b01d4ce342
9qcadahmu7p9go9,page_view,2026-08-19 12:21:10.271Z,"{""from"": ""/de/discourse"", ""to"": ""/de/questions/0w3z1e5u1y1d83t/proposals/question""}",2026-08-19 12:21:10.251Z,0w3z1e5u1y1d83t,,,2026-08-19 12:21:10.271Z,de13859e1d6aea12
j1qwoioh25gm5rg,page_view,2026-08-19 12:21:11.315Z,"{""from"": ""/de/questions/0w3z1e5u1y1d83t/proposals/question"", ""to"": ""/de/questions/0w3z1e5u1y1d83t/proposals/results""}",2026-08-19 12:21:11.300Z,0w3z1e5u1y1d83t,,,2026-08-19 12:21:11.315Z,de13859e1d6aea12
raxivg9ludqaazj,page_view,2026-08-19 12:24:28.013Z,"{""from"": ""/de/questions/0w3z1e5u1y1d83t/proposals/results"", ""to"": ""/de/questions/0w3z1e5u1y1d83t/proposals/question""}",2026-08-19 12:24:27.998Z,0w3z1e5u1y1d83t,,,2026-08-19 12:24:28.013Z,de13859e1d6aea12
190vsiz8ioas9ug,page_view,2026-08-19 12:24:30.178Z,"{""from"": ""/de/questions/0w3z1e5u1y1d83t/proposals/question"", ""to"": ""/de/discourse""}",2026-08-19 12:24:30.160Z,0w3z1e5u1y1d83t,,,2026-08-19 12:24:30.178Z,de13859e1d6aea12
me9tdy8k3xucsic,page_view,2026-08-19 15:23:41.276Z,"{""to"": ""/de/discourse""}",2026-08-19 15:23:41.213Z,,,,2026-08-19 15:23:41.276Z,407be8b01d4ce342
kwkvcglbr0zwpee,session_start,2026-08-19 15:23:41.278Z,"{""isMobile"": true, ""screenHeight"": 647, ""screenWidth"": 375, ""userAgent"": ""Mozilla/5.0 (iPhone; CPU iPhone OS 18_7 like Mac OS X) AppleWebKit/605.1.15 (KHTML, like Gecko) Version/26.6.1 Mobile/15E148 Safari/604.1""}",2026-08-19 15:23:41.213Z,,,,2026-08-19 15:23:41.278Z,407be8b01d4ce342
qwl7dmsmgrbkqmf,notification_panel_open,2026-08-19 15:23:42.735Z,"{""unread_count"": 2}",2026-08-19 15:23:42.670Z,,,,2026-08-19 15:23:42.735Z,407be8b01d4ce342
r6qs8dkvqdywrhp,notification_panel_open,2026-08-19 15:23:44.058Z,"{""unread_count"": 1}",2026-08-19 15:23:43.993Z,,,,2026-08-19 15:23:44.058Z,407be8b01d4ce342
27as0pocrajyur1,notification_panel_click,2026-08-19 15:23:44.061Z,"{""event_type"": ""phase_ending_soon"", ""title"": ""Diskussion endet bald \ud83d\udd14"", ""url"": ""/questions/3o2fj1znev0krvz/proposals/question""}",2026-08-19 15:23:44.060Z,,,3w3chv77iitlm4p,2026-08-19 15:23:44.061Z,407be8b01d4ce342
oqszwb95yak2335,feed_filter_change,2026-08-19 15:23:47.600Z,"{""selectedLabelId"": null, ""sortMode"": ""Newest""}",2026-08-19 15:23:47.536Z,,,,2026-08-19 15:23:47.600Z,407be8b01d4ce342
p2x8szwgca735wm,notification_panel_open,2026-08-19 15:23:56.302Z,"{""unread_count"": 1}",2026-08-19 15:23:56.235Z,,,,2026-08-19 15:23:56.302Z,407be8b01d4ce342
b08hxroay47551h,notification_panel_open,2026-08-19 15:23:56.874Z,"{""unread_count"": 0}",2026-08-19 15:23:56.813Z,,,,2026-08-19 15:23:56.874Z,407be8b01d4ce342
g860hvzofuwe533,notification_panel_click,2026-08-19 15:23:56.878Z,"{""event_type"": ""phase_ending_soon"", ""title"": ""Diskussion endet bald \ud83d\udd14"", ""url"": ""/questions/76q0g006tjtp7gp/proposals/question""}",2026-08-19 15:23:56.877Z,,,tuy6oxkhvomg0o2,2026-08-19 15:23:56.878Z,407be8b01d4ce342
pj6k8z4nrlksi9m,page_view,2026-08-19 17:59:45.826Z,"{""to"": ""/de/discourse""}",2026-08-19 17:59:45.753Z,,,,2026-08-19 17:59:45.826Z,407be8b01d4ce342
8h2rr5rc8vbeobx,session_start,2026-08-19 17:59:45.829Z,"{""isMobile"": true, ""screenHeight"": 647, ""screenWidth"": 375, ""userAgent"": ""Mozilla/5.0 (iPhone; CPU iPhone OS 18_7 like Mac OS X) AppleWebKit/605.1.15 (KHTML, like Gecko) Version/26.6.1 Mobile/15E148 Safari/604.1""}",2026-08-19 17:59:45.749Z,,,,2026-08-19 17:59:45.829Z,407be8b01d4ce342
u9tszcj8ddirpq1,tab_switch,2026-08-19 20:38:38.450Z,"{""state"": ""visible""}",2026-08-19 20:38:38.293Z,,,,2026-08-19 20:38:38.450Z,407be8b01d4ce342
pt3xuffjs5mvq8v,feed_filter_change,2026-08-19 20:38:39.562Z,"{""selectedLabelId"": null, ""sortMode"": ""Newest""}",2026-08-19 20:38:39.539Z,,,,2026-08-19 20:38:39.562Z,407be8b01d4ce342
90tk2i3fkwo8fo9,page_view,2026-08-19 21:15:11.910Z,"{""from"": ""/de/login"", ""to"": ""/de/groups/m5obm8bp0rbq043""}",2026-08-19 21:15:12.689Z,,,,2026-08-19 21:15:11.910Z,cc3304ea9b75a00f
b0yr4zuq3fak4d8,feed_filter_change,2026-08-19 21:17:33.709Z,"{""selectedLabelId"": null, ""sortMode"": ""Newest""}",2026-08-19 21:17:34.515Z,,,,2026-08-19 21:17:33.709Z,cc3304ea9b75a00f
6bbx9yuddwi1qm8,compare_remove,2026-08-19 21:19:48.135Z,"{""pool_size"": 0}",2026-08-19 21:19:48.947Z,,,2k4q9z9tfrakikx,2026-08-19 21:19:48.135Z,cc3304ea9b75a00f
fjh3zlwfsbpvtk1,compare_open,2026-08-19 21:20:48.566Z,"{""source_ids"": [""m5vq0q540kenhen"", ""eesc7p17sxod25m""]}",2026-08-19 21:20:49.376Z,,,626n317m1w4j7lo,2026-08-19 21:20:48.566Z,cc3304ea9b75a00f
4v27dwf9tdxaks2,page_view,2026-08-19 21:23:03.982Z,"{""from"": ""/de/login"", ""to"": ""/de/invite/nar2qPkbndY8uU064clwv1hDoz3lqopY""}",2026-08-19 21:23:04.791Z,,,,2026-08-19 21:23:03.982Z,cc3304ea9b75a00f
gapisy87t4l7ekx,page_view,2026-08-19 21:23:06.099Z,"{""from"": ""/de/invite/nar2qPkbndY8uU064clwv1hDoz3lqopY"", ""to"": ""/de/invite/nar2qPkbndY8uU064clwv1hDoz3lqopY""}",2026-08-19 21:23:06.894Z,,,,2026-08-19 21:23:06.099Z,cc3304ea9b75a00f
clic4tjto6xdaog,page_view,2026-08-19 21:23:09.934Z,"{""from"": ""/de/invite/nar2qPkbndY8uU064clwv1hDoz3lqopY"", ""to"": ""/de/invite/nar2qPkbndY8uU064clwv1hDoz3lqopY""}",2026-08-19 21:23:10.725Z,,,,2026-08-19 21:23:09.934Z,cc3304ea9b75a00f
bby6jmmdh8soiui,page_view,2026-08-19 21:23:10.721Z,"{""from"": ""/de/invite/nar2qPkbndY8uU064clwv1hDoz3lqopY"", ""to"": ""/de/invite/nar2qPkbndY8uU064clwv1hDoz3lqopY""}",2026-08-19 21:23:11.522Z,,,,2026-08-19 21:23:10.721Z,cc3304ea9b75a00f
toweog7uq6yl5cb,notification_panel_open,2026-08-19 21:23:12.951Z,"{""unread_count"": 9}",2026-08-19 21:23:13.759Z,,,,2026-08-19 21:23:12.951Z,cc3304ea9b75a00f
j65je81csxlcovo,page_view,2026-08-19 21:23:34.028Z,"{""from"": ""/de/login"", ""to"": ""/de/invite/nar2qPkbndY8uU064clwv1hDoz3lqopY""}",2026-08-19 21:23:34.824Z,,,,2026-08-19 21:23:34.028Z,cc3304ea9b75a00f
tp8af3m6wc64g5o,page_view,2026-08-19 21:23:35.252Z,"{""from"": ""/de/invite/nar2qPkbndY8uU064clwv1hDoz3lqopY"", ""to"": ""/de/invite/nar2qPkbndY8uU064clwv1hDoz3lqopY""}",2026-08-19 21:23:36.059Z,,,,2026-08-19 21:23:35.252Z,cc3304ea9b75a00f
i400pxb4n8atdxg,page_view,2026-08-19 21:23:38.789Z,"{""from"": ""/de/invite/nar2qPkbndY8uU064clwv1hDoz3lqopY"", ""to"": ""/de/invite/nar2qPkbndY8uU064clwv1hDoz3lqopY""}",2026-08-19 21:23:39.578Z,,,,2026-08-19 21:23:38.789Z,cc3304ea9b75a00f
zvvvk7jdb7dl5f3,page_view,2026-08-19 21:23:40.546Z,"{""from"": ""/de/invite/nar2qPkbndY8uU064clwv1hDoz3lqopY"", ""to"": ""/de/invite/nar2qPkbndY8uU064clwv1hDoz3lqopY""}",2026-08-19 21:23:41.327Z,,,,2026-08-19 21:23:40.546Z,cc3304ea9b75a00f
dcndztkaiyij3wc,page_view,2026-08-19 21:23:41.323Z,"{""from"": ""/de/invite/nar2qPkbndY8uU064clwv1hDoz3lqopY"", ""to"": ""/de/invite/nar2qPkbndY8uU064clwv1hDoz3lqopY""}",2026-08-19 21:23:42.116Z,,,,2026-08-19 21:23:41.323Z,cc3304ea9b75a00f
3w3nlg39c9mkro5,page_view,2026-08-19 21:23:41.453Z,"{""from"": ""/de/invite/nar2qPkbndY8uU064clwv1hDoz3lqopY"", ""to"": ""/de/invite/nar2qPkbndY8uU064clwv1hDoz3lqopY""}",2026-08-19 21:23:42.264Z,,,,2026-08-19 21:23:41.453Z,cc3304ea9b75a00f
st0kh4y4fuw4t1h,page_view,2026-08-19 21:23:41.591Z,"{""from"": ""/de/invite/nar2qPkbndY8uU064clwv1hDoz3lqopY"", ""to"": ""/de/invite/nar2qPkbndY8uU064clwv1hDoz3lqopY""}",2026-08-19 21:23:42.403Z,,,,2026-08-19 21:23:41.591Z,cc3304ea9b75a00f
b3kjvtoebsguuh6,page_view,2026-08-19 21:23:44.443Z,"{""from"": ""/de/invite/nar2qPkbndY8uU064clwv1hDoz3lqopY"", ""to"": ""/de/discourse""}",2026-08-19 21:23:45.262Z,,,,2026-08-19 21:23:44.443Z,cc3304ea9b75a00f
om2jq2ilnd64gld,feed_filter_change,2026-08-19 21:24:04.306Z,"{""selectedLabelId"": null, ""sortMode"": ""Newest""}",2026-08-19 21:24:05.108Z,,,,2026-08-19 21:24:04.306Z,cc3304ea9b75a00f
e6uyqefh2reu6ds,compare_open,2026-08-19 21:28:30.024Z,"{""pool_size"": 2, ""proposal_ids"": [""eesc7p17sxod25m"", ""2w5teh1hty0mznr""]}",2026-08-19 21:28:30.828Z,,,,2026-08-19 21:28:30.024Z,cc3304ea9b75a00f
jq3cpvubifln4w5,compare_open,2026-08-19 21:29:23.087Z,"{""pool_size"": 2, ""proposal_ids"": [""eesc7p17sxod25m"", ""px3acjduduouqz6""]}",2026-08-19 21:29:23.859Z,,,,2026-08-19 21:29:23.087Z,cc3304ea9b75a00f
s21zk6e76xa8fgb,session_start,2026-08-20 08:01:30.862Z,"{""isMobile"": true, ""screenHeight"": 647, ""screenWidth"": 375, ""userAgent"": ""Mozilla/5.0 (iPhone; CPU iPhone OS 18_7 like Mac OS X) AppleWebKit/605.1.15 (KHTML, like Gecko) Version/26.6.1 Mobile/15E148 Safari/604.1""}",2026-08-20 08:01:30.799Z,,,,2026-08-20 08:01:30.862Z,407be8b01d4ce342
0jc47z3vapog6dy,page_view,2026-08-20 08:01:30.864Z,"{""to"": ""/de/discourse""}",2026-08-20 08:01:30.803Z,,,,2026-08-20 08:01:30.864Z,407be8b01d4ce342
16ja0d6ai2j2vll,feed_filter_change,2026-08-20 08:01:42.366Z,"{""selectedLabelId"": null, ""sortMode"": ""Newest""}",2026-08-20 08:01:42.301Z,,,,2026-08-20 08:01:42.366Z,407be8b01d4ce342
cog6e45p2zv8nri,page_view,2026-08-20 10:53:54.943Z,"{""to"": ""/de/discourse""}",2026-08-20 10:53:54.923Z,,,,2026-08-20 10:53:54.943Z,407be8b01d4ce342
p3n8bammaphct8u,session_start,2026-08-20 10:53:54.947Z,"{""isMobile"": true, ""screenHeight"": 647, ""screenWidth"": 375, ""userAgent"": ""Mozilla/5.0 (iPhone; CPU iPhone OS 18_7 like Mac OS X) AppleWebKit/605.1.15 (KHTML, like Gecko) Version/26.6.1 Mobile/15E148 Safari/604.1""}",2026-08-20 10:53:54.920Z,,,,2026-08-20 10:53:54.947Z,407be8b01d4ce342
jlb3z9s775xo2gr,feed_filter_change,2026-08-20 10:54:08.102Z,"{""selectedLabelId"": null, ""sortMode"": ""Newest""}",2026-08-20 10:54:08.079Z,,,,2026-08-20 10:54:08.102Z,407be8b01d4ce342
hui1q2805zx4klp,compare_open,2026-08-20 10:55:05.530Z,"{""pool_size"": 2, ""proposal_ids"": [""nra27jcg8g8vvq8"", ""y9eb6fxeu3zpepy""]}",2026-08-20 10:55:05.501Z,,,,2026-08-20 10:55:05.530Z,407be8b01d4ce342
ecrgl1tbd5m1ttm,tab_switch,2026-08-20 11:19:33.471Z,"{""state"": ""visible""}",2026-08-20 11:19:33.313Z,,,,2026-08-20 11:19:33.471Z,407be8b01d4ce342
a3q3156mpalbgbc,tab_switch,2026-08-20 11:20:55.346Z,"{""state"": ""visible""}",2026-08-20 11:20:55.176Z,,,,2026-08-20 11:20:55.346Z,407be8b01d4ce342
mcs7nvjmmu04kzr,page_view,2026-08-20 12:15:01.276Z,"{""to"": ""/de/discourse""}",2026-08-20 12:15:01.197Z,,,,2026-08-20 12:15:01.276Z,407be8b01d4ce342
rpdl6lb2gqfdrur,session_start,2026-08-20 12:15:01.278Z,"{""isMobile"": true, ""screenHeight"": 647, ""screenWidth"": 375, ""userAgent"": ""Mozilla/5.0 (iPhone; CPU iPhone OS 18_7 like Mac OS X) AppleWebKit/605.1.15 (KHTML, like Gecko) Version/26.6.1 Mobile/15E148 Safari/604.1""}",2026-08-20 12:15:01.193Z,,,,2026-08-20 12:15:01.278Z,407be8b01d4ce342
lbfjvgigpzf92n2,feed_filter_change,2026-08-20 12:15:04.662Z,"{""selectedLabelId"": null, ""sortMode"": ""Newest""}",2026-08-20 12:15:04.580Z,,,,2026-08-20 12:15:04.662Z,407be8b01d4ce342
ocw8ytb9qddykjt,tab_switch,2026-08-20 12:36:22.778Z,"{""state"": ""visible""}",2026-08-20 12:36:22.661Z,,,,2026-08-20 12:36:22.778Z,407be8b01d4ce342
rjkwxpqt0dvv04r,tab_switch,2026-08-20 13:12:32.319Z,"{""state"": ""visible""}",2026-08-20 13:12:32.217Z,,,,2026-08-20 13:12:32.319Z,407be8b01d4ce342
yrb040rt2ylk1r4,tab_switch,2026-08-20 13:15:21.685Z,"{""state"": ""visible""}",2026-08-20 13:15:21.343Z,,,,2026-08-20 13:15:21.685Z,407be8b01d4ce342
eavo9e1one8n6zr,tab_switch,2026-08-20 13:18:21.321Z,"{""state"": ""visible""}",2026-08-20 13:18:21.171Z,,,,2026-08-20 13:18:21.321Z,407be8b01d4ce342
pvyg169cfhcww8c,tab_switch,2026-08-20 13:30:44.331Z,"{""state"": ""visible""}",2026-08-20 13:30:44.182Z,,,,2026-08-20 13:30:44.331Z,407be8b01d4ce342
2g1blnko7e71t8i,tab_switch,2026-08-20 13:33:51.100Z,"{""state"": ""visible""}",2026-08-20 13:33:50.879Z,,,,2026-08-20 13:33:51.100Z,407be8b01d4ce342
p485q21mkewuf0r,page_view,2026-08-20 13:34:02.277Z,"{""to"": ""/de/groups/m5obm8bp0rbq043""}",2026-08-20 13:34:02.197Z,,,,2026-08-20 13:34:02.277Z,407be8b01d4ce342
9hm6lvk409t4i09,session_start,2026-08-20 13:34:02.286Z,"{""isMobile"": true, ""screenHeight"": 647, ""screenWidth"": 375, ""userAgent"": ""Mozilla/5.0 (iPhone; CPU iPhone OS 18_7 like Mac OS X) AppleWebKit/605.1.15 (KHTML, like Gecko) Version/26.6.1 Mobile/15E148 Safari/604.1""}",2026-08-20 13:34:02.196Z,,,,2026-08-20 13:34:02.286Z,407be8b01d4ce342
f2yqxh8u386qq18,page_view,2026-08-20 13:34:05.299Z,"{""from"": ""/de/groups/m5obm8bp0rbq043"", ""to"": ""/de/discourse""}",2026-08-20 13:34:05.221Z,,,,2026-08-20 13:34:05.299Z,407be8b01d4ce342
p2dwccs5alytfdg,compare_remove,2026-08-20 13:34:50.362Z,"{""pool_size"": 2}",2026-08-20 13:34:50.275Z,,,bjld89h7ylwkjsy,2026-08-20 13:34:50.362Z,407be8b01d4ce342
dpkpy6ji2zare4c,compare_open,2026-08-20 13:34:51.961Z,"{""source_ids"": [""vixofkl1sb29k6z"", ""8mnhz0jpnllu7jd""]}",2026-08-20 13:34:51.874Z,,,bjld89h7ylwkjsy,2026-08-20 13:34:51.961Z,407be8b01d4ce342
f2eie5jfo1fa5g3,notification_panel_open,2026-08-20 13:36:21.820Z,"{""unread_count"": 3}",2026-08-20 13:36:21.726Z,,,,2026-08-20 13:36:21.820Z,407be8b01d4ce342
zrbrqlr9y7h1l3s,notification_panel_open,2026-08-20 13:36:23.707Z,"{""unread_count"": 2}",2026-08-20 13:36:23.614Z,,,,2026-08-20 13:36:23.707Z,407be8b01d4ce342
zlp69tcdm3bu6rz,notification_panel_click,2026-08-20 13:36:23.710Z,"{""event_type"": ""vote_migration"", ""title"": ""Neuer Remix verf\u00fcgbar \ud83c\udf3f"", ""url"": ""/questions/76q0g006tjtp7gp/proposals/bjld89h7ylwkjsy?action=compare""}",2026-08-20 13:36:23.710Z,,,57bpucggotng9pd,2026-08-20 13:36:23.710Z,407be8b01d4ce342
0o1thg8a2me6aer,compare_open,2026-08-20 13:36:23.866Z,"{""source_ids"": [""vixofkl1sb29k6z"", ""8mnhz0jpnllu7jd""]}",2026-08-20 13:36:23.771Z,,,bjld89h7ylwkjsy,2026-08-20 13:36:23.866Z,407be8b01d4ce342
3295we6mzl2k5so,compare_open,2026-08-20 13:36:23.880Z,"{""source_ids"": [""vixofkl1sb29k6z"", ""8mnhz0jpnllu7jd""]}",2026-08-20 13:36:23.781Z,,,bjld89h7ylwkjsy,2026-08-20 13:36:23.880Z,407be8b01d4ce342
m2f90rbfsr37bxd,compare_open,2026-08-20 13:36:23.932Z,"{""source_ids"": [""vixofkl1sb29k6z"", ""8mnhz0jpnllu7jd""]}",2026-08-20 13:36:23.846Z,,,bjld89h7ylwkjsy,2026-08-20 13:36:23.932Z,407be8b01d4ce342
qslzqed5gdeqv0l,compare_open,2026-08-20 13:36:23.933Z,"{""source_ids"": [""vixofkl1sb29k6z"", ""8mnhz0jpnllu7jd""]}",2026-08-20 13:36:23.846Z,,,bjld89h7ylwkjsy,2026-08-20 13:36:23.933Z,407be8b01d4ce342
48zedv7qtflihsw,notification_panel_open,2026-08-20 13:36:46.536Z,"{""unread_count"": 2}",2026-08-20 13:36:46.439Z,,,,2026-08-20 13:36:46.536Z,407be8b01d4ce342
8sc4zjuea2h6maz,notification_panel_open,2026-08-20 13:36:47.825Z,"{""unread_count"": 1}",2026-08-20 13:36:47.732Z,,,,2026-08-20 13:36:47.825Z,407be8b01d4ce342
i1ziucuaidyk4ke,notification_panel_click,2026-08-20 13:36:47.828Z,"{""event_type"": ""phase_change"", ""title"": ""Bald geschlossen \u23f3"", ""url"": ""/questions/3o2fj1znev0krvz/proposals/question""}",2026-08-20 13:36:47.827Z,,,wonc85uf9veqq3i,2026-08-20 13:36:47.828Z,407be8b01d4ce342
yvqoq8oydjok1jt,feed_filter_change,2026-08-20 13:36:51.323Z,"{""selectedLabelId"": null, ""sortMode"": ""Newest""}",2026-08-20 13:36:51.231Z,,,,2026-08-20 13:36:51.323Z,407be8b01d4ce342
nqr15qnnylrmhfz,tab_switch,2026-08-20 13:41:40.056Z,"{""state"": ""visible""}",2026-08-20 13:41:39.570Z,,,,2026-08-20 13:41:40.056Z,407be8b01d4ce342
b6fl3oc2vuopofn,notification_panel_open,2026-08-20 13:41:41.535Z,"{""unread_count"": 1}",2026-08-20 13:41:41.425Z,,,,2026-08-20 13:41:41.535Z,407be8b01d4ce342
0o9w0gd1ulnlxc1,notification_panel_open,2026-08-20 13:41:42.491Z,"{""unread_count"": 0}",2026-08-20 13:41:42.385Z,,,,2026-08-20 13:41:42.491Z,407be8b01d4ce342
66jhh5j85vnyg7b,notification_panel_click,2026-08-20 13:41:42.494Z,"{""event_type"": ""phase_change"", ""title"": ""Bald geschlossen \u23f3"", ""url"": ""/questions/76q0g006tjtp7gp/proposals/question""}",2026-08-20 13:41:42.493Z,,,u0jz7a4lydf4tda,2026-08-20 13:41:42.494Z,407be8b01d4ce342
0rlwm5aytxoqs7d,tab_switch,2026-08-20 13:41:50.268Z,"{""state"": ""visible""}",2026-08-20 13:41:50.154Z,,,,2026-08-20 13:41:50.268Z,407be8b01d4ce342
vyo08u6d5ehe8j6,tab_switch,2026-08-20 15:35:31.112Z,"{""state"": ""visible""}",2026-08-20 15:35:30.961Z,,,,2026-08-20 15:35:31.112Z,407be8b01d4ce342
kvdxajuxpxjawb0,session_start,2026-08-20 19:45:29.181Z,"{""isMobile"": true, ""screenHeight"": 647, ""screenWidth"": 375, ""userAgent"": ""Mozilla/5.0 (iPhone; CPU iPhone OS 18_7 like Mac OS X) AppleWebKit/605.1.15 (KHTML, like Gecko) Version/26.6.1 Mobile/15E148 Safari/604.1""}",2026-08-20 19:45:29.101Z,,,,2026-08-20 19:45:29.181Z,407be8b01d4ce342
vw02nyg6xzidjk4,page_view,2026-08-20 19:45:29.183Z,"{""to"": ""/de/discourse""}",2026-08-20 19:45:29.104Z,,,,2026-08-20 19:45:29.183Z,407be8b01d4ce342
q3xub526vs6kdww,feed_filter_change,2026-08-20 19:45:39.213Z,"{""selectedLabelId"": null, ""sortMode"": ""Newest""}",2026-08-20 19:45:39.124Z,,,,2026-08-20 19:45:39.213Z,407be8b01d4ce342
2l09zhtryrcr9kf,session_start,2026-08-21 06:19:26.449Z,"{""isMobile"": true, ""screenHeight"": 647, ""screenWidth"": 375, ""userAgent"": ""Mozilla/5.0 (iPhone; CPU iPhone OS 18_7 like Mac OS X) AppleWebKit/605.1.15 (KHTML, like Gecko) Version/26.6.1 Mobile/15E148 Safari/604.1""}",2026-08-21 06:19:26.434Z,,,,2026-08-21 06:19:26.449Z,407be8b01d4ce342
258j4g34chu350y,page_view,2026-08-21 06:19:26.554Z,"{""to"": ""/de/discourse""}",2026-08-21 06:19:26.437Z,,,,2026-08-21 06:19:26.554Z,407be8b01d4ce342
kuhhojjqo0an92y,feed_filter_change,2026-08-21 06:19:43.148Z,"{""selectedLabelId"": null, ""sortMode"": ""Newest""}",2026-08-21 06:19:43.125Z,,,,2026-08-21 06:19:43.148Z,407be8b01d4ce342
bd239yvfg0z4b1x,tab_switch,2026-08-21 06:31:06.496Z,"{""state"": ""visible""}",2026-08-21 06:31:06.337Z,,,,2026-08-21 06:31:06.496Z,407be8b01d4ce342
v41h1eu56tk58xp,page_view,2026-08-21 09:32:55.390Z,"{""to"": ""/de/discourse""}",2026-08-21 09:32:55.362Z,,,,2026-08-21 09:32:55.390Z,407be8b01d4ce342
ivejn3erq48i2ng,session_start,2026-08-21 09:32:55.392Z,"{""isMobile"": true, ""screenHeight"": 647, ""screenWidth"": 375, ""userAgent"": ""Mozilla/5.0 (iPhone; CPU iPhone OS 18_7 like Mac OS X) AppleWebKit/605.1.15 (KHTML, like Gecko) Version/26.6.1 Mobile/15E148 Safari/604.1""}",2026-08-21 09:32:55.359Z,,,,2026-08-21 09:32:55.392Z,407be8b01d4ce342
ti983rgvsi6g9hr,feed_filter_change,2026-08-21 09:33:11.510Z,"{""selectedLabelId"": null, ""sortMode"": ""Newest""}",2026-08-21 09:33:11.479Z,,,,2026-08-21 09:33:11.510Z,407be8b01d4ce342
r8w75gisv7qextj,tab_switch,2026-08-21 09:41:41.341Z,"{""state"": ""visible""}",2026-08-21 09:41:41.150Z,,,,2026-08-21 09:41:41.341Z,407be8b01d4ce342
q4khj3iemlr825y,page_view,2026-08-21 20:40:35.748Z,"{""to"": ""/de/discourse""}",2026-08-21 20:40:35.725Z,,,,2026-08-21 20:40:35.748Z,407be8b01d4ce342
gcd4arq5mp9r269,session_start,2026-08-21 20:40:35.755Z,"{""isMobile"": true, ""screenHeight"": 647, ""screenWidth"": 375, ""userAgent"": ""Mozilla/5.0 (iPhone; CPU iPhone OS 18_7 like Mac OS X) AppleWebKit/605.1.15 (KHTML, like Gecko) Version/26.6.1 Mobile/15E148 Safari/604.1""}",2026-08-21 20:40:35.725Z,,,,2026-08-21 20:40:35.755Z,407be8b01d4ce342
mia7ccfy1pw9ugi,notification_panel_open,2026-08-21 20:40:38.600Z,"{""unread_count"": 2}",2026-08-21 20:40:38.557Z,,,,2026-08-21 20:40:38.600Z,407be8b01d4ce342
2q97uqmzhdennkm,notification_panel_open,2026-08-21 20:40:39.690Z,"{""unread_count"": 1}",2026-08-21 20:40:39.647Z,,,,2026-08-21 20:40:39.690Z,407be8b01d4ce342
6ny3tmgqgcpor33,notification_panel_click,2026-08-21 20:40:39.695Z,"{""event_type"": ""phase_halfway"", ""title"": ""Abschlussphase zur H\u00e4lfte \u23f0"", ""url"": ""/questions/3o2fj1znev0krvz/proposals/question""}",2026-08-21 20:40:39.693Z,,,7ykyjpilui5i8bi,2026-08-21 20:40:39.695Z,407be8b01d4ce342
07nzptd5qxyvh1v,feed_filter_change,2026-08-21 20:40:41.885Z,"{""selectedLabelId"": null, ""sortMode"": ""Newest""}",2026-08-21 20:40:41.844Z,,,,2026-08-21 20:40:41.885Z,407be8b01d4ce342
t5pex8k5wfmqfcr,page_view,2026-08-21 23:23:51.334Z,"{""to"": ""/de/discourse""}",2026-08-21 23:23:51.286Z,,,,2026-08-21 23:23:51.334Z,407be8b01d4ce342
p47xorxky1olcjq,session_start,2026-08-21 23:23:51.336Z,"{""isMobile"": true, ""screenHeight"": 647, ""screenWidth"": 375, ""userAgent"": ""Mozilla/5.0 (iPhone; CPU iPhone OS 18_7 like Mac OS X) AppleWebKit/605.1.15 (KHTML, like Gecko) Version/26.6.1 Mobile/15E148 Safari/604.1""}",2026-08-21 23:23:51.284Z,,,,2026-08-21 23:23:51.336Z,407be8b01d4ce342
c3r4caf97vw5qhx,page_view,2026-08-21 23:23:53.391Z,"{""from"": ""/de/discourse"", ""to"": ""/de/discourse""}",2026-08-21 23:23:53.345Z,,,,2026-08-21 23:23:53.391Z,407be8b01d4ce342
bkgx1dfyh8odu9w,notification_panel_open,2026-08-21 23:23:54.465Z,"{""unread_count"": 1}",2026-08-21 23:23:54.416Z,,,,2026-08-21 23:23:54.465Z,407be8b01d4ce342
nz9apdwqkt27gk1,notification_panel_click,2026-08-21 23:23:55.296Z,"{""event_type"": ""phase_halfway"", ""title"": ""Abschlussphase zur H\u00e4lfte \u23f0"", ""url"": ""/questions/76q0g006tjtp7gp/proposals/question""}",2026-08-21 23:23:55.295Z,,,086tnlnu8aurisg,2026-08-21 23:23:55.296Z,407be8b01d4ce342
btzayyfsgyreex2,notification_panel_open,2026-08-21 23:23:55.297Z,"{""unread_count"": 0}",2026-08-21 23:23:55.250Z,,,,2026-08-21 23:23:55.297Z,407be8b01d4ce342
h9levsou617k8dx,session_start,2026-08-22 06:42:37.007Z,"{""isMobile"": true, ""screenHeight"": 647, ""screenWidth"": 375, ""userAgent"": ""Mozilla/5.0 (iPhone; CPU iPhone OS 18_7 like Mac OS X) AppleWebKit/605.1.15 (KHTML, like Gecko) Version/26.6.1 Mobile/15E148 Safari/604.1""}",2026-08-22 06:42:36.993Z,,,,2026-08-22 06:42:37.007Z,407be8b01d4ce342
j9sdhnbfbf8zsku,page_view,2026-08-22 06:42:37.010Z,"{""to"": ""/de/discourse""}",2026-08-22 06:42:36.996Z,,,,2026-08-22 06:42:37.010Z,407be8b01d4ce342
v6ly1m7unjiqqpl,session_start,2026-08-22 10:14:14.435Z,"{""isMobile"": true, ""screenHeight"": 647, ""screenWidth"": 375, ""userAgent"": ""Mozilla/5.0 (iPhone; CPU iPhone OS 18_7 like Mac OS X) AppleWebKit/605.1.15 (KHTML, like Gecko) Version/26.6.1 Mobile/15E148 Safari/604.1""}",2026-08-22 10:14:14.389Z,,,,2026-08-22 10:14:14.435Z,407be8b01d4ce342
qj4t83n4v1jydya,page_view,2026-08-22 10:14:14.436Z,"{""to"": ""/de/discourse""}",2026-08-22 10:14:14.392Z,,,,2026-08-22 10:14:14.436Z,407be8b01d4ce342
xh32lfkdq3pdrtn,notification_panel_open,2026-08-22 10:14:17.172Z,"{""unread_count"": 2}",2026-08-22 10:14:17.139Z,,,,2026-08-22 10:14:17.172Z,407be8b01d4ce342
v49ms0rhkzxf5p3,notification_panel_open,2026-08-22 10:14:18.071Z,"{""unread_count"": 1}",2026-08-22 10:14:18.030Z,,,,2026-08-22 10:14:18.071Z,407be8b01d4ce342
1vhnefev2bosuo8,notification_panel_click,2026-08-22 10:14:18.074Z,"{""event_type"": ""phase_ending_soon"", ""title"": ""Schliesst in wenigen Stunden \u26a1"", ""url"": ""/questions/3o2fj1znev0krvz/proposals/question""}",2026-08-22 10:14:18.073Z,,,vw6kssibi87n3m3,2026-08-22 10:14:18.074Z,407be8b01d4ce342
8irwqlfqc3vuh1b,tab_switch,2026-08-22 10:15:36.772Z,"{""state"": ""visible""}",2026-08-22 10:15:36.587Z,,,,2026-08-22 10:15:36.772Z,407be8b01d4ce342
2y4yks4wt08fe3m,notification_panel_open,2026-08-22 10:15:39.935Z,"{""unread_count"": 1}",2026-08-22 10:15:39.901Z,,,,2026-08-22 10:15:39.935Z,407be8b01d4ce342
rt3bzgoep23o34h,notification_panel_open,2026-08-22 10:15:40.737Z,"{""unread_count"": 0}",2026-08-22 10:15:40.656Z,,,,2026-08-22 10:15:40.737Z,407be8b01d4ce342
ouq28wpyulbxdkl,notification_panel_click,2026-08-22 10:15:40.742Z,"{""event_type"": ""phase_ending_soon"", ""title"": ""Schliesst in wenigen Stunden \u26a1"", ""url"": ""/questions/76q0g006tjtp7gp/proposals/question""}",2026-08-22 10:15:40.741Z,,,jc9ir0y44b73tik,2026-08-22 10:15:40.742Z,407be8b01d4ce342
d8211r6jkiq932e,feed_filter_change,2026-08-22 10:15:43.082Z,"{""selectedLabelId"": null, ""sortMode"": ""Newest""}",2026-08-22 10:15:43.051Z,,,,2026-08-22 10:15:43.082Z,407be8b01d4ce342
ba2hdmll2w0ei55,session_start,2026-08-22 10:22:45.347Z,"{""isMobile"": true, ""screenHeight"": 647, ""screenWidth"": 375, ""userAgent"": ""Mozilla/5.0 (iPhone; CPU iPhone OS 18_7 like Mac OS X) AppleWebKit/605.1.15 (KHTML, like Gecko) Version/26.6.1 Mobile/15E148 Safari/604.1""}",2026-08-22 10:22:45.311Z,,,,2026-08-22 10:22:45.347Z,407be8b01d4ce342
3yms4nqnwoxs4au,page_view,2026-08-22 10:22:45.352Z,"{""to"": ""/de/discourse""}",2026-08-22 10:22:45.316Z,,,,2026-08-22 10:22:45.352Z,407be8b01d4ce342
ttm626i2raylpdj,page_view,2026-08-22 10:22:49.239Z,"{""from"": ""/de/discourse"", ""to"": ""/de/questions/0w3z1e5u1y1d83t/proposals/question""}",2026-08-22 10:22:49.209Z,0w3z1e5u1y1d83t,,,2026-08-22 10:22:49.239Z,407be8b01d4ce342
q5cci6ai4ykezb7,page_view,2026-08-22 10:22:51.676Z,"{""from"": ""/de/questions/0w3z1e5u1y1d83t/proposals/question"", ""to"": ""/de/questions/0w3z1e5u1y1d83t/proposals/results""}",2026-08-22 10:22:51.644Z,0w3z1e5u1y1d83t,,,2026-08-22 10:22:51.676Z,407be8b01d4ce342
yfwxbl6xt899aqe,proposal_view,2026-08-22 10:22:53.358Z,,2026-08-22 10:22:53.323Z,0w3z1e5u1y1d83t,,ppkkg16jlpylazv,2026-08-22 10:22:53.358Z,407be8b01d4ce342
7wnm8oj8yxesh2t,page_view,2026-08-22 10:22:53.370Z,"{""from"": ""/de/questions/0w3z1e5u1y1d83t/proposals/results"", ""to"": ""/de/questions/0w3z1e5u1y1d83t/proposals/ppkkg16jlpylazv""}",2026-08-22 10:22:53.333Z,0w3z1e5u1y1d83t,,,2026-08-22 10:22:53.370Z,407be8b01d4ce342
lfyg3cv77w07jig,proposal_view,2026-08-22 10:22:53.376Z,,2026-08-22 10:22:53.332Z,0w3z1e5u1y1d83t,,ppkkg16jlpylazv,2026-08-22 10:22:53.376Z,407be8b01d4ce342
mbx5lyosmz5zct9,page_view,2026-08-22 10:22:56.830Z,"{""from"": ""/de/questions/0w3z1e5u1y1d83t/proposals/ppkkg16jlpylazv"", ""to"": ""/de/questions/0w3z1e5u1y1d83t/proposals/results""}",2026-08-22 10:22:56.797Z,0w3z1e5u1y1d83t,,,2026-08-22 10:22:56.830Z,407be8b01d4ce342
w78p7uahey76bqn,page_view,2026-08-22 10:22:57.752Z,"{""from"": ""/de/questions/0w3z1e5u1y1d83t/proposals/results"", ""to"": ""/de/questions/0w3z1e5u1y1d83t/proposals/question""}",2026-08-22 10:22:57.719Z,0w3z1e5u1y1d83t,,,2026-08-22 10:22:57.752Z,407be8b01d4ce342
qio59492obbrbcz,session_start,2026-08-22 12:10:20.723Z,"{""isMobile"": true, ""screenHeight"": 647, ""screenWidth"": 375, ""userAgent"": ""Mozilla/5.0 (iPhone; CPU iPhone OS 18_7 like Mac OS X) AppleWebKit/605.1.15 (KHTML, like Gecko) Version/26.6.1 Mobile/15E148 Safari/604.1""}",2026-08-22 12:10:20.606Z,,,,2026-08-22 12:10:20.723Z,407be8b01d4ce342
l11zfaumzxlgbig,page_view,2026-08-22 12:10:20.727Z,"{""to"": ""/de/discourse""}",2026-08-22 12:10:20.610Z,,,,2026-08-22 12:10:20.727Z,407be8b01d4ce342
kqhbaz3k3r5kykj,tab_switch,2026-08-22 12:18:02.000Z,"{""state"": ""visible""}",2026-08-22 12:18:01.521Z,,,,2026-08-22 12:18:02.000Z,407be8b01d4ce342
9s7y73afifwl8id,feed_filter_change,2026-08-22 12:18:11.011Z,"{""selectedLabelId"": null, ""sortMode"": ""Newest""}",2026-08-22 12:18:10.931Z,,,,2026-08-22 12:18:11.011Z,407be8b01d4ce342
v32ca0f8hv01knu,tab_switch,2026-08-22 12:26:29.131Z,"{""state"": ""visible""}",2026-08-22 12:26:27.546Z,,,,2026-08-22 12:26:29.131Z,407be8b01d4ce342
qoxnyy5eievg6ct,tab_switch,2026-08-22 12:28:40.020Z,"{""state"": ""visible""}",2026-08-22 12:28:39.424Z,,,,2026-08-22 12:28:40.020Z,407be8b01d4ce342
iwzflu71vuggs81,tab_switch,2026-08-22 12:32:45.731Z,"{""state"": ""visible""}",2026-08-22 12:32:45.636Z,,,,2026-08-22 12:32:45.731Z,407be8b01d4ce342
9f3f6mywg4kyzwm,tab_switch,2026-08-22 12:47:39.881Z,"{""state"": ""visible""}",2026-08-22 12:47:39.684Z,,,,2026-08-22 12:47:39.881Z,407be8b01d4ce342
1pg2ne9ocunxo5c,session_start,2026-08-22 22:01:48.028Z,"{""isMobile"": true, ""screenHeight"": 647, ""screenWidth"": 375, ""userAgent"": ""Mozilla/5.0 (iPhone; CPU iPhone OS 18_7 like Mac OS X) AppleWebKit/605.1.15 (KHTML, like Gecko) Version/26.6.1 Mobile/15E148 Safari/604.1""}",2026-08-22 22:01:47.999Z,,,,2026-08-22 22:01:48.028Z,407be8b01d4ce342
jt214v31b1xeelx,page_view,2026-08-22 22:01:48.031Z,"{""to"": ""/de/discourse""}",2026-08-22 22:01:48.002Z,,,,2026-08-22 22:01:48.031Z,407be8b01d4ce342
d184axr1ruk2ads,notification_panel_open,2026-08-22 22:02:12.472Z,"{""unread_count"": 5}",2026-08-22 22:02:12.442Z,,,,2026-08-22 22:02:12.472Z,407be8b01d4ce342
646csvs5v3v87qc,notification_panel_open,2026-08-22 22:03:42.673Z,"{""unread_count"": 5}",2026-08-22 22:03:42.635Z,,,,2026-08-22 22:03:42.673Z,407be8b01d4ce342
ux5arzzbj7cr9ap,notification_panel_open,2026-08-22 22:03:47.899Z,"{""unread_count"": 4}",2026-08-22 22:03:47.867Z,,,,2026-08-22 22:03:47.899Z,407be8b01d4ce342
2jtxcv9nsv6y6pz,notification_panel_click,2026-08-22 22:03:47.905Z,"{""event_type"": ""phase_change"", ""title"": ""Jetzt abstimmen \ud83d\uddf3\ufe0f"", ""url"": ""/questions/3o2fj1znev0krvz/proposals/question""}",2026-08-22 22:03:47.904Z,,,tjjbdkc4o785o0t,2026-08-22 22:03:47.905Z,407be8b01d4ce342
4iwtjd7av81vr5i,notification_panel_open,2026-08-22 22:03:49.498Z,"{""unread_count"": 4}",2026-08-22 22:03:49.465Z,,,,2026-08-22 22:03:49.498Z,407be8b01d4ce342
j25x4d162u20ocq,notification_panel_open,2026-08-22 22:03:51.465Z,"{""unread_count"": 3}",2026-08-22 22:03:51.433Z,,,,2026-08-22 22:03:51.465Z,407be8b01d4ce342
zwdc6fgo5fuvr9f,notification_panel_click,2026-08-22 22:03:51.471Z,"{""event_type"": ""phase_change"", ""title"": ""Jetzt abstimmen \ud83d\uddf3\ufe0f"", ""url"": ""/questions/76q0g006tjtp7gp/proposals/question""}",2026-08-22 22:03:51.470Z,,,e91ssgzs4jx38y3,2026-08-22 22:03:51.471Z,407be8b01d4ce342
sks379f4ofqvj02,notification_panel_open,2026-08-22 22:04:41.432Z,"{""unread_count"": 3}",2026-08-22 22:04:41.401Z,,,,2026-08-22 22:04:41.432Z,407be8b01d4ce342
kajsm8l6s01tcyv,notification_panel_open,2026-08-22 22:04:42.363Z,"{""unread_count"": 2}",2026-08-22 22:04:42.324Z,,,,2026-08-22 22:04:42.363Z,407be8b01d4ce342
pxjxm6ftz0sb7qo,notification_panel_click,2026-08-22 22:04:42.367Z,"{""event_type"": ""ballot_entry"", ""title"": ""Auf der Abstimmungsliste! \ud83c\udfaf"", ""url"": ""/questions/3o2fj1znev0krvz/proposals/uv9s9bhv4lnav3n""}",2026-08-22 22:04:42.366Z,,,qeqz1cp5jnhru5o,2026-08-22 22:04:42.367Z,407be8b01d4ce342
27r4fvae3m2wlyg,session_start,2026-08-23 07:18:07.221Z,"{""isMobile"": true, ""screenHeight"": 647, ""screenWidth"": 375, ""userAgent"": ""Mozilla/5.0 (iPhone; CPU iPhone OS 18_7 like Mac OS X) AppleWebKit/605.1.15 (KHTML, like Gecko) Version/26.6.1 Mobile/15E148 Safari/604.1""}",2026-08-23 07:18:07.203Z,,,,2026-08-23 07:18:07.221Z,407be8b01d4ce342
0f9fkkxg6dtgogf,page_view,2026-08-23 07:18:07.223Z,"{""to"": ""/de/discourse""}",2026-08-23 07:18:07.205Z,,,,2026-08-23 07:18:07.223Z,407be8b01d4ce342
0n09lprr4fq1l5c,notification_panel_open,2026-08-23 07:18:09.073Z,"{""unread_count"": 2}",2026-08-23 07:18:09.057Z,,,,2026-08-23 07:18:09.073Z,407be8b01d4ce342
iqxkjib3fdhq246,notification_panel_open,2026-08-23 07:18:10.131Z,"{""unread_count"": 1}",2026-08-23 07:18:10.115Z,,,,2026-08-23 07:18:10.131Z,407be8b01d4ce342
sleqkhtslra05nz,notification_panel_click,2026-08-23 07:18:10.136Z,"{""event_type"": ""ballot_entry"", ""title"": ""Auf der Abstimmungsliste! \ud83c\udfaf"", ""url"": ""/questions/3o2fj1znev0krvz/proposals/y9eb6fxeu3zpepy""}",2026-08-23 07:18:10.135Z,,,8k2fqyl83u2dlte,2026-08-23 07:18:10.136Z,407be8b01d4ce342
txourz3dh298n6f,tab_switch,2026-08-23 07:27:37.971Z,"{""state"": ""visible""}",2026-08-23 07:27:37.804Z,,,,2026-08-23 07:27:37.971Z,407be8b01d4ce342
mfsqbq8826yr9r2,notification_panel_open,2026-08-23 07:27:40.010Z,"{""unread_count"": 1}",2026-08-23 07:27:39.992Z,,,,2026-08-23 07:27:40.010Z,407be8b01d4ce342
g3fdl12i8blqy1g,notification_panel_click,2026-08-23 07:27:40.662Z,"{""event_type"": ""ballot_entry"", ""title"": ""Auf der Abstimmungsliste! \ud83c\udfaf"", ""url"": ""/questions/76q0g006tjtp7gp/proposals/vixofkl1sb29k6z""}",2026-08-23 07:27:40.661Z,,,wju7u0bzqqdrokq,2026-08-23 07:27:40.662Z,407be8b01d4ce342
0etw38t24jbuwg2,notification_panel_open,2026-08-23 07:27:40.669Z,"{""unread_count"": 0}",2026-08-23 07:27:40.653Z,,,,2026-08-23 07:27:40.669Z,407be8b01d4ce342
gmlcfbz8t9e4z5b,tab_switch,2026-08-23 08:55:52.228Z,"{""state"": ""visible""}",2026-08-23 08:55:52.168Z,,,,2026-08-23 08:55:52.228Z,407be8b01d4ce342
n3kx25yri8fh3eb,tab_switch,2026-08-23 08:58:09.463Z,"{""state"": ""visible""}",2026-08-23 08:58:09.223Z,,,,2026-08-23 08:58:09.463Z,407be8b01d4ce342
oo3slqqg20vgnrx,tab_switch,2026-08-23 08:58:10.907Z,"{""state"": ""visible""}",2026-08-23 08:58:10.845Z,,,,2026-08-23 08:58:10.907Z,407be8b01d4ce342
4pd7jtjnhowzvoj,tab_switch,2026-08-23 09:06:56.997Z,"{""state"": ""visible""}",2026-08-23 09:06:56.786Z,,,,2026-08-23 09:06:56.997Z,407be8b01d4ce342
6b5bjxijhq8866t,session_start,2026-08-23 18:25:48.465Z,"{""isMobile"": true, ""screenHeight"": 647, ""screenWidth"": 375, ""userAgent"": ""Mozilla/5.0 (iPhone; CPU iPhone OS 18_7 like Mac OS X) AppleWebKit/605.1.15 (KHTML, like Gecko) Version/26.6.1 Mobile/15E148 Safari/604.1""}",2026-08-23 18:25:48.394Z,,,,2026-08-23 18:25:48.465Z,407be8b01d4ce342
nson26adkre3406,page_view,2026-08-23 18:25:48.466Z,"{""to"": ""/de/discourse""}",2026-08-23 18:25:48.398Z,,,,2026-08-23 18:25:48.466Z,407be8b01d4ce342
9sjn4773nganxcj,session_start,2026-08-23 21:09:20.756Z,"{""isMobile"": true, ""screenHeight"": 647, ""screenWidth"": 375, ""userAgent"": ""Mozilla/5.0 (iPhone; CPU iPhone OS 18_7 like Mac OS X) AppleWebKit/605.1.15 (KHTML, like Gecko) Version/26.6.1 Mobile/15E148 Safari/604.1""}",2026-08-23 21:09:20.694Z,,,,2026-08-23 21:09:20.756Z,407be8b01d4ce342
g8c2bi3j9bxcvyo,page_view,2026-08-23 21:09:20.758Z,"{""to"": ""/de/discourse""}",2026-08-23 21:09:20.698Z,,,,2026-08-23 21:09:20.758Z,407be8b01d4ce342
h38k3vcls1mrcxj,session_start,2026-08-24 06:52:04.712Z,"{""isMobile"": true, ""screenHeight"": 647, ""screenWidth"": 375, ""userAgent"": ""Mozilla/5.0 (iPhone; CPU iPhone OS 18_7 like Mac OS X) AppleWebKit/605.1.15 (KHTML, like Gecko) Version/26.6.1 Mobile/15E148 Safari/604.1""}",2026-08-24 06:52:04.686Z,,,,2026-08-24 06:52:04.712Z,407be8b01d4ce342
iam79zyo5m5on9z,page_view,2026-08-24 06:52:04.716Z,"{""to"": ""/de/discourse""}",2026-08-24 06:52:04.688Z,,,,2026-08-24 06:52:04.716Z,407be8b01d4ce342
n8xx7wfhj41pzu8,tab_switch,2026-08-24 06:54:52.811Z,"{""state"": ""visible""}",2026-08-24 06:54:52.681Z,,,,2026-08-24 06:54:52.811Z,407be8b01d4ce342
4bau5oj2yotyz58,page_view,2026-08-24 12:26:10.359Z,"{""to"": ""/de/discourse""}",2026-08-24 12:26:10.296Z,,,,2026-08-24 12:26:10.359Z,407be8b01d4ce342
67a1vjb3esy91r2,session_start,2026-08-24 12:26:10.361Z,"{""isMobile"": true, ""screenHeight"": 647, ""screenWidth"": 375, ""userAgent"": ""Mozilla/5.0 (iPhone; CPU iPhone OS 18_7 like Mac OS X) AppleWebKit/605.1.15 (KHTML, like Gecko) Version/26.6.1 Mobile/15E148 Safari/604.1""}",2026-08-24 12:26:10.295Z,,,,2026-08-24 12:26:10.361Z,407be8b01d4ce342
qrl2qj8zpw70k0n,compare_open,2026-08-24 12:27:08.438Z,"{""source_ids"": [""n8luy5w1pc5olz4""]}",2026-08-24 12:27:08.351Z,,,m5vq0q540kenhen,2026-08-24 12:27:08.438Z,407be8b01d4ce342
la3ask9lt0dz92r,tab_switch,2026-08-24 16:28:18.017Z,"{""state"": ""visible""}",2026-08-24 16:28:17.635Z,,,,2026-08-24 16:28:18.017Z,407be8b01d4ce342
i38foyv6xxhj4i2,notification_panel_open,2026-08-24 16:28:19.233Z,"{""unread_count"": 2}",2026-08-24 16:28:19.121Z,,,,2026-08-24 16:28:19.233Z,407be8b01d4ce342
a6bbasm7gu8h3rl,notification_panel_open,2026-08-24 16:28:19.901Z,"{""unread_count"": 1}",2026-08-24 16:28:19.786Z,,,,2026-08-24 16:28:19.901Z,407be8b01d4ce342
8ffieyvxpcngh8z,notification_panel_click,2026-08-24 16:28:19.908Z,"{""event_type"": ""phase_halfway"", ""title"": ""Abstimmung zur H\u00e4lfte \ud83d\uddf3\ufe0f"", ""url"": ""/questions/3o2fj1znev0krvz/proposals/question""}",2026-08-24 16:28:19.907Z,,,6ssv83dp044lhw1,2026-08-24 16:28:19.908Z,407be8b01d4ce342
ehulkxas5vxb3fb,page_view,2026-08-24 21:41:21.476Z,"{""to"": ""/de/discourse""}",2026-08-24 21:41:21.458Z,,,,2026-08-24 21:41:21.476Z,407be8b01d4ce342
mmrdwqh7lkh781b,session_start,2026-08-24 21:41:21.477Z,"{""isMobile"": true, ""screenHeight"": 647, ""screenWidth"": 375, ""userAgent"": ""Mozilla/5.0 (iPhone; CPU iPhone OS 18_7 like Mac OS X) AppleWebKit/605.1.15 (KHTML, like Gecko) Version/26.6.1 Mobile/15E148 Safari/604.1""}",2026-08-24 21:41:21.455Z,,,,2026-08-24 21:41:21.477Z,407be8b01d4ce342
ze31eapieiovtfo,tab_switch,2026-08-25 06:23:59.857Z,"{""state"": ""visible""}",2026-08-25 06:23:59.692Z,,,,2026-08-25 06:23:59.857Z,407be8b01d4ce342
0o504nns1flalap,notification_panel_open,2026-08-25 06:24:01.423Z,"{""unread_count"": 1}",2026-08-25 06:24:01.408Z,,,,2026-08-25 06:24:01.423Z,407be8b01d4ce342
hunaappbkr4edie,notification_panel_click,2026-08-25 06:24:02.212Z,"{""event_type"": ""phase_halfway"", ""title"": ""Abstimmung zur H\u00e4lfte \ud83d\uddf3\ufe0f"", ""url"": ""/questions/76q0g006tjtp7gp/proposals/question""}",2026-08-25 06:24:02.210Z,,,11zv07um450f4ga,2026-08-25 06:24:02.212Z,407be8b01d4ce342
2cf9qr0t9rjxggo,notification_panel_open,2026-08-25 06:24:02.214Z,"{""unread_count"": 0}",2026-08-25 06:24:02.198Z,,,,2026-08-25 06:24:02.214Z,407be8b01d4ce342
oy8vno2gzvu0ezq,page_view,2026-08-25 08:18:06.988Z,"{""to"": ""/de/discourse""}",2026-08-25 08:18:06.892Z,,,,2026-08-25 08:18:06.988Z,407be8b01d4ce342
ebj6xib5iftibcb,session_start,2026-08-25 08:18:06.993Z,"{""isMobile"": true, ""screenHeight"": 647, ""screenWidth"": 375, ""userAgent"": ""Mozilla/5.0 (iPhone; CPU iPhone OS 18_7 like Mac OS X) AppleWebKit/605.1.15 (KHTML, like Gecko) Version/26.6.1 Mobile/15E148 Safari/604.1""}",2026-08-25 08:18:06.890Z,,,,2026-08-25 08:18:06.993Z,407be8b01d4ce342
2h7tn35ngrrchc6,notification_panel_open,2026-08-25 08:18:08.962Z,"{""unread_count"": 2}",2026-08-25 08:18:08.857Z,,,,2026-08-25 08:18:08.962Z,407be8b01d4ce342
zessbpxzsntglda,notification_panel_open,2026-08-25 08:18:09.939Z,"{""unread_count"": 1}",2026-08-25 08:18:09.840Z,,,,2026-08-25 08:18:09.939Z,407be8b01d4ce342
zjd3sxf7z4a3tq9,notification_panel_click,2026-08-25 08:18:09.945Z,"{""event_type"": ""phase_ending_soon"", ""title"": ""Letzte Chance zur Abstimmung! \ud83c\udfc1"", ""url"": ""/questions/3o2fj1znev0krvz/proposals/question""}",2026-08-25 08:18:09.943Z,,,7hwruy07htq7qvj,2026-08-25 08:18:09.945Z,407be8b01d4ce342
2kxaou9niy7jy4g,tab_switch,2026-08-25 12:15:05.254Z,"{""state"": ""visible""}",2026-08-25 12:15:05.121Z,,,,2026-08-25 12:15:05.254Z,407be8b01d4ce342
79ku6a9jbqz9bj7,notification_panel_open,2026-08-25 12:15:10.985Z,"{""unread_count"": 1}",2026-08-25 12:15:10.987Z,,,,2026-08-25 12:15:10.985Z,407be8b01d4ce342
ifdceclajv7tlqj,notification_panel_open,2026-08-25 12:15:11.921Z,"{""unread_count"": 0}",2026-08-25 12:15:11.931Z,,,,2026-08-25 12:15:11.921Z,407be8b01d4ce342
rriemn7ia1jhemp,notification_panel_click,2026-08-25 12:15:11.928Z,"{""event_type"": ""phase_ending_soon"", ""title"": ""Letzte Chance zur Abstimmung! \ud83c\udfc1"", ""url"": ""/questions/76q0g006tjtp7gp/proposals/question""}",2026-08-25 12:15:11.926Z,,,6pq3u7tgezz1o6a,2026-08-25 12:15:11.928Z,407be8b01d4ce342
028cw828p66x5hf,tab_switch,2026-08-25 12:17:23.798Z,"{""state"": ""visible""}",2026-08-25 12:17:23.577Z,,,,2026-08-25 12:17:23.798Z,407be8b01d4ce342
g7xiv3ehejzd9v0,session_start,2026-08-25 19:47:11.713Z,"{""isMobile"": true, ""screenHeight"": 647, ""screenWidth"": 375, ""userAgent"": ""Mozilla/5.0 (iPhone; CPU iPhone OS 18_7 like Mac OS X) AppleWebKit/605.1.15 (KHTML, like Gecko) Version/26.6.1 Mobile/15E148 Safari/604.1""}",2026-08-25 19:47:11.643Z,,,,2026-08-25 19:47:11.713Z,407be8b01d4ce342
v2nrkqqxmrgdrs6,page_view,2026-08-25 19:47:11.721Z,"{""to"": ""/de/discourse""}",2026-08-25 19:47:11.649Z,,,,2026-08-25 19:47:11.721Z,407be8b01d4ce342
mqo3zx2nrpjoc4n,page_view,2026-08-26 06:00:01.665Z,"{""from"": ""/de/login"", ""to"": ""/de/discourse""}",2026-08-26 06:00:02.915Z,,,,2026-08-26 06:00:01.665Z,cc3304ea9b75a00f
7z4grc90w3gkqdq,tab_switch,2026-08-26 06:01:34.589Z,"{""state"": ""visible""}",2026-08-26 06:01:35.758Z,,,,2026-08-26 06:01:34.589Z,cc3304ea9b75a00f
d0qonqptioafbyb,session_start,2026-08-26 07:37:20.489Z,"{""isMobile"": true, ""screenHeight"": 647, ""screenWidth"": 375, ""userAgent"": ""Mozilla/5.0 (iPhone; CPU iPhone OS 18_7 like Mac OS X) AppleWebKit/605.1.15 (KHTML, like Gecko) Version/26.6.1 Mobile/15E148 Safari/604.1""}",2026-08-26 07:37:20.495Z,,,,2026-08-26 07:37:20.489Z,407be8b01d4ce342
mutfa6vlilgkddy,page_view,2026-08-26 07:37:20.492Z,"{""to"": ""/de/discourse""}",2026-08-26 07:37:20.500Z,,,,2026-08-26 07:37:20.492Z,407be8b01d4ce342
oxn94uwbd8mhmto,tab_switch,2026-08-26 07:38:08.319Z,"{""state"": ""visible""}",2026-08-26 07:38:08.154Z,,,,2026-08-26 07:38:08.319Z,407be8b01d4ce342
wvwrbvfdnlqo8qw,page_view,2026-08-26 09:43:22.383Z,"{""from"": ""/de/login"", ""to"": ""/discourse""}",2026-08-26 09:43:22.353Z,,,,2026-08-26 09:43:22.383Z,3e36e627a64bac27
53sage7scvrs0ln,notification_panel_open,2026-08-26 09:43:32.100Z,"{""unread_count"": 20}",2026-08-26 09:43:32.051Z,,,,2026-08-26 09:43:32.100Z,3e36e627a64bac27
4e0oktzwwsjhttj,notification_panel_open,2026-08-26 09:43:34.455Z,"{""unread_count"": 19}",2026-08-26 09:43:34.418Z,,,,2026-08-26 09:43:34.455Z,3e36e627a64bac27
eqnk565aaxsye8i,notification_panel_click,2026-08-26 09:43:34.456Z,"{""event_type"": ""phase_ending_soon"", ""title"": ""Last chance to vote! \ud83c\udfc1"", ""url"": ""/questions/3o2fj1znev0krvz/proposals/question""}",2026-08-26 09:43:34.455Z,,,0jaf4fx1nr75q6w,2026-08-26 09:43:34.456Z,3e36e627a64bac27
j9yk3r1sw7j6d7x,session_start,2026-08-26 09:44:18.173Z,"{""isMobile"": true, ""screenHeight"": 659, ""screenWidth"": 402, ""userAgent"": ""Mozilla/5.0 (iPhone; CPU iPhone OS 18_7 like Mac OS X) AppleWebKit/605.1.15 (KHTML, like Gecko) Version/18.7.8 Mobile/22H352 Safari/604.1""}",2026-08-26 09:44:18.143Z,,,,2026-08-26 09:44:18.173Z,3e36e627a64bac27
3gftbwzkw2hacdw,page_view,2026-08-26 09:44:18.175Z,"{""to"": ""/discourse""}",2026-08-26 09:44:18.143Z,,,,2026-08-26 09:44:18.175Z,3e36e627a64bac27
54ue3v2pxidq79k,page_view,2026-08-26 09:44:43.559Z,"{""from"": ""/de/login"", ""to"": ""/discourse""}",2026-08-26 09:44:43.534Z,,,,2026-08-26 09:44:43.559Z,3e36e627a64bac27
g2r0sutpj3s93fe,page_view,2026-08-26 09:44:55.104Z,"{""from"": ""/discourse"", ""to"": ""/post-study-survey""}",2026-08-26 09:44:55.074Z,,,,2026-08-26 09:44:55.104Z,3e36e627a64bac27
wz3uabb9s3k1zod,tab_switch,2026-08-26 09:45:52.708Z,"{""state"": ""visible""}",2026-08-26 09:45:52.650Z,,,,2026-08-26 09:45:52.708Z,3e36e627a64bac27
8a40tvahcnftnbw,page_view,2026-08-26 09:51:26.921Z,"{""to"": ""/post-study-survey""}",2026-08-26 09:51:26.853Z,,,,2026-08-26 09:51:26.921Z,3e36e627a64bac27
sz3kj2ejl3iv0eu,session_start,2026-08-26 09:51:26.933Z,"{""isMobile"": true, ""screenHeight"": 645, ""screenWidth"": 402, ""userAgent"": ""Mozilla/5.0 (iPhone; CPU iPhone OS 18_7_8 like Mac OS X) AppleWebKit/605.1.15 (KHTML, like Gecko) Version/18.7.8 Mobile/15E148 Safari/604.1 Brave""}",2026-08-26 09:51:26.852Z,,,,2026-08-26 09:51:26.933Z,3e36e627a64bac27
224lnfprnd2u1pd,tab_switch,2026-08-26 10:28:31.390Z,"{""state"": ""visible""}",2026-08-26 10:28:30.641Z,,,,2026-08-26 10:28:31.390Z,3e36e627a64bac27
377ula7y0zwe3pm,session_start,2026-08-26 12:26:57.688Z,"{""isMobile"": true, ""screenHeight"": 647, ""screenWidth"": 375, ""userAgent"": ""Mozilla/5.0 (iPhone; CPU iPhone OS 18_7 like Mac OS X) AppleWebKit/605.1.15 (KHTML, like Gecko) Version/26.6.1 Mobile/15E148 Safari/604.1""}",2026-08-26 12:26:57.614Z,,,,2026-08-26 12:26:57.688Z,407be8b01d4ce342
0qf14okct8zv9re,page_view,2026-08-26 12:26:57.690Z,"{""to"": ""/de/discourse""}",2026-08-26 12:26:57.619Z,,,,2026-08-26 12:26:57.690Z,407be8b01d4ce342
38tma3qpxmrdpni,page_view,2026-08-26 13:31:05.512Z,"{""to"": ""/de/discourse""}",2026-08-26 13:31:05.485Z,,,,2026-08-26 13:31:05.512Z,407be8b01d4ce342
5sdk80rz8wn8mhj,session_start,2026-08-26 13:31:05.516Z,"{""isMobile"": true, ""screenHeight"": 647, ""screenWidth"": 375, ""userAgent"": ""Mozilla/5.0 (iPhone; CPU iPhone OS 18_7 like Mac OS X) AppleWebKit/605.1.15 (KHTML, like Gecko) Version/26.6.1 Mobile/15E148 Safari/604.1""}",2026-08-26 13:31:05.481Z,,,,2026-08-26 13:31:05.516Z,407be8b01d4ce342
6p67r3x42x7tlb1,page_view,2026-08-26 14:33:42.366Z,"{""from"": ""/de/login"", ""to"": ""/de/discourse""}",2026-08-26 14:33:42.329Z,,,,2026-08-26 14:33:42.366Z,15e064539716cfbb
whhpyt2ctydlf5r,page_view,2026-08-26 14:33:47.374Z,"{""from"": ""/de/discourse"", ""to"": ""/de/questions/0w3z1e5u1y1d83t/proposals/question""}",2026-08-26 14:33:47.318Z,0w3z1e5u1y1d83t,,,2026-08-26 14:33:47.374Z,15e064539716cfbb
dssey30dnb351sk,page_view,2026-08-26 14:34:04.175Z,"{""from"": ""/de/questions/0w3z1e5u1y1d83t/proposals/question"", ""to"": ""/de/questions/0w3z1e5u1y1d83t/proposals/results""}",2026-08-26 14:34:04.114Z,0w3z1e5u1y1d83t,,,2026-08-26 14:34:04.175Z,15e064539716cfbb
31mkxkih07pwhpu,page_view,2026-08-26 14:34:08.627Z,"{""from"": ""/de/questions/0w3z1e5u1y1d83t/proposals/results"", ""to"": ""/de/questions/0w3z1e5u1y1d83t/proposals/l5sqzdyfozw6267""}",2026-08-26 14:34:08.585Z,0w3z1e5u1y1d83t,,,2026-08-26 14:34:08.627Z,15e064539716cfbb
6rbrpxv2d273oz1,proposal_view,2026-08-26 14:34:08.628Z,,2026-08-26 14:34:08.572Z,0w3z1e5u1y1d83t,,l5sqzdyfozw6267,2026-08-26 14:34:08.628Z,15e064539716cfbb
vneagmulmw32936,proposal_view,2026-08-26 14:34:08.628Z,,2026-08-26 14:34:08.562Z,0w3z1e5u1y1d83t,,l5sqzdyfozw6267,2026-08-26 14:34:08.628Z,15e064539716cfbb
et187jzrnyoavit,page_view,2026-08-26 14:34:12.650Z,"{""from"": ""/de/questions/0w3z1e5u1y1d83t/proposals/l5sqzdyfozw6267"", ""to"": ""/de/questions/0w3z1e5u1y1d83t/proposals/results""}",2026-08-26 14:34:12.579Z,0w3z1e5u1y1d83t,,,2026-08-26 14:34:12.650Z,15e064539716cfbb
hbf8vxmjke9cv74,page_view,2026-08-26 14:34:36.610Z,"{""from"": ""/de/questions/0w3z1e5u1y1d83t/proposals/results"", ""to"": ""/de/questions/0w3z1e5u1y1d83t/proposals/question""}",2026-08-26 14:34:36.575Z,0w3z1e5u1y1d83t,,,2026-08-26 14:34:36.610Z,15e064539716cfbb
aj023flqer1ttv2,page_view,2026-08-26 14:34:39.841Z,"{""from"": ""/de/questions/0w3z1e5u1y1d83t/proposals/question"", ""to"": ""/de/questions/0w3z1e5u1y1d83t/proposals/results""}",2026-08-26 14:34:39.794Z,0w3z1e5u1y1d83t,,,2026-08-26 14:34:39.841Z,15e064539716cfbb
t2zal8ik9scj0qo,page_view,2026-08-26 14:34:47.040Z,"{""from"": ""/de/questions/0w3z1e5u1y1d83t/proposals/results"", ""to"": ""/de/post-study-survey""}",2026-08-26 14:34:46.985Z,0w3z1e5u1y1d83t,,,2026-08-26 14:34:47.040Z,15e064539716cfbb
kcc4gfrdcrneq2x,page_view,2026-08-26 14:44:24.125Z,"{""from"": ""/de/post-study-survey"", ""to"": ""/de/questions/0w3z1e5u1y1d83t/proposals/results""}",2026-08-26 14:44:24.081Z,0w3z1e5u1y1d83t,,,2026-08-26 14:44:24.125Z,15e064539716cfbb
x8oahf0chprjpix,page_view,2026-08-26 14:44:26.558Z,"{""from"": ""/de/questions/0w3z1e5u1y1d83t/proposals/results"", ""to"": ""/de/questions/0w3z1e5u1y1d83t/proposals/question""}",2026-08-26 14:44:26.515Z,0w3z1e5u1y1d83t,,,2026-08-26 14:44:26.558Z,15e064539716cfbb
n27bs3djp2adgdd,page_view,2026-08-26 14:44:27.115Z,"{""from"": ""/de/questions/0w3z1e5u1y1d83t/proposals/question"", ""to"": ""/de/questions/0w3z1e5u1y1d83t/proposals/results""}",2026-08-26 14:44:27.075Z,0w3z1e5u1y1d83t,,,2026-08-26 14:44:27.115Z,15e064539716cfbb
tw2qjrsscajqma1,page_view,2026-08-26 19:26:58.259Z,"{""to"": ""/de/discourse""}",2026-08-26 19:26:58.228Z,,,,2026-08-26 19:26:58.259Z,407be8b01d4ce342
rr3bl0as1jxkea8,session_start,2026-08-26 19:26:58.266Z,"{""isMobile"": true, ""screenHeight"": 647, ""screenWidth"": 375, ""userAgent"": ""Mozilla/5.0 (iPhone; CPU iPhone OS 18_7 like Mac OS X) AppleWebKit/605.1.15 (KHTML, like Gecko) Version/26.6.1 Mobile/15E148 Safari/604.1""}",2026-08-26 19:26:58.227Z,,,,2026-08-26 19:26:58.266Z,407be8b01d4ce342
qtzflbig4pgsshm,session_start,2026-08-27 09:39:56.475Z,"{""isMobile"": true, ""screenHeight"": 647, ""screenWidth"": 375, ""userAgent"": ""Mozilla/5.0 (iPhone; CPU iPhone OS 18_7 like Mac OS X) AppleWebKit/605.1.15 (KHTML, like Gecko) Version/26.6.1 Mobile/15E148 Safari/604.1""}",2026-08-27 09:39:56.330Z,,,,2026-08-27 09:39:56.475Z,407be8b01d4ce342
wb83mw5mvlfw8te,page_view,2026-08-27 09:39:56.481Z,"{""to"": ""/de/discourse""}",2026-08-27 09:39:56.335Z,,,,2026-08-27 09:39:56.481Z,407be8b01d4ce342
vbsh6xwxc5nwdti,page_view,2026-08-27 11:24:55.205Z,"{""to"": ""/de/discourse""}",2026-08-27 11:24:55.188Z,,,,2026-08-27 11:24:55.205Z,407be8b01d4ce342
k2waedt43qf6aju,session_start,2026-08-27 11:24:55.208Z,"{""isMobile"": true, ""screenHeight"": 647, ""screenWidth"": 375, ""userAgent"": ""Mozilla/5.0 (iPhone; CPU iPhone OS 18_7 like Mac OS X) AppleWebKit/605.1.15 (KHTML, like Gecko) Version/26.6.1 Mobile/15E148 Safari/604.1""}",2026-08-27 11:24:55.181Z,,,,2026-08-27 11:24:55.208Z,407be8b01d4ce342
swq104juifbigim,tab_switch,2026-08-27 11:25:17.401Z,"{""state"": ""visible""}",2026-08-27 11:25:17.231Z,,,,2026-08-27 11:25:17.401Z,407be8b01d4ce342
5moisp3jq4ijbb0,page_view,2026-08-27 11:25:32.708Z,"{""from"": ""/de/discourse"", ""to"": ""/de/questions/0w3z1e5u1y1d83t/proposals/question""}",2026-08-27 11:25:32.695Z,0w3z1e5u1y1d83t,,,2026-08-27 11:25:32.708Z,407be8b01d4ce342
ovvnj29qsfcl43i,page_view,2026-08-27 11:25:33.494Z,"{""from"": ""/de/questions/0w3z1e5u1y1d83t/proposals/question"", ""to"": ""/de/questions/0w3z1e5u1y1d83t/proposals/results""}",2026-08-27 11:25:33.478Z,0w3z1e5u1y1d83t,,,2026-08-27 11:25:33.494Z,407be8b01d4ce342
blsryyw0zhryadi,proposal_view,2026-08-27 11:25:41.271Z,,2026-08-27 11:25:41.250Z,0w3z1e5u1y1d83t,,ppkkg16jlpylazv,2026-08-27 11:25:41.271Z,407be8b01d4ce342
d6uh53ooupt8d4j,page_view,2026-08-27 11:25:41.286Z,"{""from"": ""/de/questions/0w3z1e5u1y1d83t/proposals/results"", ""to"": ""/de/questions/0w3z1e5u1y1d83t/proposals/ppkkg16jlpylazv""}",2026-08-27 11:25:41.261Z,0w3z1e5u1y1d83t,,,2026-08-27 11:25:41.286Z,407be8b01d4ce342
ft752q8mqo3a9jx,proposal_view,2026-08-27 11:25:41.288Z,,2026-08-27 11:25:41.259Z,0w3z1e5u1y1d83t,,ppkkg16jlpylazv,2026-08-27 11:25:41.288Z,407be8b01d4ce342
2sj7g9h3z2pouam,page_view,2026-08-27 11:25:45.501Z,"{""from"": ""/de/questions/0w3z1e5u1y1d83t/proposals/ppkkg16jlpylazv"", ""to"": ""/de/questions/0w3z1e5u1y1d83t/proposals/results""}",2026-08-27 11:25:45.485Z,0w3z1e5u1y1d83t,,,2026-08-27 11:25:45.501Z,407be8b01d4ce342
7u6zbxct7zlln2y,tab_switch,2026-08-27 11:31:26.054Z,"{""state"": ""visible""}",2026-08-27 11:31:25.929Z,,,,2026-08-27 11:31:26.054Z,407be8b01d4ce342
ivtukkf1dssvkp2,page_view,2026-08-27 11:31:27.839Z,"{""from"": ""/de/questions/0w3z1e5u1y1d83t/proposals/results"", ""to"": ""/de/questions/0w3z1e5u1y1d83t/proposals/question""}",2026-08-27 11:31:27.817Z,0w3z1e5u1y1d83t,,,2026-08-27 11:31:27.839Z,407be8b01d4ce342
tpu5y9m6r20bxw1,session_start,2026-08-27 12:49:53.302Z,"{""isMobile"": true, ""screenHeight"": 647, ""screenWidth"": 375, ""userAgent"": ""Mozilla/5.0 (iPhone; CPU iPhone OS 18_7 like Mac OS X) AppleWebKit/605.1.15 (KHTML, like Gecko) Version/26.6.1 Mobile/15E148 Safari/604.1""}",2026-08-27 12:49:53.263Z,,,,2026-08-27 12:49:53.302Z,407be8b01d4ce342
mtixtgw2ukfl2b9,page_view,2026-08-27 12:49:53.316Z,"{""to"": ""/de/discourse""}",2026-08-27 12:49:53.268Z,,,,2026-08-27 12:49:53.316Z,407be8b01d4ce342
5ff4do2r7xicjzg,tab_switch,2026-08-27 13:36:10.960Z,"{""state"": ""visible""}",2026-08-27 13:36:08.849Z,,,,2026-08-27 13:36:10.960Z,407be8b01d4ce342
k3jrb5nwid86yr1,tab_switch,2026-08-27 13:39:59.813Z,"{""state"": ""visible""}",2026-08-27 13:39:59.446Z,,,,2026-08-27 13:39:59.813Z,407be8b01d4ce342
c2alktspmuxeu2y,session_start,2026-08-28 11:36:51.726Z,"{""isMobile"": true, ""screenHeight"": 647, ""screenWidth"": 375, ""userAgent"": ""Mozilla/5.0 (iPhone; CPU iPhone OS 18_7 like Mac OS X) AppleWebKit/605.1.15 (KHTML, like Gecko) Version/26.6.1 Mobile/15E148 Safari/604.1""}",2026-08-28 11:36:51.640Z,,,,2026-08-28 11:36:51.726Z,407be8b01d4ce342
l3wpk6cwa80jvba,page_view,2026-08-28 11:36:51.730Z,"{""to"": ""/de/discourse""}",2026-08-28 11:36:51.645Z,,,,2026-08-28 11:36:51.730Z,407be8b01d4ce342
4nakyndd7iehtqc,tab_switch,2026-08-28 12:22:08.980Z,"{""state"": ""visible""}",2026-08-28 12:22:08.593Z,,,,2026-08-28 12:22:08.980Z,407be8b01d4ce342
7095nfpxi1bjbzq,tab_switch,2026-08-28 12:23:36.060Z,"{""state"": ""visible""}",2026-08-28 12:23:35.590Z,,,,2026-08-28 12:23:36.060Z,407be8b01d4ce342
imoxa4h9enozfbk,session_start,2026-08-28 15:36:26.146Z,"{""isMobile"": true, ""screenHeight"": 647, ""screenWidth"": 375, ""userAgent"": ""Mozilla/5.0 (iPhone; CPU iPhone OS 18_7 like Mac OS X) AppleWebKit/605.1.15 (KHTML, like Gecko) Version/26.6.1 Mobile/15E148 Safari/604.1""}",2026-08-28 15:36:26.073Z,,,,2026-08-28 15:36:26.146Z,407be8b01d4ce342
vf3zhw84yvv4woa,page_view,2026-08-28 15:36:26.151Z,"{""to"": ""/de/discourse""}",2026-08-28 15:36:26.080Z,,,,2026-08-28 15:36:26.151Z,407be8b01d4ce342
2hxgldr76kzz91v,tab_switch,2026-08-28 16:04:24.939Z,"{""state"": ""visible""}",2026-08-28 16:04:24.436Z,,,,2026-08-28 16:04:24.939Z,407be8b01d4ce342
3tt4hesczbhgwof,page_view,2026-08-28 16:04:56.663Z,"{""from"": ""/de/discourse"", ""to"": ""/de/questions/0w3z1e5u1y1d83t/proposals/question""}",2026-08-28 16:04:56.608Z,0w3z1e5u1y1d83t,,,2026-08-28 16:04:56.663Z,407be8b01d4ce342
n3ll6qu4n5fb7oj,page_view,2026-08-28 16:05:13.959Z,"{""from"": ""/de/questions/0w3z1e5u1y1d83t/proposals/question"", ""to"": ""/de/questions/0w3z1e5u1y1d83t/proposals/results""}",2026-08-28 16:05:13.904Z,0w3z1e5u1y1d83t,,,2026-08-28 16:05:13.959Z,407be8b01d4ce342
nwlmt4k3803snjp,page_view,2026-08-28 16:05:16.565Z,"{""from"": ""/de/questions/0w3z1e5u1y1d83t/proposals/results"", ""to"": ""/de/questions/0w3z1e5u1y1d83t/proposals/question""}",2026-08-28 16:05:16.533Z,0w3z1e5u1y1d83t,,,2026-08-28 16:05:16.565Z,407be8b01d4ce342
c2vrh0h9v77ymo5,page_view,2026-08-28 16:05:16.730Z,"{""from"": ""/de/questions/0w3z1e5u1y1d83t/proposals/question"", ""to"": ""/de/questions/0w3z1e5u1y1d83t/proposals/question""}",2026-08-28 16:05:16.665Z,0w3z1e5u1y1d83t,,,2026-08-28 16:05:16.730Z,407be8b01d4ce342
p4sh6hankvlf1z1,page_view,2026-08-28 16:05:21.948Z,"{""from"": ""/de/questions/0w3z1e5u1y1d83t/proposals/question"", ""to"": ""/de/questions/0w3z1e5u1y1d83t/proposals/results""}",2026-08-28 16:05:21.901Z,0w3z1e5u1y1d83t,,,2026-08-28 16:05:21.948Z,407be8b01d4ce342
q32daztrpo2p05u,page_view,2026-08-28 16:05:23.498Z,"{""from"": ""/de/questions/0w3z1e5u1y1d83t/proposals/results"", ""to"": ""/de/questions/0w3z1e5u1y1d83t/proposals/ppkkg16jlpylazv""}",2026-08-28 16:05:23.354Z,0w3z1e5u1y1d83t,,,2026-08-28 16:05:23.498Z,407be8b01d4ce342
yvt29zjykw5x4ag,proposal_view,2026-08-28 16:05:23.501Z,,2026-08-28 16:05:23.345Z,0w3z1e5u1y1d83t,,ppkkg16jlpylazv,2026-08-28 16:05:23.501Z,407be8b01d4ce342
peap11sy0kti72o,proposal_view,2026-08-28 16:05:23.507Z,,2026-08-28 16:05:23.353Z,0w3z1e5u1y1d83t,,ppkkg16jlpylazv,2026-08-28 16:05:23.507Z,407be8b01d4ce342
ks4oc5c2c78px2m,page_view,2026-08-28 16:05:27.272Z,"{""from"": ""/de/questions/0w3z1e5u1y1d83t/proposals/ppkkg16jlpylazv"", ""to"": ""/de/questions/0w3z1e5u1y1d83t/proposals/results""}",2026-08-28 16:05:27.242Z,0w3z1e5u1y1d83t,,,2026-08-28 16:05:27.272Z,407be8b01d4ce342
8169ak5f33gch98,page_view,2026-08-28 16:05:28.371Z,"{""from"": ""/de/questions/0w3z1e5u1y1d83t/proposals/results"", ""to"": ""/de/questions/0w3z1e5u1y1d83t/proposals/question""}",2026-08-28 16:05:28.347Z,0w3z1e5u1y1d83t,,,2026-08-28 16:05:28.371Z,407be8b01d4ce342
ztf9td65s4a6nap,page_view,2026-08-28 16:05:29.348Z,"{""from"": ""/de/questions/0w3z1e5u1y1d83t/proposals/question"", ""to"": ""/de/questions/0w3z1e5u1y1d83t/proposals/results""}",2026-08-28 16:05:29.270Z,0w3z1e5u1y1d83t,,,2026-08-28 16:05:29.348Z,407be8b01d4ce342
aoxyvyl7d1wwi2r,page_view,2026-08-28 16:05:31.149Z,"{""from"": ""/de/questions/0w3z1e5u1y1d83t/proposals/results"", ""to"": ""/de/discourse""}",2026-08-28 16:05:31.083Z,0w3z1e5u1y1d83t,,,2026-08-28 16:05:31.149Z,407be8b01d4ce342
8akcvnxnf724nue,session_start,2026-08-30 13:22:32.941Z,"{""isMobile"": true, ""screenHeight"": 647, ""screenWidth"": 375, ""userAgent"": ""Mozilla/5.0 (iPhone; CPU iPhone OS 18_7 like Mac OS X) AppleWebKit/605.1.15 (KHTML, like Gecko) Version/26.6.1 Mobile/15E148 Safari/604.1""}",2026-08-30 13:22:32.879Z,,,,2026-08-30 13:22:32.941Z,407be8b01d4ce342
9qakdkjgxkff3vd,page_view,2026-08-30 13:22:32.953Z,"{""to"": ""/de/discourse""}",2026-08-30 13:22:32.884Z,,,,2026-08-30 13:22:32.953Z,407be8b01d4ce342
twe2jo81airlmwc,session_start,2026-08-31 14:05:09.595Z,"{""isMobile"": true, ""screenHeight"": 647, ""screenWidth"": 375, ""userAgent"": ""Mozilla/5.0 (iPhone; CPU iPhone OS 18_7 like Mac OS X) AppleWebKit/605.1.15 (KHTML, like Gecko) Version/26.6.1 Mobile/15E148 Safari/604.1""}",2026-08-31 14:05:09.534Z,,,,2026-08-31 14:05:09.595Z,407be8b01d4ce342
6oz9uxtu5b0kjgi,page_view,2026-08-31 14:05:09.599Z,"{""to"": ""/de/discourse""}",2026-08-31 14:05:09.538Z,,,,2026-08-31 14:05:09.599Z,407be8b01d4ce342
yymmbbk0r7d7cls,page_view,2026-09-01 12:57:44.492Z,"{""from"": ""/register"", ""to"": ""/how-it-works""}",2026-09-01 12:57:44.130Z,,,,2026-09-01 12:57:44.492Z,a2ba6414638e53bd
rkxr6982hjn8s93,tab_switch,2026-09-01 14:28:57.870Z,"{""state"": ""visible""}",2026-09-01 14:28:56.842Z,,,,2026-09-01 14:28:57.870Z,a2ba6414638e53bd
l0jpx3rvtizj34z,tab_switch,2026-09-01 14:41:44.073Z,"{""state"": ""visible""}",2026-09-01 14:41:41.974Z,,,,2026-09-01 14:41:44.073Z,a2ba6414638e53bd
6pmt5xirpzjwk4t,page_view,2026-09-01 14:44:32.167Z,"{""from"": ""/how-it-works"", ""to"": ""/discourse""}",2026-09-01 14:44:31.901Z,,,,2026-09-01 14:44:32.167Z,a2ba6414638e53bd
gegc64hc5ti3k5u,page_view,2026-09-01 14:44:43.219Z,"{""from"": ""/discourse"", ""to"": ""/questions/0w3z1e5u1y1d83t/proposals/question""}",2026-09-01 14:44:42.952Z,0w3z1e5u1y1d83t,,,2026-09-01 14:44:43.219Z,a2ba6414638e53bd
p5porki36t3cbkc,page_view,2026-09-01 14:44:46.429Z,"{""from"": ""/questions/0w3z1e5u1y1d83t/proposals/question"", ""to"": ""/questions/0w3z1e5u1y1d83t/proposals/results""}",2026-09-01 14:44:46.059Z,0w3z1e5u1y1d83t,,,2026-09-01 14:44:46.429Z,a2ba6414638e53bd
06kwvknnma0jlfu,tab_switch,2026-09-01 14:49:45.459Z,"{""state"": ""visible""}",2026-09-01 14:49:45.096Z,,,,2026-09-01 14:49:45.459Z,a2ba6414638e53bd
3kbz3oc6du7hwf6,page_view,2026-09-01 14:51:11.854Z,"{""to"": ""/discourse""}",2026-09-01 14:51:11.774Z,,,,2026-09-01 14:51:11.854Z,a2ba6414638e53bd
2njcwtohy2ydok6,session_start,2026-09-01 14:51:11.859Z,"{""isMobile"": false, ""screenHeight"": 794, ""screenWidth"": 1440, ""userAgent"": ""Mozilla/5.0 (X11; Linux x86_64; rv:154.0) Gecko/20100101 Firefox/154.0""}",2026-09-01 14:51:11.773Z,,,,2026-09-01 14:51:11.859Z,a2ba6414638e53bd
ukpywynd9w7pnow,tab_switch,2026-09-01 14:51:31.857Z,"{""state"": ""visible""}",2026-09-01 14:51:31.623Z,,,,2026-09-01 14:51:31.857Z,a2ba6414638e53bd
b609n19mycz2w0c,tab_switch,2026-09-01 14:53:00.115Z,"{""state"": ""visible""}",2026-09-01 14:52:59.924Z,,,,2026-09-01 14:53:00.115Z,a2ba6414638e53bd
il7nz0k2f8uqoym,session_start,2026-09-01 14:53:10.024Z,"{""isMobile"": false, ""screenHeight"": 794, ""screenWidth"": 1440, ""userAgent"": ""Mozilla/5.0 (X11; Linux x86_64; rv:154.0) Gecko/20100101 Firefox/154.0""}",2026-09-01 14:53:09.510Z,,,,2026-09-01 14:53:10.024Z,a2ba6414638e53bd
cnokjjmxwksqu8d,page_view,2026-09-01 14:53:10.033Z,"{""to"": ""/groups/v0e99klwn3wg6qe""}",2026-09-01 14:53:09.511Z,,,,2026-09-01 14:53:10.033Z,a2ba6414638e53bd
juvevtffob0iins,tab_switch,2026-09-01 14:53:45.272Z,"{""state"": ""visible""}",2026-09-01 14:53:44.971Z,,,,2026-09-01 14:53:45.272Z,a2ba6414638e53bd
khzffciln9g5l57,page_view,2026-09-01 14:56:32.699Z,"{""to"": ""/questions/0w3z1e5u1y1d83t/proposals/results""}",2026-09-01 14:56:32.680Z,0w3z1e5u1y1d83t,,,2026-09-01 14:56:32.699Z,de13859e1d6aea12
vu2auecn8r1um09,page_view,2026-09-01 14:56:38.477Z,"{""from"": ""/questions/0w3z1e5u1y1d83t/proposals/results"", ""to"": ""/post-study-survey""}",2026-09-01 14:56:38.441Z,0w3z1e5u1y1d83t,,,2026-09-01 14:56:38.477Z,de13859e1d6aea12
6qf2i4rsdoxzkp7,page_view,2026-09-01 14:56:39.001Z,"{""from"": ""/questions/0w3z1e5u1y1d83t/proposals/results"", ""to"": ""/discourse""}",2026-09-01 14:56:38.550Z,0w3z1e5u1y1d83t,,,2026-09-01 14:56:39.001Z,a2ba6414638e53bd
1r6c04ip1rqpy6m,page_view,2026-09-01 14:56:42.124Z,"{""from"": ""/discourse"", ""to"": ""/groups""}",2026-09-01 14:56:41.805Z,0w3z1e5u1y1d83t,,,2026-09-01 14:56:42.124Z,a2ba6414638e53bd
xgfszc1i4x4700r,page_view,2026-09-01 14:56:47.431Z,"{""from"": ""/groups"", ""to"": ""/post-study-survey""}",2026-09-01 14:56:47.165Z,0w3z1e5u1y1d83t,,,2026-09-01 14:56:47.431Z,a2ba6414638e53bd
pi7hdkj0hczxpw3,tab_switch,2026-09-01 14:59:59.512Z,"{""state"": ""visible""}",2026-09-01 14:59:59.208Z,,,,2026-09-01 14:59:59.512Z,a2ba6414638e53bd
sjmniuaxiwgwv7j,page_view,2026-09-01 15:00:04.649Z,"{""from"": ""/groups/v0e99klwn3wg6qe"", ""to"": ""/discourse""}",2026-09-01 15:00:04.398Z,,,,2026-09-01 15:00:04.649Z,a2ba6414638e53bd
hxq17wcjyyefnsz,page_view,2026-09-01 15:00:08.102Z,"{""from"": ""/discourse"", ""to"": ""/questions/0w3z1e5u1y1d83t/proposals/question""}",2026-09-01 15:00:07.810Z,0w3z1e5u1y1d83t,,,2026-09-01 15:00:08.102Z,a2ba6414638e53bd
1bxlkghiibhnlrt,page_view,2026-09-01 15:00:11.431Z,"{""from"": ""/questions/0w3z1e5u1y1d83t/proposals/question"", ""to"": ""/questions/0w3z1e5u1y1d83t/proposals/results""}",2026-09-01 15:00:11.082Z,0w3z1e5u1y1d83t,,,2026-09-01 15:00:11.431Z,a2ba6414638e53bd
xqxwk6036t4orv5,tab_switch,2026-09-01 15:00:17.242Z,"{""state"": ""visible""}",2026-09-01 15:00:17.011Z,,,,2026-09-01 15:00:17.242Z,a2ba6414638e53bd
925lf3iu3zzne2l,tab_switch,2026-09-01 15:12:46.594Z,"{""state"": ""visible""}",2026-09-01 15:12:46.326Z,,,,2026-09-01 15:12:46.594Z,a2ba6414638e53bd
5db10zm6bvulsat,tab_switch,2026-09-01 15:12:48.107Z,"{""state"": ""visible""}",2026-09-01 15:12:47.258Z,,,,2026-09-01 15:12:48.107Z,a2ba6414638e53bd
qu1izqigjggvg7u,proposal_view,2026-09-01 15:13:13.152Z,,2026-09-01 15:13:12.726Z,0w3z1e5u1y1d83t,,l5sqzdyfozw6267,2026-09-01 15:13:13.152Z,a2ba6414638e53bd
4yg9mw9qbwayea3,proposal_view,2026-09-01 15:13:13.157Z,,2026-09-01 15:13:12.732Z,0w3z1e5u1y1d83t,,l5sqzdyfozw6267,2026-09-01 15:13:13.157Z,a2ba6414638e53bd
i8umuenfgq2pdgt,page_view,2026-09-01 15:13:13.159Z,"{""from"": ""/questions/0w3z1e5u1y1d83t/proposals/results"", ""to"": ""/questions/0w3z1e5u1y1d83t/proposals/l5sqzdyfozw6267""}",2026-09-01 15:13:12.745Z,0w3z1e5u1y1d83t,,,2026-09-01 15:13:13.159Z,a2ba6414638e53bd
8fcjku1pruafxsp,page_view,2026-09-01 15:13:19.768Z,"{""from"": ""/questions/0w3z1e5u1y1d83t/proposals/l5sqzdyfozw6267"", ""to"": ""/questions/0w3z1e5u1y1d83t/proposals/results""}",2026-09-01 15:13:19.675Z,0w3z1e5u1y1d83t,,,2026-09-01 15:13:19.768Z,a2ba6414638e53bd
a1z7tdaox7y5m6n,proposal_view,2026-09-01 15:13:22.154Z,,2026-09-01 15:13:21.752Z,0w3z1e5u1y1d83t,,i6o7tfr2opn951e,2026-09-01 15:13:22.154Z,a2ba6414638e53bd
eomxygvob2ygvcy,page_view,2026-09-01 15:13:22.160Z,"{""from"": ""/questions/0w3z1e5u1y1d83t/proposals/results"", ""to"": ""/questions/0w3z1e5u1y1d83t/proposals/i6o7tfr2opn951e""}",2026-09-01 15:13:21.762Z,0w3z1e5u1y1d83t,,,2026-09-01 15:13:22.160Z,a2ba6414638e53bd
y6d6mubzd1u1sq2,proposal_view,2026-09-01 15:13:22.167Z,,2026-09-01 15:13:21.747Z,0w3z1e5u1y1d83t,,i6o7tfr2opn951e,2026-09-01 15:13:22.167Z,a2ba6414638e53bd
gahrm2ztt2resb3,tab_switch,2026-09-01 15:14:01.592Z,"{""state"": ""visible""}",2026-09-01 15:14:01.290Z,,,,2026-09-01 15:14:01.592Z,a2ba6414638e53bd
fh5voj8sqehbf2b,proposal_view,2026-09-01 15:16:14.329Z,,2026-09-01 15:16:13.968Z,0w3z1e5u1y1d83t,,5ts5a0oatsjtetw,2026-09-01 15:16:14.329Z,a2ba6414638e53bd
3dtfi25z92wak0m,compare_open,2026-09-01 15:16:46.355Z,"{""source_ids"": [""ppkkg16jlpylazv"", ""ag1c4yqxa4oe2w4""]}",2026-09-01 15:16:46.227Z,,,5ts5a0oatsjtetw,2026-09-01 15:16:46.355Z,a2ba6414638e53bd
y1tfxr7ob8mbf6y,page_view,2026-09-01 15:16:47.142Z,"{""from"": ""/questions/0w3z1e5u1y1d83t/proposals/compare"", ""to"": ""/questions/0w3z1e5u1y1d83t/proposals/results""}",2026-09-01 15:16:46.806Z,0w3z1e5u1y1d83t,,,2026-09-01 15:16:47.142Z,a2ba6414638e53bd
r3f0y4szyu9q70m,proposal_view,2026-09-01 15:19:23.159Z,,2026-09-01 15:19:22.737Z,0w3z1e5u1y1d83t,,l5sqzdyfozw6267,2026-09-01 15:19:23.159Z,a2ba6414638e53bd
0qnxrsazek4gctu,page_view,2026-09-01 15:19:23.163Z,"{""from"": ""/questions/0w3z1e5u1y1d83t/proposals/results"", ""to"": ""/questions/0w3z1e5u1y1d83t/proposals/l5sqzdyfozw6267""}",2026-09-01 15:19:22.749Z,0w3z1e5u1y1d83t,,,2026-09-01 15:19:23.163Z,a2ba6414638e53bd
b8zzdleqs8jsdo0,proposal_view,2026-09-01 15:19:23.166Z,,2026-09-01 15:19:22.743Z,0w3z1e5u1y1d83t,,l5sqzdyfozw6267,2026-09-01 15:19:23.166Z,a2ba6414638e53bd
ce8dc29au699gpr,page_view,2026-09-01 15:19:27.436Z,"{""from"": ""/questions/0w3z1e5u1y1d83t/proposals/l5sqzdyfozw6267"", ""to"": ""/questions/0w3z1e5u1y1d83t/proposals/results""}",2026-09-01 15:19:27.241Z,0w3z1e5u1y1d83t,,,2026-09-01 15:19:27.436Z,a2ba6414638e53bd
j9hpby3rhg7qrk6,proposal_view,2026-09-01 15:19:29.067Z,,2026-09-01 15:19:28.657Z,0w3z1e5u1y1d83t,,ppkkg16jlpylazv,2026-09-01 15:19:29.067Z,a2ba6414638e53bd
6c7na6jvtjtw0cu,proposal_view,2026-09-01 15:19:29.071Z,,2026-09-01 15:19:28.660Z,0w3z1e5u1y1d83t,,ppkkg16jlpylazv,2026-09-01 15:19:29.071Z,a2ba6414638e53bd
v6n7o6o8oiubkn2,page_view,2026-09-01 15:19:29.076Z,"{""from"": ""/questions/0w3z1e5u1y1d83t/proposals/results"", ""to"": ""/questions/0w3z1e5u1y1d83t/proposals/ppkkg16jlpylazv""}",2026-09-01 15:19:28.667Z,0w3z1e5u1y1d83t,,,2026-09-01 15:19:29.076Z,a2ba6414638e53bd
c1hyy1lvvslgb6f,page_view,2026-09-01 15:19:41.909Z,"{""from"": ""/questions/0w3z1e5u1y1d83t/proposals/ppkkg16jlpylazv"", ""to"": ""/questions/0w3z1e5u1y1d83t/proposals/results""}",2026-09-01 15:19:41.816Z,0w3z1e5u1y1d83t,,,2026-09-01 15:19:41.909Z,a2ba6414638e53bd
hwae6akr6spvhui,proposal_view,2026-09-01 15:19:44.039Z,,2026-09-01 15:19:43.690Z,0w3z1e5u1y1d83t,,spcuyp6qr3y1eq6,2026-09-01 15:19:44.039Z,a2ba6414638e53bd
6x6n425kty0v60o,proposal_view,2026-09-01 15:19:44.043Z,,2026-09-01 15:19:43.693Z,0w3z1e5u1y1d83t,,spcuyp6qr3y1eq6,2026-09-01 15:19:44.043Z,a2ba6414638e53bd
yz9h0ett8bhqpmr,page_view,2026-09-01 15:19:44.083Z,"{""from"": ""/questions/0w3z1e5u1y1d83t/proposals/results"", ""to"": ""/questions/0w3z1e5u1y1d83t/proposals/spcuyp6qr3y1eq6""}",2026-09-01 15:19:43.700Z,0w3z1e5u1y1d83t,,,2026-09-01 15:19:44.083Z,a2ba6414638e53bd
cjv79catl0tllvj,compare_open,2026-09-01 15:20:05.641Z,"{""pool_size"": 3, ""proposal_ids"": [""ppkkg16jlpylazv"", ""ag1c4yqxa4oe2w4"", ""5ts5a0oatsjtetw""]}",2026-09-01 15:20:05.266Z,,,,2026-09-01 15:20:05.641Z,a2ba6414638e53bd
j14rhx9knh7rzz7,page_view,2026-09-01 15:20:06.010Z,"{""from"": ""/questions/0w3z1e5u1y1d83t/proposals/compare"", ""to"": ""/questions/0w3z1e5u1y1d83t/proposals/results""}",2026-09-01 15:20:05.655Z,0w3z1e5u1y1d83t,,,2026-09-01 15:20:06.010Z,a2ba6414638e53bd
xxbur63bwb03lnq,tab_switch,2026-09-01 16:28:37.048Z,"{""state"": ""visible""}",2026-09-01 16:28:36.763Z,,,,2026-09-01 16:28:37.048Z,a2ba6414638e53bd
a2j727b12u59p9h,tab_switch,2026-09-01 16:29:31.022Z,"{""state"": ""visible""}",2026-09-01 16:29:30.855Z,,,,2026-09-01 16:29:31.022Z,a2ba6414638e53bd
6qc4uc0x199rs5u,tab_switch,2026-09-01 21:16:52.806Z,"{""state"": ""visible""}",2026-09-01 21:16:52.146Z,,,,2026-09-01 21:16:52.806Z,a2ba6414638e53bd
xv5m7wayoqnioqk,tab_switch,2026-09-01 21:16:52.809Z,"{""state"": ""visible""}",2026-09-01 21:16:52.147Z,,,,2026-09-01 21:16:52.809Z,a2ba6414638e53bd
bn202wmwizw319l,tab_switch,2026-09-01 21:17:50.899Z,"{""state"": ""visible""}",2026-09-01 21:17:50.198Z,,,,2026-09-01 21:17:50.899Z,a2ba6414638e53bd
0xh24u2sikejpp9,page_view,2026-09-02 07:02:17.246Z,"{""to"": ""/questions/0w3z1e5u1y1d83t/proposals/results""}",2026-09-02 07:02:17.292Z,0w3z1e5u1y1d83t,,,2026-09-02 07:02:17.246Z,a2ba6414638e53bd
unj81adn7irz8r0,session_start,2026-09-02 07:02:17.248Z,"{""isMobile"": false, ""screenHeight"": 794, ""screenWidth"": 720, ""userAgent"": ""Mozilla/5.0 (X11; Linux x86_64; rv:154.0) Gecko/20100101 Firefox/154.0""}",2026-09-02 07:02:17.291Z,,,,2026-09-02 07:02:17.248Z,a2ba6414638e53bd
4tlyovjx5fiyfwj,page_view,2026-09-02 07:47:47.756Z,"{""from"": ""/login"", ""to"": ""/discourse""}",2026-09-02 07:47:47.471Z,,,,2026-09-02 07:47:47.756Z,a2ba6414638e53bd
n9nzda8hjq4b4mx,page_view,2026-09-02 07:47:52.872Z,"{""from"": ""/discourse"", ""to"": ""/post-study-survey""}",2026-09-02 07:47:52.543Z,,,,2026-09-02 07:47:52.872Z,a2ba6414638e53bd
17bt8te8ushw0rb,session_start,2026-09-02 07:48:02.645Z,"{""isMobile"": false, ""screenHeight"": 794, ""screenWidth"": 1440, ""userAgent"": ""Mozilla/5.0 (X11; Linux x86_64; rv:154.0) Gecko/20100101 Firefox/154.0""}",2026-09-02 07:48:02.494Z,,,,2026-09-02 07:48:02.645Z,a2ba6414638e53bd
udtnu4dx8r49ml1,page_view,2026-09-02 07:48:02.648Z,"{""to"": ""/post-study-survey""}",2026-09-02 07:48:02.495Z,,,,2026-09-02 07:48:02.648Z,a2ba6414638e53bd
th3ss7ufdn063jk,page_view,2026-09-02 07:48:16.469Z,"{""from"": ""/post-study-survey"", ""to"": ""/groups""}",2026-09-02 07:48:16.025Z,,,,2026-09-02 07:48:16.469Z,a2ba6414638e53bd
lp0ot891av3gx85,page_view,2026-09-02 07:48:18.135Z,"{""from"": ""/groups"", ""to"": ""/groups/v0e99klwn3wg6qe""}",2026-09-02 07:48:17.752Z,,,,2026-09-02 07:48:18.135Z,a2ba6414638e53bd
a1m6llfqmh3crbe,page_view,2026-09-02 07:48:21.376Z,"{""from"": ""/groups/v0e99klwn3wg6qe"", ""to"": ""/questions/0w3z1e5u1y1d83t""}",2026-09-02 07:48:20.916Z,0w3z1e5u1y1d83t,,,2026-09-02 07:48:21.376Z,a2ba6414638e53bd
67llw42khpynaqd,tab_switch,2026-09-02 07:48:35.878Z,"{""state"": ""visible""}",2026-09-02 07:48:35.537Z,,,,2026-09-02 07:48:35.878Z,a2ba6414638e53bd
jwjbfcakjmupey8,page_view,2026-09-02 07:48:54.304Z,"{""from"": ""/questions/0w3z1e5u1y1d83t"", ""to"": ""/questions/0w3z1e5u1y1d83t/proposals/question""}",2026-09-02 07:48:53.874Z,0w3z1e5u1y1d83t,,,2026-09-02 07:48:54.304Z,a2ba6414638e53bd
9a5322kxfi70vif,page_view,2026-09-02 07:49:02.232Z,"{""from"": ""/questions/0w3z1e5u1y1d83t/proposals/question"", ""to"": ""/questions/0w3z1e5u1y1d83t/proposals/results""}",2026-09-02 07:49:01.718Z,0w3z1e5u1y1d83t,,,2026-09-02 07:49:02.232Z,a2ba6414638e53bd
ovz113jw1t332s7,page_view,2026-09-02 07:50:16.021Z,"{""from"": ""/questions/0w3z1e5u1y1d83t/proposals/results"", ""to"": ""/questions/0w3z1e5u1y1d83t/proposals/ppkkg16jlpylazv""}",2026-09-02 07:50:15.527Z,0w3z1e5u1y1d83t,,,2026-09-02 07:50:16.021Z,a2ba6414638e53bd
kbpozxvjxt9jakd,proposal_view,2026-09-02 07:50:16.035Z,,2026-09-02 07:50:15.499Z,0w3z1e5u1y1d83t,,ppkkg16jlpylazv,2026-09-02 07:50:16.035Z,a2ba6414638e53bd
f39ax7wres3u7w3,proposal_view,2026-09-02 07:50:16.041Z,,2026-09-02 07:50:15.505Z,0w3z1e5u1y1d83t,,ppkkg16jlpylazv,2026-09-02 07:50:16.041Z,a2ba6414638e53bd
i6q29ft0mkfbxzf,page_view,2026-09-02 07:50:21.550Z,"{""from"": ""/questions/0w3z1e5u1y1d83t/proposals/ppkkg16jlpylazv"", ""to"": ""/questions/0w3z1e5u1y1d83t/proposals/results""}",2026-09-02 07:50:21.430Z,0w3z1e5u1y1d83t,,,2026-09-02 07:50:21.550Z,a2ba6414638e53bd
nxtpdzmh02wb4w5,page_view,2026-09-02 07:50:26.084Z,"{""from"": ""/questions/0w3z1e5u1y1d83t/proposals/results"", ""to"": ""/questions/0w3z1e5u1y1d83t/proposals/spcuyp6qr3y1eq6""}",2026-09-02 07:50:25.561Z,0w3z1e5u1y1d83t,,,2026-09-02 07:50:26.084Z,a2ba6414638e53bd
jqsvx9ka2otahsr,proposal_view,2026-09-02 07:50:26.086Z,,2026-09-02 07:50:25.537Z,0w3z1e5u1y1d83t,,spcuyp6qr3y1eq6,2026-09-02 07:50:26.086Z,a2ba6414638e53bd
zbnhkoov2o31gtf,proposal_view,2026-09-02 07:50:26.090Z,,2026-09-02 07:50:25.547Z,0w3z1e5u1y1d83t,,spcuyp6qr3y1eq6,2026-09-02 07:50:26.090Z,a2ba6414638e53bd
tktl4cehufcfcbn,page_view,2026-09-02 07:50:39.897Z,"{""from"": ""/questions/0w3z1e5u1y1d83t/proposals/spcuyp6qr3y1eq6"", ""to"": ""/questions/0w3z1e5u1y1d83t/proposals/results""}",2026-09-02 07:50:39.756Z,0w3z1e5u1y1d83t,,,2026-09-02 07:50:39.897Z,a2ba6414638e53bd
n4niyjten9j2z76,page_view,2026-09-02 07:50:48.847Z,"{""from"": ""/questions/0w3z1e5u1y1d83t/proposals/results"", ""to"": ""/questions/0w3z1e5u1y1d83t/proposals/i6o7tfr2opn951e""}",2026-09-02 07:50:48.341Z,0w3z1e5u1y1d83t,,,2026-09-02 07:50:48.847Z,a2ba6414638e53bd
bydustg1ec80xkj,proposal_view,2026-09-02 07:50:48.852Z,,2026-09-02 07:50:48.315Z,0w3z1e5u1y1d83t,,i6o7tfr2opn951e,2026-09-02 07:50:48.852Z,a2ba6414638e53bd
zd5y1gkfdrlgpww,proposal_view,2026-09-02 07:50:48.854Z,,2026-09-02 07:50:48.311Z,0w3z1e5u1y1d83t,,i6o7tfr2opn951e,2026-09-02 07:50:48.854Z,a2ba6414638e53bd
3f9ncl8yfl5g8k3,tab_switch,2026-09-02 07:59:30.057Z,"{""state"": ""visible""}",2026-09-02 07:59:29.775Z,,,,2026-09-02 07:59:30.057Z,a2ba6414638e53bd
yw4k8vw9sxir3m6,tab_switch,2026-09-02 07:59:42.221Z,"{""state"": ""visible""}",2026-09-02 07:59:41.936Z,,,,2026-09-02 07:59:42.221Z,a2ba6414638e53bd
jgtd42ybhz648va,tab_switch,2026-09-02 08:05:35.744Z,"{""state"": ""visible""}",2026-09-02 08:05:35.442Z,,,,2026-09-02 08:05:35.744Z,a2ba6414638e53bd
dgt9yz397ljq5t0,session_start,2026-09-02 16:54:10.416Z,"{""isMobile"": true, ""screenHeight"": 647, ""screenWidth"": 375, ""userAgent"": ""Mozilla/5.0 (iPhone; CPU iPhone OS 18_7 like Mac OS X) AppleWebKit/605.1.15 (KHTML, like Gecko) Version/26.6.1 Mobile/15E148 Safari/604.1""}",2026-09-02 16:54:10.385Z,,,,2026-09-02 16:54:10.416Z,407be8b01d4ce342
1em5ptxsctoklvz,page_view,2026-09-02 16:54:10.419Z,"{""to"": ""/de/discourse""}",2026-09-02 16:54:10.390Z,,,,2026-09-02 16:54:10.419Z,407be8b01d4ce342
nixzisbdtlpvt9e,session_start,2026-09-03 11:04:00.897Z,"{""isMobile"": true, ""screenHeight"": 647, ""screenWidth"": 375, ""userAgent"": ""Mozilla/5.0 (iPhone; CPU iPhone OS 18_7 like Mac OS X) AppleWebKit/605.1.15 (KHTML, like Gecko) Version/26.6.1 Mobile/15E148 Safari/604.1""}",2026-09-03 11:03:49.467Z,,,,2026-09-03 11:04:00.897Z,407be8b01d4ce342
1perb5fst2xcx93,page_view,2026-09-03 11:04:00.908Z,"{""to"": ""/de/discourse""}",2026-09-03 11:03:49.471Z,,,,2026-09-03 11:04:00.908Z,407be8b01d4ce342
dhdyv4b82l9reds,page_view,2026-09-03 11:04:18.093Z,"{""from"": ""/de/discourse"", ""to"": ""/de/questions/0w3z1e5u1y1d83t/proposals/question""}",2026-09-03 11:04:18.030Z,0w3z1e5u1y1d83t,,,2026-09-03 11:04:18.093Z,407be8b01d4ce342
c9rznld0m4s7kvs,page_view,2026-09-03 11:04:33.234Z,"{""from"": ""/de/questions/0w3z1e5u1y1d83t/proposals/question"", ""to"": ""/de/questions/0w3z1e5u1y1d83t/proposals/results""}",2026-09-03 11:04:33.187Z,0w3z1e5u1y1d83t,,,2026-09-03 11:04:33.234Z,407be8b01d4ce342
fx9n2laf9afko5c,proposal_view,2026-09-03 11:04:36.614Z,,2026-09-03 11:04:36.510Z,0w3z1e5u1y1d83t,,ppkkg16jlpylazv,2026-09-03 11:04:36.614Z,407be8b01d4ce342
crv336er1mz5cyf,page_view,2026-09-03 11:04:36.614Z,"{""from"": ""/de/questions/0w3z1e5u1y1d83t/proposals/results"", ""to"": ""/de/questions/0w3z1e5u1y1d83t/proposals/ppkkg16jlpylazv""}",2026-09-03 11:04:36.518Z,0w3z1e5u1y1d83t,,,2026-09-03 11:04:36.614Z,407be8b01d4ce342
le5zzojwg7tm4j3,proposal_view,2026-09-03 11:04:36.615Z,,2026-09-03 11:04:36.517Z,0w3z1e5u1y1d83t,,ppkkg16jlpylazv,2026-09-03 11:04:36.615Z,407be8b01d4ce342
9sp1ypr5ri7ke69,proposal_view,2026-09-03 11:04:40.375Z,,2026-09-03 11:04:40.229Z,0w3z1e5u1y1d83t,,5ts5a0oatsjtetw,2026-09-03 11:04:40.375Z,407be8b01d4ce342
8vlmpfw0rlthave,proposal_view,2026-09-03 11:04:41.353Z,,2026-09-03 11:04:41.227Z,0w3z1e5u1y1d83t,,ppkkg16jlpylazv,2026-09-03 11:04:41.353Z,407be8b01d4ce342
3y5vzuv2ezmrpx0,page_view,2026-09-03 11:04:42.774Z,"{""from"": ""/de/questions/0w3z1e5u1y1d83t/proposals/ppkkg16jlpylazv"", ""to"": ""/de/questions/0w3z1e5u1y1d83t/proposals/results""}",2026-09-03 11:04:42.649Z,0w3z1e5u1y1d83t,,,2026-09-03 11:04:42.774Z,407be8b01d4ce342
39yxi0hwb0lorre,proposal_view,2026-09-03 11:04:46.858Z,,2026-09-03 11:04:46.772Z,0w3z1e5u1y1d83t,,ppkkg16jlpylazv,2026-09-03 11:04:46.858Z,407be8b01d4ce342
v8hfe9ai0me8a67,page_view,2026-09-03 11:04:46.874Z,"{""from"": ""/de/questions/0w3z1e5u1y1d83t/proposals/results"", ""to"": ""/de/questions/0w3z1e5u1y1d83t/proposals/ppkkg16jlpylazv""}",2026-09-03 11:04:46.783Z,0w3z1e5u1y1d83t,,,2026-09-03 11:04:46.874Z,407be8b01d4ce342
xvhgurtur3q0oqs,proposal_view,2026-09-03 11:04:46.875Z,,2026-09-03 11:04:46.781Z,0w3z1e5u1y1d83t,,ppkkg16jlpylazv,2026-09-03 11:04:46.875Z,407be8b01d4ce342
7c0mz3qqzfb8l2b,proposal_view,2026-09-03 11:04:58.647Z,,2026-09-03 11:04:58.588Z,0w3z1e5u1y1d83t,,5ts5a0oatsjtetw,2026-09-03 11:04:58.647Z,407be8b01d4ce342
a9fb96n4jvmktx0,page_view,2026-09-03 11:05:15.022Z,"{""from"": ""/de/questions/0w3z1e5u1y1d83t/proposals/ppkkg16jlpylazv"", ""to"": ""/de/questions/0w3z1e5u1y1d83t/proposals/results""}",2026-09-03 11:05:14.962Z,0w3z1e5u1y1d83t,,,2026-09-03 11:05:15.022Z,407be8b01d4ce342
a2a2hdqtavwe6k2,page_view,2026-09-03 11:05:15.922Z,"{""from"": ""/de/questions/0w3z1e5u1y1d83t/proposals/results"", ""to"": ""/de/questions/0w3z1e5u1y1d83t/proposals/results""}",2026-09-03 11:05:15.821Z,0w3z1e5u1y1d83t,,,2026-09-03 11:05:15.922Z,407be8b01d4ce342
evrsebngfzdexuh,page_view,2026-09-03 11:05:16.534Z,"{""from"": ""/de/questions/0w3z1e5u1y1d83t/proposals/results"", ""to"": ""/de/questions/0w3z1e5u1y1d83t/proposals/question""}",2026-09-03 11:05:16.486Z,0w3z1e5u1y1d83t,,,2026-09-03 11:05:16.534Z,407be8b01d4ce342
tjgeoljdprz0u2y,page_view,2026-09-05 05:38:23.143Z,"{""to"": ""/de/discourse""}",2026-09-05 05:38:23.062Z,,,,2026-09-05 05:38:23.143Z,407be8b01d4ce342
zk1ll2sezd6smoz,session_start,2026-09-05 05:38:23.145Z,"{""isMobile"": true, ""screenHeight"": 647, ""screenWidth"": 375, ""userAgent"": ""Mozilla/5.0 (iPhone; CPU iPhone OS 18_7 like Mac OS X) AppleWebKit/605.1.15 (KHTML, like Gecko) Version/26.6.1 Mobile/15E148 Safari/604.1""}",2026-09-05 05:38:23.054Z,,,,2026-09-05 05:38:23.145Z,407be8b01d4ce342
