id,action_type,created,metadata_json,occurred_at,question,run,target_id,updated,user
68fiope2ap8kq6r,page_view,2026-08-06 13:42:07.448Z,"{""from"": ""/de/groups/m5obm8bp0rbq043"", ""to"": ""/de/questions/3o2fj1znev0krvz/proposals/question""}",2026-08-06 13:42:07.420Z,3o2fj1znev0krvz,,,2026-08-06 13:42:07.448Z,2c2aed88e0c41752
6wx3b54r3lvzq0v,page_view,2026-08-06 13:42:09.648Z,"{""from"": ""/de/questions/3o2fj1znev0krvz/proposals/question"", ""to"": ""/de/discourse""}",2026-08-06 13:42:09.617Z,3o2fj1znev0krvz,,,2026-08-06 13:42:09.648Z,2c2aed88e0c41752
xqx700jka6eqfwl,page_view,2026-08-06 13:43:08.368Z,"{""from"": ""/de/discourse"", ""to"": ""/de/questions/3o2fj1znev0krvz/proposals/question""}",2026-08-06 13:43:08.344Z,3o2fj1znev0krvz,,,2026-08-06 13:43:08.368Z,de13859e1d6aea12
8mad36ehtsatf90,page_view,2026-08-06 13:43:10.575Z,"{""from"": ""/de/questions/3o2fj1znev0krvz/proposals/question"", ""to"": ""/de/questions/3o2fj1znev0krvz/proposals/ideas""}",2026-08-06 13:43:10.533Z,3o2fj1znev0krvz,,,2026-08-06 13:43:10.575Z,de13859e1d6aea12
39ooymewnzhuyjp,page_view,2026-08-06 14:33:36.881Z,"{""from"": ""/de/groups/m5obm8bp0rbq043"", ""to"": ""/de/questions/3o2fj1znev0krvz/proposals/question""}",2026-08-06 14:33:36.809Z,3o2fj1znev0krvz,,,2026-08-06 14:33:36.881Z,407be8b01d4ce342
9r9w3qaq3x8hd3r,page_view,2026-08-06 14:33:59.425Z,"{""from"": ""/de/discourse"", ""to"": ""/de/questions/3o2fj1znev0krvz/proposals/question""}",2026-08-06 14:33:59.349Z,3o2fj1znev0krvz,,,2026-08-06 14:33:59.425Z,407be8b01d4ce342
um7njnk45niw2vg,page_view,2026-08-06 14:34:00.596Z,"{""from"": ""/de/questions/3o2fj1znev0krvz/proposals/question"", ""to"": ""/de/discourse""}",2026-08-06 14:34:00.520Z,3o2fj1znev0krvz,,,2026-08-06 14:34:00.596Z,407be8b01d4ce342
sfhxk3d7wibg5d5,page_view,2026-08-06 14:39:20.695Z,"{""from"": ""/de/discourse"", ""to"": ""/de/questions/3o2fj1znev0krvz/proposals/question""}",2026-08-06 14:39:20.610Z,3o2fj1znev0krvz,,,2026-08-06 14:39:20.695Z,407be8b01d4ce342
a5g3noz7hhpcn3y,page_view,2026-08-06 14:39:27.914Z,"{""from"": ""/de/questions/3o2fj1znev0krvz/proposals/ballot"", ""to"": ""/de/questions/3o2fj1znev0krvz/proposals/ideas""}",2026-08-06 14:39:27.836Z,3o2fj1znev0krvz,,,2026-08-06 14:39:27.914Z,407be8b01d4ce342
q4uu88qd89a75rl,page_view,2026-08-06 14:39:30.746Z,"{""from"": ""/de/questions/3o2fj1znev0krvz/proposals/ideas"", ""to"": ""/de/questions/3o2fj1znev0krvz/proposals/question""}",2026-08-06 14:39:30.670Z,3o2fj1znev0krvz,,,2026-08-06 14:39:30.746Z,407be8b01d4ce342
bdapfkq75fhk470,page_view,2026-08-06 15:27:47.612Z,"{""from"": ""/de/discourse"", ""to"": ""/de/groups""}",2026-08-06 15:27:47.471Z,3o2fj1znev0krvz,,,2026-08-06 15:27:47.612Z,2c2aed88e0c41752
v5ktyefl6031iyl,page_view,2026-08-06 15:27:52.092Z,"{""from"": ""/de/groups"", ""to"": ""/de/groups/m5obm8bp0rbq043""}",2026-08-06 15:27:51.959Z,3o2fj1znev0krvz,,,2026-08-06 15:27:52.092Z,2c2aed88e0c41752
rybh4m7xmefphse,page_view,2026-08-06 20:41:39.732Z,"{""from"": ""/de/register"", ""to"": ""/de/how-it-works""}",2026-08-06 20:41:39.553Z,,,,2026-08-06 20:41:39.732Z,6a6cecc209785885
i4uwig27ocjttfb,page_view,2026-08-06 20:42:23.021Z,"{""from"": ""/de/how-it-works"", ""to"": ""/de/discourse""}",2026-08-06 20:42:22.553Z,,,,2026-08-06 20:42:23.021Z,6a6cecc209785885
kzj1v2ea9v4a5l2,page_view,2026-08-06 20:42:31.052Z,"{""from"": ""/de/discourse"", ""to"": ""/de/questions/76q0g006tjtp7gp/proposals/question""}",2026-08-06 20:42:30.936Z,76q0g006tjtp7gp,,,2026-08-06 20:42:31.052Z,6a6cecc209785885
1024we3h46ep9qw,page_view,2026-08-06 20:43:18.710Z,"{""from"": ""/de/questions/76q0g006tjtp7gp/proposals/question"", ""to"": ""/de/questions/76q0g006tjtp7gp/proposals/ideas""}",2026-08-06 20:43:18.575Z,76q0g006tjtp7gp,,,2026-08-06 20:43:18.710Z,6a6cecc209785885
5d2wobasd0zs9c3,feed_filter_change,2026-08-06 20:43:18.711Z,"{""selectedLabelId"": null, ""sortMode"": ""Newest""}",2026-08-06 20:43:18.570Z,,,,2026-08-06 20:43:18.711Z,6a6cecc209785885
lbjd4a7gsnpfgtk,page_view,2026-08-06 20:43:22.779Z,"{""from"": ""/de/questions/76q0g006tjtp7gp/proposals/ideas"", ""to"": ""/de/questions/76q0g006tjtp7gp/proposals/question""}",2026-08-06 20:43:22.630Z,76q0g006tjtp7gp,,,2026-08-06 20:43:22.779Z,6a6cecc209785885
t1dle297twxluon,page_view,2026-08-06 20:43:28.965Z,"{""from"": ""/de/questions/76q0g006tjtp7gp/proposals/question"", ""to"": ""/de/discourse""}",2026-08-06 20:43:28.787Z,76q0g006tjtp7gp,,,2026-08-06 20:43:28.965Z,6a6cecc209785885
17yexne38bax19o,page_view,2026-08-06 20:43:39.932Z,"{""from"": ""/de/discourse"", ""to"": ""/de/questions/3o2fj1znev0krvz/proposals/question""}",2026-08-06 20:43:39.744Z,3o2fj1znev0krvz,,,2026-08-06 20:43:39.932Z,6a6cecc209785885
m43h6uqoj3tv6bo,page_view,2026-08-06 20:44:17.398Z,"{""from"": ""/de/questions/3o2fj1znev0krvz/proposals/question"", ""to"": ""/de/questions/3o2fj1znev0krvz/proposals/new""}",2026-08-06 20:44:17.254Z,3o2fj1znev0krvz,,,2026-08-06 20:44:17.398Z,6a6cecc209785885
90b71i1wozsihxz,page_view,2026-08-06 20:44:25.077Z,"{""from"": ""/de/questions/3o2fj1znev0krvz/proposals/new"", ""to"": ""/de/questions/3o2fj1znev0krvz/proposals/question""}",2026-08-06 20:44:25.053Z,3o2fj1znev0krvz,,,2026-08-06 20:44:25.077Z,6a6cecc209785885
wcb1dlwu5y7d8xv,page_view,2026-08-06 20:44:49.052Z,"{""from"": ""/de/questions/3o2fj1znev0krvz/proposals/question"", ""to"": ""/de/questions/3o2fj1znev0krvz/proposals/new""}",2026-08-06 20:44:48.946Z,3o2fj1znev0krvz,,,2026-08-06 20:44:49.052Z,6a6cecc209785885
6hstnwmo7lafllb,subscribe,2026-08-06 20:53:13.232Z,,2026-08-06 20:53:13.232Z,3o2fj1znev0krvz,,vee7zdpty5ijljm,2026-08-06 20:53:13.232Z,6a6cecc209785885
9pnokymyac2m6f3,create_idea,2026-08-06 20:53:13.243Z,,2026-08-06 20:53:13.225Z,3o2fj1znev0krvz,,vee7zdpty5ijljm,2026-08-06 20:53:13.243Z,6a6cecc209785885
lt0nk5xnia6arft,create_label,2026-08-06 20:53:13.246Z,"{""label_name"": ""Nutzen von pumpipumpe.ch als Datenbank""}",2026-08-06 20:53:13.225Z,3o2fj1znev0krvz,,qoz3dg7s8upvmj5,2026-08-06 20:53:13.246Z,6a6cecc209785885
7nc3qfvtqrukwwl,page_view,2026-08-06 20:53:18.408Z,"{""from"": ""/de/questions/3o2fj1znev0krvz/proposals/new"", ""to"": ""/de/questions/3o2fj1znev0krvz/proposals/question""}",2026-08-06 20:53:18.383Z,3o2fj1znev0krvz,,,2026-08-06 20:53:18.408Z,6a6cecc209785885
z08r68vkqyx0bdc,page_view,2026-08-06 20:53:29.009Z,"{""from"": ""/de/questions/3o2fj1znev0krvz/proposals/question"", ""to"": ""/de/discourse""}",2026-08-06 20:53:28.798Z,3o2fj1znev0krvz,,,2026-08-06 20:53:29.009Z,6a6cecc209785885
8rne8tiqj835rhl,page_view,2026-08-06 20:53:39.921Z,"{""from"": ""/de/discourse"", ""to"": ""/de/questions/76q0g006tjtp7gp/proposals/question""}",2026-08-06 20:53:39.451Z,76q0g006tjtp7gp,,,2026-08-06 20:53:39.921Z,6a6cecc209785885
ckomlotjf0ipek3,page_view,2026-08-06 21:40:36.570Z,"{""from"": ""/de/discourse"", ""to"": ""/de/questions/3o2fj1znev0krvz/proposals/question""}",2026-08-06 21:40:36.552Z,3o2fj1znev0krvz,,,2026-08-06 21:40:36.570Z,407be8b01d4ce342
rqg7udl4dpe25nd,page_view,2026-08-06 21:40:38.368Z,"{""from"": ""/de/questions/3o2fj1znev0krvz/proposals/question"", ""to"": ""/de/questions/3o2fj1znev0krvz/proposals/ideas""}",2026-08-06 21:40:38.354Z,3o2fj1znev0krvz,,,2026-08-06 21:40:38.368Z,407be8b01d4ce342
j4w5q2n1zeqq3md,proposal_view,2026-08-06 21:40:43.770Z,,2026-08-06 21:40:43.749Z,3o2fj1znev0krvz,,vee7zdpty5ijljm,2026-08-06 21:40:43.770Z,407be8b01d4ce342
ek5b8jbgigfjofx,page_view,2026-08-06 21:40:57.060Z,"{""from"": ""/de/questions/3o2fj1znev0krvz/proposals/ideas"", ""to"": ""/de/groups""}",2026-08-06 21:40:57.041Z,3o2fj1znev0krvz,,,2026-08-06 21:40:57.060Z,407be8b01d4ce342
mqq13wj7vetumt3,page_view,2026-08-06 21:40:58.748Z,"{""from"": ""/de/groups"", ""to"": ""/de/groups/m5obm8bp0rbq043""}",2026-08-06 21:40:58.733Z,3o2fj1znev0krvz,,,2026-08-06 21:40:58.748Z,407be8b01d4ce342
zobyajxog1zmsbz,page_view,2026-08-07 08:37:49.567Z,"{""from"": ""/de/discourse"", ""to"": ""/de/questions/3o2fj1znev0krvz/proposals/question""}",2026-08-07 08:37:49.541Z,3o2fj1znev0krvz,,,2026-08-07 08:37:49.567Z,407be8b01d4ce342
6f9tkad4kr86642,page_view,2026-08-07 08:37:51.575Z,"{""from"": ""/de/questions/3o2fj1znev0krvz/proposals/question"", ""to"": ""/de/discourse""}",2026-08-07 08:37:51.556Z,3o2fj1znev0krvz,,,2026-08-07 08:37:51.575Z,407be8b01d4ce342
00yoze90a5tu23p,page_view,2026-08-07 08:37:52.989Z,"{""from"": ""/de/discourse"", ""to"": ""/de/questions/76q0g006tjtp7gp/proposals/question""}",2026-08-07 08:37:52.969Z,76q0g006tjtp7gp,,,2026-08-07 08:37:52.989Z,407be8b01d4ce342
t6trqxrap96ycv6,page_view,2026-08-07 08:38:32.801Z,"{""from"": ""/de/questions/76q0g006tjtp7gp/proposals/question"", ""to"": ""/de/questions/76q0g006tjtp7gp/proposals/ideas""}",2026-08-07 08:38:32.773Z,76q0g006tjtp7gp,,,2026-08-07 08:38:32.801Z,407be8b01d4ce342
6xaa0y72ahvyvoy,page_view,2026-08-07 08:38:39.463Z,"{""from"": ""/de/questions/76q0g006tjtp7gp/proposals/ideas"", ""to"": ""/de/questions/76q0g006tjtp7gp/proposals/new""}",2026-08-07 08:38:39.440Z,76q0g006tjtp7gp,,,2026-08-07 08:38:39.463Z,407be8b01d4ce342
oegk5pbhikt8rab,subscribe,2026-08-07 09:56:02.226Z,,2026-08-07 09:56:02.226Z,76q0g006tjtp7gp,,l6ue0ntwy9qo9p6,2026-08-07 09:56:02.226Z,407be8b01d4ce342
rsna73a1anli4y4,create_idea,2026-08-07 09:56:02.232Z,,2026-08-07 09:56:02.221Z,76q0g006tjtp7gp,,l6ue0ntwy9qo9p6,2026-08-07 09:56:02.232Z,407be8b01d4ce342
mgpt6ora9v16pg3,create_label,2026-08-07 09:56:02.236Z,"{""label_name"": ""Solidarit\u00e4tsnetzwerk""}",2026-08-07 09:56:02.221Z,76q0g006tjtp7gp,,q04bio9fphn694j,2026-08-07 09:56:02.235Z,407be8b01d4ce342
6oxsqaqpwm7whv5,proposal_view,2026-08-07 09:56:02.399Z,,2026-08-07 09:56:02.360Z,76q0g006tjtp7gp,,l6ue0ntwy9qo9p6,2026-08-07 09:56:02.399Z,407be8b01d4ce342
lsuskdx8vc73efq,proposal_view,2026-08-07 09:56:02.415Z,,2026-08-07 09:56:02.367Z,76q0g006tjtp7gp,,l6ue0ntwy9qo9p6,2026-08-07 09:56:02.415Z,407be8b01d4ce342
kjz2y3dcwct3a7d,page_view,2026-08-07 09:56:02.422Z,"{""from"": ""/de/questions/76q0g006tjtp7gp/proposals/new"", ""to"": ""/de/questions/76q0g006tjtp7gp/proposals/l6ue0ntwy9qo9p6""}",2026-08-07 09:56:02.370Z,76q0g006tjtp7gp,,,2026-08-07 09:56:02.422Z,407be8b01d4ce342
4cczoi9jr0anxjf,page_view,2026-08-07 09:56:06.035Z,"{""from"": ""/de/questions/76q0g006tjtp7gp/proposals/ideas"", ""to"": ""/de/questions/76q0g006tjtp7gp/proposals/question""}",2026-08-07 09:56:06.000Z,76q0g006tjtp7gp,,,2026-08-07 09:56:06.035Z,407be8b01d4ce342
8j5s5af0bxzbizz,page_view,2026-08-07 09:56:06.891Z,"{""from"": ""/de/questions/76q0g006tjtp7gp/proposals/question"", ""to"": ""/de/questions/76q0g006tjtp7gp/proposals/question""}",2026-08-07 09:56:06.844Z,76q0g006tjtp7gp,,,2026-08-07 09:56:06.891Z,407be8b01d4ce342
dn7gdb06hpxqp9y,page_view,2026-08-07 09:56:08.702Z,"{""from"": ""/de/questions/76q0g006tjtp7gp/proposals/question"", ""to"": ""/de/discourse""}",2026-08-07 09:56:08.669Z,76q0g006tjtp7gp,,,2026-08-07 09:56:08.702Z,407be8b01d4ce342
jmi5g59wi88a3ez,page_view,2026-08-07 09:56:12.251Z,"{""from"": ""/de/discourse"", ""to"": ""/de/questions/3o2fj1znev0krvz/proposals/question""}",2026-08-07 09:56:12.214Z,3o2fj1znev0krvz,,,2026-08-07 09:56:12.251Z,407be8b01d4ce342
etf6mjw16pmjg24,page_view,2026-08-07 09:56:13.681Z,"{""from"": ""/de/questions/3o2fj1znev0krvz/proposals/question"", ""to"": ""/de/questions/3o2fj1znev0krvz/proposals/ideas""}",2026-08-07 09:56:13.637Z,3o2fj1znev0krvz,,,2026-08-07 09:56:13.681Z,407be8b01d4ce342
p1n5sljvlclil4f,subscribe,2026-08-07 09:56:14.547Z,,2026-08-07 09:56:14.546Z,3o2fj1znev0krvz,,vee7zdpty5ijljm,2026-08-07 09:56:14.547Z,407be8b01d4ce342
thyi9vtapt4cwp5,proposal_view,2026-08-07 09:56:20.059Z,,2026-08-07 09:56:20.011Z,3o2fj1znev0krvz,,vee7zdpty5ijljm,2026-08-07 09:56:20.059Z,407be8b01d4ce342
65b06t51w9l7bz4,page_view,2026-08-07 09:56:40.687Z,"{""from"": ""/de/questions/3o2fj1znev0krvz/proposals/ideas"", ""to"": ""/de/questions/3o2fj1znev0krvz/proposals/question""}",2026-08-07 09:56:40.651Z,3o2fj1znev0krvz,,,2026-08-07 09:56:40.687Z,407be8b01d4ce342
f0hylgtkut7pbwo,page_view,2026-08-07 09:56:48.155Z,"{""from"": ""/de/questions/3o2fj1znev0krvz/proposals/question"", ""to"": ""/de/discourse""}",2026-08-07 09:56:47.992Z,3o2fj1znev0krvz,,,2026-08-07 09:56:48.155Z,407be8b01d4ce342
90ksfpcajiuhumk,page_view,2026-08-07 09:57:00.855Z,"{""from"": ""/de/discourse"", ""to"": ""/de/questions/76q0g006tjtp7gp/proposals/question""}",2026-08-07 09:57:00.817Z,76q0g006tjtp7gp,,,2026-08-07 09:57:00.855Z,407be8b01d4ce342
n7w3idojiglu7p9,page_view,2026-08-07 09:57:02.982Z,"{""from"": ""/de/questions/76q0g006tjtp7gp/proposals/question"", ""to"": ""/de/discourse""}",2026-08-07 09:57:02.945Z,76q0g006tjtp7gp,,,2026-08-07 09:57:02.982Z,407be8b01d4ce342
1ddb6z1bl018q9l,page_view,2026-08-08 13:20:02.263Z,"{""from"": ""/de/questions/76q0g006tjtp7gp/proposals/question"", ""to"": ""/de/questions/76q0g006tjtp7gp/proposals/question""}",2026-08-08 13:20:02.151Z,76q0g006tjtp7gp,,,2026-08-08 13:20:02.263Z,6a6cecc209785885
bvi9xsrb5x3gz2i,page_view,2026-08-08 13:20:11.095Z,"{""from"": ""/de/questions/76q0g006tjtp7gp/proposals/question"", ""to"": ""/de/questions/76q0g006tjtp7gp/proposals/ideas""}",2026-08-08 13:20:10.973Z,76q0g006tjtp7gp,,,2026-08-08 13:20:11.095Z,6a6cecc209785885
cyxm2rslvfb8l5x,proposal_view,2026-08-08 13:20:16.399Z,,2026-08-08 13:20:16.348Z,76q0g006tjtp7gp,,l6ue0ntwy9qo9p6,2026-08-08 13:20:16.399Z,6a6cecc209785885
yuct011w38wnaff,subscribe,2026-08-08 13:22:10.312Z,,2026-08-08 13:22:10.312Z,76q0g006tjtp7gp,,xtsnw7ypbsms4jl,2026-08-08 13:22:10.312Z,6a6cecc209785885
kgkyhcwfq4tem4v,remix_singular,2026-08-08 13:22:10.322Z,,2026-08-08 13:22:10.304Z,76q0g006tjtp7gp,,xtsnw7ypbsms4jl,2026-08-08 13:22:10.322Z,6a6cecc209785885
8ztz0smpbz6hv9n,page_view,2026-08-08 13:22:10.744Z,"{""from"": ""/de/questions/76q0g006tjtp7gp/proposals/ideas"", ""to"": ""/de/questions/76q0g006tjtp7gp/proposals/xtsnw7ypbsms4jl""}",2026-08-08 13:22:10.648Z,76q0g006tjtp7gp,,,2026-08-08 13:22:10.744Z,6a6cecc209785885
safkoedbu0dy47r,proposal_view,2026-08-08 13:22:10.758Z,,2026-08-08 13:22:10.612Z,76q0g006tjtp7gp,,xtsnw7ypbsms4jl,2026-08-08 13:22:10.758Z,6a6cecc209785885
sbj5a2w5foxsh7a,proposal_view,2026-08-08 13:22:10.760Z,,2026-08-08 13:22:10.618Z,76q0g006tjtp7gp,,xtsnw7ypbsms4jl,2026-08-08 13:22:10.760Z,6a6cecc209785885
ms9yxa2orbly721,proposal_view,2026-08-08 13:22:16.679Z,,2026-08-08 13:22:16.470Z,76q0g006tjtp7gp,,l6ue0ntwy9qo9p6,2026-08-08 13:22:16.679Z,6a6cecc209785885
h0z9c2x95sdvxx1,page_view,2026-08-08 13:22:16.685Z,"{""from"": ""/de/questions/76q0g006tjtp7gp/proposals/xtsnw7ypbsms4jl"", ""to"": ""/de/questions/76q0g006tjtp7gp/proposals/ideas""}",2026-08-08 13:22:16.488Z,76q0g006tjtp7gp,,,2026-08-08 13:22:16.685Z,6a6cecc209785885
xesxuk43acrznay,page_view,2026-08-08 13:22:19.914Z,"{""from"": ""/de/questions/76q0g006tjtp7gp/proposals/ideas"", ""to"": ""/de/questions/76q0g006tjtp7gp/proposals/question""}",2026-08-08 13:22:19.463Z,76q0g006tjtp7gp,,,2026-08-08 13:22:19.914Z,6a6cecc209785885
1bh4bmibystyvlt,page_view,2026-08-08 13:22:24.607Z,"{""from"": ""/de/questions/76q0g006tjtp7gp/proposals/question"", ""to"": ""/de/discourse""}",2026-08-08 13:22:24.267Z,76q0g006tjtp7gp,,,2026-08-08 13:22:24.607Z,6a6cecc209785885
ct7tz3rk136mlj3,page_view,2026-08-08 13:22:31.646Z,"{""from"": ""/de/discourse"", ""to"": ""/de/questions/3o2fj1znev0krvz/proposals/question""}",2026-08-08 13:22:31.525Z,3o2fj1znev0krvz,,,2026-08-08 13:22:31.646Z,6a6cecc209785885
t36chy6pekqxnaa,page_view,2026-08-08 13:22:34.227Z,"{""from"": ""/de/questions/3o2fj1znev0krvz/proposals/question"", ""to"": ""/de/questions/3o2fj1znev0krvz/proposals/ideas""}",2026-08-08 13:22:34.156Z,3o2fj1znev0krvz,,,2026-08-08 13:22:34.227Z,6a6cecc209785885
5ils0gfao219g1j,page_view,2026-08-08 13:22:45.027Z,"{""from"": ""/de/questions/3o2fj1znev0krvz/proposals/ideas"", ""to"": ""/de/questions/3o2fj1znev0krvz/proposals/question""}",2026-08-08 13:22:44.972Z,3o2fj1znev0krvz,,,2026-08-08 13:22:45.027Z,6a6cecc209785885
jjp93l3w3pfhydf,page_view,2026-08-08 13:22:50.606Z,"{""from"": ""/de/questions/3o2fj1znev0krvz/proposals/question"", ""to"": ""/de/groups/m5obm8bp0rbq043""}",2026-08-08 13:22:50.458Z,3o2fj1znev0krvz,,,2026-08-08 13:22:50.606Z,6a6cecc209785885
ssevrlu1w7m76ew,page_view,2026-08-08 13:22:54.753Z,"{""from"": ""/de/groups/m5obm8bp0rbq043"", ""to"": ""/de/questions/76q0g006tjtp7gp/proposals/question""}",2026-08-08 13:22:54.711Z,76q0g006tjtp7gp,,,2026-08-08 13:22:54.753Z,6a6cecc209785885
5rb2swxnjqv2tme,page_view,2026-08-08 13:23:20.222Z,"{""from"": ""/de/questions/76q0g006tjtp7gp/proposals/question"", ""to"": ""/de/questions/76q0g006tjtp7gp/proposals/ideas""}",2026-08-08 13:23:20.163Z,76q0g006tjtp7gp,,,2026-08-08 13:23:20.222Z,6a6cecc209785885
owo49we4fs3wspj,proposal_view,2026-08-08 13:23:21.849Z,,2026-08-08 13:23:21.739Z,76q0g006tjtp7gp,,l6ue0ntwy9qo9p6,2026-08-08 13:23:21.849Z,6a6cecc209785885
0k08ak0jh5xhg9w,proposal_view,2026-08-08 13:23:23.528Z,,2026-08-08 13:23:23.408Z,76q0g006tjtp7gp,,xtsnw7ypbsms4jl,2026-08-08 13:23:23.528Z,6a6cecc209785885
ytqieluet15h6hi,proposal_view,2026-08-08 13:23:26.392Z,,2026-08-08 13:23:26.288Z,76q0g006tjtp7gp,,l6ue0ntwy9qo9p6,2026-08-08 13:23:26.392Z,6a6cecc209785885
heg3pebbxrs7hv0,proposal_view,2026-08-08 13:23:28.770Z,,2026-08-08 13:23:28.643Z,76q0g006tjtp7gp,,xtsnw7ypbsms4jl,2026-08-08 13:23:28.770Z,6a6cecc209785885
vsei97f5ibtmbyq,proposal_view,2026-08-08 13:23:34.474Z,,2026-08-08 13:23:34.349Z,76q0g006tjtp7gp,,l6ue0ntwy9qo9p6,2026-08-08 13:23:34.474Z,6a6cecc209785885
x37ba0awps24vyg,proposal_view,2026-08-08 13:23:37.303Z,,2026-08-08 13:23:37.191Z,76q0g006tjtp7gp,,xtsnw7ypbsms4jl,2026-08-08 13:23:37.303Z,6a6cecc209785885
4vf3eimvvffv79u,proposal_view,2026-08-08 13:23:44.241Z,,2026-08-08 13:23:44.125Z,76q0g006tjtp7gp,,l6ue0ntwy9qo9p6,2026-08-08 13:23:44.241Z,6a6cecc209785885
hgvukdlszhkxovh,proposal_view,2026-08-08 13:23:45.043Z,,2026-08-08 13:23:44.913Z,76q0g006tjtp7gp,,xtsnw7ypbsms4jl,2026-08-08 13:23:45.043Z,6a6cecc209785885
z65l9quw9pdkomp,proposal_view,2026-08-08 13:23:45.755Z,,2026-08-08 13:23:45.625Z,76q0g006tjtp7gp,,l6ue0ntwy9qo9p6,2026-08-08 13:23:45.755Z,6a6cecc209785885
i5saibv0w5ln0a5,proposal_view,2026-08-08 13:23:46.520Z,,2026-08-08 13:23:46.420Z,76q0g006tjtp7gp,,xtsnw7ypbsms4jl,2026-08-08 13:23:46.520Z,6a6cecc209785885
9bzcavfitudwvqd,proposal_view,2026-08-08 13:23:47.110Z,,2026-08-08 13:23:46.999Z,76q0g006tjtp7gp,,l6ue0ntwy9qo9p6,2026-08-08 13:23:47.110Z,6a6cecc209785885
pbz26qmqwsmquhs,proposal_view,2026-08-08 13:23:54.389Z,,2026-08-08 13:23:54.227Z,76q0g006tjtp7gp,,xtsnw7ypbsms4jl,2026-08-08 13:23:54.389Z,6a6cecc209785885
7ow1rc80mko6rai,compare_add,2026-08-08 13:23:58.725Z,"{""pool_size"": 1}",2026-08-08 13:23:58.743Z,76q0g006tjtp7gp,,xtsnw7ypbsms4jl,2026-08-08 13:23:58.725Z,6a6cecc209785885
6bdyn65vn785ohi,compare_remove,2026-08-08 13:24:01.397Z,"{""pool_size"": 0}",2026-08-08 13:24:01.422Z,,,xtsnw7ypbsms4jl,2026-08-08 13:24:01.397Z,6a6cecc209785885
vkz6tl86qcgcjqy,tab_switch,2026-08-08 13:24:16.822Z,"{""state"": ""visible""}",2026-08-08 13:24:16.816Z,,,,2026-08-08 13:24:16.822Z,6a6cecc209785885
zx45k7123x6fazj,proposal_view,2026-08-08 16:13:13.391Z,,2026-08-08 16:13:13.396Z,76q0g006tjtp7gp,,xtsnw7ypbsms4jl,2026-08-08 16:13:13.391Z,407be8b01d4ce342
ywibzonu3cjh33z,proposal_view,2026-08-08 16:13:13.417Z,,2026-08-08 16:13:13.403Z,76q0g006tjtp7gp,,xtsnw7ypbsms4jl,2026-08-08 16:13:13.417Z,407be8b01d4ce342
yc9yivf0wblegs6,page_view,2026-08-08 16:13:13.430Z,"{""from"": ""/de/discourse"", ""to"": ""/de/questions/76q0g006tjtp7gp/proposals/xtsnw7ypbsms4jl""}",2026-08-08 16:13:13.409Z,76q0g006tjtp7gp,,,2026-08-08 16:13:13.430Z,407be8b01d4ce342
e6r10iqa65r9i6u,page_view,2026-08-08 16:13:20.643Z,"{""from"": ""/de/questions/76q0g006tjtp7gp/proposals/xtsnw7ypbsms4jl"", ""to"": ""/de/questions/76q0g006tjtp7gp/proposals/compare""}",2026-08-08 16:13:20.649Z,76q0g006tjtp7gp,,,2026-08-08 16:13:20.643Z,407be8b01d4ce342
e2vnx83glgklyz2,proposal_view,2026-08-08 16:13:30.507Z,,2026-08-08 16:13:30.492Z,76q0g006tjtp7gp,,xtsnw7ypbsms4jl,2026-08-08 16:13:30.507Z,407be8b01d4ce342
8b91p83t1y2jnu1,proposal_view,2026-08-08 16:13:30.507Z,,2026-08-08 16:13:30.500Z,76q0g006tjtp7gp,,xtsnw7ypbsms4jl,2026-08-08 16:13:30.507Z,407be8b01d4ce342
wxqv3dfeirum234,page_view,2026-08-08 16:13:30.510Z,"{""from"": ""/de/questions/76q0g006tjtp7gp/proposals/compare"", ""to"": ""/de/questions/76q0g006tjtp7gp/proposals/xtsnw7ypbsms4jl""}",2026-08-08 16:13:30.501Z,76q0g006tjtp7gp,,,2026-08-08 16:13:30.510Z,407be8b01d4ce342
01aukaapvau8ck8,page_view,2026-08-08 16:13:32.754Z,"{""from"": ""/de/questions/76q0g006tjtp7gp/proposals/xtsnw7ypbsms4jl"", ""to"": ""/de/discourse""}",2026-08-08 16:13:32.760Z,76q0g006tjtp7gp,,,2026-08-08 16:13:32.754Z,407be8b01d4ce342
vlikjw7v4b2feia,page_view,2026-08-08 16:14:02.812Z,"{""from"": ""/de/discourse"", ""to"": ""/de/questions/76q0g006tjtp7gp/proposals/question""}",2026-08-08 16:14:02.818Z,76q0g006tjtp7gp,,,2026-08-08 16:14:02.812Z,407be8b01d4ce342
cqsdffshncsqzn4,page_view,2026-08-08 16:14:07.112Z,"{""from"": ""/de/questions/76q0g006tjtp7gp/proposals/question"", ""to"": ""/de/discourse""}",2026-08-08 16:14:07.107Z,76q0g006tjtp7gp,,,2026-08-08 16:14:07.112Z,407be8b01d4ce342
wpnrgoncpsv8o6l,page_view,2026-08-08 16:14:08.182Z,"{""from"": ""/de/discourse"", ""to"": ""/de/questions/3o2fj1znev0krvz/proposals/question""}",2026-08-08 16:14:08.184Z,3o2fj1znev0krvz,,,2026-08-08 16:14:08.182Z,407be8b01d4ce342
7bodgapl1nqcjwm,page_view,2026-08-08 16:14:09.985Z,"{""from"": ""/de/questions/3o2fj1znev0krvz/proposals/question"", ""to"": ""/de/questions/3o2fj1znev0krvz/proposals/ideas""}",2026-08-08 16:14:09.982Z,3o2fj1znev0krvz,,,2026-08-08 16:14:09.985Z,407be8b01d4ce342
wyxtybnvh8isgzy,page_view,2026-08-08 16:14:14.919Z,"{""from"": ""/de/questions/3o2fj1znev0krvz/proposals/subscriptions"", ""to"": ""/de/questions/3o2fj1znev0krvz/proposals/ideas""}",2026-08-08 16:14:14.919Z,3o2fj1znev0krvz,,,2026-08-08 16:14:14.919Z,407be8b01d4ce342
gwv6gx5vyqnk3q0,page_view,2026-08-09 11:08:10.759Z,"{""from"": ""/de/register"", ""to"": ""/de/how-it-works""}",2026-08-09 11:08:11.710Z,,,,2026-08-09 11:08:10.759Z,216bb226ec191993
m431ki4nbtm790c,page_view,2026-08-09 11:10:46.834Z,"{""from"": ""/de/how-it-works"", ""to"": ""/de/discourse""}",2026-08-09 11:10:47.789Z,,,,2026-08-09 11:10:46.834Z,216bb226ec191993
vt0dc7ttdcuvd6p,page_view,2026-08-09 11:11:01.284Z,"{""from"": ""/de/discourse"", ""to"": ""/de/questions/3o2fj1znev0krvz/proposals/question""}",2026-08-09 11:11:02.239Z,3o2fj1znev0krvz,,,2026-08-09 11:11:01.284Z,216bb226ec191993
1niw8kopd25gx60,feed_filter_change,2026-08-09 11:12:51.767Z,"{""selectedLabelId"": null, ""sortMode"": ""Newest""}",2026-08-09 11:12:52.717Z,,,,2026-08-09 11:12:51.767Z,216bb226ec191993
52pcl9yfll2ie2s,page_view,2026-08-09 11:12:51.774Z,"{""from"": ""/de/questions/3o2fj1znev0krvz/proposals/question"", ""to"": ""/de/questions/3o2fj1znev0krvz/proposals/ideas""}",2026-08-09 11:12:52.728Z,3o2fj1znev0krvz,,,2026-08-09 11:12:51.774Z,216bb226ec191993
7dc5i88ev6u8vap,proposal_view,2026-08-09 11:12:57.279Z,,2026-08-09 11:12:58.222Z,3o2fj1znev0krvz,,vee7zdpty5ijljm,2026-08-09 11:12:57.279Z,216bb226ec191993
i3pezfmnu5xjt92,page_view,2026-08-09 11:13:59.265Z,"{""from"": ""/de/questions/3o2fj1znev0krvz/proposals/subscriptions"", ""to"": ""/de/questions/3o2fj1znev0krvz/proposals/ideas""}",2026-08-09 11:14:00.208Z,3o2fj1znev0krvz,,,2026-08-09 11:13:59.265Z,216bb226ec191993
udw9eie2rd1g6kz,proposal_view,2026-08-09 11:14:01.383Z,,2026-08-09 11:14:02.330Z,3o2fj1znev0krvz,,vee7zdpty5ijljm,2026-08-09 11:14:01.383Z,216bb226ec191993
emimiw49vaorctb,tab_switch,2026-08-09 11:15:33.061Z,"{""state"": ""visible""}",2026-08-09 11:15:33.949Z,,,,2026-08-09 11:15:33.061Z,216bb226ec191993
kp7f3cufsemb3h3,page_view,2026-08-09 11:16:08.927Z,"{""from"": ""/de/questions/3o2fj1znev0krvz/proposals/new"", ""to"": ""/de/questions/3o2fj1znev0krvz/proposals/ideas""}",2026-08-09 11:16:09.868Z,3o2fj1znev0krvz,,,2026-08-09 11:16:08.927Z,216bb226ec191993
eqo74aseyubmz38,proposal_view,2026-08-09 11:16:10.396Z,,2026-08-09 11:16:11.347Z,3o2fj1znev0krvz,,vee7zdpty5ijljm,2026-08-09 11:16:10.396Z,216bb226ec191993
hw6hn7ovhx4xkus,tab_switch,2026-08-09 11:17:03.353Z,"{""state"": ""visible""}",2026-08-09 11:17:04.289Z,,,,2026-08-09 11:17:03.353Z,216bb226ec191993
aljqorjcl89lzwo,tab_switch,2026-08-09 11:17:51.759Z,"{""state"": ""visible""}",2026-08-09 11:17:52.684Z,,,,2026-08-09 11:17:51.759Z,216bb226ec191993
j5qfloegpytp2y1,tab_switch,2026-08-09 11:21:07.003Z,"{""state"": ""visible""}",2026-08-09 11:21:07.940Z,,,,2026-08-09 11:21:07.003Z,216bb226ec191993
in5xkt3ml4kmpnr,tab_switch,2026-08-09 11:22:55.142Z,"{""state"": ""visible""}",2026-08-09 11:22:56.070Z,,,,2026-08-09 11:22:55.142Z,216bb226ec191993
xxdnko0k8fzevlu,page_view,2026-08-09 11:26:01.009Z,"{""from"": ""/de/questions/3o2fj1znev0krvz/proposals/new"", ""to"": ""/de/questions/3o2fj1znev0krvz/proposals/ideas""}",2026-08-09 11:26:01.913Z,3o2fj1znev0krvz,,,2026-08-09 11:26:01.009Z,216bb226ec191993
i6btf2i297v83ql,proposal_view,2026-08-09 11:26:02.318Z,,2026-08-09 11:26:03.269Z,3o2fj1znev0krvz,,vee7zdpty5ijljm,2026-08-09 11:26:02.318Z,216bb226ec191993
iq7wucaz6jwexhe,page_view,2026-08-09 11:27:29.326Z,"{""from"": ""/de/questions/3o2fj1znev0krvz/proposals/ideas"", ""to"": ""/de/questions/3o2fj1znev0krvz/proposals/new""}",2026-08-09 11:27:30.276Z,3o2fj1znev0krvz,,,2026-08-09 11:27:29.326Z,216bb226ec191993
u084zvnvshxkybr,page_view,2026-08-09 11:27:35.381Z,"{""from"": ""/de/questions/3o2fj1znev0krvz/proposals/new"", ""to"": ""/de/questions/3o2fj1znev0krvz/proposals/ideas""}",2026-08-09 11:27:36.322Z,3o2fj1znev0krvz,,,2026-08-09 11:27:35.381Z,216bb226ec191993
sg9ri9mvsx3twxy,proposal_view,2026-08-09 11:27:36.473Z,,2026-08-09 11:27:37.419Z,3o2fj1znev0krvz,,vee7zdpty5ijljm,2026-08-09 11:27:36.473Z,216bb226ec191993
ti8erlsmk25a9ed,proposal_view,2026-08-09 11:28:31.309Z,,2026-08-09 11:28:32.250Z,3o2fj1znev0krvz,,vee7zdpty5ijljm,2026-08-09 11:28:31.309Z,216bb226ec191993
npnw2fih2spjjhe,subscribe,2026-08-09 11:28:33.537Z,,2026-08-09 11:28:33.536Z,3o2fj1znev0krvz,,vee7zdpty5ijljm,2026-08-09 11:28:33.537Z,216bb226ec191993
4qtcg9z66buajlf,page_view,2026-08-09 11:28:38.834Z,"{""from"": ""/de/questions/3o2fj1znev0krvz/proposals/ideas"", ""to"": ""/de/questions/3o2fj1znev0krvz/proposals/new""}",2026-08-09 11:28:39.771Z,3o2fj1znev0krvz,,,2026-08-09 11:28:38.834Z,216bb226ec191993
p7xgqm30sbi0bcp,subscribe,2026-08-09 11:33:05.090Z,,2026-08-09 11:33:05.090Z,3o2fj1znev0krvz,,i7chbqu0hf4kc4s,2026-08-09 11:33:05.090Z,216bb226ec191993
dynvquitidobs7u,create_idea,2026-08-09 11:33:05.094Z,,2026-08-09 11:33:05.086Z,3o2fj1znev0krvz,,i7chbqu0hf4kc4s,2026-08-09 11:33:05.094Z,216bb226ec191993
9qxnfkqvn5cje8i,create_label,2026-08-09 11:33:05.096Z,"{""label_name"": ""Eigenes Tool/Excel Sheet f\u00fcr das WG-Netz""}",2026-08-09 11:33:05.086Z,3o2fj1znev0krvz,,u6haa7etn99pu49,2026-08-09 11:33:05.096Z,216bb226ec191993
fsngvkke80kqu79,proposal_view,2026-08-09 11:33:05.226Z,,2026-08-09 11:33:06.179Z,3o2fj1znev0krvz,,i7chbqu0hf4kc4s,2026-08-09 11:33:05.226Z,216bb226ec191993
w56nf1yq12podd1,proposal_view,2026-08-09 11:33:05.237Z,,2026-08-09 11:33:06.183Z,3o2fj1znev0krvz,,i7chbqu0hf4kc4s,2026-08-09 11:33:05.237Z,216bb226ec191993
nnb97burcggt4u9,page_view,2026-08-09 11:33:05.241Z,"{""from"": ""/de/questions/3o2fj1znev0krvz/proposals/new"", ""to"": ""/de/questions/3o2fj1znev0krvz/proposals/i7chbqu0hf4kc4s""}",2026-08-09 11:33:06.195Z,3o2fj1znev0krvz,,,2026-08-09 11:33:05.241Z,216bb226ec191993
0r640k50ml9p0br,tab_switch,2026-08-09 11:33:46.874Z,"{""state"": ""visible""}",2026-08-09 11:33:47.767Z,,,,2026-08-09 11:33:46.874Z,216bb226ec191993
1ltghe2w08kxqo3,tab_switch,2026-08-09 11:37:37.725Z,"{""state"": ""visible""}",2026-08-09 11:37:38.647Z,,,,2026-08-09 11:37:37.725Z,216bb226ec191993
lc8d3nc2ah0o7ee,subscribe,2026-08-09 11:48:00.650Z,,2026-08-09 11:48:00.650Z,3o2fj1znev0krvz,,rgjhcdyr8kdvxyz,2026-08-09 11:48:00.650Z,216bb226ec191993
8r9p0bmd586pfz7,create_idea,2026-08-09 11:48:00.654Z,,2026-08-09 11:48:00.646Z,3o2fj1znev0krvz,,rgjhcdyr8kdvxyz,2026-08-09 11:48:00.654Z,216bb226ec191993
5ssvoiqy14y7fu0,create_label,2026-08-09 11:48:00.656Z,"{""label_name"": ""Material-Chat""}",2026-08-09 11:48:00.646Z,3o2fj1znev0krvz,,tp3x2zythnef3ou,2026-08-09 11:48:00.656Z,216bb226ec191993
zkg6js6gv8crddd,proposal_view,2026-08-09 11:48:00.786Z,,2026-08-09 11:48:01.736Z,3o2fj1znev0krvz,,rgjhcdyr8kdvxyz,2026-08-09 11:48:00.786Z,216bb226ec191993
3lbv2cy7ansjw5g,proposal_view,2026-08-09 11:48:00.803Z,,2026-08-09 11:48:01.741Z,3o2fj1znev0krvz,,rgjhcdyr8kdvxyz,2026-08-09 11:48:00.803Z,216bb226ec191993
gf3udqd74vx5id4,page_view,2026-08-09 11:48:00.812Z,"{""from"": ""/de/questions/3o2fj1znev0krvz/proposals/new"", ""to"": ""/de/questions/3o2fj1znev0krvz/proposals/rgjhcdyr8kdvxyz""}",2026-08-09 11:48:01.748Z,3o2fj1znev0krvz,,,2026-08-09 11:48:00.812Z,216bb226ec191993
cp17fc0l56exvs1,page_view,2026-08-09 11:48:28.712Z,"{""from"": ""/de/questions/3o2fj1znev0krvz/proposals/ideas"", ""to"": ""/de/questions/3o2fj1znev0krvz/proposals/new""}",2026-08-09 11:48:29.661Z,3o2fj1znev0krvz,,,2026-08-09 11:48:28.712Z,216bb226ec191993
1ice7jgd5tjsb8b,page_view,2026-08-09 11:52:48.540Z,"{""from"": ""/de/questions/3o2fj1znev0krvz/proposals/new"", ""to"": ""/de/questions/3o2fj1znev0krvz/proposals/ideas""}",2026-08-09 11:52:49.488Z,3o2fj1znev0krvz,,,2026-08-09 11:52:48.540Z,216bb226ec191993
kschwj2i2hv9vq7,proposal_view,2026-08-09 11:52:52.581Z,,2026-08-09 11:52:53.500Z,3o2fj1znev0krvz,,vee7zdpty5ijljm,2026-08-09 11:52:52.581Z,216bb226ec191993
rxdkf2bq9kinwdd,page_view,2026-08-09 11:53:18.429Z,"{""from"": ""/de/questions/3o2fj1znev0krvz/proposals/ideas"", ""to"": ""/de/questions/3o2fj1znev0krvz/proposals/new""}",2026-08-09 11:53:19.368Z,3o2fj1znev0krvz,,,2026-08-09 11:53:18.429Z,216bb226ec191993
tc5asx0o6jrokra,subscribe,2026-08-09 12:07:58.261Z,,2026-08-09 12:07:58.260Z,3o2fj1znev0krvz,,n8luy5w1pc5olz4,2026-08-09 12:07:58.261Z,216bb226ec191993
jz7e3ir6bmq37vk,create_idea,2026-08-09 12:07:58.265Z,,2026-08-09 12:07:58.256Z,3o2fj1znev0krvz,,n8luy5w1pc5olz4,2026-08-09 12:07:58.265Z,216bb226ec191993
9poqrsz8jr1ae9p,create_label,2026-08-09 12:07:58.270Z,"{""label_name"": ""Lagerfrage""}",2026-08-09 12:07:58.256Z,3o2fj1znev0krvz,,adrzgivw8x6vlnp,2026-08-09 12:07:58.270Z,216bb226ec191993
7z2qv0vba9qn1iu,proposal_view,2026-08-09 12:07:58.412Z,,2026-08-09 12:07:59.361Z,3o2fj1znev0krvz,,n8luy5w1pc5olz4,2026-08-09 12:07:58.412Z,216bb226ec191993
nkj9o9ft35d847h,proposal_view,2026-08-09 12:07:58.438Z,,2026-08-09 12:07:59.366Z,3o2fj1znev0krvz,,n8luy5w1pc5olz4,2026-08-09 12:07:58.438Z,216bb226ec191993
dpx65r86atmudic,page_view,2026-08-09 12:07:58.442Z,"{""from"": ""/de/questions/3o2fj1znev0krvz/proposals/new"", ""to"": ""/de/questions/3o2fj1znev0krvz/proposals/n8luy5w1pc5olz4""}",2026-08-09 12:07:59.374Z,3o2fj1znev0krvz,,,2026-08-09 12:07:58.442Z,216bb226ec191993
pbm4m4v1h3tbg7y,page_view,2026-08-09 12:08:34.814Z,"{""from"": ""/de/questions/3o2fj1znev0krvz/proposals/subscriptions"", ""to"": ""/de/questions/3o2fj1znev0krvz/proposals/ideas""}",2026-08-09 12:08:35.760Z,3o2fj1znev0krvz,,,2026-08-09 12:08:34.814Z,216bb226ec191993
v7xowyyp2mtpt96,proposal_view,2026-08-09 12:08:43.277Z,,2026-08-09 12:08:44.128Z,3o2fj1znev0krvz,,vee7zdpty5ijljm,2026-08-09 12:08:43.277Z,216bb226ec191993
xsswb1288kvhd66,page_view,2026-08-09 12:18:45.674Z,"{""from"": ""/groups/m5obm8bp0rbq043"", ""to"": ""/questions/76q0g006tjtp7gp/proposals/question""}",2026-08-09 12:18:45.648Z,76q0g006tjtp7gp,,,2026-08-09 12:18:45.674Z,3e36e627a64bac27
jebuww3l4n0rqnv,tab_switch,2026-08-09 12:44:06.862Z,"{""state"": ""visible""}",2026-08-09 12:44:05.600Z,,,,2026-08-09 12:44:06.862Z,216bb226ec191993
yc7wkdpkp828ihz,tab_switch,2026-08-09 12:45:18.289Z,"{""state"": ""visible""}",2026-08-09 12:45:19.212Z,,,,2026-08-09 12:45:18.289Z,216bb226ec191993
0oxz1vh1r3xpsuo,tab_switch,2026-08-09 12:45:41.449Z,"{""state"": ""visible""}",2026-08-09 12:45:42.364Z,,,,2026-08-09 12:45:41.449Z,216bb226ec191993
4kawsf9ccz9uoss,tab_switch,2026-08-09 12:49:13.357Z,"{""state"": ""visible""}",2026-08-09 12:49:14.272Z,,,,2026-08-09 12:49:13.357Z,216bb226ec191993
6notad2xvzrpol3,proposal_view,2026-08-09 12:49:55.214Z,,2026-08-09 12:49:56.143Z,3o2fj1znev0krvz,,vee7zdpty5ijljm,2026-08-09 12:49:55.214Z,216bb226ec191993
1uxaow583gcob9a,tab_switch,2026-08-09 12:55:10.901Z,"{""state"": ""visible""}",2026-08-09 12:55:11.826Z,,,,2026-08-09 12:55:10.901Z,216bb226ec191993
6o5j2ngcvpy1afd,tab_switch,2026-08-09 13:05:25.398Z,"{""state"": ""visible""}",2026-08-09 13:05:26.307Z,,,,2026-08-09 13:05:25.398Z,216bb226ec191993
d6ty8fas4pp61cu,tab_switch,2026-08-09 13:11:41.870Z,"{""state"": ""visible""}",2026-08-09 13:11:42.795Z,,,,2026-08-09 13:11:41.870Z,216bb226ec191993
9f7gyngnqonbku2,tab_switch,2026-08-09 13:14:02.143Z,"{""state"": ""visible""}",2026-08-09 13:14:03.029Z,,,,2026-08-09 13:14:02.143Z,216bb226ec191993
8pzp146y7oiqpim,tab_switch,2026-08-09 13:17:59.516Z,"{""state"": ""visible""}",2026-08-09 13:18:00.432Z,,,,2026-08-09 13:17:59.516Z,216bb226ec191993
crmecsrn8n8bpr2,tab_switch,2026-08-09 13:18:38.878Z,"{""state"": ""visible""}",2026-08-09 13:18:39.808Z,,,,2026-08-09 13:18:38.878Z,216bb226ec191993
rd58frgf1ofraxw,tab_switch,2026-08-09 13:19:21.942Z,"{""state"": ""visible""}",2026-08-09 13:19:22.876Z,,,,2026-08-09 13:19:21.942Z,216bb226ec191993
o7adbw4s6ogrnt6,tab_switch,2026-08-09 13:19:24.949Z,"{""state"": ""visible""}",2026-08-09 13:19:25.883Z,,,,2026-08-09 13:19:24.949Z,216bb226ec191993
wghcpiafrwnahu0,tab_switch,2026-08-09 13:19:27.564Z,"{""state"": ""visible""}",2026-08-09 13:19:28.485Z,,,,2026-08-09 13:19:27.564Z,216bb226ec191993
0c3b9876iwdq3vz,tab_switch,2026-08-09 13:19:36.516Z,"{""state"": ""visible""}",2026-08-09 13:19:37.445Z,,,,2026-08-09 13:19:36.516Z,216bb226ec191993
0rxil46bsoas7j1,tab_switch,2026-08-09 13:19:56.466Z,"{""state"": ""visible""}",2026-08-09 13:19:57.404Z,,,,2026-08-09 13:19:56.466Z,216bb226ec191993
ez317lc8oai0bb3,tab_switch,2026-08-09 13:20:01.589Z,"{""state"": ""visible""}",2026-08-09 13:20:02.519Z,,,,2026-08-09 13:20:01.589Z,216bb226ec191993
tmnhtse6i1l43ko,tab_switch,2026-08-09 13:20:13.592Z,"{""state"": ""visible""}",2026-08-09 13:20:14.524Z,,,,2026-08-09 13:20:13.592Z,216bb226ec191993
avedtrkz4qd7yv6,tab_switch,2026-08-09 13:20:23.767Z,"{""state"": ""visible""}",2026-08-09 13:20:24.704Z,,,,2026-08-09 13:20:23.767Z,216bb226ec191993
y8nvyl55gqwptdw,subscribe,2026-08-09 13:20:49.360Z,,2026-08-09 13:20:49.360Z,3o2fj1znev0krvz,,d8last7n0bdbqme,2026-08-09 13:20:49.360Z,216bb226ec191993
u83xa65zw2v4gnu,remix_singular,2026-08-09 13:20:49.458Z,,2026-08-09 13:20:49.348Z,3o2fj1znev0krvz,,d8last7n0bdbqme,2026-08-09 13:20:49.458Z,216bb226ec191993
uihdwvggpv97hok,proposal_view,2026-08-09 13:20:49.984Z,,2026-08-09 13:20:50.924Z,3o2fj1znev0krvz,,d8last7n0bdbqme,2026-08-09 13:20:49.984Z,216bb226ec191993
45ko1b23fsdywo5,proposal_view,2026-08-09 13:20:49.997Z,,2026-08-09 13:20:50.929Z,3o2fj1znev0krvz,,d8last7n0bdbqme,2026-08-09 13:20:49.997Z,216bb226ec191993
j5f1y3pupuecd0g,page_view,2026-08-09 13:20:50.007Z,"{""from"": ""/de/questions/3o2fj1znev0krvz/proposals/ideas"", ""to"": ""/de/questions/3o2fj1znev0krvz/proposals/d8last7n0bdbqme""}",2026-08-09 13:20:50.943Z,3o2fj1znev0krvz,,,2026-08-09 13:20:50.007Z,216bb226ec191993
hvcv0pge5i7ok82,tab_switch,2026-08-09 13:20:56.702Z,"{""state"": ""visible""}",2026-08-09 13:20:57.634Z,,,,2026-08-09 13:20:56.702Z,216bb226ec191993
n27xgk1wskdqibs,tab_switch,2026-08-09 13:21:00.302Z,"{""state"": ""visible""}",2026-08-09 13:21:01.237Z,,,,2026-08-09 13:21:00.302Z,216bb226ec191993
69rbq9ffnzgmp1s,proposal_view,2026-08-09 13:21:01.786Z,,2026-08-09 13:21:02.722Z,3o2fj1znev0krvz,,vee7zdpty5ijljm,2026-08-09 13:21:01.786Z,216bb226ec191993
h2ydeyyy6gjtg4s,page_view,2026-08-09 13:21:01.790Z,"{""from"": ""/de/questions/3o2fj1znev0krvz/proposals/d8last7n0bdbqme"", ""to"": ""/de/questions/3o2fj1znev0krvz/proposals/ideas""}",2026-08-09 13:21:02.729Z,3o2fj1znev0krvz,,,2026-08-09 13:21:01.790Z,216bb226ec191993
tdw3s9lez7opmpa,page_view,2026-08-09 13:21:21.031Z,"{""from"": ""/de/questions/3o2fj1znev0krvz/proposals/ideas"", ""to"": ""/de/groups""}",2026-08-09 13:21:21.956Z,3o2fj1znev0krvz,,,2026-08-09 13:21:21.031Z,216bb226ec191993
mgqb2zh76dsc3ng,session_start,2026-08-09 13:21:22.473Z,"{""isMobile"": false, ""screenHeight"": 844, ""screenWidth"": 1440, ""userAgent"": ""Mozilla/5.0 (Windows NT 10.0; Win64; x64) AppleWebKit/537.36 (KHTML, like Gecko) Chrome/151.0.0.0 Safari/537.36""}",2026-08-09 13:21:23.417Z,,,,2026-08-09 13:21:22.473Z,216bb226ec191993
wo64nbd7ufceljn,page_view,2026-08-09 13:21:22.479Z,"{""to"": ""/de/groups/m5obm8bp0rbq043""}",2026-08-09 13:21:23.418Z,,,,2026-08-09 13:21:22.479Z,216bb226ec191993
hswol2jrt4orga0,page_view,2026-08-09 13:21:25.504Z,"{""from"": ""/de/groups/m5obm8bp0rbq043"", ""to"": ""/de/questions/76q0g006tjtp7gp/proposals/question""}",2026-08-09 13:21:26.448Z,76q0g006tjtp7gp,,,2026-08-09 13:21:25.504Z,216bb226ec191993
m9rg7gjojtjlduv,page_view,2026-08-09 13:22:20.243Z,"{""from"": ""/de/discourse"", ""to"": ""/de/questions/3o2fj1znev0krvz/proposals/question""}",2026-08-09 13:22:20.217Z,3o2fj1znev0krvz,,,2026-08-09 13:22:20.243Z,2c2aed88e0c41752
dr679buer6a7jlt,page_view,2026-08-09 13:22:21.659Z,"{""from"": ""/de/questions/3o2fj1znev0krvz/proposals/question"", ""to"": ""/de/questions/3o2fj1znev0krvz/proposals/ideas""}",2026-08-09 13:22:21.647Z,3o2fj1znev0krvz,,,2026-08-09 13:22:21.659Z,2c2aed88e0c41752
mn3jrxborg326uc,page_view,2026-08-09 13:22:37.579Z,"{""from"": ""/de/questions/3o2fj1znev0krvz/proposals/ideas"", ""to"": ""/de/questions/3o2fj1znev0krvz/proposals/question""}",2026-08-09 13:22:37.529Z,3o2fj1znev0krvz,,,2026-08-09 13:22:37.579Z,2c2aed88e0c41752
9ewifjkgt4vgzop,page_view,2026-08-09 13:22:43.257Z,"{""from"": ""/de/questions/3o2fj1znev0krvz/proposals/question"", ""to"": ""/de/discourse""}",2026-08-09 13:22:43.214Z,3o2fj1znev0krvz,,,2026-08-09 13:22:43.257Z,2c2aed88e0c41752
z58lgia7craigru,page_view,2026-08-09 13:22:44.788Z,"{""from"": ""/de/discourse"", ""to"": ""/de/questions/76q0g006tjtp7gp/proposals/question""}",2026-08-09 13:22:44.760Z,76q0g006tjtp7gp,,,2026-08-09 13:22:44.788Z,2c2aed88e0c41752
4w9apvl8zlqaif3,page_view,2026-08-09 13:22:46.030Z,"{""from"": ""/de/questions/76q0g006tjtp7gp/proposals/question"", ""to"": ""/de/questions/76q0g006tjtp7gp/proposals/ideas""}",2026-08-09 13:22:45.995Z,76q0g006tjtp7gp,,,2026-08-09 13:22:46.030Z,2c2aed88e0c41752
cwmwlz23up24ouu,page_view,2026-08-09 13:23:02.153Z,"{""from"": ""/de/questions/76q0g006tjtp7gp/proposals/subscriptions"", ""to"": ""/de/questions/76q0g006tjtp7gp/proposals/question""}",2026-08-09 13:23:02.124Z,76q0g006tjtp7gp,,,2026-08-09 13:23:02.153Z,2c2aed88e0c41752
jfzee2m1esgvhjg,page_view,2026-08-09 13:23:05.140Z,"{""from"": ""/de/questions/76q0g006tjtp7gp/proposals/question"", ""to"": ""/de/discourse""}",2026-08-09 13:23:05.097Z,76q0g006tjtp7gp,,,2026-08-09 13:23:05.140Z,2c2aed88e0c41752
n1q0fp0qqb2ysfj,page_view,2026-08-09 13:23:06.608Z,"{""from"": ""/de/discourse"", ""to"": ""/de/questions/3o2fj1znev0krvz/proposals/question""}",2026-08-09 13:23:06.553Z,3o2fj1znev0krvz,,,2026-08-09 13:23:06.608Z,2c2aed88e0c41752
i1isvpdaorj7ue0,page_view,2026-08-09 13:23:11.634Z,"{""from"": ""/de/questions/3o2fj1znev0krvz/proposals/question"", ""to"": ""/de/questions/3o2fj1znev0krvz/proposals/ideas""}",2026-08-09 13:23:11.590Z,3o2fj1znev0krvz,,,2026-08-09 13:23:11.634Z,2c2aed88e0c41752
99tifh4su9s4g44,tab_switch,2026-08-09 13:29:19.278Z,"{""state"": ""visible""}",2026-08-09 13:29:20.192Z,,,,2026-08-09 13:29:19.278Z,216bb226ec191993
6rn2q1l2g643ehm,feed_filter_change,2026-08-09 13:29:36.928Z,"{""selectedLabelId"": null, ""sortMode"": ""Newest""}",2026-08-09 13:29:37.864Z,,,,2026-08-09 13:29:36.928Z,216bb226ec191993
1hmyi5f83eei8bb,page_view,2026-08-09 13:29:36.934Z,"{""from"": ""/de/questions/76q0g006tjtp7gp/proposals/question"", ""to"": ""/de/questions/76q0g006tjtp7gp/proposals/ideas""}",2026-08-09 13:29:37.872Z,76q0g006tjtp7gp,,,2026-08-09 13:29:36.934Z,216bb226ec191993
frpek735x7h6kep,proposal_view,2026-08-09 13:29:40.981Z,,2026-08-09 13:29:41.918Z,76q0g006tjtp7gp,,xtsnw7ypbsms4jl,2026-08-09 13:29:40.981Z,216bb226ec191993
10apyqop67zuhwd,subscribe,2026-08-09 13:29:58.740Z,,2026-08-09 13:29:58.737Z,76q0g006tjtp7gp,,xtsnw7ypbsms4jl,2026-08-09 13:29:58.740Z,216bb226ec191993
0tx6nwnbaynrwzd,proposal_view,2026-08-09 13:30:05.357Z,,2026-08-09 13:30:06.292Z,76q0g006tjtp7gp,,l6ue0ntwy9qo9p6,2026-08-09 13:30:05.357Z,216bb226ec191993
w53du5dzqdkwk2m,proposal_view,2026-08-09 13:30:17.989Z,,2026-08-09 13:30:18.925Z,76q0g006tjtp7gp,,xtsnw7ypbsms4jl,2026-08-09 13:30:17.989Z,216bb226ec191993
cgp01fkvwbbs2mq,proposal_view,2026-08-09 13:30:27.964Z,,2026-08-09 13:30:28.898Z,76q0g006tjtp7gp,,l6ue0ntwy9qo9p6,2026-08-09 13:30:27.964Z,216bb226ec191993
8uv9wn4x6ubdzy4,proposal_view,2026-08-09 13:30:31.548Z,,2026-08-09 13:30:32.480Z,76q0g006tjtp7gp,,xtsnw7ypbsms4jl,2026-08-09 13:30:31.548Z,216bb226ec191993
lw7tactwwjniyo2,proposal_view,2026-08-09 13:30:32.080Z,,2026-08-09 13:30:33.017Z,76q0g006tjtp7gp,,l6ue0ntwy9qo9p6,2026-08-09 13:30:32.080Z,216bb226ec191993
0mgwmpv9k4ft3b8,proposal_view,2026-08-09 13:30:32.574Z,,2026-08-09 13:30:33.513Z,76q0g006tjtp7gp,,xtsnw7ypbsms4jl,2026-08-09 13:30:32.574Z,216bb226ec191993
3gboe8koxha5zp1,proposal_view,2026-08-09 13:30:34.589Z,,2026-08-09 13:30:35.513Z,76q0g006tjtp7gp,,l6ue0ntwy9qo9p6,2026-08-09 13:30:34.589Z,216bb226ec191993
7dumhxq0rllbwrj,compare_add,2026-08-09 13:30:45.750Z,"{""pool_size"": 1}",2026-08-09 13:30:46.689Z,76q0g006tjtp7gp,,xtsnw7ypbsms4jl,2026-08-09 13:30:45.750Z,216bb226ec191993
oumlp0ahqmzvsb6,compare_add,2026-08-09 13:30:46.966Z,"{""pool_size"": 2}",2026-08-09 13:30:47.906Z,76q0g006tjtp7gp,,l6ue0ntwy9qo9p6,2026-08-09 13:30:46.966Z,216bb226ec191993
3qw66zt187c1w03,compare_open,2026-08-09 13:30:52.836Z,"{""pool_size"": 2, ""proposal_ids"": [""xtsnw7ypbsms4jl"", ""l6ue0ntwy9qo9p6""]}",2026-08-09 13:30:53.773Z,,,,2026-08-09 13:30:52.836Z,216bb226ec191993
9atza1z8ph6ex91,page_view,2026-08-09 13:30:52.908Z,"{""from"": ""/de/questions/76q0g006tjtp7gp/proposals/ideas"", ""to"": ""/de/questions/76q0g006tjtp7gp/proposals/compare""}",2026-08-09 13:30:53.849Z,76q0g006tjtp7gp,,,2026-08-09 13:30:52.908Z,216bb226ec191993
73psiyz46vsnk5d,page_view,2026-08-09 13:31:01.029Z,"{""from"": ""/de/questions/76q0g006tjtp7gp/proposals/compare"", ""to"": ""/de/questions/76q0g006tjtp7gp/proposals/ideas""}",2026-08-09 13:31:01.967Z,76q0g006tjtp7gp,,,2026-08-09 13:31:01.029Z,216bb226ec191993
3qq4qcyrwaswpzb,page_view,2026-08-09 13:33:34.549Z,"{""from"": ""/de/discourse"", ""to"": ""/de/questions/3o2fj1znev0krvz/proposals/question""}",2026-08-09 13:33:34.532Z,3o2fj1znev0krvz,,,2026-08-09 13:33:34.549Z,de13859e1d6aea12
8imhedw46sayp1n,page_view,2026-08-09 13:34:03.885Z,"{""from"": ""/de/questions/3o2fj1znev0krvz/proposals/ballot"", ""to"": ""/de/questions/3o2fj1znev0krvz/proposals/ideas""}",2026-08-09 13:34:03.873Z,3o2fj1znev0krvz,,,2026-08-09 13:34:03.885Z,de13859e1d6aea12
0kbcx15qe5fkcna,page_view,2026-08-09 13:34:09.158Z,"{""from"": ""/de/questions/3o2fj1znev0krvz/proposals/ideas"", ""to"": ""/de/questions/3o2fj1znev0krvz/proposals/question""}",2026-08-09 13:34:09.139Z,3o2fj1znev0krvz,,,2026-08-09 13:34:09.158Z,de13859e1d6aea12
sg9fxf7p4zuth8t,page_view,2026-08-09 13:34:19.046Z,"{""from"": ""/de/questions/3o2fj1znev0krvz/proposals/question"", ""to"": ""/de/questions/3o2fj1znev0krvz/proposals/ideas""}",2026-08-09 13:34:19.010Z,3o2fj1znev0krvz,,,2026-08-09 13:34:19.046Z,de13859e1d6aea12
md0ry5zxidv2cxu,page_view,2026-08-09 13:43:09.956Z,"{""from"": ""/de/questions/3o2fj1znev0krvz/proposals/ideas"", ""to"": ""/de/questions/3o2fj1znev0krvz/proposals/question""}",2026-08-09 13:43:09.921Z,3o2fj1znev0krvz,,,2026-08-09 13:43:09.956Z,de13859e1d6aea12
3zqhk2gm3axrdn9,page_view,2026-08-09 13:43:10.144Z,"{""from"": ""/de/questions/3o2fj1znev0krvz/proposals/question"", ""to"": ""/de/questions/3o2fj1znev0krvz/proposals/question""}",2026-08-09 13:43:10.118Z,3o2fj1znev0krvz,,,2026-08-09 13:43:10.144Z,de13859e1d6aea12
3qc8mfe61gedqlj,page_view,2026-08-09 13:46:40.840Z,"{""from"": ""/de/questions/3o2fj1znev0krvz/proposals/ballot"", ""to"": ""/de/questions/3o2fj1znev0krvz/proposals/ideas""}",2026-08-09 13:46:40.817Z,3o2fj1znev0krvz,,,2026-08-09 13:46:40.840Z,de13859e1d6aea12
vrn21dar8sm8wee,page_view,2026-08-09 13:46:43.111Z,"{""from"": ""/de/questions/3o2fj1znev0krvz/proposals/ideas"", ""to"": ""/de/questions/3o2fj1znev0krvz/proposals/question""}",2026-08-09 13:46:43.085Z,3o2fj1znev0krvz,,,2026-08-09 13:46:43.111Z,de13859e1d6aea12
2y6a8fi6xzpcx6u,page_view,2026-08-09 15:49:35.795Z,"{""from"": ""/de/discourse"", ""to"": ""/de/questions/3o2fj1znev0krvz/proposals/question""}",2026-08-09 15:49:35.775Z,3o2fj1znev0krvz,,,2026-08-09 15:49:35.795Z,407be8b01d4ce342
h8sla4vq8tzj9g1,page_view,2026-08-09 15:49:38.622Z,"{""from"": ""/de/questions/3o2fj1znev0krvz/proposals/question"", ""to"": ""/de/questions/3o2fj1znev0krvz/proposals/ideas""}",2026-08-09 15:49:38.596Z,3o2fj1znev0krvz,,,2026-08-09 15:49:38.622Z,407be8b01d4ce342
ngat2f7ykcx6va9,proposal_view,2026-08-09 15:49:53.159Z,,2026-08-09 15:49:53.127Z,3o2fj1znev0krvz,,vee7zdpty5ijljm,2026-08-09 15:49:53.159Z,407be8b01d4ce342
bocjl4mf2wcnos9,page_view,2026-08-09 15:49:54.883Z,"{""from"": ""/de/questions/3o2fj1znev0krvz/proposals/subscriptions"", ""to"": ""/de/questions/3o2fj1znev0krvz/proposals/ideas""}",2026-08-09 15:49:54.857Z,3o2fj1znev0krvz,,,2026-08-09 15:49:54.883Z,407be8b01d4ce342
08ckn2c1l313f7r,subscribe,2026-08-09 15:49:58.593Z,,2026-08-09 15:49:58.592Z,3o2fj1znev0krvz,,d8last7n0bdbqme,2026-08-09 15:49:58.593Z,407be8b01d4ce342
4ht3ar4gr1xloq0,subscribe,2026-08-09 15:49:59.205Z,,2026-08-09 15:49:59.204Z,3o2fj1znev0krvz,,n8luy5w1pc5olz4,2026-08-09 15:49:59.205Z,407be8b01d4ce342
a8dmg97m5bieatr,unsubscribe,2026-08-09 15:50:02.541Z,,2026-08-09 15:50:02.540Z,3o2fj1znev0krvz,,n8luy5w1pc5olz4,2026-08-09 15:50:02.541Z,407be8b01d4ce342
ey4waers69a8zor,unsubscribe,2026-08-09 15:50:02.891Z,,2026-08-09 15:50:02.890Z,3o2fj1znev0krvz,,d8last7n0bdbqme,2026-08-09 15:50:02.891Z,407be8b01d4ce342
xmkh2q1uzwnqq1y,proposal_view,2026-08-09 15:50:11.897Z,,2026-08-09 15:50:11.868Z,3o2fj1znev0krvz,,d8last7n0bdbqme,2026-08-09 15:50:11.897Z,407be8b01d4ce342
r994imqwvrinnvc,page_view,2026-08-09 15:50:19.200Z,"{""from"": ""/de/questions/3o2fj1znev0krvz/proposals/ideas"", ""to"": ""/de/discourse""}",2026-08-09 15:50:19.178Z,3o2fj1znev0krvz,,,2026-08-09 15:50:19.200Z,407be8b01d4ce342
qxtsu7uubqcu4fa,tab_switch,2026-08-09 17:48:54.416Z,"{""state"": ""visible""}",2026-08-09 17:48:54.300Z,,,,2026-08-09 17:48:54.416Z,216bb226ec191993
x0i5rrq5fr83lcu,tab_switch,2026-08-09 17:49:00.527Z,"{""state"": ""visible""}",2026-08-09 17:49:00.419Z,,,,2026-08-09 17:49:00.527Z,216bb226ec191993
0iihf4g5q9e42av,proposal_view,2026-08-09 21:59:17.918Z,,2026-08-09 21:59:17.833Z,3o2fj1znev0krvz,,d8last7n0bdbqme,2026-08-09 21:59:17.918Z,407be8b01d4ce342
5bls4b1kbyuay4q,proposal_view,2026-08-09 21:59:17.949Z,,2026-08-09 21:59:17.844Z,3o2fj1znev0krvz,,d8last7n0bdbqme,2026-08-09 21:59:17.949Z,407be8b01d4ce342
o6ac3mn8i5oldur,page_view,2026-08-09 21:59:18.671Z,"{""from"": ""/de/questions/3o2fj1znev0krvz/proposals/d8last7n0bdbqme"", ""to"": ""/de/questions/3o2fj1znev0krvz/proposals/compare""}",2026-08-09 21:59:18.599Z,3o2fj1znev0krvz,,,2026-08-09 21:59:18.671Z,407be8b01d4ce342
v8e1zgpc4d7bd5d,page_view,2026-08-09 21:59:33.185Z,"{""from"": ""/de/questions/3o2fj1znev0krvz/proposals/compare"", ""to"": ""/de/discourse""}",2026-08-09 21:59:33.110Z,3o2fj1znev0krvz,,,2026-08-09 21:59:33.185Z,407be8b01d4ce342
f0pau7yg11ltloh,page_view,2026-08-09 21:59:36.446Z,"{""from"": ""/de/discourse"", ""to"": ""/de/questions/3o2fj1znev0krvz/proposals/question""}",2026-08-09 21:59:36.373Z,3o2fj1znev0krvz,,,2026-08-09 21:59:36.446Z,407be8b01d4ce342
djusbkekje0eczo,page_view,2026-08-09 21:59:37.828Z,"{""from"": ""/de/questions/3o2fj1znev0krvz/proposals/question"", ""to"": ""/de/questions/3o2fj1znev0krvz/proposals/ideas""}",2026-08-09 21:59:37.757Z,3o2fj1znev0krvz,,,2026-08-09 21:59:37.828Z,407be8b01d4ce342
zvow3739i5iae0s,proposal_view,2026-08-09 21:59:48.768Z,,2026-08-09 21:59:48.689Z,3o2fj1znev0krvz,,vee7zdpty5ijljm,2026-08-09 21:59:48.768Z,407be8b01d4ce342
kxike85agyrrtm7,page_view,2026-08-09 22:00:04.251Z,"{""from"": ""/de/questions/3o2fj1znev0krvz/proposals/ideas"", ""to"": ""/de/questions/3o2fj1znev0krvz/proposals/question""}",2026-08-09 22:00:04.175Z,3o2fj1znev0krvz,,,2026-08-09 22:00:04.251Z,407be8b01d4ce342
owwp3t0kx6w7g91,page_view,2026-08-09 22:00:05.610Z,"{""from"": ""/de/questions/3o2fj1znev0krvz/proposals/question"", ""to"": ""/de/groups/m5obm8bp0rbq043""}",2026-08-09 22:00:05.535Z,3o2fj1znev0krvz,,,2026-08-09 22:00:05.610Z,407be8b01d4ce342
fkt379ofe4j2z1v,page_view,2026-08-09 22:00:19.003Z,"{""from"": ""/de/groups/m5obm8bp0rbq043"", ""to"": ""/de/questions/3o2fj1znev0krvz/proposals/question""}",2026-08-09 22:00:18.909Z,3o2fj1znev0krvz,,,2026-08-09 22:00:19.003Z,407be8b01d4ce342
smvqzow47j594ve,page_view,2026-08-10 09:23:24.352Z,"{""from"": ""/de/register"", ""to"": ""/de/how-it-works""}",2026-08-10 09:23:24.217Z,,,,2026-08-10 09:23:24.352Z,6a4af8b5c50c45a9
5s23y6mgdx3a3zk,page_view,2026-08-10 09:23:58.194Z,"{""from"": ""/de/how-it-works"", ""to"": ""/de/discourse""}",2026-08-10 09:23:58.069Z,,,,2026-08-10 09:23:58.194Z,6a4af8b5c50c45a9
fwmvfaktfsyy4i6,page_view,2026-08-10 09:24:04.152Z,"{""from"": ""/de/discourse"", ""to"": ""/de/questions/3o2fj1znev0krvz/proposals/question""}",2026-08-10 09:24:03.998Z,3o2fj1znev0krvz,,,2026-08-10 09:24:04.152Z,6a4af8b5c50c45a9
34zgn8twhga97z8,feed_filter_change,2026-08-10 09:25:05.488Z,"{""selectedLabelId"": null, ""sortMode"": ""Newest""}",2026-08-10 09:25:05.368Z,,,,2026-08-10 09:25:05.488Z,6a4af8b5c50c45a9
hnre726x1m7syov,page_view,2026-08-10 09:25:05.499Z,"{""from"": ""/de/questions/3o2fj1znev0krvz/proposals/question"", ""to"": ""/de/questions/3o2fj1znev0krvz/proposals/ideas""}",2026-08-10 09:25:05.377Z,3o2fj1znev0krvz,,,2026-08-10 09:25:05.499Z,6a4af8b5c50c45a9
c58szzgn7co0fi0,proposal_view,2026-08-10 09:25:09.987Z,,2026-08-10 09:25:09.810Z,3o2fj1znev0krvz,,d8last7n0bdbqme,2026-08-10 09:25:09.987Z,6a4af8b5c50c45a9
ryxabmdieilbo1g,proposal_view,2026-08-10 09:26:21.445Z,,2026-08-10 09:26:21.327Z,3o2fj1znev0krvz,,n8luy5w1pc5olz4,2026-08-10 09:26:21.445Z,6a4af8b5c50c45a9
dnjannn79q3witn,page_view,2026-08-10 09:26:59.635Z,"{""from"": ""/de/questions/3o2fj1znev0krvz/proposals/ideas"", ""to"": ""/de/questions/3o2fj1znev0krvz/proposals/new""}",2026-08-10 09:26:59.519Z,3o2fj1znev0krvz,,,2026-08-10 09:26:59.635Z,6a4af8b5c50c45a9
xd7m9u0y8pf837o,page_view,2026-08-10 09:27:03.970Z,"{""from"": ""/de/questions/3o2fj1znev0krvz/proposals/new"", ""to"": ""/de/questions/3o2fj1znev0krvz/proposals/ideas""}",2026-08-10 09:27:03.791Z,3o2fj1znev0krvz,,,2026-08-10 09:27:03.970Z,6a4af8b5c50c45a9
bvno8258mksnl3j,proposal_view,2026-08-10 09:27:03.977Z,,2026-08-10 09:27:03.782Z,3o2fj1znev0krvz,,n8luy5w1pc5olz4,2026-08-10 09:27:03.977Z,6a4af8b5c50c45a9
jyd4l10cufbdggl,proposal_view,2026-08-10 09:27:11.322Z,,2026-08-10 09:27:11.129Z,3o2fj1znev0krvz,,rgjhcdyr8kdvxyz,2026-08-10 09:27:11.322Z,6a4af8b5c50c45a9
dwahrsa7tctn14j,proposal_view,2026-08-10 09:27:40.822Z,,2026-08-10 09:27:40.648Z,3o2fj1znev0krvz,,vee7zdpty5ijljm,2026-08-10 09:27:40.822Z,6a4af8b5c50c45a9
v8fqyq7tic7s711,proposal_view,2026-08-10 09:27:45.464Z,,2026-08-10 09:27:45.259Z,3o2fj1znev0krvz,,i7chbqu0hf4kc4s,2026-08-10 09:27:45.464Z,6a4af8b5c50c45a9
hzdz9n33grsq5xd,proposal_view,2026-08-10 09:28:03.530Z,,2026-08-10 09:28:03.318Z,3o2fj1znev0krvz,,rgjhcdyr8kdvxyz,2026-08-10 09:28:03.530Z,6a4af8b5c50c45a9
n9gcotyg354y1vb,proposal_view,2026-08-10 09:28:17.799Z,,2026-08-10 09:28:17.657Z,3o2fj1znev0krvz,,n8luy5w1pc5olz4,2026-08-10 09:28:17.799Z,6a4af8b5c50c45a9
2d0vghupwws1ffg,page_view,2026-08-10 09:28:56.774Z,"{""from"": ""/de/questions/3o2fj1znev0krvz/proposals/ideas"", ""to"": ""/de/discourse""}",2026-08-10 09:28:56.632Z,3o2fj1znev0krvz,,,2026-08-10 09:28:56.774Z,6a4af8b5c50c45a9
s26g8tse7i3slrf,page_view,2026-08-10 09:29:01.417Z,"{""from"": ""/de/discourse"", ""to"": ""/de/questions/76q0g006tjtp7gp/proposals/question""}",2026-08-10 09:29:01.235Z,76q0g006tjtp7gp,,,2026-08-10 09:29:01.417Z,6a4af8b5c50c45a9
v6lcbr26ho2dsjw,page_view,2026-08-10 09:29:37.536Z,"{""from"": ""/de/questions/76q0g006tjtp7gp/proposals/question"", ""to"": ""/de/questions/76q0g006tjtp7gp/proposals/ideas""}",2026-08-10 09:29:37.361Z,76q0g006tjtp7gp,,,2026-08-10 09:29:37.536Z,6a4af8b5c50c45a9
jdhwtffsmot0aa2,proposal_view,2026-08-10 09:29:38.675Z,,2026-08-10 09:29:38.513Z,76q0g006tjtp7gp,,xtsnw7ypbsms4jl,2026-08-10 09:29:38.675Z,6a4af8b5c50c45a9
mdcx45k4m95m1n5,proposal_view,2026-08-10 09:29:55.870Z,,2026-08-10 09:29:55.729Z,76q0g006tjtp7gp,,l6ue0ntwy9qo9p6,2026-08-10 09:29:55.870Z,6a4af8b5c50c45a9
bbnqrs0g0uo5u60,page_view,2026-08-10 14:41:08.632Z,"{""from"": ""/de/discourse"", ""to"": ""/de/questions/3o2fj1znev0krvz/proposals/question""}",2026-08-10 14:41:08.582Z,3o2fj1znev0krvz,,,2026-08-10 14:41:08.632Z,407be8b01d4ce342
xssgmg13n7o92w1,page_view,2026-08-10 14:41:10.065Z,"{""from"": ""/de/questions/3o2fj1znev0krvz/proposals/question"", ""to"": ""/de/questions/3o2fj1znev0krvz/proposals/ideas""}",2026-08-10 14:41:10.012Z,3o2fj1znev0krvz,,,2026-08-10 14:41:10.065Z,407be8b01d4ce342
be5uo4atx0e88xl,proposal_view,2026-08-10 14:41:12.558Z,,2026-08-10 14:41:12.506Z,3o2fj1znev0krvz,,d8last7n0bdbqme,2026-08-10 14:41:12.558Z,407be8b01d4ce342
xb37uk6sijzmytm,page_view,2026-08-10 14:41:18.499Z,"{""from"": ""/de/questions/3o2fj1znev0krvz/proposals/ideas"", ""to"": ""/de/questions/3o2fj1znev0krvz/proposals/compare""}",2026-08-10 14:41:18.445Z,3o2fj1znev0krvz,,,2026-08-10 14:41:18.499Z,407be8b01d4ce342
r75pv93qh6elwiy,proposal_view,2026-08-10 14:44:14.730Z,,2026-08-10 14:44:14.664Z,3o2fj1znev0krvz,,d8last7n0bdbqme,2026-08-10 14:44:14.730Z,407be8b01d4ce342
ess5pcgb91n3g32,page_view,2026-08-10 14:44:14.730Z,"{""from"": ""/de/questions/3o2fj1znev0krvz/proposals/compare"", ""to"": ""/de/questions/3o2fj1znev0krvz/proposals/ideas""}",2026-08-10 14:44:14.671Z,3o2fj1znev0krvz,,,2026-08-10 14:44:14.730Z,407be8b01d4ce342
4uigz5l7lyr2pvt,subscribe,2026-08-10 14:44:25.261Z,,2026-08-10 14:44:25.260Z,3o2fj1znev0krvz,,d8last7n0bdbqme,2026-08-10 14:44:25.261Z,407be8b01d4ce342
u9u6tzkbcib8184,proposal_view,2026-08-10 14:44:26.258Z,,2026-08-10 14:44:26.198Z,3o2fj1znev0krvz,,n8luy5w1pc5olz4,2026-08-10 14:44:26.258Z,407be8b01d4ce342
8gl6lbaep6rx1bw,page_view,2026-08-10 14:44:28.707Z,"{""from"": ""/de/questions/3o2fj1znev0krvz/proposals/subscriptions"", ""to"": ""/de/questions/3o2fj1znev0krvz/proposals/question""}",2026-08-10 14:44:28.659Z,3o2fj1znev0krvz,,,2026-08-10 14:44:28.707Z,407be8b01d4ce342
hxp8qosvshjcm2q,page_view,2026-08-10 14:44:31.510Z,"{""from"": ""/de/questions/3o2fj1znev0krvz/proposals/subscriptions"", ""to"": ""/de/questions/3o2fj1znev0krvz/proposals/subscriptions""}",2026-08-10 14:44:31.452Z,3o2fj1znev0krvz,,,2026-08-10 14:44:31.510Z,407be8b01d4ce342
yy1kl6whlpk7dl2,page_view,2026-08-10 14:44:34.504Z,"{""from"": ""/de/questions/3o2fj1znev0krvz/proposals/subscriptions"", ""to"": ""/de/questions/3o2fj1znev0krvz/proposals/question""}",2026-08-10 14:44:34.455Z,3o2fj1znev0krvz,,,2026-08-10 14:44:34.504Z,407be8b01d4ce342
eey9ap44v9d3ubk,page_view,2026-08-10 14:44:36.356Z,"{""from"": ""/de/questions/3o2fj1znev0krvz/proposals/question"", ""to"": ""/de/questions/3o2fj1znev0krvz/proposals/ideas""}",2026-08-10 14:44:36.302Z,3o2fj1znev0krvz,,,2026-08-10 14:44:36.356Z,407be8b01d4ce342
ff3x8ftr6e361yl,proposal_view,2026-08-10 14:44:46.419Z,,2026-08-10 14:44:46.363Z,3o2fj1znev0krvz,,rgjhcdyr8kdvxyz,2026-08-10 14:44:46.419Z,407be8b01d4ce342
xnehl4vaahkoepn,subscribe,2026-08-10 14:45:03.869Z,,2026-08-10 14:45:03.868Z,3o2fj1znev0krvz,,rgjhcdyr8kdvxyz,2026-08-10 14:45:03.869Z,407be8b01d4ce342
9j7jfzhx8k6vl2g,proposal_view,2026-08-10 14:45:08.720Z,,2026-08-10 14:45:08.668Z,3o2fj1znev0krvz,,i7chbqu0hf4kc4s,2026-08-10 14:45:08.720Z,407be8b01d4ce342
ro3rq0xe5twizr1,proposal_view,2026-08-10 14:45:36.606Z,,2026-08-10 14:45:36.549Z,3o2fj1znev0krvz,,n8luy5w1pc5olz4,2026-08-10 14:45:36.606Z,407be8b01d4ce342
068pbq4s13gve92,page_view,2026-08-10 14:46:06.824Z,"{""from"": ""/de/questions/3o2fj1znev0krvz/proposals/ideas"", ""to"": ""/de/questions/3o2fj1znev0krvz/proposals/question""}",2026-08-10 14:46:06.773Z,3o2fj1znev0krvz,,,2026-08-10 14:46:06.824Z,407be8b01d4ce342
72o779oqzreheid,page_view,2026-08-10 14:46:09.607Z,"{""from"": ""/de/questions/3o2fj1znev0krvz/proposals/question"", ""to"": ""/de/questions/3o2fj1znev0krvz/proposals/ideas""}",2026-08-10 14:46:09.556Z,3o2fj1znev0krvz,,,2026-08-10 14:46:09.607Z,407be8b01d4ce342
qmc1zi45wqj54je,proposal_view,2026-08-10 14:46:19.907Z,,2026-08-10 14:46:19.851Z,3o2fj1znev0krvz,,vee7zdpty5ijljm,2026-08-10 14:46:19.907Z,407be8b01d4ce342
c1r5l414hin39n3,page_view,2026-08-10 14:46:26.617Z,"{""from"": ""/de/questions/3o2fj1znev0krvz/proposals/subscriptions"", ""to"": ""/de/questions/3o2fj1znev0krvz/proposals/ideas""}",2026-08-10 14:46:26.551Z,3o2fj1znev0krvz,,,2026-08-10 14:46:26.617Z,407be8b01d4ce342
wbvlzcraoz7cxme,page_view,2026-08-10 15:31:41.002Z,"{""from"": ""/de/questions/3o2fj1znev0krvz/proposals/subscriptions"", ""to"": ""/de/questions/3o2fj1znev0krvz/proposals/compare""}",2026-08-10 15:31:40.964Z,3o2fj1znev0krvz,,,2026-08-10 15:31:41.002Z,407be8b01d4ce342
0lkv7jmy85fxaxr,page_view,2026-08-10 15:31:48.273Z,"{""from"": ""/de/questions/3o2fj1znev0krvz/proposals/subscriptions"", ""to"": ""/de/questions/3o2fj1znev0krvz/proposals/ideas""}",2026-08-10 15:31:48.233Z,3o2fj1znev0krvz,,,2026-08-10 15:31:48.273Z,407be8b01d4ce342
eh78qbo651k2qla,page_view,2026-08-10 19:33:26.345Z,"{""from"": ""/de/discourse"", ""to"": ""/de/questions/76q0g006tjtp7gp/proposals/question""}",2026-08-10 19:33:26.243Z,76q0g006tjtp7gp,,,2026-08-10 19:33:26.345Z,407be8b01d4ce342
thyumk2vmuuemj2,page_view,2026-08-10 19:33:40.598Z,"{""from"": ""/de/questions/76q0g006tjtp7gp/proposals/question"", ""to"": ""/de/discourse""}",2026-08-10 19:33:40.467Z,76q0g006tjtp7gp,,,2026-08-10 19:33:40.598Z,407be8b01d4ce342
8uavulhnaxg5pxq,page_view,2026-08-10 19:33:42.711Z,"{""from"": ""/de/discourse"", ""to"": ""/de/questions/3o2fj1znev0krvz/proposals/question""}",2026-08-10 19:33:42.611Z,3o2fj1znev0krvz,,,2026-08-10 19:33:42.711Z,407be8b01d4ce342
lsid6b72kvkm6e9,page_view,2026-08-10 19:33:47.199Z,"{""from"": ""/de/questions/3o2fj1znev0krvz/proposals/question"", ""to"": ""/de/questions/3o2fj1znev0krvz/proposals/ideas""}",2026-08-10 19:33:47.025Z,3o2fj1znev0krvz,,,2026-08-10 19:33:47.199Z,407be8b01d4ce342
gtslaxg16t1me4n,proposal_view,2026-08-10 19:33:52.400Z,,2026-08-10 19:33:52.262Z,3o2fj1znev0krvz,,vee7zdpty5ijljm,2026-08-10 19:33:52.400Z,407be8b01d4ce342
zui5zbg6vppqrpw,proposal_view,2026-08-10 19:34:01.313Z,,2026-08-10 19:34:01.196Z,3o2fj1znev0krvz,,d8last7n0bdbqme,2026-08-10 19:34:01.313Z,407be8b01d4ce342
49gzzftr62tbn22,page_view,2026-08-10 19:34:04.637Z,"{""from"": ""/de/questions/3o2fj1znev0krvz/proposals/subscriptions"", ""to"": ""/de/questions/3o2fj1znev0krvz/proposals/compare""}",2026-08-10 19:34:04.497Z,3o2fj1znev0krvz,,,2026-08-10 19:34:04.637Z,407be8b01d4ce342
m83dayhrepj6hi5,proposal_view,2026-08-10 19:34:10.000Z,,2026-08-10 19:34:09.838Z,3o2fj1znev0krvz,,d8last7n0bdbqme,2026-08-10 19:34:10.000Z,407be8b01d4ce342
0svzegham38j55i,page_view,2026-08-11 05:40:44.361Z,"{""from"": ""/de/questions/3o2fj1znev0krvz/proposals/subscriptions"", ""to"": ""/de/questions/3o2fj1znev0krvz/proposals/ideas""}",2026-08-11 05:40:44.289Z,3o2fj1znev0krvz,,,2026-08-11 05:40:44.361Z,407be8b01d4ce342
ccqf338w1uoorpe,page_view,2026-08-11 05:40:45.590Z,"{""from"": ""/de/questions/3o2fj1znev0krvz/proposals/ideas"", ""to"": ""/de/questions/3o2fj1znev0krvz/proposals/question""}",2026-08-11 05:40:45.544Z,3o2fj1znev0krvz,,,2026-08-11 05:40:45.590Z,407be8b01d4ce342
aint631gos7ofig,page_view,2026-08-11 05:40:45.792Z,"{""from"": ""/de/questions/3o2fj1znev0krvz/proposals/question"", ""to"": ""/de/questions/3o2fj1znev0krvz/proposals/question""}",2026-08-11 05:40:45.748Z,3o2fj1znev0krvz,,,2026-08-11 05:40:45.792Z,407be8b01d4ce342
mjrz9g7prczr62s,page_view,2026-08-11 05:40:50.590Z,"{""from"": ""/de/questions/3o2fj1znev0krvz/proposals/question"", ""to"": ""/de/questions/3o2fj1znev0krvz/proposals/ideas""}",2026-08-11 05:40:50.535Z,3o2fj1znev0krvz,,,2026-08-11 05:40:50.590Z,407be8b01d4ce342
ujm6cbbmvof17bk,page_view,2026-08-11 06:54:24.114Z,"{""to"": ""/de/questions/3o2fj1znev0krvz/proposals/question""}",2026-08-11 06:54:24.078Z,3o2fj1znev0krvz,,,2026-08-11 06:54:24.114Z,de13859e1d6aea12
sfz8ytup9gyksxl,page_view,2026-08-11 08:30:08.425Z,"{""from"": ""/de/questions/3o2fj1znev0krvz/proposals/question"", ""to"": ""/de/questions/3o2fj1znev0krvz/proposals/question""}",2026-08-11 08:30:08.364Z,3o2fj1znev0krvz,,,2026-08-11 08:30:08.425Z,de13859e1d6aea12
33yqvw7ma8fgqak,page_view,2026-08-11 08:30:11.820Z,"{""from"": ""/de/questions/3o2fj1znev0krvz/proposals/question"", ""to"": ""/de/groups/m5obm8bp0rbq043""}",2026-08-11 08:30:11.772Z,3o2fj1znev0krvz,,,2026-08-11 08:30:11.820Z,de13859e1d6aea12
e8am23iley22u4l,page_view,2026-08-11 08:30:23.301Z,"{""from"": ""/de/groups/m5obm8bp0rbq043"", ""to"": ""/de/questions/3o2fj1znev0krvz/proposals/question""}",2026-08-11 08:30:23.286Z,3o2fj1znev0krvz,,,2026-08-11 08:30:23.301Z,de13859e1d6aea12
3gpkt4cji8187x5,page_view,2026-08-11 08:30:31.095Z,"{""from"": ""/de/questions/3o2fj1znev0krvz/proposals/question"", ""to"": ""/de/discourse""}",2026-08-11 08:30:31.040Z,3o2fj1znev0krvz,,,2026-08-11 08:30:31.095Z,de13859e1d6aea12
3e2invm14xrtinq,page_view,2026-08-11 08:30:33.732Z,"{""from"": ""/de/discourse"", ""to"": ""/de/questions/76q0g006tjtp7gp/proposals/question""}",2026-08-11 08:30:33.654Z,76q0g006tjtp7gp,,,2026-08-11 08:30:33.732Z,de13859e1d6aea12
udec2rvt4qxhtyb,page_view,2026-08-11 08:30:34.863Z,"{""from"": ""/de/questions/76q0g006tjtp7gp/proposals/question"", ""to"": ""/de/groups/m5obm8bp0rbq043""}",2026-08-11 08:30:34.803Z,76q0g006tjtp7gp,,,2026-08-11 08:30:34.863Z,de13859e1d6aea12
xuojhzt2kcuz2gj,page_view,2026-08-11 08:30:41.452Z,"{""from"": ""/de/groups/m5obm8bp0rbq043"", ""to"": ""/de/questions/76q0g006tjtp7gp/proposals/question""}",2026-08-11 08:30:41.434Z,76q0g006tjtp7gp,,,2026-08-11 08:30:41.452Z,de13859e1d6aea12
212q7w9ywpk2gsa,page_view,2026-08-11 11:00:27.707Z,"{""from"": ""/de/discourse"", ""to"": ""/de/questions/3o2fj1znev0krvz/proposals/question""}",2026-08-11 11:00:27.712Z,3o2fj1znev0krvz,,,2026-08-11 11:00:27.707Z,407be8b01d4ce342
39bnord2jryj24h,page_view,2026-08-11 11:00:29.223Z,"{""from"": ""/de/questions/3o2fj1znev0krvz/proposals/question"", ""to"": ""/de/questions/3o2fj1znev0krvz/proposals/ideas""}",2026-08-11 11:00:29.260Z,3o2fj1znev0krvz,,,2026-08-11 11:00:29.223Z,407be8b01d4ce342
mpaspcr9oi43to8,page_view,2026-08-11 14:06:19.516Z,"{""from"": ""/de/questions/3o2fj1znev0krvz/proposals/subscriptions"", ""to"": ""/de/questions/3o2fj1znev0krvz/proposals/ideas""}",2026-08-11 14:06:19.339Z,3o2fj1znev0krvz,,,2026-08-11 14:06:19.516Z,407be8b01d4ce342
idmghux89q2gki0,page_view,2026-08-11 14:06:20.358Z,"{""from"": ""/de/questions/3o2fj1znev0krvz/proposals/ideas"", ""to"": ""/de/questions/3o2fj1znev0krvz/proposals/question""}",2026-08-11 14:06:20.225Z,3o2fj1znev0krvz,,,2026-08-11 14:06:20.358Z,407be8b01d4ce342
fkuw8ckokums17y,feed_filter_change,2026-08-12 11:22:21.121Z,"{""selectedLabelId"": null, ""sortMode"": ""Newest""}",2026-08-12 11:22:22.139Z,,,,2026-08-12 11:22:21.121Z,216bb226ec191993
q9ybq3vlej9ie09,session_start,2026-08-12 11:22:21.129Z,"{""isMobile"": false, ""screenHeight"": 844, ""screenWidth"": 1440, ""userAgent"": ""Mozilla/5.0 (Windows NT 10.0; Win64; x64) AppleWebKit/537.36 (KHTML, like Gecko) Chrome/151.0.0.0 Safari/537.36""}",2026-08-12 11:22:22.147Z,,,,2026-08-12 11:22:21.129Z,216bb226ec191993
to5cgigqzwii6ru,page_view,2026-08-12 11:22:21.132Z,"{""to"": ""/de/questions/76q0g006tjtp7gp/proposals/ideas""}",2026-08-12 11:22:22.151Z,76q0g006tjtp7gp,,,2026-08-12 11:22:21.132Z,216bb226ec191993
nft26xpmo6ay88i,proposal_view,2026-08-12 11:22:37.333Z,,2026-08-12 11:22:38.322Z,76q0g006tjtp7gp,,xtsnw7ypbsms4jl,2026-08-12 11:22:37.333Z,216bb226ec191993
a374wlak3fk4j0f,compare_open,2026-08-12 11:22:46.181Z,"{""pool_size"": 2, ""proposal_ids"": [""xtsnw7ypbsms4jl"", ""l6ue0ntwy9qo9p6""]}",2026-08-12 11:22:47.197Z,,,,2026-08-12 11:22:46.181Z,216bb226ec191993
367781ys45a0rcp,page_view,2026-08-12 11:22:46.268Z,"{""from"": ""/de/questions/76q0g006tjtp7gp/proposals/ideas"", ""to"": ""/de/questions/76q0g006tjtp7gp/proposals/compare""}",2026-08-12 11:22:47.287Z,76q0g006tjtp7gp,,,2026-08-12 11:22:46.268Z,216bb226ec191993
s17v769qeqdc25t,proposal_view,2026-08-12 11:23:16.956Z,,2026-08-12 11:23:17.969Z,76q0g006tjtp7gp,,xtsnw7ypbsms4jl,2026-08-12 11:23:16.956Z,216bb226ec191993
zhae3mkjgep9cs4,page_view,2026-08-12 11:23:16.960Z,"{""from"": ""/de/questions/76q0g006tjtp7gp/proposals/compare"", ""to"": ""/de/questions/76q0g006tjtp7gp/proposals/ideas""}",2026-08-12 11:23:17.977Z,76q0g006tjtp7gp,,,2026-08-12 11:23:16.960Z,216bb226ec191993
t0jeb70xsm4zu52,proposal_view,2026-08-12 11:23:25.938Z,,2026-08-12 11:23:26.947Z,76q0g006tjtp7gp,,l6ue0ntwy9qo9p6,2026-08-12 11:23:25.938Z,216bb226ec191993
va3wgo6hdyb6jhw,tab_switch,2026-08-12 11:24:32.932Z,"{""state"": ""visible""}",2026-08-12 11:24:33.903Z,,,,2026-08-12 11:24:32.932Z,216bb226ec191993
q1vb4feawx1xpap,tab_switch,2026-08-12 11:24:53.022Z,"{""state"": ""visible""}",2026-08-12 11:24:54.001Z,,,,2026-08-12 11:24:53.022Z,216bb226ec191993
csrjfws1ji5us3j,tab_switch,2026-08-12 12:01:58.054Z,"{""state"": ""visible""}",2026-08-12 12:01:59.027Z,,,,2026-08-12 12:01:58.054Z,216bb226ec191993
0wnf2hmrlnd66sx,proposal_view,2026-08-12 12:02:16.825Z,,2026-08-12 12:02:17.839Z,76q0g006tjtp7gp,,xtsnw7ypbsms4jl,2026-08-12 12:02:16.825Z,216bb226ec191993
83vwnbqfdc4rpyb,proposal_view,2026-08-12 12:02:32.544Z,,2026-08-12 12:02:33.561Z,76q0g006tjtp7gp,,xtsnw7ypbsms4jl,2026-08-12 12:02:32.544Z,216bb226ec191993
sil8801vhwvzwmk,tab_switch,2026-08-12 12:35:22.256Z,"{""state"": ""visible""}",2026-08-12 12:35:21.690Z,,,,2026-08-12 12:35:22.256Z,216bb226ec191993
vy6x6twz58krxqd,tab_switch,2026-08-12 12:35:26.648Z,"{""state"": ""visible""}",2026-08-12 12:35:25.824Z,,,,2026-08-12 12:35:26.648Z,216bb226ec191993
l1dyf418cjtd0tc,page_view,2026-08-12 14:37:20.760Z,"{""from"": ""/de/discourse"", ""to"": ""/de/questions/3o2fj1znev0krvz/proposals/question""}",2026-08-12 14:37:20.682Z,3o2fj1znev0krvz,,,2026-08-12 14:37:20.760Z,407be8b01d4ce342
ooxr3gx4i8xj21q,page_view,2026-08-12 14:37:22.062Z,"{""from"": ""/de/questions/3o2fj1znev0krvz/proposals/question"", ""to"": ""/de/questions/3o2fj1znev0krvz/proposals/ideas""}",2026-08-12 14:37:21.980Z,3o2fj1znev0krvz,,,2026-08-12 14:37:22.062Z,407be8b01d4ce342
pbda3e1iyg1leqp,tab_switch,2026-08-12 15:01:58.457Z,"{""state"": ""visible""}",2026-08-12 15:01:59.458Z,,,,2026-08-12 15:01:58.457Z,216bb226ec191993
x7ehi30qaiwfjsj,compare_remove,2026-08-12 15:02:08.954Z,"{""pool_size"": 1}",2026-08-12 15:02:09.985Z,,,xtsnw7ypbsms4jl,2026-08-12 15:02:08.954Z,216bb226ec191993
34quol1nfl6dpbh,compare_add,2026-08-12 15:02:13.195Z,"{""pool_size"": 2}",2026-08-12 15:02:14.223Z,76q0g006tjtp7gp,,xtsnw7ypbsms4jl,2026-08-12 15:02:13.195Z,216bb226ec191993
2os672gdyp7gik0,compare_remove,2026-08-12 15:02:14.123Z,"{""pool_size"": 1}",2026-08-12 15:02:15.154Z,,,xtsnw7ypbsms4jl,2026-08-12 15:02:14.123Z,216bb226ec191993
8com8qwcjww84bz,compare_remove,2026-08-12 15:03:03.037Z,"{""pool_size"": 0}",2026-08-12 15:03:04.071Z,,,l6ue0ntwy9qo9p6,2026-08-12 15:03:03.037Z,216bb226ec191993
dw72qsbgkthifv2,page_view,2026-08-12 15:08:17.625Z,"{""from"": ""/de/questions/3o2fj1znev0krvz/proposals/ideas"", ""to"": ""/de/questions/3o2fj1znev0krvz/proposals/question""}",2026-08-12 15:08:17.610Z,3o2fj1znev0krvz,,,2026-08-12 15:08:17.625Z,407be8b01d4ce342
ks3bw40kzykfsl5,page_view,2026-08-12 15:08:19.422Z,"{""from"": ""/de/questions/3o2fj1znev0krvz/proposals/question"", ""to"": ""/de/groups/m5obm8bp0rbq043""}",2026-08-12 15:08:19.384Z,3o2fj1znev0krvz,,,2026-08-12 15:08:19.422Z,407be8b01d4ce342
zpgi4i1kbj4v6a8,tab_switch,2026-08-12 15:09:30.314Z,"{""state"": ""visible""}",2026-08-12 15:09:30.732Z,,,,2026-08-12 15:09:30.314Z,216bb226ec191993
t476aynqk93nkyk,tab_switch,2026-08-12 15:18:27.857Z,"{""state"": ""visible""}",2026-08-12 15:18:26.704Z,,,,2026-08-12 15:18:27.857Z,216bb226ec191993
07zfxybgpi1b2yk,proposal_view,2026-08-12 15:18:29.265Z,,2026-08-12 15:18:30.294Z,76q0g006tjtp7gp,,xtsnw7ypbsms4jl,2026-08-12 15:18:29.265Z,216bb226ec191993
2mm7in38536qfko,subscribe,2026-08-12 15:24:49.342Z,,2026-08-12 15:24:49.342Z,76q0g006tjtp7gp,,z5ovabzo2syrqbj,2026-08-12 15:24:49.342Z,216bb226ec191993
8slvygso7c5azuj,remix_singular,2026-08-12 15:24:49.350Z,,2026-08-12 15:24:49.332Z,76q0g006tjtp7gp,,z5ovabzo2syrqbj,2026-08-12 15:24:49.350Z,216bb226ec191993
i203w7pngs4cqqh,proposal_view,2026-08-12 15:24:49.575Z,,2026-08-12 15:24:50.597Z,76q0g006tjtp7gp,,z5ovabzo2syrqbj,2026-08-12 15:24:49.575Z,216bb226ec191993
c4eejii4du9di1l,proposal_view,2026-08-12 15:24:49.588Z,,2026-08-12 15:24:50.603Z,76q0g006tjtp7gp,,z5ovabzo2syrqbj,2026-08-12 15:24:49.588Z,216bb226ec191993
mynv0y4lc7aq6l0,page_view,2026-08-12 15:24:49.592Z,"{""from"": ""/de/questions/76q0g006tjtp7gp/proposals/ideas"", ""to"": ""/de/questions/76q0g006tjtp7gp/proposals/z5ovabzo2syrqbj""}",2026-08-12 15:24:50.616Z,76q0g006tjtp7gp,,,2026-08-12 15:24:49.592Z,216bb226ec191993
kxl6go7luqo7sos,proposal_view,2026-08-12 15:24:52.228Z,,2026-08-12 15:24:53.259Z,76q0g006tjtp7gp,,xtsnw7ypbsms4jl,2026-08-12 15:24:52.228Z,216bb226ec191993
ygw8bhrxy8243no,subscribe,2026-08-12 15:26:01.636Z,,2026-08-12 15:26:01.635Z,76q0g006tjtp7gp,,yuk7erdsr4l9gbd,2026-08-12 15:26:01.636Z,216bb226ec191993
w4ju3s2kr6tdtv7,remix_singular,2026-08-12 15:26:01.641Z,,2026-08-12 15:26:01.632Z,76q0g006tjtp7gp,,yuk7erdsr4l9gbd,2026-08-12 15:26:01.641Z,216bb226ec191993
ilz5n6yd51gio21,proposal_view,2026-08-12 15:26:01.745Z,,2026-08-12 15:26:02.777Z,76q0g006tjtp7gp,,z5ovabzo2syrqbj,2026-08-12 15:26:01.745Z,216bb226ec191993
c8whrpits87d86e,proposal_view,2026-08-12 15:26:01.800Z,,2026-08-12 15:26:02.832Z,76q0g006tjtp7gp,,yuk7erdsr4l9gbd,2026-08-12 15:26:01.800Z,216bb226ec191993
8fbtukn0r0r6i4b,page_view,2026-08-12 15:26:01.810Z,"{""from"": ""/de/questions/76q0g006tjtp7gp/proposals/z5ovabzo2syrqbj"", ""to"": ""/de/questions/76q0g006tjtp7gp/proposals/yuk7erdsr4l9gbd""}",2026-08-12 15:26:02.844Z,76q0g006tjtp7gp,,,2026-08-12 15:26:01.810Z,216bb226ec191993
l5wkiw35arph1gr,proposal_view,2026-08-12 15:26:01.813Z,,2026-08-12 15:26:02.839Z,76q0g006tjtp7gp,,yuk7erdsr4l9gbd,2026-08-12 15:26:01.813Z,216bb226ec191993
jxz55gizh81it15,proposal_view,2026-08-12 15:26:26.957Z,,2026-08-12 15:26:27.991Z,76q0g006tjtp7gp,,z5ovabzo2syrqbj,2026-08-12 15:26:26.957Z,216bb226ec191993
dxz9xsbphkxgrow,proposal_view,2026-08-12 15:26:26.970Z,,2026-08-12 15:26:27.997Z,76q0g006tjtp7gp,,xtsnw7ypbsms4jl,2026-08-12 15:26:26.970Z,216bb226ec191993
nxqq4h591mjtrc4,page_view,2026-08-12 15:26:26.977Z,"{""from"": ""/de/questions/76q0g006tjtp7gp/proposals/yuk7erdsr4l9gbd"", ""to"": ""/de/questions/76q0g006tjtp7gp/proposals/z5ovabzo2syrqbj""}",2026-08-12 15:26:28.008Z,76q0g006tjtp7gp,,,2026-08-12 15:26:26.977Z,216bb226ec191993
1h2yujijkn69vlb,subscribe,2026-08-12 15:26:33.437Z,,2026-08-12 15:26:33.435Z,76q0g006tjtp7gp,,l6ue0ntwy9qo9p6,2026-08-12 15:26:33.437Z,216bb226ec191993
imor5jcx0pkzlme,proposal_view,2026-08-12 15:26:36.544Z,,2026-08-12 15:26:37.575Z,76q0g006tjtp7gp,,l6ue0ntwy9qo9p6,2026-08-12 15:26:36.544Z,216bb226ec191993
4f9px5e3nqxzat6,proposal_view,2026-08-12 15:26:45.861Z,,2026-08-12 15:26:46.895Z,76q0g006tjtp7gp,,xtsnw7ypbsms4jl,2026-08-12 15:26:45.861Z,216bb226ec191993
mc0qqm60ecgxz5a,proposal_view,2026-08-12 15:26:48.808Z,,2026-08-12 15:26:49.840Z,76q0g006tjtp7gp,,z5ovabzo2syrqbj,2026-08-12 15:26:48.808Z,216bb226ec191993
zink5p5s8di75bk,page_view,2026-08-12 15:26:51.632Z,"{""from"": ""/de/questions/76q0g006tjtp7gp/proposals/z5ovabzo2syrqbj"", ""to"": ""/de/groups""}",2026-08-12 15:26:52.658Z,76q0g006tjtp7gp,,,2026-08-12 15:26:51.632Z,216bb226ec191993
z7i9tofjrizy0st,page_view,2026-08-12 15:26:53.309Z,"{""from"": ""/de/groups"", ""to"": ""/de/groups/m5obm8bp0rbq043""}",2026-08-12 15:26:54.346Z,76q0g006tjtp7gp,,,2026-08-12 15:26:53.309Z,216bb226ec191993
fjix6mqp83rji5u,page_view,2026-08-12 15:27:08.707Z,"{""from"": ""/de/groups/m5obm8bp0rbq043"", ""to"": ""/de/questions/3o2fj1znev0krvz/proposals/question""}",2026-08-12 15:27:09.743Z,3o2fj1znev0krvz,,,2026-08-12 15:27:08.707Z,216bb226ec191993
0gh81wpa2scj2kv,page_view,2026-08-12 15:27:23.856Z,"{""from"": ""/de/questions/3o2fj1znev0krvz/proposals/question"", ""to"": ""/de/questions/3o2fj1znev0krvz/proposals/ideas""}",2026-08-12 15:27:24.889Z,3o2fj1znev0krvz,,,2026-08-12 15:27:23.856Z,216bb226ec191993
566awknh837qx34,proposal_view,2026-08-12 15:27:36.509Z,,2026-08-12 15:27:37.542Z,3o2fj1znev0krvz,,vee7zdpty5ijljm,2026-08-12 15:27:36.509Z,216bb226ec191993
rsqht3yixmkr96j,proposal_view,2026-08-12 15:27:45.126Z,,2026-08-12 15:27:46.156Z,3o2fj1znev0krvz,,d8last7n0bdbqme,2026-08-12 15:27:45.126Z,216bb226ec191993
6cdajpusvi62j41,proposal_view,2026-08-12 15:28:38.506Z,,2026-08-12 15:28:39.513Z,3o2fj1znev0krvz,,vee7zdpty5ijljm,2026-08-12 15:28:38.506Z,216bb226ec191993
y2uju7ksxaj7e6h,proposal_view,2026-08-12 15:28:51.996Z,,2026-08-12 15:28:53.022Z,3o2fj1znev0krvz,,n8luy5w1pc5olz4,2026-08-12 15:28:51.996Z,216bb226ec191993
js6k6jmwpem1mh9,proposal_view,2026-08-12 15:29:01.625Z,,2026-08-12 15:29:02.652Z,3o2fj1znev0krvz,,rgjhcdyr8kdvxyz,2026-08-12 15:29:01.625Z,216bb226ec191993
olcwzb5r8v9s2w4,proposal_view,2026-08-12 15:29:09.781Z,,2026-08-12 15:29:10.804Z,3o2fj1znev0krvz,,rgjhcdyr8kdvxyz,2026-08-12 15:29:09.781Z,216bb226ec191993
099b8eg1fnx0alw,proposal_view,2026-08-12 15:29:17.256Z,,2026-08-12 15:29:18.287Z,3o2fj1znev0krvz,,n8luy5w1pc5olz4,2026-08-12 15:29:17.256Z,216bb226ec191993
3ioew9dnn7f7gc7,proposal_view,2026-08-12 15:29:34.380Z,,2026-08-12 15:29:35.400Z,3o2fj1znev0krvz,,i7chbqu0hf4kc4s,2026-08-12 15:29:34.380Z,216bb226ec191993
13v5ovy7xqb1o6f,proposal_view,2026-08-12 15:29:58.821Z,,2026-08-12 15:29:59.856Z,3o2fj1znev0krvz,,d8last7n0bdbqme,2026-08-12 15:29:58.821Z,216bb226ec191993
vuw3bsdqu7hl2fi,proposal_view,2026-08-12 15:30:13.610Z,,2026-08-12 15:30:14.643Z,3o2fj1znev0krvz,,d8last7n0bdbqme,2026-08-12 15:30:13.610Z,216bb226ec191993
nbuknub5vc2vlpk,proposal_view,2026-08-12 15:31:39.619Z,,2026-08-12 15:31:40.648Z,3o2fj1znev0krvz,,d8last7n0bdbqme,2026-08-12 15:31:39.619Z,216bb226ec191993
uz9uecpu8mm173n,proposal_view,2026-08-12 15:31:53.101Z,,2026-08-12 15:31:54.126Z,3o2fj1znev0krvz,,n8luy5w1pc5olz4,2026-08-12 15:31:53.101Z,216bb226ec191993
awwy1yeavcd7s1m,proposal_view,2026-08-12 15:32:11.964Z,,2026-08-12 15:32:12.995Z,3o2fj1znev0krvz,,i7chbqu0hf4kc4s,2026-08-12 15:32:11.964Z,216bb226ec191993
yxpuvj4d0hqwebu,proposal_view,2026-08-12 15:32:35.201Z,,2026-08-12 15:32:36.233Z,3o2fj1znev0krvz,,d8last7n0bdbqme,2026-08-12 15:32:35.201Z,216bb226ec191993
8x39lf04nc6g5wf,proposal_view,2026-08-12 15:33:52.606Z,,2026-08-12 15:33:53.638Z,3o2fj1znev0krvz,,d8last7n0bdbqme,2026-08-12 15:33:52.606Z,216bb226ec191993
64s0p1zogbetb6p,proposal_view,2026-08-12 15:35:14.067Z,,2026-08-12 15:35:15.091Z,3o2fj1znev0krvz,,n8luy5w1pc5olz4,2026-08-12 15:35:14.067Z,216bb226ec191993
d2h9z2wzpb81v9o,tab_switch,2026-08-13 09:47:24.734Z,"{""state"": ""visible""}",2026-08-13 09:47:24.660Z,,,,2026-08-13 09:47:24.734Z,216bb226ec191993
6xvjyan3afs9ufw,proposal_view,2026-08-13 09:47:29.212Z,,2026-08-13 09:47:29.193Z,3o2fj1znev0krvz,,n8luy5w1pc5olz4,2026-08-13 09:47:29.212Z,216bb226ec191993
zhwfuagyi6xzc4h,proposal_view,2026-08-13 09:47:44.846Z,,2026-08-13 09:47:44.409Z,3o2fj1znev0krvz,,n8luy5w1pc5olz4,2026-08-13 09:47:44.846Z,216bb226ec191993
zzhnpetlf75eho2,proposal_view,2026-08-13 09:47:47.318Z,,2026-08-13 09:47:47.297Z,3o2fj1znev0krvz,,d8last7n0bdbqme,2026-08-13 09:47:47.318Z,216bb226ec191993
swlsjjcx6zfrhuj,feed_filter_change,2026-08-13 09:52:35.861Z,"{""selectedLabelId"": null, ""sortMode"": ""Newest""}",2026-08-13 09:52:35.802Z,,,,2026-08-13 09:52:35.861Z,216bb226ec191993
3j6p2kjamox59pn,session_start,2026-08-13 09:52:35.910Z,"{""isMobile"": false, ""screenHeight"": 844, ""screenWidth"": 1440, ""userAgent"": ""Mozilla/5.0 (Windows NT 10.0; Win64; x64) AppleWebKit/537.36 (KHTML, like Gecko) Chrome/151.0.0.0 Safari/537.36""}",2026-08-13 09:52:35.868Z,,,,2026-08-13 09:52:35.910Z,216bb226ec191993
m19kvtosl3g7hn4,page_view,2026-08-13 09:52:36.195Z,"{""to"": ""/de/questions/3o2fj1znev0krvz/proposals/ideas""}",2026-08-13 09:52:36.155Z,3o2fj1znev0krvz,,,2026-08-13 09:52:36.195Z,216bb226ec191993
t8lmbyxwjdijaqv,page_view,2026-08-13 09:52:49.860Z,"{""from"": ""/de/discourse"", ""to"": ""/de/questions/3o2fj1znev0krvz/proposals/question""}",2026-08-13 09:52:49.838Z,3o2fj1znev0krvz,,,2026-08-13 09:52:49.860Z,407be8b01d4ce342
cftqz58fdxs44jt,page_view,2026-08-13 09:52:50.888Z,"{""from"": ""/de/questions/3o2fj1znev0krvz/proposals/question"", ""to"": ""/de/groups/m5obm8bp0rbq043""}",2026-08-13 09:52:50.864Z,3o2fj1znev0krvz,,,2026-08-13 09:52:50.888Z,407be8b01d4ce342
754u037bpllwbiw,page_view,2026-08-13 09:52:58.493Z,"{""from"": ""/de/groups/m5obm8bp0rbq043"", ""to"": ""/de/discourse""}",2026-08-13 09:52:58.469Z,3o2fj1znev0krvz,,,2026-08-13 09:52:58.493Z,407be8b01d4ce342
5hrck4us740d4y0,page_view,2026-08-13 09:53:14.717Z,"{""from"": ""/de/questions/3o2fj1znev0krvz/proposals/ideas"", ""to"": ""/de/groups""}",2026-08-13 09:53:14.674Z,3o2fj1znev0krvz,,,2026-08-13 09:53:14.717Z,216bb226ec191993
lliavqbt6m2bi7t,page_view,2026-08-13 09:53:16.131Z,"{""from"": ""/de/groups"", ""to"": ""/de/groups/m5obm8bp0rbq043""}",2026-08-13 09:53:16.081Z,3o2fj1znev0krvz,,,2026-08-13 09:53:16.131Z,216bb226ec191993
tlmxmmdg3rprhx8,page_view,2026-08-13 09:53:18.242Z,"{""from"": ""/de/groups/m5obm8bp0rbq043"", ""to"": ""/de/questions/76q0g006tjtp7gp/proposals/question""}",2026-08-13 09:53:18.198Z,76q0g006tjtp7gp,,,2026-08-13 09:53:18.242Z,216bb226ec191993
belma3wlflfnsug,page_view,2026-08-13 09:53:20.829Z,"{""from"": ""/de/questions/76q0g006tjtp7gp/proposals/question"", ""to"": ""/de/questions/76q0g006tjtp7gp/proposals/ideas""}",2026-08-13 09:53:20.779Z,76q0g006tjtp7gp,,,2026-08-13 09:53:20.829Z,216bb226ec191993
yaxeup6cngh9d93,proposal_view,2026-08-13 09:53:26.364Z,,2026-08-13 09:53:26.307Z,76q0g006tjtp7gp,,yuk7erdsr4l9gbd,2026-08-13 09:53:26.364Z,216bb226ec191993
f70ap6b7ygh7kit,page_view,2026-08-13 09:53:53.296Z,"{""from"": ""/de/questions/76q0g006tjtp7gp/proposals/ideas"", ""to"": ""/de/discourse""}",2026-08-13 09:53:53.265Z,76q0g006tjtp7gp,,,2026-08-13 09:53:53.296Z,216bb226ec191993
xpfwj9mpg3si2du,page_view,2026-08-13 09:53:55.037Z,"{""from"": ""/de/discourse"", ""to"": ""/de/questions/3o2fj1znev0krvz/proposals/question""}",2026-08-13 09:53:54.999Z,3o2fj1znev0krvz,,,2026-08-13 09:53:55.037Z,216bb226ec191993
ossodbi43yv1kbr,page_view,2026-08-13 09:54:43.283Z,"{""from"": ""/de/questions/3o2fj1znev0krvz/proposals/question"", ""to"": ""/de/questions/3o2fj1znev0krvz/proposals/ideas""}",2026-08-13 09:54:43.232Z,3o2fj1znev0krvz,,,2026-08-13 09:54:43.283Z,216bb226ec191993
igld3ko644bh392,page_view,2026-08-13 09:54:50.534Z,"{""from"": ""/de/questions/3o2fj1znev0krvz/proposals/ideas"", ""to"": ""/de/groups""}",2026-08-13 09:54:50.467Z,3o2fj1znev0krvz,,,2026-08-13 09:54:50.534Z,216bb226ec191993
20ux24gbvamte9u,page_view,2026-08-13 09:54:52.795Z,"{""from"": ""/de/groups"", ""to"": ""/de/groups/m5obm8bp0rbq043""}",2026-08-13 09:54:52.727Z,3o2fj1znev0krvz,,,2026-08-13 09:54:52.795Z,216bb226ec191993
9iir4gidr9h74gz,page_view,2026-08-13 09:55:07.044Z,"{""from"": ""/de/groups/m5obm8bp0rbq043"", ""to"": ""/de/discourse""}",2026-08-13 09:55:06.971Z,3o2fj1znev0krvz,,,2026-08-13 09:55:07.044Z,216bb226ec191993
wkd25brct78ff53,page_view,2026-08-13 09:55:09.024Z,"{""from"": ""/de/discourse"", ""to"": ""/de/questions/3o2fj1znev0krvz/proposals/question""}",2026-08-13 09:55:08.977Z,3o2fj1znev0krvz,,,2026-08-13 09:55:09.024Z,216bb226ec191993
6e9usfqhamyip1t,page_view,2026-08-13 09:55:10.764Z,"{""from"": ""/de/questions/3o2fj1znev0krvz/proposals/question"", ""to"": ""/de/questions/3o2fj1znev0krvz/proposals/ideas""}",2026-08-13 09:55:10.706Z,3o2fj1znev0krvz,,,2026-08-13 09:55:10.764Z,216bb226ec191993
fajkclsebcbly5f,proposal_view,2026-08-13 09:55:12.067Z,,2026-08-13 09:55:12.002Z,3o2fj1znev0krvz,,d8last7n0bdbqme,2026-08-13 09:55:12.067Z,216bb226ec191993
8qh57lny1xs02ug,proposal_view,2026-08-13 09:55:42.066Z,,2026-08-13 09:55:41.994Z,3o2fj1znev0krvz,,vee7zdpty5ijljm,2026-08-13 09:55:42.066Z,216bb226ec191993
8nuq508numoc64a,proposal_view,2026-08-13 09:55:55.490Z,,2026-08-13 09:55:55.446Z,3o2fj1znev0krvz,,d8last7n0bdbqme,2026-08-13 09:55:55.490Z,216bb226ec191993
vf26t6679t3r3ly,compare_add,2026-08-13 09:55:59.298Z,"{""pool_size"": 1}",2026-08-13 09:55:59.231Z,3o2fj1znev0krvz,,d8last7n0bdbqme,2026-08-13 09:55:59.298Z,216bb226ec191993
ru324o7gwqcu2wd,proposal_view,2026-08-13 09:56:00.511Z,,2026-08-13 09:56:00.451Z,3o2fj1znev0krvz,,vee7zdpty5ijljm,2026-08-13 09:56:00.511Z,216bb226ec191993
xswtm8ni99x6ob9,proposal_view,2026-08-13 09:56:04.986Z,,2026-08-13 09:56:04.905Z,3o2fj1znev0krvz,,d8last7n0bdbqme,2026-08-13 09:56:04.986Z,216bb226ec191993
g9xxbab5sg7l2qj,proposal_view,2026-08-13 09:56:10.443Z,,2026-08-13 09:56:10.378Z,3o2fj1znev0krvz,,rgjhcdyr8kdvxyz,2026-08-13 09:56:10.443Z,216bb226ec191993
mu4h9fa31l7a695,compare_add,2026-08-13 09:56:11.853Z,"{""pool_size"": 2}",2026-08-13 09:56:11.813Z,3o2fj1znev0krvz,,rgjhcdyr8kdvxyz,2026-08-13 09:56:11.853Z,216bb226ec191993
07q7uw974m7d8xd,compare_open,2026-08-13 09:56:25.309Z,"{""pool_size"": 2, ""proposal_ids"": [""d8last7n0bdbqme"", ""rgjhcdyr8kdvxyz""]}",2026-08-13 09:56:25.262Z,,,,2026-08-13 09:56:25.309Z,216bb226ec191993
4c44279ec5770lk,page_view,2026-08-13 09:56:25.438Z,"{""from"": ""/de/questions/3o2fj1znev0krvz/proposals/ideas"", ""to"": ""/de/questions/3o2fj1znev0krvz/proposals/compare""}",2026-08-13 09:56:25.396Z,3o2fj1znev0krvz,,,2026-08-13 09:56:25.438Z,216bb226ec191993
u56ipb5mw111gs2,proposal_view,2026-08-13 09:56:47.784Z,,2026-08-13 09:56:47.729Z,3o2fj1znev0krvz,,rgjhcdyr8kdvxyz,2026-08-13 09:56:47.784Z,216bb226ec191993
l5ldowc6lhksr7a,page_view,2026-08-13 09:56:47.785Z,"{""from"": ""/de/questions/3o2fj1znev0krvz/proposals/compare"", ""to"": ""/de/questions/3o2fj1znev0krvz/proposals/ideas""}",2026-08-13 09:56:47.748Z,3o2fj1znev0krvz,,,2026-08-13 09:56:47.785Z,216bb226ec191993
5z2nxscc8rengx8,page_view,2026-08-13 09:56:50.018Z,"{""from"": ""/de/questions/3o2fj1znev0krvz/proposals/ideas"", ""to"": ""/de/questions/3o2fj1znev0krvz/proposals/ideas""}",2026-08-13 09:56:49.908Z,3o2fj1znev0krvz,,,2026-08-13 09:56:50.018Z,216bb226ec191993
l2429w7pg0x24zi,proposal_view,2026-08-13 09:58:18.540Z,,2026-08-13 09:58:18.456Z,3o2fj1znev0krvz,,rgjhcdyr8kdvxyz,2026-08-13 09:58:18.540Z,216bb226ec191993
tz8omcx73cos0a1,page_view,2026-08-13 09:58:23.091Z,"{""from"": ""/de/questions/3o2fj1znev0krvz/proposals/ideas"", ""to"": ""/de/discourse""}",2026-08-13 09:58:23.022Z,3o2fj1znev0krvz,,,2026-08-13 09:58:23.091Z,216bb226ec191993
fv1v1s3gocug4gj,page_view,2026-08-13 09:58:24.804Z,"{""from"": ""/de/discourse"", ""to"": ""/de/questions/76q0g006tjtp7gp/proposals/question""}",2026-08-13 09:58:24.741Z,76q0g006tjtp7gp,,,2026-08-13 09:58:24.804Z,216bb226ec191993
sh4rqfkxwggjuku,page_view,2026-08-13 09:58:26.447Z,"{""from"": ""/de/questions/76q0g006tjtp7gp/proposals/question"", ""to"": ""/de/questions/76q0g006tjtp7gp/proposals/ideas""}",2026-08-13 09:58:26.357Z,76q0g006tjtp7gp,,,2026-08-13 09:58:26.447Z,216bb226ec191993
dy76dx2fe2da6bo,proposal_view,2026-08-13 09:58:32.848Z,,2026-08-13 09:58:32.809Z,76q0g006tjtp7gp,,yuk7erdsr4l9gbd,2026-08-13 09:58:32.848Z,216bb226ec191993
tbm7ocrmuevk8g9,tab_switch,2026-08-13 10:03:08.634Z,"{""state"": ""visible""}",2026-08-13 10:03:08.141Z,,,,2026-08-13 10:03:08.634Z,216bb226ec191993
2q4p7rk1k88c1d7,page_view,2026-08-13 10:10:32.029Z,"{""from"": ""/de/discourse"", ""to"": ""/de/questions/3o2fj1znev0krvz/proposals/question""}",2026-08-13 10:10:32.011Z,3o2fj1znev0krvz,,,2026-08-13 10:10:32.029Z,de13859e1d6aea12
z1xgfe1s3f5tgrn,page_view,2026-08-13 10:10:43.171Z,"{""from"": ""/de/questions/3o2fj1znev0krvz/proposals/question"", ""to"": ""/de/discourse""}",2026-08-13 10:10:43.125Z,3o2fj1znev0krvz,,,2026-08-13 10:10:43.171Z,de13859e1d6aea12
kdic6165zrsc269,page_view,2026-08-13 10:10:44.614Z,"{""from"": ""/de/discourse"", ""to"": ""/de/questions/76q0g006tjtp7gp/proposals/question""}",2026-08-13 10:10:44.562Z,76q0g006tjtp7gp,,,2026-08-13 10:10:44.614Z,de13859e1d6aea12
dg6cu0pacdpufc8,page_view,2026-08-13 10:10:53.500Z,"{""from"": ""/de/questions/76q0g006tjtp7gp/proposals/question"", ""to"": ""/de/questions/76q0g006tjtp7gp/proposals/ideas""}",2026-08-13 10:10:53.477Z,76q0g006tjtp7gp,,,2026-08-13 10:10:53.500Z,de13859e1d6aea12
4i2pax6xmhroums,page_view,2026-08-13 10:10:57.134Z,"{""from"": ""/de/questions/76q0g006tjtp7gp/proposals/subscriptions"", ""to"": ""/de/questions/76q0g006tjtp7gp/proposals/ideas""}",2026-08-13 10:10:57.089Z,76q0g006tjtp7gp,,,2026-08-13 10:10:57.134Z,de13859e1d6aea12
pr5aooknajajp8q,proposal_view,2026-08-13 10:11:04.160Z,,2026-08-13 10:11:04.140Z,76q0g006tjtp7gp,,yuk7erdsr4l9gbd,2026-08-13 10:11:04.160Z,de13859e1d6aea12
xnqcu9ui1oqlk47,proposal_view,2026-08-13 10:11:10.945Z,,2026-08-13 10:11:10.884Z,76q0g006tjtp7gp,,z5ovabzo2syrqbj,2026-08-13 10:11:10.945Z,de13859e1d6aea12
ahop2igcft0cby7,proposal_view,2026-08-13 10:11:12.785Z,,2026-08-13 10:11:12.756Z,76q0g006tjtp7gp,,yuk7erdsr4l9gbd,2026-08-13 10:11:12.785Z,de13859e1d6aea12
ii2db6pdnkuc2q6,proposal_view,2026-08-13 10:11:14.185Z,,2026-08-13 10:11:14.155Z,76q0g006tjtp7gp,,z5ovabzo2syrqbj,2026-08-13 10:11:14.185Z,de13859e1d6aea12
o59h2j5711dn03k,proposal_view,2026-08-13 10:11:15.141Z,,2026-08-13 10:11:15.086Z,76q0g006tjtp7gp,,yuk7erdsr4l9gbd,2026-08-13 10:11:15.141Z,de13859e1d6aea12
6cj435o9vh7bhft,proposal_view,2026-08-13 10:11:16.248Z,,2026-08-13 10:11:16.185Z,76q0g006tjtp7gp,,z5ovabzo2syrqbj,2026-08-13 10:11:16.248Z,de13859e1d6aea12
11qnjixbrwb908j,proposal_view,2026-08-13 10:11:17.584Z,,2026-08-13 10:11:17.538Z,76q0g006tjtp7gp,,yuk7erdsr4l9gbd,2026-08-13 10:11:17.584Z,de13859e1d6aea12
n2jpjlj51elp8k7,subscribe,2026-08-13 10:11:19.026Z,,2026-08-13 10:11:19.025Z,76q0g006tjtp7gp,,yuk7erdsr4l9gbd,2026-08-13 10:11:19.026Z,de13859e1d6aea12
q48x5jst4okdxo0,proposal_view,2026-08-13 10:11:21.019Z,,2026-08-13 10:11:20.966Z,76q0g006tjtp7gp,,xtsnw7ypbsms4jl,2026-08-13 10:11:21.019Z,de13859e1d6aea12
wj3vo56f4zxbedn,proposal_view,2026-08-13 10:11:23.776Z,,2026-08-13 10:11:23.723Z,76q0g006tjtp7gp,,yuk7erdsr4l9gbd,2026-08-13 10:11:23.776Z,de13859e1d6aea12
301xsal4z55ykhy,proposal_view,2026-08-13 10:11:25.836Z,,2026-08-13 10:11:25.780Z,76q0g006tjtp7gp,,z5ovabzo2syrqbj,2026-08-13 10:11:25.836Z,de13859e1d6aea12
p79fn7urssy9nfg,proposal_view,2026-08-13 10:11:27.142Z,,2026-08-13 10:11:27.078Z,76q0g006tjtp7gp,,yuk7erdsr4l9gbd,2026-08-13 10:11:27.142Z,de13859e1d6aea12
70tqc9kd5uw5fy9,proposal_view,2026-08-13 10:11:27.817Z,,2026-08-13 10:11:27.765Z,76q0g006tjtp7gp,,z5ovabzo2syrqbj,2026-08-13 10:11:27.817Z,de13859e1d6aea12
luftijcqby9b4dc,proposal_view,2026-08-13 10:11:28.432Z,,2026-08-13 10:11:28.382Z,76q0g006tjtp7gp,,yuk7erdsr4l9gbd,2026-08-13 10:11:28.432Z,de13859e1d6aea12
crn95ef8trr0gyb,proposal_view,2026-08-13 10:11:29.025Z,,2026-08-13 10:11:28.961Z,76q0g006tjtp7gp,,z5ovabzo2syrqbj,2026-08-13 10:11:29.025Z,de13859e1d6aea12
vrcx5tjvbbct4ld,page_view,2026-08-13 10:11:30.533Z,"{""from"": ""/de/questions/76q0g006tjtp7gp/proposals/ideas"", ""to"": ""/de/discourse""}",2026-08-13 10:11:30.517Z,76q0g006tjtp7gp,,,2026-08-13 10:11:30.533Z,de13859e1d6aea12
bs71tibfzwpmv7x,page_view,2026-08-13 10:12:17.678Z,"{""from"": ""/de/discourse"", ""to"": ""/de/questions/3o2fj1znev0krvz/proposals/question""}",2026-08-13 10:12:17.645Z,3o2fj1znev0krvz,,,2026-08-13 10:12:17.678Z,de13859e1d6aea12
ahn5y9y5r71qhl6,page_view,2026-08-13 10:12:22.806Z,"{""from"": ""/de/questions/3o2fj1znev0krvz/proposals/question"", ""to"": ""/de/questions/3o2fj1znev0krvz/proposals/ideas""}",2026-08-13 10:12:22.775Z,3o2fj1znev0krvz,,,2026-08-13 10:12:22.806Z,de13859e1d6aea12
1g7lbrrlxtj15zo,page_view,2026-08-13 10:12:23.407Z,"{""from"": ""/de/questions/3o2fj1znev0krvz/proposals/ideas"", ""to"": ""/de/questions/3o2fj1znev0krvz/proposals/question""}",2026-08-13 10:12:23.342Z,3o2fj1znev0krvz,,,2026-08-13 10:12:23.407Z,de13859e1d6aea12
x5xz9l2yi0011ef,page_view,2026-08-13 10:12:24.192Z,"{""from"": ""/de/questions/3o2fj1znev0krvz/proposals/question"", ""to"": ""/de/questions/3o2fj1znev0krvz/proposals/ideas""}",2026-08-13 10:12:24.138Z,3o2fj1znev0krvz,,,2026-08-13 10:12:24.192Z,de13859e1d6aea12
fxy2mtomufyznn1,page_view,2026-08-13 10:12:27.850Z,"{""from"": ""/de/questions/3o2fj1znev0krvz/proposals/ideas"", ""to"": ""/de/questions/3o2fj1znev0krvz/proposals/question""}",2026-08-13 10:12:27.790Z,3o2fj1znev0krvz,,,2026-08-13 10:12:27.850Z,de13859e1d6aea12
pmfe1o6rp9jkmfa,tab_switch,2026-08-13 11:20:49.484Z,"{""state"": ""visible""}",2026-08-13 11:20:49.443Z,,,,2026-08-13 11:20:49.484Z,216bb226ec191993
yuwaw61r5c4sx9u,tab_switch,2026-08-13 11:23:28.988Z,"{""state"": ""visible""}",2026-08-13 11:23:28.672Z,,,,2026-08-13 11:23:28.988Z,216bb226ec191993
gxpmasgfxy0iooi,tab_switch,2026-08-13 11:30:09.922Z,"{""state"": ""visible""}",2026-08-13 11:30:09.816Z,,,,2026-08-13 11:30:09.922Z,216bb226ec191993
3jxf0fb6ihb8bvy,tab_switch,2026-08-13 11:30:21.198Z,"{""state"": ""visible""}",2026-08-13 11:30:21.165Z,,,,2026-08-13 11:30:21.198Z,216bb226ec191993
3objd4ocy74okkz,tab_switch,2026-08-13 12:21:01.258Z,"{""state"": ""visible""}",2026-08-13 12:21:01.154Z,,,,2026-08-13 12:21:01.258Z,216bb226ec191993
g18e8ape3y1ra6e,tab_switch,2026-08-13 12:21:10.462Z,"{""state"": ""visible""}",2026-08-13 12:21:10.372Z,,,,2026-08-13 12:21:10.462Z,216bb226ec191993
1g7d6v1r17a5bz9,tab_switch,2026-08-13 12:21:24.385Z,"{""state"": ""visible""}",2026-08-13 12:21:24.325Z,,,,2026-08-13 12:21:24.385Z,216bb226ec191993
t4xchxp7k3vao1q,tab_switch,2026-08-13 12:24:45.955Z,"{""state"": ""visible""}",2026-08-13 12:24:45.764Z,,,,2026-08-13 12:24:45.955Z,216bb226ec191993
dim4s1aycyozwta,tab_switch,2026-08-13 12:35:51.449Z,"{""state"": ""visible""}",2026-08-13 12:35:51.386Z,,,,2026-08-13 12:35:51.449Z,216bb226ec191993
b7j2ldol85vbupy,page_view,2026-08-13 12:54:59.069Z,"{""from"": ""/de/discourse"", ""to"": ""/de/questions/76q0g006tjtp7gp/proposals/question""}",2026-08-13 12:54:58.994Z,76q0g006tjtp7gp,,,2026-08-13 12:54:59.069Z,407be8b01d4ce342
ihiuu6f0f728dp1,page_view,2026-08-13 12:55:00.050Z,"{""from"": ""/de/questions/76q0g006tjtp7gp/proposals/question"", ""to"": ""/de/questions/76q0g006tjtp7gp/proposals/ideas""}",2026-08-13 12:54:59.977Z,76q0g006tjtp7gp,,,2026-08-13 12:55:00.050Z,407be8b01d4ce342
rmvjnnwx9g0zut3,proposal_view,2026-08-13 12:55:06.164Z,,2026-08-13 12:55:06.084Z,76q0g006tjtp7gp,,yuk7erdsr4l9gbd,2026-08-13 12:55:06.164Z,407be8b01d4ce342
o7s9g1vfugrampe,subscribe,2026-08-13 12:55:14.809Z,,2026-08-13 12:55:14.808Z,76q0g006tjtp7gp,,yuk7erdsr4l9gbd,2026-08-13 12:55:14.809Z,407be8b01d4ce342
clfzf7xfygneqhg,page_view,2026-08-13 12:55:18.121Z,"{""from"": ""/de/questions/76q0g006tjtp7gp/proposals/ideas"", ""to"": ""/de/questions/76q0g006tjtp7gp/proposals/ideas""}",2026-08-13 12:55:18.040Z,76q0g006tjtp7gp,,,2026-08-13 12:55:18.121Z,407be8b01d4ce342
og094ec5x1cmv22,proposal_view,2026-08-13 12:55:32.796Z,,2026-08-13 12:55:32.713Z,76q0g006tjtp7gp,,l6ue0ntwy9qo9p6,2026-08-13 12:55:32.796Z,407be8b01d4ce342
2xfndfmqj81ills,proposal_view,2026-08-13 12:55:35.798Z,,2026-08-13 12:55:35.719Z,76q0g006tjtp7gp,,xtsnw7ypbsms4jl,2026-08-13 12:55:35.798Z,407be8b01d4ce342
pad3rn02mg8pkoj,proposal_view,2026-08-13 12:55:41.251Z,,2026-08-13 12:55:41.167Z,76q0g006tjtp7gp,,l6ue0ntwy9qo9p6,2026-08-13 12:55:41.251Z,407be8b01d4ce342
zt0etp5ohj29e4e,proposal_view,2026-08-13 12:55:44.496Z,,2026-08-13 12:55:44.416Z,76q0g006tjtp7gp,,xtsnw7ypbsms4jl,2026-08-13 12:55:44.496Z,407be8b01d4ce342
hode5dqn354g019,proposal_view,2026-08-13 12:55:49.299Z,,2026-08-13 12:55:49.215Z,76q0g006tjtp7gp,,l6ue0ntwy9qo9p6,2026-08-13 12:55:49.299Z,407be8b01d4ce342
h2mp6c00m1rc821,proposal_view,2026-08-13 12:55:52.717Z,,2026-08-13 12:55:52.641Z,76q0g006tjtp7gp,,z5ovabzo2syrqbj,2026-08-13 12:55:52.717Z,407be8b01d4ce342
kup6eeeq0nqmyi2,proposal_view,2026-08-13 12:56:01.963Z,,2026-08-13 12:56:01.883Z,76q0g006tjtp7gp,,yuk7erdsr4l9gbd,2026-08-13 12:56:01.963Z,407be8b01d4ce342
g15fpdgmikqdwij,proposal_view,2026-08-13 12:56:06.147Z,,2026-08-13 12:56:06.066Z,76q0g006tjtp7gp,,z5ovabzo2syrqbj,2026-08-13 12:56:06.147Z,407be8b01d4ce342
i8j4aj1uihfen00,proposal_view,2026-08-13 12:56:06.943Z,,2026-08-13 12:56:06.860Z,76q0g006tjtp7gp,,l6ue0ntwy9qo9p6,2026-08-13 12:56:06.943Z,407be8b01d4ce342
lsjb0ox8c9j18c7,page_view,2026-08-13 12:56:08.172Z,"{""from"": ""/de/questions/76q0g006tjtp7gp/proposals/ideas"", ""to"": ""/de/questions/76q0g006tjtp7gp/proposals/ideas""}",2026-08-13 12:56:08.091Z,76q0g006tjtp7gp,,,2026-08-13 12:56:08.172Z,407be8b01d4ce342
c40fjss36sndpuu,proposal_view,2026-08-13 12:56:21.593Z,,2026-08-13 12:56:21.512Z,76q0g006tjtp7gp,,z5ovabzo2syrqbj,2026-08-13 12:56:21.593Z,407be8b01d4ce342
2jyyb2mw7sxaibi,proposal_view,2026-08-13 12:56:41.268Z,,2026-08-13 12:56:41.187Z,76q0g006tjtp7gp,,z5ovabzo2syrqbj,2026-08-13 12:56:41.268Z,407be8b01d4ce342
sxloivynl8mtx2w,hide_proposal,2026-08-13 12:56:54.461Z,,2026-08-13 12:56:54.460Z,76q0g006tjtp7gp,,z5ovabzo2syrqbj,2026-08-13 12:56:54.461Z,407be8b01d4ce342
3hflyulercdc7d6,hide_proposal,2026-08-13 12:56:54.462Z,,2026-08-13 12:56:54.377Z,76q0g006tjtp7gp,,z5ovabzo2syrqbj,2026-08-13 12:56:54.462Z,407be8b01d4ce342
8orhygkxfzmcjdm,proposal_view,2026-08-13 12:56:56.145Z,,2026-08-13 12:56:56.064Z,76q0g006tjtp7gp,,xtsnw7ypbsms4jl,2026-08-13 12:56:56.145Z,407be8b01d4ce342
qf8ihe0o5sav9ho,subscribe,2026-08-13 12:57:02.458Z,,2026-08-13 12:57:02.457Z,76q0g006tjtp7gp,,xtsnw7ypbsms4jl,2026-08-13 12:57:02.458Z,407be8b01d4ce342
1xvvaf9ybxzqpe1,proposal_view,2026-08-13 12:57:09.768Z,,2026-08-13 12:57:09.684Z,76q0g006tjtp7gp,,l6ue0ntwy9qo9p6,2026-08-13 12:57:09.768Z,407be8b01d4ce342
5p604aarg71tijz,unsubscribe,2026-08-13 12:57:12.738Z,,2026-08-13 12:57:12.737Z,76q0g006tjtp7gp,,l6ue0ntwy9qo9p6,2026-08-13 12:57:12.738Z,407be8b01d4ce342
hmr3ajxllvn9tpi,page_view,2026-08-13 12:57:15.233Z,"{""from"": ""/de/questions/76q0g006tjtp7gp/proposals/subscriptions"", ""to"": ""/de/questions/76q0g006tjtp7gp/proposals/subscriptions""}",2026-08-13 12:57:15.143Z,76q0g006tjtp7gp,,,2026-08-13 12:57:15.233Z,407be8b01d4ce342
2uj0b7qql664jbx,page_view,2026-08-13 12:57:18.695Z,"{""from"": ""/de/questions/76q0g006tjtp7gp/proposals/subscriptions"", ""to"": ""/de/questions/76q0g006tjtp7gp/proposals/ideas""}",2026-08-13 12:57:18.612Z,76q0g006tjtp7gp,,,2026-08-13 12:57:18.695Z,407be8b01d4ce342
jtvjy27ztc1urtf,page_view,2026-08-13 12:57:20.543Z,"{""from"": ""/de/questions/76q0g006tjtp7gp/proposals/ideas"", ""to"": ""/de/questions/76q0g006tjtp7gp/proposals/question""}",2026-08-13 12:57:20.340Z,76q0g006tjtp7gp,,,2026-08-13 12:57:20.543Z,407be8b01d4ce342
sw53jvd28r46cx4,page_view,2026-08-13 12:57:25.337Z,"{""from"": ""/de/discourse"", ""to"": ""/de/questions/3o2fj1znev0krvz/proposals/question""}",2026-08-13 12:57:25.263Z,3o2fj1znev0krvz,,,2026-08-13 12:57:25.337Z,407be8b01d4ce342
cow94ucewbhzed3,page_view,2026-08-13 12:57:26.623Z,"{""from"": ""/de/questions/3o2fj1znev0krvz/proposals/question"", ""to"": ""/de/discourse""}",2026-08-13 12:57:26.548Z,3o2fj1znev0krvz,,,2026-08-13 12:57:26.623Z,407be8b01d4ce342
xr3jz1ctzun4se2,page_view,2026-08-13 12:57:28.349Z,"{""from"": ""/de/discourse"", ""to"": ""/de/questions/76q0g006tjtp7gp/proposals/question""}",2026-08-13 12:57:28.274Z,76q0g006tjtp7gp,,,2026-08-13 12:57:28.349Z,407be8b01d4ce342
1d4j5whwr0khiag,page_view,2026-08-13 12:57:37.642Z,"{""from"": ""/de/questions/76q0g006tjtp7gp/proposals/subscriptions"", ""to"": ""/de/questions/76q0g006tjtp7gp/proposals/ideas""}",2026-08-13 12:57:37.563Z,76q0g006tjtp7gp,,,2026-08-13 12:57:37.642Z,407be8b01d4ce342
e272gnvaybciwau,hide_proposal,2026-08-13 12:57:45.756Z,,2026-08-13 12:57:45.666Z,76q0g006tjtp7gp,,z5ovabzo2syrqbj,2026-08-13 12:57:45.756Z,407be8b01d4ce342
f4qg5o0c16lbfub,hide_proposal,2026-08-13 12:57:56.398Z,,2026-08-13 12:57:56.312Z,76q0g006tjtp7gp,,l6ue0ntwy9qo9p6,2026-08-13 12:57:56.398Z,407be8b01d4ce342
6g5h6k2elv0lyng,hide_proposal,2026-08-13 12:57:56.403Z,,2026-08-13 12:57:56.401Z,76q0g006tjtp7gp,,l6ue0ntwy9qo9p6,2026-08-13 12:57:56.403Z,407be8b01d4ce342
2at3zz03ld5amzx,tab_switch,2026-08-13 13:35:39.959Z,"{""state"": ""visible""}",2026-08-13 13:35:39.908Z,,,,2026-08-13 13:35:39.959Z,216bb226ec191993
b4rcc2g6uxtokgc,tab_switch,2026-08-13 13:45:10.911Z,"{""state"": ""visible""}",2026-08-13 13:45:10.755Z,,,,2026-08-13 13:45:10.911Z,216bb226ec191993
22nyn0sdfvkzteh,tab_switch,2026-08-13 13:45:41.797Z,"{""state"": ""visible""}",2026-08-13 13:45:41.683Z,,,,2026-08-13 13:45:41.797Z,216bb226ec191993
9kn8f13ry0yvshh,tab_switch,2026-08-13 14:29:38.001Z,"{""state"": ""visible""}",2026-08-13 14:29:37.891Z,,,,2026-08-13 14:29:38.001Z,216bb226ec191993
9kljgeouzodke2v,page_view,2026-08-13 15:00:59.000Z,"{""from"": ""/de/discourse"", ""to"": ""/de/questions/3o2fj1znev0krvz/proposals/question""}",2026-08-13 15:00:58.950Z,3o2fj1znev0krvz,,,2026-08-13 15:00:59.000Z,407be8b01d4ce342
dsvwbg2yue6hy39,page_view,2026-08-13 15:01:02.409Z,"{""from"": ""/de/questions/3o2fj1znev0krvz/proposals/question"", ""to"": ""/de/questions/3o2fj1znev0krvz/proposals/ideas""}",2026-08-13 15:01:02.312Z,3o2fj1znev0krvz,,,2026-08-13 15:01:02.409Z,407be8b01d4ce342
0ghtq5aeu4njop6,page_view,2026-08-13 15:01:04.999Z,"{""from"": ""/de/questions/3o2fj1znev0krvz/proposals/ideas"", ""to"": ""/de/questions/3o2fj1znev0krvz/proposals/question""}",2026-08-13 15:01:04.958Z,3o2fj1znev0krvz,,,2026-08-13 15:01:04.999Z,407be8b01d4ce342
0qreyu68kkvdknr,page_view,2026-08-13 15:01:25.195Z,"{""from"": ""/de/questions/3o2fj1znev0krvz/proposals/question"", ""to"": ""/de/questions/3o2fj1znev0krvz/proposals/ideas""}",2026-08-13 15:01:25.069Z,3o2fj1znev0krvz,,,2026-08-13 15:01:25.195Z,407be8b01d4ce342
q564swux4v7d4yg,compare_add,2026-08-13 15:01:26.988Z,"{""pool_size"": 3}",2026-08-13 15:01:26.927Z,3o2fj1znev0krvz,,n8luy5w1pc5olz4,2026-08-13 15:01:26.988Z,407be8b01d4ce342
vfeiipym5whjlif,proposal_view,2026-08-13 15:01:28.896Z,,2026-08-13 15:01:28.854Z,3o2fj1znev0krvz,,d8last7n0bdbqme,2026-08-13 15:01:28.896Z,407be8b01d4ce342
ix0180vdf6iychu,proposal_view,2026-08-13 15:01:33.700Z,,2026-08-13 15:01:33.658Z,3o2fj1znev0krvz,,vee7zdpty5ijljm,2026-08-13 15:01:33.700Z,407be8b01d4ce342
igwknljx8g1okza,page_view,2026-08-13 15:01:41.795Z,"{""from"": ""/de/questions/3o2fj1znev0krvz/proposals/subscriptions"", ""to"": ""/de/questions/76q0g006tjtp7gp/proposals/question""}",2026-08-13 15:01:41.758Z,76q0g006tjtp7gp,,,2026-08-13 15:01:41.795Z,407be8b01d4ce342
2sahv6oijn738cb,page_view,2026-08-13 21:53:33.120Z,"{""from"": ""/de/discourse"", ""to"": ""/de/questions/3o2fj1znev0krvz/proposals/question""}",2026-08-13 21:53:33.096Z,3o2fj1znev0krvz,,,2026-08-13 21:53:33.120Z,de13859e1d6aea12
qjbft0h5wr6bb22,page_view,2026-08-13 21:53:39.765Z,"{""from"": ""/de/questions/3o2fj1znev0krvz/proposals/question"", ""to"": ""/de/questions/76q0g006tjtp7gp/proposals/question""}",2026-08-13 21:53:39.731Z,76q0g006tjtp7gp,,,2026-08-13 21:53:39.765Z,de13859e1d6aea12
cf2ai0b8gzkl5zh,page_view,2026-08-13 21:53:42.825Z,"{""from"": ""/de/questions/76q0g006tjtp7gp/proposals/question"", ""to"": ""/de/questions/3o2fj1znev0krvz/proposals/question""}",2026-08-13 21:53:42.770Z,3o2fj1znev0krvz,,,2026-08-13 21:53:42.825Z,de13859e1d6aea12
4a1rvj0jfl3eyn1,page_view,2026-08-14 09:04:42.193Z,"{""from"": ""/de/register"", ""to"": ""/de/how-it-works""}",2026-08-14 09:04:45.715Z,,,,2026-08-14 09:04:42.193Z,35a5f57f8816142e
183p4hc18mg26e6,page_view,2026-08-14 09:07:38.111Z,"{""from"": ""/de/how-it-works"", ""to"": ""/de/discourse""}",2026-08-14 09:07:41.633Z,,,,2026-08-14 09:07:38.111Z,35a5f57f8816142e
l22io4iywulkzbi,page_view,2026-08-14 09:07:49.622Z,"{""from"": ""/de/discourse"", ""to"": ""/de/questions/3o2fj1znev0krvz/proposals/question""}",2026-08-14 09:07:53.108Z,3o2fj1znev0krvz,,,2026-08-14 09:07:49.622Z,35a5f57f8816142e
ro1tm1j0llfq7yo,feed_filter_change,2026-08-14 09:08:53.566Z,"{""selectedLabelId"": null, ""sortMode"": ""Newest""}",2026-08-14 09:08:57.084Z,,,,2026-08-14 09:08:53.566Z,35a5f57f8816142e
3ber6ulefczvbwy,page_view,2026-08-14 09:08:53.573Z,"{""from"": ""/de/questions/3o2fj1znev0krvz/proposals/question"", ""to"": ""/de/questions/3o2fj1znev0krvz/proposals/ideas""}",2026-08-14 09:08:57.093Z,3o2fj1znev0krvz,,,2026-08-14 09:08:53.573Z,35a5f57f8816142e
ckgt0ll214mzhuu,proposal_view,2026-08-14 09:09:27.618Z,,2026-08-14 09:09:31.132Z,3o2fj1znev0krvz,,d8last7n0bdbqme,2026-08-14 09:09:27.618Z,35a5f57f8816142e
ltafd9j6p3cdgxl,tab_switch,2026-08-14 09:10:29.872Z,"{""state"": ""visible""}",2026-08-14 09:10:33.369Z,,,,2026-08-14 09:10:29.872Z,35a5f57f8816142e
0uzvygmajm3vtvt,subscribe,2026-08-14 09:11:32.967Z,,2026-08-14 09:11:32.965Z,3o2fj1znev0krvz,,d8last7n0bdbqme,2026-08-14 09:11:32.967Z,35a5f57f8816142e
qg2k20z2gpk3hoi,proposal_view,2026-08-14 09:11:43.113Z,,2026-08-14 09:11:46.623Z,3o2fj1znev0krvz,,n8luy5w1pc5olz4,2026-08-14 09:11:43.113Z,35a5f57f8816142e
pg8t6c09jmmzctd,proposal_view,2026-08-14 09:12:51.127Z,,2026-08-14 09:12:54.639Z,3o2fj1znev0krvz,,rgjhcdyr8kdvxyz,2026-08-14 09:12:51.127Z,35a5f57f8816142e
wk909kl900r0tp0,subscribe,2026-08-14 09:17:20.957Z,,2026-08-14 09:17:20.957Z,3o2fj1znev0krvz,,px3acjduduouqz6,2026-08-14 09:17:20.957Z,35a5f57f8816142e
v89x25x2fduh306,remix_singular,2026-08-14 09:17:20.968Z,,2026-08-14 09:17:20.951Z,3o2fj1znev0krvz,,px3acjduduouqz6,2026-08-14 09:17:20.968Z,35a5f57f8816142e
6b8o3no5th9cv7h,proposal_view,2026-08-14 09:17:21.170Z,,2026-08-14 09:17:24.687Z,3o2fj1znev0krvz,,px3acjduduouqz6,2026-08-14 09:17:21.170Z,35a5f57f8816142e
xcnff1p8spj68rl,page_view,2026-08-14 09:17:21.189Z,"{""from"": ""/de/questions/3o2fj1znev0krvz/proposals/ideas"", ""to"": ""/de/questions/3o2fj1znev0krvz/proposals/px3acjduduouqz6""}",2026-08-14 09:17:24.700Z,3o2fj1znev0krvz,,,2026-08-14 09:17:21.189Z,35a5f57f8816142e
12p0vgkx9hp74uy,proposal_view,2026-08-14 09:17:21.190Z,,2026-08-14 09:17:24.693Z,3o2fj1znev0krvz,,px3acjduduouqz6,2026-08-14 09:17:21.190Z,35a5f57f8816142e
6gtp4fhed4lhmy1,proposal_view,2026-08-14 09:17:30.918Z,,2026-08-14 09:17:34.425Z,3o2fj1znev0krvz,,rgjhcdyr8kdvxyz,2026-08-14 09:17:30.918Z,35a5f57f8816142e
kk2z3gfsr1qwp4s,page_view,2026-08-14 09:17:30.920Z,"{""from"": ""/de/questions/3o2fj1znev0krvz/proposals/px3acjduduouqz6"", ""to"": ""/de/questions/3o2fj1znev0krvz/proposals/ideas""}",2026-08-14 09:17:34.434Z,3o2fj1znev0krvz,,,2026-08-14 09:17:30.920Z,35a5f57f8816142e
anzb88lpjx4qvot,proposal_view,2026-08-14 09:17:47.100Z,,2026-08-14 09:17:50.622Z,3o2fj1znev0krvz,,i7chbqu0hf4kc4s,2026-08-14 09:17:47.100Z,35a5f57f8816142e
eb1hags1dvpc9b4,subscribe,2026-08-14 09:18:16.737Z,,2026-08-14 09:18:16.736Z,3o2fj1znev0krvz,,i7chbqu0hf4kc4s,2026-08-14 09:18:16.737Z,35a5f57f8816142e
jdjobjorra676sb,compare_add,2026-08-14 09:18:21.693Z,"{""pool_size"": 1}",2026-08-14 09:18:25.207Z,3o2fj1znev0krvz,,i7chbqu0hf4kc4s,2026-08-14 09:18:21.693Z,35a5f57f8816142e
tch31sgj2hiwkbt,compare_remove,2026-08-14 09:18:23.957Z,"{""pool_size"": 0}",2026-08-14 09:18:27.465Z,,,i7chbqu0hf4kc4s,2026-08-14 09:18:23.957Z,35a5f57f8816142e
h7henicujec9lxm,compare_add,2026-08-14 09:18:25.139Z,"{""pool_size"": 1}",2026-08-14 09:18:28.653Z,3o2fj1znev0krvz,,i7chbqu0hf4kc4s,2026-08-14 09:18:25.139Z,35a5f57f8816142e
0pnzt63j0slr9v9,compare_remove,2026-08-14 09:18:26.564Z,"{""pool_size"": 0}",2026-08-14 09:18:30.079Z,,,i7chbqu0hf4kc4s,2026-08-14 09:18:26.564Z,35a5f57f8816142e
ujq2a3nqxd7up1i,subscribe,2026-08-14 09:21:22.300Z,,2026-08-14 09:21:22.299Z,3o2fj1znev0krvz,,wyx4lc9o5ebp473,2026-08-14 09:21:22.300Z,35a5f57f8816142e
aiaobdy7qmatljo,remix_singular,2026-08-14 09:21:22.307Z,,2026-08-14 09:21:22.295Z,3o2fj1znev0krvz,,wyx4lc9o5ebp473,2026-08-14 09:21:22.307Z,35a5f57f8816142e
lzycrpbk0nfr4jn,proposal_view,2026-08-14 09:21:22.498Z,,2026-08-14 09:21:26.021Z,3o2fj1znev0krvz,,wyx4lc9o5ebp473,2026-08-14 09:21:22.498Z,35a5f57f8816142e
bb1kj9e0k6qm3fa,page_view,2026-08-14 09:21:22.520Z,"{""from"": ""/de/questions/3o2fj1znev0krvz/proposals/ideas"", ""to"": ""/de/questions/3o2fj1znev0krvz/proposals/wyx4lc9o5ebp473""}",2026-08-14 09:21:26.036Z,3o2fj1znev0krvz,,,2026-08-14 09:21:22.520Z,35a5f57f8816142e
8lmpsqikmevmqmc,proposal_view,2026-08-14 09:21:22.528Z,,2026-08-14 09:21:26.029Z,3o2fj1znev0krvz,,wyx4lc9o5ebp473,2026-08-14 09:21:22.528Z,35a5f57f8816142e
ky1zasxlf5q7b3q,proposal_view,2026-08-14 09:21:25.863Z,,2026-08-14 09:21:29.375Z,3o2fj1znev0krvz,,i7chbqu0hf4kc4s,2026-08-14 09:21:25.863Z,35a5f57f8816142e
ytmade0rdsng1vm,page_view,2026-08-14 09:21:25.871Z,"{""from"": ""/de/questions/3o2fj1znev0krvz/proposals/wyx4lc9o5ebp473"", ""to"": ""/de/questions/3o2fj1znev0krvz/proposals/ideas""}",2026-08-14 09:21:29.380Z,3o2fj1znev0krvz,,,2026-08-14 09:21:25.871Z,35a5f57f8816142e
oi3wrr1fpzoe67o,proposal_view,2026-08-14 09:21:36.521Z,,2026-08-14 09:21:40.003Z,3o2fj1znev0krvz,,d8last7n0bdbqme,2026-08-14 09:21:36.521Z,35a5f57f8816142e
0afz78uv3rv01gh,subscribe,2026-08-14 09:25:22.089Z,,2026-08-14 09:25:22.088Z,3o2fj1znev0krvz,,usjpvaq5nnvjl9w,2026-08-14 09:25:22.089Z,35a5f57f8816142e
kxo4330k2m0y4sm,remix_singular,2026-08-14 09:25:22.101Z,,2026-08-14 09:25:22.082Z,3o2fj1znev0krvz,,usjpvaq5nnvjl9w,2026-08-14 09:25:22.101Z,35a5f57f8816142e
94o5hl6041kg191,proposal_view,2026-08-14 09:25:22.316Z,,2026-08-14 09:25:25.837Z,3o2fj1znev0krvz,,usjpvaq5nnvjl9w,2026-08-14 09:25:22.316Z,35a5f57f8816142e
cg1wtebkef6uuns,proposal_view,2026-08-14 09:25:22.330Z,,2026-08-14 09:25:25.830Z,3o2fj1znev0krvz,,usjpvaq5nnvjl9w,2026-08-14 09:25:22.330Z,35a5f57f8816142e
ygmjgg2h2q92m87,page_view,2026-08-14 09:25:22.333Z,"{""from"": ""/de/questions/3o2fj1znev0krvz/proposals/ideas"", ""to"": ""/de/questions/3o2fj1znev0krvz/proposals/usjpvaq5nnvjl9w""}",2026-08-14 09:25:25.845Z,3o2fj1znev0krvz,,,2026-08-14 09:25:22.333Z,35a5f57f8816142e
qejvg9asn63vgpm,proposal_view,2026-08-14 09:25:34.965Z,,2026-08-14 09:25:38.490Z,3o2fj1znev0krvz,,d8last7n0bdbqme,2026-08-14 09:25:34.965Z,35a5f57f8816142e
3bzrl1ffk6lrv8p,proposal_view,2026-08-14 09:25:46.090Z,,2026-08-14 09:25:49.608Z,3o2fj1znev0krvz,,usjpvaq5nnvjl9w,2026-08-14 09:25:46.090Z,35a5f57f8816142e
mrzs72u4c0y4nce,proposal_view,2026-08-14 09:25:48.560Z,,2026-08-14 09:25:52.067Z,3o2fj1znev0krvz,,d8last7n0bdbqme,2026-08-14 09:25:48.560Z,35a5f57f8816142e
g6z6szjfe4k95z1,page_view,2026-08-14 09:25:48.566Z,"{""from"": ""/de/questions/3o2fj1znev0krvz/proposals/usjpvaq5nnvjl9w"", ""to"": ""/de/questions/3o2fj1znev0krvz/proposals/ideas""}",2026-08-14 09:25:52.076Z,3o2fj1znev0krvz,,,2026-08-14 09:25:48.566Z,35a5f57f8816142e
8a8z63n9i1wx7oh,proposal_view,2026-08-14 09:26:06.373Z,,2026-08-14 09:26:09.896Z,3o2fj1znev0krvz,,n8luy5w1pc5olz4,2026-08-14 09:26:06.373Z,35a5f57f8816142e
r5m7pmdfr7757no,page_view,2026-08-14 09:26:42.673Z,"{""from"": ""/de/questions/3o2fj1znev0krvz/proposals/ideas"", ""to"": ""/de/discourse""}",2026-08-14 09:26:46.183Z,3o2fj1znev0krvz,,,2026-08-14 09:26:42.673Z,35a5f57f8816142e
ckbusfifn7bcpj0,page_view,2026-08-14 09:26:49.296Z,"{""from"": ""/de/discourse"", ""to"": ""/de/questions/76q0g006tjtp7gp/proposals/question""}",2026-08-14 09:26:52.818Z,76q0g006tjtp7gp,,,2026-08-14 09:26:49.296Z,35a5f57f8816142e
n35fybrctm4vuw8,page_view,2026-08-14 09:27:40.587Z,"{""from"": ""/de/questions/76q0g006tjtp7gp/proposals/question"", ""to"": ""/de/questions/76q0g006tjtp7gp/proposals/ideas""}",2026-08-14 09:27:44.096Z,76q0g006tjtp7gp,,,2026-08-14 09:27:40.587Z,35a5f57f8816142e
tcaz3m8u66djiut,page_view,2026-08-14 09:27:43.731Z,"{""from"": ""/de/questions/76q0g006tjtp7gp/proposals/ideas"", ""to"": ""/de/questions/76q0g006tjtp7gp/proposals/question""}",2026-08-14 09:27:47.255Z,76q0g006tjtp7gp,,,2026-08-14 09:27:43.731Z,35a5f57f8816142e
rmy44igq1k2ecuk,page_view,2026-08-14 09:27:44.580Z,"{""from"": ""/de/questions/76q0g006tjtp7gp/proposals/question"", ""to"": ""/de/questions/76q0g006tjtp7gp/proposals/ideas""}",2026-08-14 09:27:48.098Z,76q0g006tjtp7gp,,,2026-08-14 09:27:44.580Z,35a5f57f8816142e
zxe8iih67otrjlh,proposal_view,2026-08-14 09:28:05.270Z,,2026-08-14 09:28:08.784Z,76q0g006tjtp7gp,,z5ovabzo2syrqbj,2026-08-14 09:28:05.270Z,35a5f57f8816142e
auxgxgxwaystcaq,proposal_view,2026-08-14 09:28:09.005Z,,2026-08-14 09:28:12.527Z,76q0g006tjtp7gp,,yuk7erdsr4l9gbd,2026-08-14 09:28:09.005Z,35a5f57f8816142e
h6v8qdgqoyjt762,proposal_view,2026-08-14 09:28:10.513Z,,2026-08-14 09:28:14.029Z,76q0g006tjtp7gp,,z5ovabzo2syrqbj,2026-08-14 09:28:10.513Z,35a5f57f8816142e
kr26ac6h7mmhn51,proposal_view,2026-08-14 09:28:12.108Z,,2026-08-14 09:28:15.614Z,76q0g006tjtp7gp,,yuk7erdsr4l9gbd,2026-08-14 09:28:12.108Z,35a5f57f8816142e
n04hx1noklwi010,proposal_view,2026-08-14 09:28:31.192Z,,2026-08-14 09:28:34.711Z,76q0g006tjtp7gp,,xtsnw7ypbsms4jl,2026-08-14 09:28:31.192Z,35a5f57f8816142e
5dbjb3lzcsxwjbo,proposal_view,2026-08-14 09:28:33.642Z,,2026-08-14 09:28:37.168Z,76q0g006tjtp7gp,,z5ovabzo2syrqbj,2026-08-14 09:28:33.642Z,35a5f57f8816142e
fcprevh18e65um1,proposal_view,2026-08-14 09:28:35.611Z,,2026-08-14 09:28:39.135Z,76q0g006tjtp7gp,,yuk7erdsr4l9gbd,2026-08-14 09:28:35.611Z,35a5f57f8816142e
q20n4qsr5p6bj8y,proposal_view,2026-08-14 09:29:15.474Z,,2026-08-14 09:29:18.991Z,76q0g006tjtp7gp,,z5ovabzo2syrqbj,2026-08-14 09:29:15.474Z,35a5f57f8816142e
jm71rrxrj7fdvum,proposal_view,2026-08-14 09:29:27.606Z,,2026-08-14 09:29:31.121Z,76q0g006tjtp7gp,,yuk7erdsr4l9gbd,2026-08-14 09:29:27.606Z,35a5f57f8816142e
or36yr9wyzmof7z,proposal_view,2026-08-14 09:29:32.366Z,,2026-08-14 09:29:35.882Z,76q0g006tjtp7gp,,z5ovabzo2syrqbj,2026-08-14 09:29:32.366Z,35a5f57f8816142e
4d7bbhjhm3a34yg,page_view,2026-08-14 09:35:15.837Z,"{""from"": ""/de/questions/76q0g006tjtp7gp/proposals/ideas"", ""to"": ""/de/questions/76q0g006tjtp7gp/proposals/new""}",2026-08-14 09:35:19.349Z,76q0g006tjtp7gp,,,2026-08-14 09:35:15.837Z,35a5f57f8816142e
acls1zy6mbtw8jn,page_view,2026-08-14 09:35:19.134Z,"{""from"": ""/de/questions/76q0g006tjtp7gp/proposals/new"", ""to"": ""/de/questions/76q0g006tjtp7gp/proposals/ideas""}",2026-08-14 09:35:22.642Z,76q0g006tjtp7gp,,,2026-08-14 09:35:19.134Z,35a5f57f8816142e
adob9mli5rx50w2,proposal_view,2026-08-14 09:35:19.139Z,,2026-08-14 09:35:22.635Z,76q0g006tjtp7gp,,z5ovabzo2syrqbj,2026-08-14 09:35:19.139Z,35a5f57f8816142e
kffohgfrgguxp1m,page_view,2026-08-14 09:35:31.109Z,"{""from"": ""/de/questions/76q0g006tjtp7gp/proposals/ideas"", ""to"": ""/de/questions/76q0g006tjtp7gp/proposals/new""}",2026-08-14 09:35:34.634Z,76q0g006tjtp7gp,,,2026-08-14 09:35:31.109Z,35a5f57f8816142e
1heg1901itrkv43,page_view,2026-08-14 09:35:33.101Z,"{""from"": ""/de/questions/76q0g006tjtp7gp/proposals/new"", ""to"": ""/de/questions/76q0g006tjtp7gp/proposals/ideas""}",2026-08-14 09:35:36.610Z,76q0g006tjtp7gp,,,2026-08-14 09:35:33.101Z,35a5f57f8816142e
90aoqfn0n6c1zrc,proposal_view,2026-08-14 09:35:33.102Z,,2026-08-14 09:35:36.601Z,76q0g006tjtp7gp,,z5ovabzo2syrqbj,2026-08-14 09:35:33.102Z,35a5f57f8816142e
qneu5kwp7w4yr4y,subscribe,2026-08-14 09:37:40.877Z,,2026-08-14 09:37:40.877Z,76q0g006tjtp7gp,,8mnhz0jpnllu7jd,2026-08-14 09:37:40.877Z,35a5f57f8816142e
652u4pzr5nsz3x6,remix_singular,2026-08-14 09:37:40.884Z,,2026-08-14 09:37:40.873Z,76q0g006tjtp7gp,,8mnhz0jpnllu7jd,2026-08-14 09:37:40.884Z,35a5f57f8816142e
dlh62nbnhr5pytq,proposal_view,2026-08-14 09:37:41.066Z,,2026-08-14 09:37:44.586Z,76q0g006tjtp7gp,,8mnhz0jpnllu7jd,2026-08-14 09:37:41.066Z,35a5f57f8816142e
fqs33188itui8fc,proposal_view,2026-08-14 09:37:41.073Z,,2026-08-14 09:37:44.593Z,76q0g006tjtp7gp,,8mnhz0jpnllu7jd,2026-08-14 09:37:41.073Z,35a5f57f8816142e
m2snqs0w0r3oir0,page_view,2026-08-14 09:37:41.083Z,"{""from"": ""/de/questions/76q0g006tjtp7gp/proposals/ideas"", ""to"": ""/de/questions/76q0g006tjtp7gp/proposals/8mnhz0jpnllu7jd""}",2026-08-14 09:37:44.602Z,76q0g006tjtp7gp,,,2026-08-14 09:37:41.083Z,35a5f57f8816142e
2lbwpjhw1mbv7kp,unsubscribe,2026-08-14 09:37:45.636Z,,2026-08-14 09:37:45.634Z,76q0g006tjtp7gp,,8mnhz0jpnllu7jd,2026-08-14 09:37:45.636Z,35a5f57f8816142e
uvnl638uh2i1a54,subscribe,2026-08-14 09:37:46.960Z,,2026-08-14 09:37:46.958Z,76q0g006tjtp7gp,,8mnhz0jpnllu7jd,2026-08-14 09:37:46.960Z,35a5f57f8816142e
hknjg4xn1j3brhc,page_view,2026-08-14 09:37:48.318Z,"{""from"": ""/de/questions/76q0g006tjtp7gp/proposals/8mnhz0jpnllu7jd"", ""to"": ""/de/questions/76q0g006tjtp7gp/proposals/ideas""}",2026-08-14 09:37:51.829Z,76q0g006tjtp7gp,,,2026-08-14 09:37:48.318Z,35a5f57f8816142e
0oiwot0jz7yr9uc,proposal_view,2026-08-14 09:37:48.324Z,,2026-08-14 09:37:51.822Z,76q0g006tjtp7gp,,z5ovabzo2syrqbj,2026-08-14 09:37:48.324Z,35a5f57f8816142e
p8etf8kz6918mnw,proposal_view,2026-08-14 09:37:49.540Z,,2026-08-14 09:37:53.055Z,76q0g006tjtp7gp,,yuk7erdsr4l9gbd,2026-08-14 09:37:49.540Z,35a5f57f8816142e
sids6z33ynjxddy,proposal_view,2026-08-14 09:37:50.624Z,,2026-08-14 09:37:54.125Z,76q0g006tjtp7gp,,z5ovabzo2syrqbj,2026-08-14 09:37:50.624Z,35a5f57f8816142e
jfv6tw0vifunorc,proposal_view,2026-08-14 09:37:51.207Z,,2026-08-14 09:37:54.716Z,76q0g006tjtp7gp,,yuk7erdsr4l9gbd,2026-08-14 09:37:51.207Z,35a5f57f8816142e
ivpppd3szhk74l6,proposal_view,2026-08-14 09:37:51.681Z,,2026-08-14 09:37:55.192Z,76q0g006tjtp7gp,,z5ovabzo2syrqbj,2026-08-14 09:37:51.681Z,35a5f57f8816142e
te4tsth4py6v89k,proposal_view,2026-08-14 09:37:52.288Z,,2026-08-14 09:37:55.796Z,76q0g006tjtp7gp,,xtsnw7ypbsms4jl,2026-08-14 09:37:52.288Z,35a5f57f8816142e
p3ekzotvsu009dh,proposal_view,2026-08-14 09:37:53.081Z,,2026-08-14 09:37:56.586Z,76q0g006tjtp7gp,,yuk7erdsr4l9gbd,2026-08-14 09:37:53.081Z,35a5f57f8816142e
a288c5an3qbeccx,proposal_view,2026-08-14 09:37:53.643Z,,2026-08-14 09:37:57.161Z,76q0g006tjtp7gp,,z5ovabzo2syrqbj,2026-08-14 09:37:53.643Z,35a5f57f8816142e
29lkxt4ev0djq6k,proposal_view,2026-08-14 09:37:54.277Z,,2026-08-14 09:37:57.801Z,76q0g006tjtp7gp,,yuk7erdsr4l9gbd,2026-08-14 09:37:54.277Z,35a5f57f8816142e
ifff5x6rzp41c65,proposal_view,2026-08-14 09:37:54.911Z,,2026-08-14 09:37:58.437Z,76q0g006tjtp7gp,,z5ovabzo2syrqbj,2026-08-14 09:37:54.911Z,35a5f57f8816142e
6hbdwfvqk0bx06d,page_view,2026-08-14 09:37:58.113Z,"{""from"": ""/de/questions/76q0g006tjtp7gp/proposals/ideas"", ""to"": ""/de/discourse""}",2026-08-14 09:38:01.630Z,76q0g006tjtp7gp,,,2026-08-14 09:37:58.113Z,35a5f57f8816142e
0m0z1h0sptnjbd2,page_view,2026-08-14 09:38:06.515Z,"{""from"": ""/de/discourse"", ""to"": ""/de/questions/76q0g006tjtp7gp/proposals/question""}",2026-08-14 09:38:10.041Z,76q0g006tjtp7gp,,,2026-08-14 09:38:06.515Z,35a5f57f8816142e
6oexgdxkpr5bmxk,page_view,2026-08-14 09:38:12.016Z,"{""from"": ""/de/questions/76q0g006tjtp7gp/proposals/question"", ""to"": ""/de/questions/76q0g006tjtp7gp/proposals/ideas""}",2026-08-14 09:38:15.529Z,76q0g006tjtp7gp,,,2026-08-14 09:38:12.016Z,35a5f57f8816142e
mos9svx1gzvgdg2,session_start,2026-08-14 10:16:50.506Z,"{""isMobile"": false, ""screenHeight"": 797, ""screenWidth"": 1400, ""userAgent"": ""Mozilla/5.0 (Windows NT 10.0; Win64; x64) AppleWebKit/537.36 (KHTML, like Gecko) Chrome/151.0.0.0 Safari/537.36""}",2026-08-14 10:16:51.370Z,,,,2026-08-14 10:16:50.506Z,216bb226ec191993
rba6ue4v9jmqbpx,page_view,2026-08-14 10:16:50.520Z,"{""to"": ""/de/questions/76q0g006tjtp7gp/proposals/subscriptions""}",2026-08-14 10:16:51.379Z,76q0g006tjtp7gp,,,2026-08-14 10:16:50.520Z,216bb226ec191993
2t1ql1xc1ksgel9,proposal_view,2026-08-14 10:16:57.120Z,,2026-08-14 10:16:57.977Z,76q0g006tjtp7gp,,l6ue0ntwy9qo9p6,2026-08-14 10:16:57.120Z,216bb226ec191993
u8rr4soyfm6sl2k,proposal_view,2026-08-14 10:17:04.879Z,,2026-08-14 10:17:05.738Z,76q0g006tjtp7gp,,xtsnw7ypbsms4jl,2026-08-14 10:17:04.879Z,216bb226ec191993
ujmd9aa0dxsphak,proposal_view,2026-08-14 10:17:07.356Z,,2026-08-14 10:17:08.223Z,76q0g006tjtp7gp,,z5ovabzo2syrqbj,2026-08-14 10:17:07.356Z,216bb226ec191993
0xgni65nbe8yili,proposal_view,2026-08-14 10:17:10.842Z,,2026-08-14 10:17:11.683Z,76q0g006tjtp7gp,,8mnhz0jpnllu7jd,2026-08-14 10:17:10.842Z,216bb226ec191993
qn7808wrjskq9h4,proposal_view,2026-08-14 10:17:37.108Z,,2026-08-14 10:17:37.963Z,76q0g006tjtp7gp,,z5ovabzo2syrqbj,2026-08-14 10:17:37.108Z,216bb226ec191993
rgix51oy056j8fe,proposal_view,2026-08-14 10:17:40.577Z,,2026-08-14 10:17:41.439Z,76q0g006tjtp7gp,,xtsnw7ypbsms4jl,2026-08-14 10:17:40.577Z,216bb226ec191993
8jayq40f4dz7qua,proposal_view,2026-08-14 10:17:41.476Z,,2026-08-14 10:17:42.337Z,76q0g006tjtp7gp,,l6ue0ntwy9qo9p6,2026-08-14 10:17:41.476Z,216bb226ec191993
ma62wemm7zomz2p,page_view,2026-08-14 10:17:44.226Z,"{""from"": ""/de/questions/76q0g006tjtp7gp/proposals/subscriptions"", ""to"": ""/de/discourse""}",2026-08-14 10:17:45.090Z,76q0g006tjtp7gp,,,2026-08-14 10:17:44.226Z,216bb226ec191993
krip1ks0isuz5ti,page_view,2026-08-14 10:17:46.266Z,"{""from"": ""/de/discourse"", ""to"": ""/de/questions/3o2fj1znev0krvz/proposals/question""}",2026-08-14 10:17:47.127Z,3o2fj1znev0krvz,,,2026-08-14 10:17:46.266Z,216bb226ec191993
etbylaae51gtvh4,feed_filter_change,2026-08-14 10:17:48.085Z,"{""selectedLabelId"": null, ""sortMode"": ""Newest""}",2026-08-14 10:17:48.938Z,,,,2026-08-14 10:17:48.085Z,216bb226ec191993
1r566ovuo2is6ba,page_view,2026-08-14 10:17:48.097Z,"{""from"": ""/de/questions/3o2fj1znev0krvz/proposals/question"", ""to"": ""/de/questions/3o2fj1znev0krvz/proposals/ideas""}",2026-08-14 10:17:48.964Z,3o2fj1znev0krvz,,,2026-08-14 10:17:48.097Z,216bb226ec191993
0a7ign1mwf9oosd,page_view,2026-08-14 10:17:48.435Z,"{""from"": ""/de/questions/3o2fj1znev0krvz/proposals/ideas"", ""to"": ""/de/questions/3o2fj1znev0krvz/proposals/ideas""}",2026-08-14 10:17:49.281Z,3o2fj1znev0krvz,,,2026-08-14 10:17:48.435Z,216bb226ec191993
1bmy90o5qw87wql,proposal_view,2026-08-14 10:17:59.401Z,,2026-08-14 10:18:00.256Z,3o2fj1znev0krvz,,wyx4lc9o5ebp473,2026-08-14 10:17:59.401Z,216bb226ec191993
pnw16ajdl7grmfl,tab_switch,2026-08-14 10:20:16.012Z,"{""state"": ""visible""}",2026-08-14 10:20:16.755Z,,,,2026-08-14 10:20:16.012Z,216bb226ec191993
5ed19qaa1shr3pr,tab_switch,2026-08-14 10:23:19.735Z,"{""state"": ""visible""}",2026-08-14 10:23:20.566Z,,,,2026-08-14 10:23:19.735Z,216bb226ec191993
kahswpmpthnffjb,notification_panel_open,2026-08-14 10:23:39.721Z,"{""unread_count"": 6}",2026-08-14 10:23:40.553Z,,,,2026-08-14 10:23:39.721Z,216bb226ec191993
smoom69rdce5inx,page_view,2026-08-14 10:24:52.247Z,"{""from"": ""/de/questions/3o2fj1znev0krvz/proposals/ideas"", ""to"": ""/de/groups""}",2026-08-14 10:24:53.109Z,3o2fj1znev0krvz,,,2026-08-14 10:24:52.247Z,216bb226ec191993
m26hx92lmgqn2lx,page_view,2026-08-14 10:24:55.029Z,"{""from"": ""/de/groups"", ""to"": ""/de/groups/m5obm8bp0rbq043""}",2026-08-14 10:24:55.896Z,3o2fj1znev0krvz,,,2026-08-14 10:24:55.029Z,216bb226ec191993
za1w577ph2asd2w,page_view,2026-08-14 10:25:10.804Z,"{""from"": ""/de/groups/m5obm8bp0rbq043"", ""to"": ""/de/discourse""}",2026-08-14 10:25:11.648Z,3o2fj1znev0krvz,,,2026-08-14 10:25:10.804Z,216bb226ec191993
irniw7t10he2afy,page_view,2026-08-14 10:26:42.200Z,"{""from"": ""/de/register"", ""to"": ""/de/how-it-works""}",2026-08-14 10:26:42.198Z,,,,2026-08-14 10:26:42.200Z,ee5e4e5bfc419bad
jt5rlnbi4osxe49,page_view,2026-08-14 10:27:49.990Z,"{""from"": ""/de/how-it-works"", ""to"": ""/de/discourse""}",2026-08-14 10:27:49.987Z,,,,2026-08-14 10:27:49.990Z,ee5e4e5bfc419bad
1jwsiy31v16gvv2,page_view,2026-08-14 10:27:59.015Z,"{""from"": ""/de/discourse"", ""to"": ""/de/questions/3o2fj1znev0krvz/proposals/question""}",2026-08-14 10:27:59.012Z,3o2fj1znev0krvz,,,2026-08-14 10:27:59.015Z,ee5e4e5bfc419bad
c3l571l25xfkwj9,feed_filter_change,2026-08-14 10:28:31.294Z,"{""selectedLabelId"": null, ""sortMode"": ""Newest""}",2026-08-14 10:28:31.289Z,,,,2026-08-14 10:28:31.294Z,ee5e4e5bfc419bad
5w7lg6uwbhpvp84,page_view,2026-08-14 10:28:31.348Z,"{""from"": ""/de/questions/3o2fj1znev0krvz/proposals/question"", ""to"": ""/de/questions/3o2fj1znev0krvz/proposals/ideas""}",2026-08-14 10:28:31.345Z,3o2fj1znev0krvz,,,2026-08-14 10:28:31.348Z,ee5e4e5bfc419bad
d287jfb30u4dwb7,proposal_view,2026-08-14 10:29:17.646Z,,2026-08-14 10:29:17.638Z,3o2fj1znev0krvz,,n8luy5w1pc5olz4,2026-08-14 10:29:17.646Z,ee5e4e5bfc419bad
qs8vddr6p2zuo3p,tab_switch,2026-08-14 10:31:24.491Z,"{""state"": ""visible""}",2026-08-14 10:31:24.982Z,,,,2026-08-14 10:31:24.491Z,216bb226ec191993
wiwwotn31izqawu,tab_switch,2026-08-14 10:31:29.951Z,"{""state"": ""visible""}",2026-08-14 10:31:30.785Z,,,,2026-08-14 10:31:29.951Z,216bb226ec191993
b0qknmy0b8rrf4m,page_view,2026-08-14 10:31:34.288Z,"{""from"": ""/de/discourse"", ""to"": ""/de/questions/76q0g006tjtp7gp/proposals/question""}",2026-08-14 10:31:35.153Z,76q0g006tjtp7gp,,,2026-08-14 10:31:34.288Z,216bb226ec191993
extwo2f3pw2w96h,page_view,2026-08-14 10:31:36.434Z,"{""from"": ""/de/questions/76q0g006tjtp7gp/proposals/question"", ""to"": ""/de/questions/76q0g006tjtp7gp/proposals/ideas""}",2026-08-14 10:31:37.295Z,76q0g006tjtp7gp,,,2026-08-14 10:31:36.434Z,216bb226ec191993
7p5tk14cwhdk0cv,notification_panel_open,2026-08-14 10:31:39.823Z,"{""unread_count"": 6}",2026-08-14 10:31:40.683Z,,,,2026-08-14 10:31:39.823Z,216bb226ec191993
ybxn0d95zahcine,notification_panel_open,2026-08-14 10:31:41.075Z,"{""unread_count"": 5}",2026-08-14 10:31:41.932Z,,,,2026-08-14 10:31:41.075Z,216bb226ec191993
2weeo9t1lhpz2qa,notification_panel_click,2026-08-14 10:31:41.077Z,"{""event_type"": ""proposal_remixed"", ""title"": ""Deine Idee wurde geremixt \ud83d\udca1"", ""url"": ""/questions/76q0g006tjtp7gp/proposals/8mnhz0jpnllu7jd""}",2026-08-14 10:31:41.076Z,,,r8haggtmvapsule,2026-08-14 10:31:41.077Z,216bb226ec191993
ledinf7ltginrn3,proposal_view,2026-08-14 10:31:41.269Z,,2026-08-14 10:31:42.131Z,76q0g006tjtp7gp,,8mnhz0jpnllu7jd,2026-08-14 10:31:41.269Z,216bb226ec191993
x03totrja75c58c,proposal_view,2026-08-14 10:31:41.297Z,,2026-08-14 10:31:42.144Z,76q0g006tjtp7gp,,8mnhz0jpnllu7jd,2026-08-14 10:31:41.297Z,216bb226ec191993
5wxixdxtr5b5bte,page_view,2026-08-14 10:31:41.319Z,"{""from"": ""/de/questions/76q0g006tjtp7gp/proposals/ideas"", ""to"": ""/de/questions/76q0g006tjtp7gp/proposals/8mnhz0jpnllu7jd""}",2026-08-14 10:31:42.160Z,76q0g006tjtp7gp,,,2026-08-14 10:31:41.319Z,216bb226ec191993
0qxfyheg975t1ps,notification_panel_open,2026-08-14 10:31:43.732Z,"{""unread_count"": 5}",2026-08-14 10:31:44.595Z,,,,2026-08-14 10:31:43.732Z,216bb226ec191993
0xv32xz8ecs9ao8,notification_panel_open,2026-08-14 10:31:45.247Z,"{""unread_count"": 4}",2026-08-14 10:31:46.111Z,,,,2026-08-14 10:31:45.247Z,216bb226ec191993
hhpn7mp6rczk7uz,notification_panel_click,2026-08-14 10:31:45.253Z,"{""event_type"": ""proposal_remixed"", ""title"": ""Deine Idee wurde geremixt \ud83d\udca1"", ""url"": ""/questions/3o2fj1znev0krvz/proposals/wyx4lc9o5ebp473""}",2026-08-14 10:31:45.251Z,,,irv7h3j19v4txlp,2026-08-14 10:31:45.253Z,216bb226ec191993
72qy3u4h7ksn7n5,proposal_view,2026-08-14 10:31:45.449Z,,2026-08-14 10:31:46.310Z,3o2fj1znev0krvz,,wyx4lc9o5ebp473,2026-08-14 10:31:45.449Z,216bb226ec191993
d27qxc2n0sx7r0w,proposal_view,2026-08-14 10:31:45.466Z,,2026-08-14 10:31:46.323Z,3o2fj1znev0krvz,,wyx4lc9o5ebp473,2026-08-14 10:31:45.466Z,216bb226ec191993
f4kjf5gfu532zyz,page_view,2026-08-14 10:31:45.471Z,"{""from"": ""/de/questions/76q0g006tjtp7gp/proposals/8mnhz0jpnllu7jd"", ""to"": ""/de/questions/3o2fj1znev0krvz/proposals/wyx4lc9o5ebp473""}",2026-08-14 10:31:46.332Z,3o2fj1znev0krvz,,,2026-08-14 10:31:45.471Z,216bb226ec191993
mroee4xon8jaeki,notification_panel_open,2026-08-14 10:31:52.729Z,"{""unread_count"": 4}",2026-08-14 10:31:53.592Z,,,,2026-08-14 10:31:52.729Z,216bb226ec191993
tnt460ozljnt8jg,notification_panel_open,2026-08-14 10:31:54.882Z,"{""unread_count"": 3}",2026-08-14 10:31:55.743Z,,,,2026-08-14 10:31:54.882Z,216bb226ec191993
kfbzjadjcj81aei,notification_panel_click,2026-08-14 10:31:54.890Z,"{""event_type"": ""phase_halfway"", ""title"": ""Diskussion zur H\u00e4lfte \u23f3"", ""url"": ""/questions/3o2fj1znev0krvz/proposals/question""}",2026-08-14 10:31:54.887Z,,,v78q1njick6gbc9,2026-08-14 10:31:54.890Z,216bb226ec191993
wrwsg8jf0ryi3b9,page_view,2026-08-14 10:31:55.031Z,"{""from"": ""/de/questions/3o2fj1znev0krvz/proposals/wyx4lc9o5ebp473"", ""to"": ""/de/questions/3o2fj1znev0krvz/proposals/question""}",2026-08-14 10:31:55.875Z,3o2fj1znev0krvz,,,2026-08-14 10:31:55.031Z,216bb226ec191993
vl84rqu4kjxgaxn,notification_panel_open,2026-08-14 10:31:57.761Z,"{""unread_count"": 3}",2026-08-14 10:31:57.474Z,,,,2026-08-14 10:31:57.761Z,216bb226ec191993
19w23srl7z9e5jo,notification_panel_open,2026-08-14 10:31:57.767Z,"{""unread_count"": 2}",2026-08-14 10:31:58.274Z,,,,2026-08-14 10:31:57.767Z,216bb226ec191993
kx7axzqtbxzying,notification_panel_click,2026-08-14 10:31:57.769Z,"{""event_type"": ""phase_halfway"", ""title"": ""Diskussion zur H\u00e4lfte \u23f3"", ""url"": ""/questions/76q0g006tjtp7gp/proposals/question""}",2026-08-14 10:31:57.768Z,,,w5q9spsl4meflr2,2026-08-14 10:31:57.769Z,216bb226ec191993
uzr7oarj4gen7ps,page_view,2026-08-14 10:31:57.909Z,"{""from"": ""/de/questions/3o2fj1znev0krvz/proposals/question"", ""to"": ""/de/questions/76q0g006tjtp7gp/proposals/question""}",2026-08-14 10:31:58.742Z,76q0g006tjtp7gp,,,2026-08-14 10:31:57.909Z,216bb226ec191993
15y3wie08f870oa,notification_panel_open,2026-08-14 10:31:59.706Z,"{""unread_count"": 2}",2026-08-14 10:32:00.572Z,,,,2026-08-14 10:31:59.706Z,216bb226ec191993
lyd52zaulhosou5,page_view,2026-08-14 10:35:14.986Z,"{""from"": ""/de/questions/76q0g006tjtp7gp/proposals/question"", ""to"": ""/de/questions/76q0g006tjtp7gp/proposals/ideas""}",2026-08-14 10:35:15.805Z,76q0g006tjtp7gp,,,2026-08-14 10:35:14.986Z,216bb226ec191993
led6neaey072tn1,proposal_view,2026-08-14 10:35:16.625Z,,2026-08-14 10:35:17.485Z,76q0g006tjtp7gp,,8mnhz0jpnllu7jd,2026-08-14 10:35:16.625Z,216bb226ec191993
7glvfresfi6g943,proposal_view,2026-08-14 10:35:22.161Z,,2026-08-14 10:35:23.017Z,76q0g006tjtp7gp,,l6ue0ntwy9qo9p6,2026-08-14 10:35:22.161Z,216bb226ec191993
b4csy6e5omalx0b,proposal_view,2026-08-14 10:35:25.596Z,,2026-08-14 10:35:26.457Z,76q0g006tjtp7gp,,xtsnw7ypbsms4jl,2026-08-14 10:35:25.596Z,216bb226ec191993
3svmj15ez1m2yra,proposal_view,2026-08-14 10:35:28.644Z,,2026-08-14 10:35:29.508Z,76q0g006tjtp7gp,,z5ovabzo2syrqbj,2026-08-14 10:35:28.644Z,216bb226ec191993
iq089y11la20ri8,proposal_view,2026-08-14 10:35:30.606Z,,2026-08-14 10:35:30.586Z,3o2fj1znev0krvz,,n8luy5w1pc5olz4,2026-08-14 10:35:30.606Z,ee5e4e5bfc419bad
4ryhxhvatnouokh,proposal_view,2026-08-14 10:35:32.279Z,,2026-08-14 10:35:33.132Z,76q0g006tjtp7gp,,8mnhz0jpnllu7jd,2026-08-14 10:35:32.279Z,216bb226ec191993
pmd0hyat62e3w5h,proposal_view,2026-08-14 10:35:46.122Z,,2026-08-14 10:35:46.984Z,76q0g006tjtp7gp,,yuk7erdsr4l9gbd,2026-08-14 10:35:46.122Z,216bb226ec191993
nknq13cej9qxvha,proposal_view,2026-08-14 10:37:04.531Z,,2026-08-14 10:37:05.388Z,76q0g006tjtp7gp,,l6ue0ntwy9qo9p6,2026-08-14 10:37:04.531Z,216bb226ec191993
r3cpzup4t4vh8h7,proposal_view,2026-08-14 10:37:10.674Z,,2026-08-14 10:37:11.530Z,76q0g006tjtp7gp,,z5ovabzo2syrqbj,2026-08-14 10:37:10.674Z,216bb226ec191993
mtz634vninjuf5v,page_view,2026-08-14 10:37:34.700Z,"{""from"": ""/de/questions/76q0g006tjtp7gp/proposals/ideas"", ""to"": ""/de/discourse""}",2026-08-14 10:37:35.561Z,76q0g006tjtp7gp,,,2026-08-14 10:37:34.700Z,216bb226ec191993
x4o3blqd39o4p42,page_view,2026-08-14 10:37:39.838Z,"{""from"": ""/de/discourse"", ""to"": ""/de/questions/3o2fj1znev0krvz/proposals/question""}",2026-08-14 10:37:40.705Z,3o2fj1znev0krvz,,,2026-08-14 10:37:39.838Z,216bb226ec191993
7pvn7be3gy3m2rv,page_view,2026-08-14 10:37:41.798Z,"{""from"": ""/de/questions/3o2fj1znev0krvz/proposals/question"", ""to"": ""/de/questions/3o2fj1znev0krvz/proposals/ideas""}",2026-08-14 10:37:42.659Z,3o2fj1znev0krvz,,,2026-08-14 10:37:41.798Z,216bb226ec191993
yxjj5sqcl8fuwn5,proposal_view,2026-08-14 10:37:56.306Z,,2026-08-14 10:37:57.163Z,3o2fj1znev0krvz,,rgjhcdyr8kdvxyz,2026-08-14 10:37:56.306Z,216bb226ec191993
azs5ew2htmahuow,proposal_view,2026-08-14 10:37:58.939Z,,2026-08-14 10:37:59.786Z,3o2fj1znev0krvz,,px3acjduduouqz6,2026-08-14 10:37:58.939Z,216bb226ec191993
elnqf1m8lk2v394,proposal_view,2026-08-14 10:38:17.772Z,,2026-08-14 10:38:18.625Z,3o2fj1znev0krvz,,rgjhcdyr8kdvxyz,2026-08-14 10:38:17.772Z,216bb226ec191993
qs2d5tsf4fa50k1,proposal_view,2026-08-14 10:38:32.521Z,,2026-08-14 10:38:33.380Z,3o2fj1znev0krvz,,n8luy5w1pc5olz4,2026-08-14 10:38:32.521Z,216bb226ec191993
mn35uovpr0rvwbd,tab_switch,2026-08-14 10:42:48.122Z,"{""state"": ""visible""}",2026-08-14 10:42:48.958Z,,,,2026-08-14 10:42:48.122Z,216bb226ec191993
4u5h79vmvphyr6k,subscribe,2026-08-14 10:44:09.935Z,,2026-08-14 10:44:09.935Z,3o2fj1znev0krvz,,m5vq0q540kenhen,2026-08-14 10:44:09.935Z,ee5e4e5bfc419bad
ob1xfobomi6x5o4,remix_singular,2026-08-14 10:44:09.943Z,,2026-08-14 10:44:09.930Z,3o2fj1znev0krvz,,m5vq0q540kenhen,2026-08-14 10:44:09.943Z,ee5e4e5bfc419bad
kyn63wqefz7z2n9,proposal_view,2026-08-14 10:44:10.243Z,,2026-08-14 10:44:10.241Z,3o2fj1znev0krvz,,m5vq0q540kenhen,2026-08-14 10:44:10.243Z,ee5e4e5bfc419bad
0ve7m0t103qnc49,proposal_view,2026-08-14 10:44:10.259Z,,2026-08-14 10:44:10.250Z,3o2fj1znev0krvz,,m5vq0q540kenhen,2026-08-14 10:44:10.259Z,ee5e4e5bfc419bad
zvgszo0r0qt7ewx,page_view,2026-08-14 10:44:10.267Z,"{""from"": ""/de/questions/3o2fj1znev0krvz/proposals/ideas"", ""to"": ""/de/questions/3o2fj1znev0krvz/proposals/m5vq0q540kenhen""}",2026-08-14 10:44:10.271Z,3o2fj1znev0krvz,,,2026-08-14 10:44:10.267Z,ee5e4e5bfc419bad
1jccb32d1wwirnq,page_view,2026-08-14 10:44:44.940Z,"{""from"": ""/de/questions/3o2fj1znev0krvz/proposals/m5vq0q540kenhen"", ""to"": ""/de/questions/3o2fj1znev0krvz/proposals/ideas""}",2026-08-14 10:44:44.822Z,3o2fj1znev0krvz,,,2026-08-14 10:44:44.940Z,ee5e4e5bfc419bad
g9kb7327wd81r17,proposal_view,2026-08-14 10:44:44.945Z,,2026-08-14 10:44:44.806Z,3o2fj1znev0krvz,,n8luy5w1pc5olz4,2026-08-14 10:44:44.945Z,ee5e4e5bfc419bad
2u6osdj0suq6giy,proposal_view,2026-08-14 10:44:56.433Z,,2026-08-14 10:44:56.420Z,3o2fj1znev0krvz,,usjpvaq5nnvjl9w,2026-08-14 10:44:56.433Z,ee5e4e5bfc419bad
rq5c0o89u38056d,session_start,2026-08-14 10:46:39.508Z,"{""isMobile"": false, ""screenHeight"": 783, ""screenWidth"": 1368, ""userAgent"": ""Mozilla/5.0 (Windows NT 10.0; Win64; x64) AppleWebKit/537.36 (KHTML, like Gecko) Chrome/151.0.0.0 Safari/537.36""}",2026-08-14 10:46:39.505Z,,,,2026-08-14 10:46:39.508Z,ee5e4e5bfc419bad
ea4ss0avpqt0mng,page_view,2026-08-14 10:46:39.515Z,"{""to"": ""/de/invite/nar2qPkbndY8uU064clwv1hDoz3lqopY""}",2026-08-14 10:46:39.511Z,,,,2026-08-14 10:46:39.515Z,ee5e4e5bfc419bad
4ejlhfpwgahiv6r,page_view,2026-08-14 10:46:41.253Z,"{""from"": ""/de/invite/nar2qPkbndY8uU064clwv1hDoz3lqopY"", ""to"": ""/de/invite/nar2qPkbndY8uU064clwv1hDoz3lqopY""}",2026-08-14 10:46:41.243Z,,,,2026-08-14 10:46:41.253Z,ee5e4e5bfc419bad
qag0m92862qp0k1,tab_switch,2026-08-14 10:46:41.838Z,"{""state"": ""visible""}",2026-08-14 10:46:42.637Z,,,,2026-08-14 10:46:41.838Z,216bb226ec191993
zo6i5hymckthpmv,page_view,2026-08-14 10:46:43.436Z,"{""from"": ""/de/invite/nar2qPkbndY8uU064clwv1hDoz3lqopY"", ""to"": ""/de/invite/nar2qPkbndY8uU064clwv1hDoz3lqopY""}",2026-08-14 10:46:43.415Z,,,,2026-08-14 10:46:43.436Z,ee5e4e5bfc419bad
oot7mtrg51tzutz,page_view,2026-08-14 10:46:47.494Z,"{""from"": ""/de/invite/nar2qPkbndY8uU064clwv1hDoz3lqopY"", ""to"": ""/de/discourse""}",2026-08-14 10:46:47.491Z,,,,2026-08-14 10:46:47.494Z,ee5e4e5bfc419bad
v0hkob9df3ofovc,page_view,2026-08-14 10:46:50.821Z,"{""from"": ""/de/discourse"", ""to"": ""/de/questions/3o2fj1znev0krvz/proposals/question""}",2026-08-14 10:46:50.813Z,3o2fj1znev0krvz,,,2026-08-14 10:46:50.821Z,ee5e4e5bfc419bad
pyv5qs6530mlj8j,feed_filter_change,2026-08-14 10:46:55.618Z,"{""selectedLabelId"": null, ""sortMode"": ""Newest""}",2026-08-14 10:46:55.619Z,,,,2026-08-14 10:46:55.618Z,ee5e4e5bfc419bad
r7v5rt0fktqppde,page_view,2026-08-14 10:46:55.695Z,"{""from"": ""/de/questions/3o2fj1znev0krvz/proposals/question"", ""to"": ""/de/questions/3o2fj1znev0krvz/proposals/ideas""}",2026-08-14 10:46:55.699Z,3o2fj1znev0krvz,,,2026-08-14 10:46:55.695Z,ee5e4e5bfc419bad
ie6wzo5phuc0nl8,proposal_view,2026-08-14 10:47:18.886Z,,2026-08-14 10:47:18.883Z,3o2fj1znev0krvz,,usjpvaq5nnvjl9w,2026-08-14 10:47:18.886Z,ee5e4e5bfc419bad
g1q3wb7kns5k0xm,page_view,2026-08-14 10:47:36.110Z,"{""from"": ""/de/questions/3o2fj1znev0krvz/proposals/ideas"", ""to"": ""/de/discourse""}",2026-08-14 10:47:36.973Z,3o2fj1znev0krvz,,,2026-08-14 10:47:36.110Z,216bb226ec191993
l3o0724235f2e6z,page_view,2026-08-14 10:47:40.765Z,"{""from"": ""/de/discourse"", ""to"": ""/de/questions/76q0g006tjtp7gp/proposals/question""}",2026-08-14 10:47:41.632Z,76q0g006tjtp7gp,,,2026-08-14 10:47:40.765Z,216bb226ec191993
t715od0qznjtsz8,page_view,2026-08-14 10:47:42.387Z,"{""from"": ""/de/questions/76q0g006tjtp7gp/proposals/question"", ""to"": ""/de/questions/76q0g006tjtp7gp/proposals/ideas""}",2026-08-14 10:47:43.249Z,76q0g006tjtp7gp,,,2026-08-14 10:47:42.387Z,216bb226ec191993
eovkzwp742ei2ig,proposal_view,2026-08-14 10:47:42.711Z,,2026-08-14 10:47:42.701Z,3o2fj1znev0krvz,,usjpvaq5nnvjl9w,2026-08-14 10:47:42.711Z,ee5e4e5bfc419bad
bumqhnp2wbknbzu,proposal_view,2026-08-14 10:47:52.225Z,,2026-08-14 10:47:52.218Z,3o2fj1znev0krvz,,vee7zdpty5ijljm,2026-08-14 10:47:52.225Z,ee5e4e5bfc419bad
n0enp2rq7zvt0cq,proposal_view,2026-08-14 10:48:00.238Z,,2026-08-14 10:48:00.232Z,3o2fj1znev0krvz,,usjpvaq5nnvjl9w,2026-08-14 10:48:00.238Z,ee5e4e5bfc419bad
ade3eaggwj0i8og,proposal_view,2026-08-14 10:48:13.251Z,,2026-08-14 10:48:13.239Z,3o2fj1znev0krvz,,usjpvaq5nnvjl9w,2026-08-14 10:48:13.251Z,ee5e4e5bfc419bad
v6nlx4uzmfsbdao,proposal_view,2026-08-14 10:48:34.965Z,,2026-08-14 10:48:34.962Z,3o2fj1znev0krvz,,wyx4lc9o5ebp473,2026-08-14 10:48:34.965Z,ee5e4e5bfc419bad
8q7lf9ah1nh5mc3,proposal_view,2026-08-14 10:49:00.230Z,,2026-08-14 10:49:00.228Z,3o2fj1znev0krvz,,px3acjduduouqz6,2026-08-14 10:49:00.230Z,ee5e4e5bfc419bad
3j2lfv106keur8f,tab_switch,2026-08-14 10:49:30.420Z,"{""state"": ""visible""}",2026-08-14 10:49:30.386Z,,,,2026-08-14 10:49:30.420Z,ee5e4e5bfc419bad
96pxyjo42c9aryn,proposal_view,2026-08-14 10:49:37.905Z,,2026-08-14 10:49:37.901Z,3o2fj1znev0krvz,,px3acjduduouqz6,2026-08-14 10:49:37.905Z,ee5e4e5bfc419bad
7vk145fv720c9wg,session_start,2026-08-14 10:54:07.237Z,"{""isMobile"": false, ""screenHeight"": 783, ""screenWidth"": 1368, ""userAgent"": ""Mozilla/5.0 (Windows NT 10.0; Win64; x64) AppleWebKit/537.36 (KHTML, like Gecko) Chrome/151.0.0.0 Safari/537.36""}",2026-08-14 10:54:07.240Z,,,,2026-08-14 10:54:07.237Z,ee5e4e5bfc419bad
zedyfmjk0zzz014,page_view,2026-08-14 10:54:07.240Z,"{""to"": ""/de/invite/nar2qPkbndY8uU064clwv1hDoz3lqopY""}",2026-08-14 10:54:07.245Z,,,,2026-08-14 10:54:07.240Z,ee5e4e5bfc419bad
lsr0bdst11xztk8,page_view,2026-08-14 10:54:10.158Z,"{""from"": ""/de/invite/nar2qPkbndY8uU064clwv1hDoz3lqopY"", ""to"": ""/de/discourse""}",2026-08-14 10:54:10.160Z,,,,2026-08-14 10:54:10.158Z,ee5e4e5bfc419bad
n2b1206q7nyhzkn,page_view,2026-08-14 10:54:15.088Z,"{""from"": ""/de/discourse"", ""to"": ""/de/questions/3o2fj1znev0krvz/proposals/question""}",2026-08-14 10:54:15.088Z,3o2fj1znev0krvz,,,2026-08-14 10:54:15.088Z,ee5e4e5bfc419bad
68dibu6n7e3gioz,page_view,2026-08-14 10:54:38.317Z,"{""from"": ""/de/questions/3o2fj1znev0krvz/proposals/question"", ""to"": ""/de/questions/3o2fj1znev0krvz/proposals/question""}",2026-08-14 10:54:38.293Z,3o2fj1znev0krvz,,,2026-08-14 10:54:38.317Z,ee5e4e5bfc419bad
3stdsss02dzk21f,page_view,2026-08-14 10:54:38.926Z,"{""from"": ""/de/questions/3o2fj1znev0krvz/proposals/question"", ""to"": ""/de/questions/3o2fj1znev0krvz/proposals/question""}",2026-08-14 10:54:38.910Z,3o2fj1znev0krvz,,,2026-08-14 10:54:38.926Z,ee5e4e5bfc419bad
4sa56bymktnp2oh,page_view,2026-08-14 10:54:41.204Z,"{""from"": ""/de/questions/3o2fj1znev0krvz/proposals/question"", ""to"": ""/de/groups/m5obm8bp0rbq043""}",2026-08-14 10:54:41.206Z,3o2fj1znev0krvz,,,2026-08-14 10:54:41.204Z,ee5e4e5bfc419bad
vhhdpbvp8bgr1wi,page_view,2026-08-14 10:54:45.070Z,"{""from"": ""/de/groups/m5obm8bp0rbq043"", ""to"": ""/de/questions/3o2fj1znev0krvz/proposals/question""}",2026-08-14 10:54:45.071Z,3o2fj1znev0krvz,,,2026-08-14 10:54:45.070Z,ee5e4e5bfc419bad
ir26gyer5jmkdao,feed_filter_change,2026-08-14 10:55:07.024Z,"{""selectedLabelId"": null, ""sortMode"": ""Newest""}",2026-08-14 10:55:07.019Z,,,,2026-08-14 10:55:07.024Z,ee5e4e5bfc419bad
g427dihaypa0odo,page_view,2026-08-14 10:55:07.074Z,"{""from"": ""/de/questions/3o2fj1znev0krvz/proposals/question"", ""to"": ""/de/questions/3o2fj1znev0krvz/proposals/ideas""}",2026-08-14 10:55:07.073Z,3o2fj1znev0krvz,,,2026-08-14 10:55:07.074Z,ee5e4e5bfc419bad
5aupc5qhab4szik,tab_switch,2026-08-14 10:55:30.699Z,"{""state"": ""visible""}",2026-08-14 10:55:30.668Z,,,,2026-08-14 10:55:30.699Z,ee5e4e5bfc419bad
vg4sg82hybnfkjz,page_view,2026-08-14 10:55:34.037Z,"{""from"": ""/de/questions/3o2fj1znev0krvz/proposals/ideas"", ""to"": ""/de/questions/3o2fj1znev0krvz/proposals/new""}",2026-08-14 10:55:34.046Z,3o2fj1znev0krvz,,,2026-08-14 10:55:34.037Z,ee5e4e5bfc419bad
fsn32nzokvruztg,tab_switch,2026-08-14 10:56:05.576Z,"{""state"": ""visible""}",2026-08-14 10:56:05.540Z,,,,2026-08-14 10:56:05.576Z,ee5e4e5bfc419bad
f9skdy69uqjexgf,tab_switch,2026-08-14 10:56:23.136Z,"{""state"": ""visible""}",2026-08-14 10:56:23.100Z,,,,2026-08-14 10:56:23.136Z,ee5e4e5bfc419bad
quay79eoqzhjx2d,tab_switch,2026-08-14 10:56:44.261Z,"{""state"": ""visible""}",2026-08-14 10:56:44.232Z,,,,2026-08-14 10:56:44.261Z,ee5e4e5bfc419bad
ekzs74oazkrfqv4,tab_switch,2026-08-14 10:56:54.767Z,"{""state"": ""visible""}",2026-08-14 10:56:54.730Z,,,,2026-08-14 10:56:54.767Z,ee5e4e5bfc419bad
kwxr7s0afh7oewa,tab_switch,2026-08-14 10:57:04.362Z,"{""state"": ""visible""}",2026-08-14 10:57:04.326Z,,,,2026-08-14 10:57:04.362Z,ee5e4e5bfc419bad
c0mservzf7b3wdn,subscribe,2026-08-14 10:57:08.936Z,,2026-08-14 10:57:08.936Z,3o2fj1znev0krvz,,2w5teh1hty0mznr,2026-08-14 10:57:08.936Z,ee5e4e5bfc419bad
q8oggw3yq8ojrj2,create_idea,2026-08-14 10:57:08.940Z,,2026-08-14 10:57:08.932Z,3o2fj1znev0krvz,,2w5teh1hty0mznr,2026-08-14 10:57:08.940Z,ee5e4e5bfc419bad
3pybjtklxuuui47,create_label,2026-08-14 10:57:08.942Z,"{""label_name"": ""ausleih.app nutzen""}",2026-08-14 10:57:08.932Z,3o2fj1znev0krvz,,l1f41kw2xd9n1ve,2026-08-14 10:57:08.942Z,ee5e4e5bfc419bad
zdv7ydcslu9xzri,proposal_view,2026-08-14 10:57:09.124Z,,2026-08-14 10:57:09.131Z,3o2fj1znev0krvz,,2w5teh1hty0mznr,2026-08-14 10:57:09.124Z,ee5e4e5bfc419bad
qvu3cgmmj08wdn6,proposal_view,2026-08-14 10:57:09.139Z,,2026-08-14 10:57:09.140Z,3o2fj1znev0krvz,,2w5teh1hty0mznr,2026-08-14 10:57:09.139Z,ee5e4e5bfc419bad
dfvfcj3fsuz2rjb,page_view,2026-08-14 10:57:09.174Z,"{""from"": ""/de/questions/3o2fj1znev0krvz/proposals/new"", ""to"": ""/de/questions/3o2fj1znev0krvz/proposals/2w5teh1hty0mznr""}",2026-08-14 10:57:09.182Z,3o2fj1znev0krvz,,,2026-08-14 10:57:09.174Z,ee5e4e5bfc419bad
xez7bfdmzeg17x5,page_view,2026-08-14 10:57:27.027Z,"{""from"": ""/de/questions/3o2fj1znev0krvz/proposals/new"", ""to"": ""/de/questions/3o2fj1znev0krvz/proposals/ideas""}",2026-08-14 10:57:27.032Z,3o2fj1znev0krvz,,,2026-08-14 10:57:27.027Z,ee5e4e5bfc419bad
uvddvhwp14n6pld,tab_switch,2026-08-14 11:07:32.003Z,"{""state"": ""visible""}",2026-08-14 11:07:31.867Z,,,,2026-08-14 11:07:32.003Z,ee5e4e5bfc419bad
imat9h2l06bzo9k,page_view,2026-08-14 11:07:56.264Z,"{""from"": ""/de/questions/3o2fj1znev0krvz/proposals/ideas"", ""to"": ""/de/questions/3o2fj1znev0krvz/proposals/question""}",2026-08-14 11:07:56.273Z,3o2fj1znev0krvz,,,2026-08-14 11:07:56.264Z,ee5e4e5bfc419bad
jkl8zu85ojs7u1g,page_view,2026-08-14 11:07:57.718Z,"{""from"": ""/de/questions/3o2fj1znev0krvz/proposals/question"", ""to"": ""/de/groups/m5obm8bp0rbq043""}",2026-08-14 11:07:57.720Z,3o2fj1znev0krvz,,,2026-08-14 11:07:57.718Z,ee5e4e5bfc419bad
u8gvwxw6kylooop,page_view,2026-08-14 11:07:59.640Z,"{""from"": ""/de/groups/m5obm8bp0rbq043"", ""to"": ""/de/questions/76q0g006tjtp7gp/proposals/question""}",2026-08-14 11:07:59.651Z,76q0g006tjtp7gp,,,2026-08-14 11:07:59.640Z,ee5e4e5bfc419bad
i4h1y1jtn9fvagk,page_view,2026-08-14 11:47:06.610Z,"{""from"": ""/de/register"", ""to"": ""/de/how-it-works""}",2026-08-14 11:47:06.586Z,,,,2026-08-14 11:47:06.610Z,762fef61cd09705e
7hg058npee61f2i,page_view,2026-08-14 11:48:47.070Z,"{""from"": ""/de/how-it-works"", ""to"": ""/de/discourse""}",2026-08-14 11:48:47.042Z,,,,2026-08-14 11:48:47.070Z,762fef61cd09705e
v575qjc647i5oy6,page_view,2026-08-14 11:48:54.051Z,"{""from"": ""/de/discourse"", ""to"": ""/de/questions/76q0g006tjtp7gp/proposals/question""}",2026-08-14 11:48:54.024Z,76q0g006tjtp7gp,,,2026-08-14 11:48:54.051Z,762fef61cd09705e
wwwx90nr8f4nvxk,feed_filter_change,2026-08-14 11:49:35.478Z,"{""selectedLabelId"": null, ""sortMode"": ""Newest""}",2026-08-14 11:49:35.446Z,,,,2026-08-14 11:49:35.478Z,762fef61cd09705e
gqxeuzy1e16ms6j,page_view,2026-08-14 11:49:35.505Z,"{""from"": ""/de/questions/76q0g006tjtp7gp/proposals/question"", ""to"": ""/de/questions/76q0g006tjtp7gp/proposals/ideas""}",2026-08-14 11:49:35.479Z,76q0g006tjtp7gp,,,2026-08-14 11:49:35.505Z,762fef61cd09705e
ep5uv1nl6gb6zst,proposal_view,2026-08-14 11:49:59.423Z,,2026-08-14 11:49:59.388Z,76q0g006tjtp7gp,,8mnhz0jpnllu7jd,2026-08-14 11:49:59.423Z,762fef61cd09705e
ahyv5bvoa7l7y4c,page_view,2026-08-14 11:50:07.267Z,"{""from"": ""/de/register"", ""to"": ""/de/how-it-works""}",2026-08-14 11:50:06.467Z,,,,2026-08-14 11:50:07.267Z,b5234477b29af758
91o44bof4z527mf,page_view,2026-08-14 11:50:34.640Z,"{""from"": ""/de/login"", ""to"": ""/de/how-it-works""}",2026-08-14 11:50:34.483Z,,,,2026-08-14 11:50:34.640Z,b5234477b29af758
q8mplru5bpy8gfp,tab_switch,2026-08-14 11:50:41.090Z,"{""state"": ""visible""}",2026-08-14 11:50:40.227Z,,,,2026-08-14 11:50:41.090Z,b5234477b29af758
q5tpwkrfha2meut,proposal_view,2026-08-14 11:51:01.631Z,,2026-08-14 11:51:01.595Z,76q0g006tjtp7gp,,yuk7erdsr4l9gbd,2026-08-14 11:51:01.631Z,762fef61cd09705e
tj7arzyj4c0m9n8,proposal_view,2026-08-14 11:51:21.851Z,,2026-08-14 11:51:21.820Z,76q0g006tjtp7gp,,z5ovabzo2syrqbj,2026-08-14 11:51:21.851Z,762fef61cd09705e
axu95mubmoy288f,proposal_view,2026-08-14 11:51:27.209Z,,2026-08-14 11:51:27.180Z,76q0g006tjtp7gp,,8mnhz0jpnllu7jd,2026-08-14 11:51:27.209Z,762fef61cd09705e
xucjbrko7vi4o9q,proposal_view,2026-08-14 11:51:43.602Z,,2026-08-14 11:51:43.570Z,76q0g006tjtp7gp,,yuk7erdsr4l9gbd,2026-08-14 11:51:43.602Z,762fef61cd09705e
jmdcwvzyiwp41ll,page_view,2026-08-14 11:52:10.498Z,"{""from"": ""/de/how-it-works"", ""to"": ""/de/discourse""}",2026-08-14 11:52:10.299Z,,,,2026-08-14 11:52:10.498Z,b5234477b29af758
h0ho615fcgl7ifs,proposal_view,2026-08-14 11:52:11.619Z,,2026-08-14 11:52:11.585Z,76q0g006tjtp7gp,,8mnhz0jpnllu7jd,2026-08-14 11:52:11.619Z,762fef61cd09705e
9cf61bktnepzxfb,proposal_view,2026-08-14 11:52:16.426Z,,2026-08-14 11:52:16.389Z,76q0g006tjtp7gp,,z5ovabzo2syrqbj,2026-08-14 11:52:16.426Z,762fef61cd09705e
h2kco42s3tbyjmg,proposal_view,2026-08-14 11:52:21.756Z,,2026-08-14 11:52:21.719Z,76q0g006tjtp7gp,,yuk7erdsr4l9gbd,2026-08-14 11:52:21.756Z,762fef61cd09705e
d5z30i9e38re0qv,page_view,2026-08-14 11:52:51.316Z,"{""from"": ""/de/discourse"", ""to"": ""/de/questions/76q0g006tjtp7gp/proposals/question""}",2026-08-14 11:52:51.144Z,76q0g006tjtp7gp,,,2026-08-14 11:52:51.316Z,b5234477b29af758
1l5q5fikh8ss8c5,feed_filter_change,2026-08-14 11:52:58.011Z,"{""selectedLabelId"": null, ""sortMode"": ""Newest""}",2026-08-14 11:52:57.790Z,,,,2026-08-14 11:52:58.011Z,b5234477b29af758
79zoq7rq43ftn77,page_view,2026-08-14 11:52:58.017Z,"{""from"": ""/de/questions/76q0g006tjtp7gp/proposals/question"", ""to"": ""/de/questions/76q0g006tjtp7gp/proposals/ideas""}",2026-08-14 11:52:57.796Z,76q0g006tjtp7gp,,,2026-08-14 11:52:58.017Z,b5234477b29af758
6ni6mdekdaob6pu,proposal_view,2026-08-14 11:53:07.353Z,,2026-08-14 11:53:07.142Z,76q0g006tjtp7gp,,8mnhz0jpnllu7jd,2026-08-14 11:53:07.353Z,b5234477b29af758
tkwolh8yxkt91li,proposal_view,2026-08-14 11:53:20.463Z,,2026-08-14 11:53:20.237Z,76q0g006tjtp7gp,,z5ovabzo2syrqbj,2026-08-14 11:53:20.463Z,b5234477b29af758
pro0bdqbbl1ulbh,proposal_view,2026-08-14 11:53:22.144Z,,2026-08-14 11:53:21.936Z,76q0g006tjtp7gp,,xtsnw7ypbsms4jl,2026-08-14 11:53:22.144Z,b5234477b29af758
xtejyvs86mnh3x2,proposal_view,2026-08-14 11:53:29.658Z,,2026-08-14 11:53:29.465Z,76q0g006tjtp7gp,,z5ovabzo2syrqbj,2026-08-14 11:53:29.658Z,b5234477b29af758
epatyiitzuylnly,proposal_view,2026-08-14 11:53:35.343Z,,2026-08-14 11:53:35.117Z,76q0g006tjtp7gp,,yuk7erdsr4l9gbd,2026-08-14 11:53:35.343Z,b5234477b29af758
mdg2hd11ldy43qo,proposal_view,2026-08-14 11:53:42.329Z,,2026-08-14 11:53:42.131Z,76q0g006tjtp7gp,,8mnhz0jpnllu7jd,2026-08-14 11:53:42.329Z,b5234477b29af758
zko3awjtrchdgti,proposal_view,2026-08-14 11:54:27.109Z,,2026-08-14 11:54:26.931Z,76q0g006tjtp7gp,,xtsnw7ypbsms4jl,2026-08-14 11:54:27.109Z,b5234477b29af758
zpx2ndhpz66yhhm,proposal_view,2026-08-14 11:54:30.050Z,,2026-08-14 11:54:29.828Z,76q0g006tjtp7gp,,yuk7erdsr4l9gbd,2026-08-14 11:54:30.050Z,b5234477b29af758
n52ignmohvmpllc,proposal_view,2026-08-14 11:54:37.935Z,,2026-08-14 11:54:37.895Z,76q0g006tjtp7gp,,xtsnw7ypbsms4jl,2026-08-14 11:54:37.935Z,762fef61cd09705e
hl2ihu0if4wcblw,page_view,2026-08-14 11:54:38.803Z,"{""from"": ""/de/questions/76q0g006tjtp7gp/proposals/ideas"", ""to"": ""/de/questions/76q0g006tjtp7gp/proposals/question""}",2026-08-14 11:54:38.578Z,76q0g006tjtp7gp,,,2026-08-14 11:54:38.803Z,b5234477b29af758
k91kaligv0g724y,proposal_view,2026-08-14 11:54:40.525Z,,2026-08-14 11:54:40.489Z,76q0g006tjtp7gp,,l6ue0ntwy9qo9p6,2026-08-14 11:54:40.525Z,762fef61cd09705e
yl6uotj89is06wg,proposal_view,2026-08-14 11:54:43.802Z,,2026-08-14 11:54:43.724Z,76q0g006tjtp7gp,,xtsnw7ypbsms4jl,2026-08-14 11:54:43.802Z,762fef61cd09705e
s1qsbmt1wvwrgo3,proposal_view,2026-08-14 11:55:02.867Z,,2026-08-14 11:55:02.829Z,76q0g006tjtp7gp,,yuk7erdsr4l9gbd,2026-08-14 11:55:02.867Z,762fef61cd09705e
ihenz03mzf9tj6u,subscribe,2026-08-14 11:55:13.367Z,,2026-08-14 11:55:13.366Z,76q0g006tjtp7gp,,yuk7erdsr4l9gbd,2026-08-14 11:55:13.367Z,762fef61cd09705e
hqekobxxl1v5dy8,proposal_view,2026-08-14 11:55:15.826Z,,2026-08-14 11:55:15.784Z,76q0g006tjtp7gp,,z5ovabzo2syrqbj,2026-08-14 11:55:15.826Z,762fef61cd09705e
7egov3ft6bj7mde,page_view,2026-08-14 11:55:15.869Z,"{""from"": ""/de/questions/76q0g006tjtp7gp/proposals/question"", ""to"": ""/de/how-it-works""}",2026-08-14 11:55:15.710Z,76q0g006tjtp7gp,,,2026-08-14 11:55:15.869Z,b5234477b29af758
bs8jlgnkj77ai8j,proposal_view,2026-08-14 11:55:19.415Z,,2026-08-14 11:55:19.378Z,76q0g006tjtp7gp,,8mnhz0jpnllu7jd,2026-08-14 11:55:19.415Z,762fef61cd09705e
wxow2531h1ily88,proposal_view,2026-08-14 11:55:23.113Z,,2026-08-14 11:55:23.078Z,76q0g006tjtp7gp,,yuk7erdsr4l9gbd,2026-08-14 11:55:23.113Z,762fef61cd09705e
niuiv39ja1yx8kr,page_view,2026-08-14 11:55:38.023Z,"{""from"": ""/de/how-it-works"", ""to"": ""/de/discourse""}",2026-08-14 11:55:37.829Z,76q0g006tjtp7gp,,,2026-08-14 11:55:38.023Z,b5234477b29af758
e9psenitmhpl5ta,page_view,2026-08-14 11:55:45.327Z,"{""from"": ""/de/discourse"", ""to"": ""/de/questions/3o2fj1znev0krvz/proposals/question""}",2026-08-14 11:55:45.139Z,3o2fj1znev0krvz,,,2026-08-14 11:55:45.327Z,b5234477b29af758
24ra9m0kgi8iyjs,page_view,2026-08-14 11:57:07.115Z,"{""from"": ""/de/questions/3o2fj1znev0krvz/proposals/question"", ""to"": ""/de/questions/3o2fj1znev0krvz/proposals/ideas""}",2026-08-14 11:57:06.905Z,3o2fj1znev0krvz,,,2026-08-14 11:57:07.115Z,b5234477b29af758
3t8mfb7sldskdnq,page_view,2026-08-14 11:57:23.552Z,"{""from"": ""/de/questions/3o2fj1znev0krvz/proposals/ideas"", ""to"": ""/de/discourse""}",2026-08-14 11:57:23.356Z,3o2fj1znev0krvz,,,2026-08-14 11:57:23.552Z,b5234477b29af758
0dzp7gvlzi25pis,page_view,2026-08-14 11:57:25.195Z,"{""from"": ""/de/discourse"", ""to"": ""/de/questions/76q0g006tjtp7gp/proposals/question""}",2026-08-14 11:57:25.008Z,76q0g006tjtp7gp,,,2026-08-14 11:57:25.195Z,b5234477b29af758
vgeukx1n9xgvspl,page_view,2026-08-14 11:58:44.834Z,"{""from"": ""/de/questions/76q0g006tjtp7gp/proposals/question"", ""to"": ""/de/questions/76q0g006tjtp7gp/proposals/ideas""}",2026-08-14 11:58:44.616Z,76q0g006tjtp7gp,,,2026-08-14 11:58:44.834Z,b5234477b29af758
sla04rbcmoicpcf,proposal_view,2026-08-14 11:59:26.710Z,,2026-08-14 11:59:26.483Z,76q0g006tjtp7gp,,yuk7erdsr4l9gbd,2026-08-14 11:59:26.710Z,b5234477b29af758
29eum1poc7yxzm6,proposal_view,2026-08-14 11:59:48.327Z,,2026-08-14 11:59:48.096Z,76q0g006tjtp7gp,,l6ue0ntwy9qo9p6,2026-08-14 11:59:48.327Z,b5234477b29af758
kpoga9jofl1hta6,proposal_view,2026-08-14 12:01:38.278Z,,2026-08-14 12:01:38.087Z,76q0g006tjtp7gp,,xtsnw7ypbsms4jl,2026-08-14 12:01:38.278Z,b5234477b29af758
m6gniz2f4paxet7,proposal_view,2026-08-14 12:01:53.407Z,,2026-08-14 12:01:53.216Z,76q0g006tjtp7gp,,yuk7erdsr4l9gbd,2026-08-14 12:01:53.407Z,b5234477b29af758
nfszwfm6p6ydvu1,tab_switch,2026-08-14 12:01:59.214Z,"{""state"": ""visible""}",2026-08-14 12:01:59.163Z,,,,2026-08-14 12:01:59.214Z,762fef61cd09705e
d9c4v5x7alzkxox,proposal_view,2026-08-14 12:02:04.453Z,,2026-08-14 12:02:04.264Z,76q0g006tjtp7gp,,z5ovabzo2syrqbj,2026-08-14 12:02:04.453Z,b5234477b29af758
hp0aqnf09yzxw80,proposal_view,2026-08-14 12:02:36.663Z,,2026-08-14 12:02:36.443Z,76q0g006tjtp7gp,,8mnhz0jpnllu7jd,2026-08-14 12:02:36.663Z,b5234477b29af758
e2l945ukg1q112b,proposal_view,2026-08-14 12:02:40.722Z,,2026-08-14 12:02:40.534Z,76q0g006tjtp7gp,,z5ovabzo2syrqbj,2026-08-14 12:02:40.722Z,b5234477b29af758
7bbv0uc5mtrgbvz,proposal_view,2026-08-14 12:02:43.204Z,,2026-08-14 12:02:43.013Z,76q0g006tjtp7gp,,8mnhz0jpnllu7jd,2026-08-14 12:02:43.204Z,b5234477b29af758
0uwa9w84laiey7v,proposal_view,2026-08-14 12:02:53.227Z,,2026-08-14 12:02:53.030Z,76q0g006tjtp7gp,,yuk7erdsr4l9gbd,2026-08-14 12:02:53.227Z,b5234477b29af758
x8ximih5eckowfc,proposal_view,2026-08-14 12:02:56.392Z,,2026-08-14 12:02:56.206Z,76q0g006tjtp7gp,,z5ovabzo2syrqbj,2026-08-14 12:02:56.392Z,b5234477b29af758
ych9qrjfhhu1xr0,proposal_view,2026-08-14 12:02:57.551Z,,2026-08-14 12:02:57.231Z,76q0g006tjtp7gp,,8mnhz0jpnllu7jd,2026-08-14 12:02:57.551Z,b5234477b29af758
6jsuxz58oa4u0p6,proposal_view,2026-08-14 12:03:25.431Z,,2026-08-14 12:03:25.217Z,76q0g006tjtp7gp,,z5ovabzo2syrqbj,2026-08-14 12:03:25.431Z,b5234477b29af758
betesapai39zplo,proposal_view,2026-08-14 12:03:35.836Z,,2026-08-14 12:03:35.619Z,76q0g006tjtp7gp,,8mnhz0jpnllu7jd,2026-08-14 12:03:35.836Z,b5234477b29af758
sqlxcidholwso90,tab_switch,2026-08-14 12:04:51.601Z,"{""state"": ""visible""}",2026-08-14 12:04:51.543Z,,,,2026-08-14 12:04:51.601Z,762fef61cd09705e
154ctj1s36x2jlv,compare_open,2026-08-14 12:05:21.625Z,"{""source_ids"": [""z5ovabzo2syrqbj""]}",2026-08-14 12:05:21.539Z,,,8mnhz0jpnllu7jd,2026-08-14 12:05:21.625Z,b5234477b29af758
tj6nbeawt3kh9cx,page_view,2026-08-14 12:05:21.852Z,"{""from"": ""/de/questions/76q0g006tjtp7gp/proposals/ideas"", ""to"": ""/de/questions/76q0g006tjtp7gp/proposals/compare""}",2026-08-14 12:05:21.634Z,76q0g006tjtp7gp,,,2026-08-14 12:05:21.852Z,b5234477b29af758
0oll2fomezxbv5x,page_view,2026-08-14 12:05:40.711Z,"{""from"": ""/de/questions/76q0g006tjtp7gp/proposals/compare"", ""to"": ""/de/questions/76q0g006tjtp7gp/proposals/ideas""}",2026-08-14 12:05:40.534Z,76q0g006tjtp7gp,,,2026-08-14 12:05:40.711Z,b5234477b29af758
xuo5kwwnxriapkt,proposal_view,2026-08-14 12:05:40.713Z,,2026-08-14 12:05:40.520Z,76q0g006tjtp7gp,,8mnhz0jpnllu7jd,2026-08-14 12:05:40.713Z,b5234477b29af758
0mo0nz0xhoubtrf,tab_switch,2026-08-14 12:07:00.323Z,"{""state"": ""visible""}",2026-08-14 12:07:00.261Z,,,,2026-08-14 12:07:00.323Z,762fef61cd09705e
kbv8b28ith6eptt,tab_switch,2026-08-14 12:10:33.990Z,"{""state"": ""visible""}",2026-08-14 12:10:33.926Z,,,,2026-08-14 12:10:33.990Z,762fef61cd09705e
ia6kxepsoafbgb5,tab_switch,2026-08-14 12:15:02.484Z,"{""state"": ""visible""}",2026-08-14 12:15:02.411Z,,,,2026-08-14 12:15:02.484Z,762fef61cd09705e
ob354szl4yq4imr,subscribe,2026-08-14 12:15:09.544Z,,2026-08-14 12:15:09.543Z,76q0g006tjtp7gp,,jm45hx8bajf99lv,2026-08-14 12:15:09.544Z,762fef61cd09705e
btfa1zjpvjqycka,remix_singular,2026-08-14 12:15:09.718Z,,2026-08-14 12:15:09.540Z,76q0g006tjtp7gp,,jm45hx8bajf99lv,2026-08-14 12:15:09.718Z,762fef61cd09705e
97kttvz3pg8cpa2,proposal_view,2026-08-14 12:15:10.415Z,,2026-08-14 12:15:10.348Z,76q0g006tjtp7gp,,jm45hx8bajf99lv,2026-08-14 12:15:10.415Z,762fef61cd09705e
dundt6za0w0vk9v,proposal_view,2026-08-14 12:15:10.425Z,,2026-08-14 12:15:10.358Z,76q0g006tjtp7gp,,jm45hx8bajf99lv,2026-08-14 12:15:10.425Z,762fef61cd09705e
4pvzqcukt76c4b0,page_view,2026-08-14 12:15:10.442Z,"{""from"": ""/de/questions/76q0g006tjtp7gp/proposals/ideas"", ""to"": ""/de/questions/76q0g006tjtp7gp/proposals/jm45hx8bajf99lv""}",2026-08-14 12:15:10.381Z,76q0g006tjtp7gp,,,2026-08-14 12:15:10.442Z,762fef61cd09705e
qq6boekdulh2ruv,proposal_view,2026-08-14 12:15:20.376Z,,2026-08-14 12:15:20.306Z,76q0g006tjtp7gp,,8mnhz0jpnllu7jd,2026-08-14 12:15:20.376Z,762fef61cd09705e
ea3xrc5dacrvrtb,proposal_view,2026-08-14 12:15:28.243Z,,2026-08-14 12:15:28.170Z,76q0g006tjtp7gp,,jm45hx8bajf99lv,2026-08-14 12:15:28.243Z,762fef61cd09705e
vcy7wdr6rni3ou1,proposal_view,2026-08-14 12:15:34.080Z,,2026-08-14 12:15:34.013Z,76q0g006tjtp7gp,,8mnhz0jpnllu7jd,2026-08-14 12:15:34.080Z,762fef61cd09705e
5bmvkn9lv9nozjm,proposal_view,2026-08-14 12:15:34.993Z,,2026-08-14 12:15:34.929Z,76q0g006tjtp7gp,,jm45hx8bajf99lv,2026-08-14 12:15:34.993Z,762fef61cd09705e
rgtqi6auhthhzot,page_view,2026-08-14 12:15:40.376Z,"{""from"": ""/de/questions/76q0g006tjtp7gp/proposals/jm45hx8bajf99lv"", ""to"": ""/de/post-study-survey""}",2026-08-14 12:15:40.309Z,76q0g006tjtp7gp,,,2026-08-14 12:15:40.376Z,762fef61cd09705e
mg8ji0mylvwvg2x,page_view,2026-08-14 12:15:43.600Z,"{""from"": ""/de/post-study-survey"", ""to"": ""/de/discourse""}",2026-08-14 12:15:43.535Z,76q0g006tjtp7gp,,,2026-08-14 12:15:43.600Z,762fef61cd09705e
vu9dlms95f6mkn9,page_view,2026-08-14 12:15:45.621Z,"{""from"": ""/de/discourse"", ""to"": ""/de/questions/3o2fj1znev0krvz/proposals/question""}",2026-08-14 12:15:45.556Z,3o2fj1znev0krvz,,,2026-08-14 12:15:45.621Z,762fef61cd09705e
6cixhgqwyrovc98,tab_switch,2026-08-14 12:16:14.101Z,"{""state"": ""visible""}",2026-08-14 12:13:59.391Z,,,,2026-08-14 12:16:14.101Z,b5234477b29af758
e25pb6i5g15c4qx,page_view,2026-08-14 12:17:46.045Z,"{""from"": ""/de/questions/3o2fj1znev0krvz/proposals/question"", ""to"": ""/de/questions/3o2fj1znev0krvz/proposals/ideas""}",2026-08-14 12:17:45.973Z,3o2fj1znev0krvz,,,2026-08-14 12:17:46.045Z,762fef61cd09705e
9qgpajtzswd3pus,proposal_view,2026-08-14 12:17:53.446Z,,2026-08-14 12:17:53.373Z,3o2fj1znev0krvz,,2w5teh1hty0mznr,2026-08-14 12:17:53.446Z,762fef61cd09705e
rsya2ifz1frn96w,proposal_view,2026-08-14 12:18:08.689Z,,2026-08-14 12:18:08.617Z,3o2fj1znev0krvz,,m5vq0q540kenhen,2026-08-14 12:18:08.689Z,762fef61cd09705e
25ihbjmbbc6sux5,proposal_view,2026-08-14 12:18:26.301Z,,2026-08-14 12:18:26.227Z,3o2fj1znev0krvz,,n8luy5w1pc5olz4,2026-08-14 12:18:26.301Z,762fef61cd09705e
2whh7y3n28makpk,proposal_view,2026-08-14 12:19:01.609Z,,2026-08-14 12:19:01.531Z,3o2fj1znev0krvz,,m5vq0q540kenhen,2026-08-14 12:19:01.609Z,762fef61cd09705e
x3m3doztj8qedyb,proposal_view,2026-08-14 12:19:21.523Z,,2026-08-14 12:19:21.441Z,3o2fj1znev0krvz,,usjpvaq5nnvjl9w,2026-08-14 12:19:21.523Z,762fef61cd09705e
l9n6jv1szg3vlef,tab_switch,2026-08-14 12:21:00.294Z,"{""state"": ""visible""}",2026-08-14 12:20:59.873Z,,,,2026-08-14 12:21:00.294Z,b5234477b29af758
0g3d1oa8l25vjs4,compare_remove,2026-08-14 12:21:17.279Z,"{""pool_size"": 1}",2026-08-14 12:21:17.214Z,,,z5ovabzo2syrqbj,2026-08-14 12:21:17.279Z,b5234477b29af758
jd2xa2far4la5ke,compare_remove,2026-08-14 12:21:17.793Z,"{""pool_size"": 0}",2026-08-14 12:21:17.730Z,,,8mnhz0jpnllu7jd,2026-08-14 12:21:17.793Z,b5234477b29af758
s4p6vmhg3ez4f1d,proposal_view,2026-08-14 12:21:27.373Z,,2026-08-14 12:21:27.315Z,76q0g006tjtp7gp,,8mnhz0jpnllu7jd,2026-08-14 12:21:27.373Z,b5234477b29af758
2yqzpyh0vpkrivn,proposal_view,2026-08-14 12:21:27.386Z,,2026-08-14 12:21:27.310Z,76q0g006tjtp7gp,,8mnhz0jpnllu7jd,2026-08-14 12:21:27.386Z,b5234477b29af758
jcmh1i46ndyo731,session_start,2026-08-14 12:21:27.392Z,"{""isMobile"": false, ""screenHeight"": 908, ""screenWidth"": 1680, ""userAgent"": ""Mozilla/5.0 (Macintosh; Intel Mac OS X 10.15; rv:153.0) Gecko/20100101 Firefox/153.0""}",2026-08-14 12:21:27.320Z,,,,2026-08-14 12:21:27.392Z,b5234477b29af758
e9jkc0zzgt1yor6,page_view,2026-08-14 12:21:27.394Z,"{""to"": ""/de/questions/76q0g006tjtp7gp/proposals/8mnhz0jpnllu7jd""}",2026-08-14 12:21:27.331Z,76q0g006tjtp7gp,,,2026-08-14 12:21:27.394Z,b5234477b29af758
cito3ckl4bll0o1,proposal_view,2026-08-14 12:21:31.739Z,,2026-08-14 12:21:31.499Z,76q0g006tjtp7gp,,jm45hx8bajf99lv,2026-08-14 12:21:31.739Z,b5234477b29af758
g6xm5rg69ckh5aj,proposal_view,2026-08-14 12:21:53.801Z,,2026-08-14 12:21:53.579Z,76q0g006tjtp7gp,,8mnhz0jpnllu7jd,2026-08-14 12:21:53.801Z,b5234477b29af758
c99ixwbh5d3on00,proposal_view,2026-08-14 12:21:57.066Z,,2026-08-14 12:21:56.726Z,76q0g006tjtp7gp,,jm45hx8bajf99lv,2026-08-14 12:21:57.066Z,b5234477b29af758
sqal0npsmkwo4u7,tab_switch,2026-08-14 12:23:18.141Z,"{""state"": ""visible""}",2026-08-14 12:23:18.058Z,,,,2026-08-14 12:23:18.141Z,762fef61cd09705e
oaudkd95wx9amlt,proposal_view,2026-08-14 12:24:13.313Z,,2026-08-14 12:24:13.224Z,3o2fj1znev0krvz,,px3acjduduouqz6,2026-08-14 12:24:13.313Z,762fef61cd09705e
yqam0btoz956i7p,page_view,2026-08-14 12:25:00.924Z,"{""from"": ""/de/questions/3o2fj1znev0krvz/proposals/ideas"", ""to"": ""/de/questions/3o2fj1znev0krvz/proposals/new""}",2026-08-14 12:25:00.847Z,3o2fj1znev0krvz,,,2026-08-14 12:25:00.924Z,762fef61cd09705e
nzrsuuw4af0cj4s,proposal_view,2026-08-14 12:25:06.055Z,,2026-08-14 12:25:05.966Z,3o2fj1znev0krvz,,px3acjduduouqz6,2026-08-14 12:25:06.055Z,762fef61cd09705e
6qj33h7sbdpknha,page_view,2026-08-14 12:25:06.061Z,"{""from"": ""/de/questions/3o2fj1znev0krvz/proposals/new"", ""to"": ""/de/questions/3o2fj1znev0krvz/proposals/ideas""}",2026-08-14 12:25:05.985Z,3o2fj1znev0krvz,,,2026-08-14 12:25:06.061Z,762fef61cd09705e
jz7bt2zadbj4uqp,page_view,2026-08-14 12:25:10.696Z,"{""from"": ""/de/questions/3o2fj1znev0krvz/proposals/ideas"", ""to"": ""/de/questions/3o2fj1znev0krvz/proposals/new""}",2026-08-14 12:25:10.619Z,3o2fj1znev0krvz,,,2026-08-14 12:25:10.696Z,762fef61cd09705e
c47dukqivotzdw8,proposal_view,2026-08-14 12:25:12.401Z,,2026-08-14 12:25:12.319Z,3o2fj1znev0krvz,,px3acjduduouqz6,2026-08-14 12:25:12.401Z,762fef61cd09705e
o2p45ylcf1lhuay,page_view,2026-08-14 12:25:12.412Z,"{""from"": ""/de/questions/3o2fj1znev0krvz/proposals/new"", ""to"": ""/de/questions/3o2fj1znev0krvz/proposals/ideas""}",2026-08-14 12:25:12.330Z,3o2fj1znev0krvz,,,2026-08-14 12:25:12.412Z,762fef61cd09705e
3f9o69bvqxlguac,subscribe,2026-08-14 12:26:46.302Z,,2026-08-14 12:26:46.302Z,3o2fj1znev0krvz,,eesc7p17sxod25m,2026-08-14 12:26:46.302Z,762fef61cd09705e
rpsm8x3wff1yo7g,remix_singular,2026-08-14 12:26:46.308Z,,2026-08-14 12:26:46.298Z,3o2fj1znev0krvz,,eesc7p17sxod25m,2026-08-14 12:26:46.308Z,762fef61cd09705e
cen21j8lv5q34lw,proposal_view,2026-08-14 12:26:46.505Z,,2026-08-14 12:26:46.414Z,3o2fj1znev0krvz,,eesc7p17sxod25m,2026-08-14 12:26:46.505Z,762fef61cd09705e
p9mq95dzp6zq5gp,proposal_view,2026-08-14 12:26:46.515Z,,2026-08-14 12:26:46.420Z,3o2fj1znev0krvz,,eesc7p17sxod25m,2026-08-14 12:26:46.515Z,762fef61cd09705e
cnxr2mf14sel95o,page_view,2026-08-14 12:26:46.518Z,"{""from"": ""/de/questions/3o2fj1znev0krvz/proposals/ideas"", ""to"": ""/de/questions/3o2fj1znev0krvz/proposals/eesc7p17sxod25m""}",2026-08-14 12:26:46.435Z,3o2fj1znev0krvz,,,2026-08-14 12:26:46.518Z,762fef61cd09705e
zn0outmfio3xod0,proposal_view,2026-08-14 12:26:58.098Z,,2026-08-14 12:26:58.007Z,3o2fj1znev0krvz,,px3acjduduouqz6,2026-08-14 12:26:58.098Z,762fef61cd09705e
6gbdf39wl4gbdjl,page_view,2026-08-14 12:26:58.100Z,"{""from"": ""/de/questions/3o2fj1znev0krvz/proposals/eesc7p17sxod25m"", ""to"": ""/de/questions/3o2fj1znev0krvz/proposals/ideas""}",2026-08-14 12:26:58.014Z,3o2fj1znev0krvz,,,2026-08-14 12:26:58.100Z,762fef61cd09705e
tn55e8gqhm9yxj5,subscribe,2026-08-14 12:27:13.144Z,,2026-08-14 12:27:13.143Z,3o2fj1znev0krvz,,px3acjduduouqz6,2026-08-14 12:27:13.144Z,762fef61cd09705e
0rt0xqd82p0yp1q,subscribe,2026-08-14 12:27:19.353Z,,2026-08-14 12:27:19.351Z,3o2fj1znev0krvz,,d8last7n0bdbqme,2026-08-14 12:27:19.353Z,762fef61cd09705e
18h5kee3k94fytw,proposal_view,2026-08-14 12:27:30.660Z,,2026-08-14 12:27:30.572Z,3o2fj1znev0krvz,,n8luy5w1pc5olz4,2026-08-14 12:27:30.660Z,762fef61cd09705e
2bu7bn1btcdxou5,proposal_view,2026-08-14 12:28:05.695Z,,2026-08-14 12:28:05.613Z,3o2fj1znev0krvz,,m5vq0q540kenhen,2026-08-14 12:28:05.695Z,762fef61cd09705e
hq5xz6n94ykxnq6,proposal_view,2026-08-14 12:28:07.958Z,,2026-08-14 12:28:07.876Z,3o2fj1znev0krvz,,n8luy5w1pc5olz4,2026-08-14 12:28:07.958Z,762fef61cd09705e
kpl3syvusghewzm,proposal_view,2026-08-14 12:28:31.490Z,,2026-08-14 12:28:31.406Z,3o2fj1znev0krvz,,m5vq0q540kenhen,2026-08-14 12:28:31.490Z,762fef61cd09705e
x6t9sx6az9zobbj,proposal_view,2026-08-14 12:28:47.712Z,,2026-08-14 12:28:47.629Z,3o2fj1znev0krvz,,n8luy5w1pc5olz4,2026-08-14 12:28:47.712Z,762fef61cd09705e
nci4ey5n5fi36di,subscribe,2026-08-14 12:28:52.910Z,,2026-08-14 12:28:52.909Z,3o2fj1znev0krvz,,n8luy5w1pc5olz4,2026-08-14 12:28:52.910Z,762fef61cd09705e
a3brra62rr9v4n5,proposal_view,2026-08-14 12:28:58.378Z,,2026-08-14 12:28:58.291Z,3o2fj1znev0krvz,,m5vq0q540kenhen,2026-08-14 12:28:58.378Z,762fef61cd09705e
qps0uftwl4i37um,proposal_view,2026-08-14 12:28:59.911Z,,2026-08-14 12:28:59.826Z,3o2fj1znev0krvz,,n8luy5w1pc5olz4,2026-08-14 12:28:59.911Z,762fef61cd09705e
0r04z2wth6mlqhc,proposal_view,2026-08-14 12:29:00.918Z,,2026-08-14 12:29:00.831Z,3o2fj1znev0krvz,,m5vq0q540kenhen,2026-08-14 12:29:00.918Z,762fef61cd09705e
9m1hqs9x3sx1w3e,proposal_view,2026-08-14 12:29:01.648Z,,2026-08-14 12:29:01.562Z,3o2fj1znev0krvz,,n8luy5w1pc5olz4,2026-08-14 12:29:01.648Z,762fef61cd09705e
9ua58u7d2jo8jlr,page_view,2026-08-14 12:29:04.424Z,"{""from"": ""/de/questions/3o2fj1znev0krvz/proposals/ideas"", ""to"": ""/de/discourse""}",2026-08-14 12:29:04.333Z,3o2fj1znev0krvz,,,2026-08-14 12:29:04.424Z,762fef61cd09705e
gxzq3z0k1t5mtd0,tab_switch,2026-08-14 12:29:05.142Z,"{""state"": ""visible""}",2026-08-14 12:29:05.975Z,,,,2026-08-14 12:29:05.142Z,216bb226ec191993
1now78ud7o2lynp,page_view,2026-08-14 12:29:07.182Z,"{""from"": ""/de/discourse"", ""to"": ""/de/questions/3o2fj1znev0krvz/proposals/question""}",2026-08-14 12:29:07.097Z,3o2fj1znev0krvz,,,2026-08-14 12:29:07.182Z,762fef61cd09705e
3zga77fbwi2wfkl,proposal_view,2026-08-14 12:29:10.401Z,,2026-08-14 12:29:11.271Z,76q0g006tjtp7gp,,yuk7erdsr4l9gbd,2026-08-14 12:29:10.401Z,216bb226ec191993
qa3lfs6ziqkjwgc,page_view,2026-08-14 12:29:15.236Z,"{""from"": ""/de/questions/3o2fj1znev0krvz/proposals/question"", ""to"": ""/de/questions/3o2fj1znev0krvz/proposals/ideas""}",2026-08-14 12:29:15.149Z,3o2fj1znev0krvz,,,2026-08-14 12:29:15.236Z,762fef61cd09705e
7xg1n456tdcujtd,proposal_view,2026-08-14 12:29:16.986Z,,2026-08-14 12:29:17.852Z,76q0g006tjtp7gp,,jm45hx8bajf99lv,2026-08-14 12:29:16.986Z,216bb226ec191993
kqggkngj21j0woo,subscribe,2026-08-14 12:29:25.590Z,,2026-08-14 12:29:25.589Z,3o2fj1znev0krvz,,usjpvaq5nnvjl9w,2026-08-14 12:29:25.590Z,762fef61cd09705e
i7hp8yt7arr0wrs,proposal_view,2026-08-14 12:29:34.782Z,,2026-08-14 12:29:35.632Z,76q0g006tjtp7gp,,8mnhz0jpnllu7jd,2026-08-14 12:29:34.782Z,216bb226ec191993
e3vc418cxzi3wyw,proposal_view,2026-08-14 12:29:39.786Z,,2026-08-14 12:29:40.658Z,76q0g006tjtp7gp,,yuk7erdsr4l9gbd,2026-08-14 12:29:39.786Z,216bb226ec191993
z0p5hraoz9yj4qb,proposal_view,2026-08-14 12:29:46.885Z,,2026-08-14 12:29:47.752Z,76q0g006tjtp7gp,,jm45hx8bajf99lv,2026-08-14 12:29:46.885Z,216bb226ec191993
d4hb2aro5l0tq5z,unsubscribe,2026-08-14 12:29:47.585Z,,2026-08-14 12:29:47.584Z,3o2fj1znev0krvz,,usjpvaq5nnvjl9w,2026-08-14 12:29:47.585Z,762fef61cd09705e
3f4yu51logq5858,proposal_view,2026-08-14 12:29:55.743Z,,2026-08-14 12:29:55.654Z,3o2fj1znev0krvz,,d8last7n0bdbqme,2026-08-14 12:29:55.743Z,762fef61cd09705e
vd1w3ojgo5rsirn,proposal_view,2026-08-14 12:30:01.393Z,,2026-08-14 12:30:01.303Z,3o2fj1znev0krvz,,usjpvaq5nnvjl9w,2026-08-14 12:30:01.393Z,762fef61cd09705e
xiyy06nwqz389jn,proposal_view,2026-08-14 12:30:04.480Z,,2026-08-14 12:30:05.352Z,76q0g006tjtp7gp,,8mnhz0jpnllu7jd,2026-08-14 12:30:04.480Z,216bb226ec191993
ma37kyssrcclbxb,proposal_view,2026-08-14 12:30:08.452Z,,2026-08-14 12:30:08.365Z,3o2fj1znev0krvz,,d8last7n0bdbqme,2026-08-14 12:30:08.452Z,762fef61cd09705e
2qrbw1798ou3sry,proposal_view,2026-08-14 12:30:09.405Z,,2026-08-14 12:30:10.270Z,76q0g006tjtp7gp,,jm45hx8bajf99lv,2026-08-14 12:30:09.405Z,216bb226ec191993
mw627mry03pdc3l,unsubscribe,2026-08-14 12:30:32.868Z,,2026-08-14 12:30:32.867Z,3o2fj1znev0krvz,,n8luy5w1pc5olz4,2026-08-14 12:30:32.868Z,762fef61cd09705e
3l4iewry7t2iruw,proposal_view,2026-08-14 12:30:43.274Z,,2026-08-14 12:30:44.143Z,76q0g006tjtp7gp,,yuk7erdsr4l9gbd,2026-08-14 12:30:43.274Z,216bb226ec191993
nmlp7z38asv9c23,proposal_view,2026-08-14 12:30:44.113Z,,2026-08-14 12:30:44.024Z,3o2fj1znev0krvz,,eesc7p17sxod25m,2026-08-14 12:30:44.113Z,762fef61cd09705e
knvt0um8s4y1apc,proposal_view,2026-08-14 12:30:46.578Z,,2026-08-14 12:30:47.444Z,76q0g006tjtp7gp,,jm45hx8bajf99lv,2026-08-14 12:30:46.578Z,216bb226ec191993
k6o479p70jodyem,page_view,2026-08-14 12:30:49.304Z,"{""from"": ""/de/questions/76q0g006tjtp7gp/proposals/ideas"", ""to"": ""/de/discourse""}",2026-08-14 12:30:50.176Z,76q0g006tjtp7gp,,,2026-08-14 12:30:49.304Z,216bb226ec191993
u5wt77poltpfvh4,page_view,2026-08-14 12:30:50.937Z,"{""from"": ""/de/discourse"", ""to"": ""/de/questions/76q0g006tjtp7gp/proposals/question""}",2026-08-14 12:30:51.810Z,76q0g006tjtp7gp,,,2026-08-14 12:30:50.937Z,216bb226ec191993
ywppno0noo7zwoc,page_view,2026-08-14 12:30:52.676Z,"{""from"": ""/de/questions/76q0g006tjtp7gp/proposals/question"", ""to"": ""/de/questions/76q0g006tjtp7gp/proposals/ideas""}",2026-08-14 12:30:53.544Z,76q0g006tjtp7gp,,,2026-08-14 12:30:52.676Z,216bb226ec191993
yapfjqil2cikvui,proposal_view,2026-08-14 12:30:59.404Z,,2026-08-14 12:31:00.270Z,76q0g006tjtp7gp,,jm45hx8bajf99lv,2026-08-14 12:30:59.404Z,216bb226ec191993
wvm49f28rzphu0u,page_view,2026-08-14 12:30:59.980Z,"{""from"": ""/de/questions/3o2fj1znev0krvz/proposals/ideas"", ""to"": ""/de/post-study-survey""}",2026-08-14 12:30:59.890Z,3o2fj1znev0krvz,,,2026-08-14 12:30:59.980Z,762fef61cd09705e
vvhw69cbjxsdbin,proposal_view,2026-08-14 12:31:04.746Z,,2026-08-14 12:31:05.614Z,76q0g006tjtp7gp,,z5ovabzo2syrqbj,2026-08-14 12:31:04.746Z,216bb226ec191993
kyxqljnw6m3rq5b,proposal_view,2026-08-14 12:31:07.362Z,,2026-08-14 12:31:08.232Z,76q0g006tjtp7gp,,8mnhz0jpnllu7jd,2026-08-14 12:31:07.362Z,216bb226ec191993
ofaih7wbt8p6fg4,proposal_view,2026-08-14 12:31:19.215Z,,2026-08-14 12:31:20.080Z,76q0g006tjtp7gp,,z5ovabzo2syrqbj,2026-08-14 12:31:19.215Z,216bb226ec191993
vzriocx46qvg6zs,proposal_view,2026-08-14 12:31:22.398Z,,2026-08-14 12:31:23.266Z,76q0g006tjtp7gp,,yuk7erdsr4l9gbd,2026-08-14 12:31:22.398Z,216bb226ec191993
ip0okscv1hy1ivi,proposal_view,2026-08-14 12:31:24.093Z,,2026-08-14 12:31:24.964Z,76q0g006tjtp7gp,,jm45hx8bajf99lv,2026-08-14 12:31:24.093Z,216bb226ec191993
vyqc2g7xues4u20,subscribe,2026-08-14 12:32:04.526Z,,2026-08-14 12:32:04.525Z,76q0g006tjtp7gp,,jm45hx8bajf99lv,2026-08-14 12:32:04.526Z,216bb226ec191993
4spz6xtrfu3cfgt,proposal_view,2026-08-14 12:32:19.125Z,,2026-08-14 12:32:19.990Z,76q0g006tjtp7gp,,8mnhz0jpnllu7jd,2026-08-14 12:32:19.125Z,216bb226ec191993
w4yni0s1zc9hkfb,proposal_view,2026-08-14 12:32:34.451Z,,2026-08-14 12:32:35.319Z,76q0g006tjtp7gp,,jm45hx8bajf99lv,2026-08-14 12:32:34.451Z,216bb226ec191993
wpykklsofygpc0d,proposal_view,2026-08-14 12:32:39.601Z,,2026-08-14 12:32:40.457Z,76q0g006tjtp7gp,,l6ue0ntwy9qo9p6,2026-08-14 12:32:39.601Z,216bb226ec191993
ih0jv2d0ettftgb,proposal_view,2026-08-14 12:32:42.964Z,,2026-08-14 12:32:43.833Z,76q0g006tjtp7gp,,xtsnw7ypbsms4jl,2026-08-14 12:32:42.964Z,216bb226ec191993
7s4jcxi6imxf7a9,proposal_view,2026-08-14 12:32:48.294Z,,2026-08-14 12:32:49.160Z,76q0g006tjtp7gp,,l6ue0ntwy9qo9p6,2026-08-14 12:32:48.294Z,216bb226ec191993
51cuu1orcx3ydtt,proposal_view,2026-08-14 12:33:27.264Z,,2026-08-14 12:33:28.132Z,76q0g006tjtp7gp,,xtsnw7ypbsms4jl,2026-08-14 12:33:27.264Z,216bb226ec191993
gnznu71wr3580fx,proposal_view,2026-08-14 12:33:28.901Z,,2026-08-14 12:33:29.770Z,76q0g006tjtp7gp,,z5ovabzo2syrqbj,2026-08-14 12:33:28.901Z,216bb226ec191993
lvi2iq5qkh5iuko,proposal_view,2026-08-14 12:33:30.089Z,,2026-08-14 12:33:30.956Z,76q0g006tjtp7gp,,yuk7erdsr4l9gbd,2026-08-14 12:33:30.089Z,216bb226ec191993
y33yaieepnw8nx2,proposal_view,2026-08-14 12:33:37.665Z,,2026-08-14 12:33:38.532Z,76q0g006tjtp7gp,,jm45hx8bajf99lv,2026-08-14 12:33:37.665Z,216bb226ec191993
zmr9ina9d6ybqz3,proposal_view,2026-08-14 12:33:48.896Z,,2026-08-14 12:33:49.756Z,76q0g006tjtp7gp,,yuk7erdsr4l9gbd,2026-08-14 12:33:48.896Z,216bb226ec191993
fwstpmiun083t7o,proposal_view,2026-08-14 12:33:58.850Z,,2026-08-14 12:33:59.715Z,76q0g006tjtp7gp,,jm45hx8bajf99lv,2026-08-14 12:33:58.850Z,216bb226ec191993
18hsn3c7bczq4s4,page_view,2026-08-14 12:34:02.033Z,"{""from"": ""/de/questions/76q0g006tjtp7gp/proposals/ideas"", ""to"": ""/de/discourse""}",2026-08-14 12:34:02.902Z,76q0g006tjtp7gp,,,2026-08-14 12:34:02.033Z,216bb226ec191993
cnqjkcmgb2fwceo,page_view,2026-08-14 12:34:22.463Z,"{""from"": ""/de/discourse"", ""to"": ""/de/questions/3o2fj1znev0krvz/proposals/question""}",2026-08-14 12:34:23.331Z,3o2fj1znev0krvz,,,2026-08-14 12:34:22.463Z,216bb226ec191993
65rcy8pa1eoq6qq,page_view,2026-08-14 12:34:24.346Z,"{""from"": ""/de/questions/3o2fj1znev0krvz/proposals/question"", ""to"": ""/de/questions/3o2fj1znev0krvz/proposals/ideas""}",2026-08-14 12:34:25.215Z,3o2fj1znev0krvz,,,2026-08-14 12:34:24.346Z,216bb226ec191993
7c19tskn6pz78db,proposal_view,2026-08-14 12:34:28.511Z,,2026-08-14 12:34:29.376Z,3o2fj1znev0krvz,,2w5teh1hty0mznr,2026-08-14 12:34:28.511Z,216bb226ec191993
ja6z5klcemexgt5,tab_switch,2026-08-14 12:37:04.482Z,"{""state"": ""visible""}",2026-08-14 12:37:05.317Z,,,,2026-08-14 12:37:04.482Z,216bb226ec191993
mtw0i78kxjf600g,proposal_view,2026-08-14 12:37:16.044Z,,2026-08-14 12:37:16.897Z,3o2fj1znev0krvz,,eesc7p17sxod25m,2026-08-14 12:37:16.043Z,216bb226ec191993
18bz6xfwxcsqeph,tab_switch,2026-08-14 12:41:08.657Z,"{""state"": ""visible""}",2026-08-14 12:41:09.502Z,,,,2026-08-14 12:41:08.657Z,216bb226ec191993
rwe3ja6f4tr39fs,proposal_view,2026-08-14 12:41:18.726Z,,2026-08-14 12:41:19.589Z,3o2fj1znev0krvz,,d8last7n0bdbqme,2026-08-14 12:41:18.726Z,216bb226ec191993
v8w55tf8uv698y8,proposal_view,2026-08-14 12:41:20.742Z,,2026-08-14 12:41:21.598Z,3o2fj1znev0krvz,,usjpvaq5nnvjl9w,2026-08-14 12:41:20.742Z,216bb226ec191993
6l93bdblvznj9ax,proposal_view,2026-08-14 12:41:31.400Z,,2026-08-14 12:41:32.267Z,3o2fj1znev0krvz,,d8last7n0bdbqme,2026-08-14 12:41:31.400Z,216bb226ec191993
k51hvvng1ts320d,proposal_view,2026-08-14 12:41:42.620Z,,2026-08-14 12:41:43.478Z,3o2fj1znev0krvz,,usjpvaq5nnvjl9w,2026-08-14 12:41:42.620Z,216bb226ec191993
lvkpzow5ksn03ta,tab_switch,2026-08-14 12:41:51.327Z,"{""state"": ""visible""}",2026-08-14 12:41:51.248Z,,,,2026-08-14 12:41:51.327Z,b5234477b29af758
el94vh20eymyg2c,compare_open,2026-08-14 12:41:58.083Z,"{""pool_size"": 2, ""proposal_ids"": [""usjpvaq5nnvjl9w"", ""wyx4lc9o5ebp473""]}",2026-08-14 12:41:58.947Z,,,,2026-08-14 12:41:58.083Z,216bb226ec191993
i2lro7mgltpgve5,page_view,2026-08-14 12:41:58.257Z,"{""from"": ""/de/questions/3o2fj1znev0krvz/proposals/ideas"", ""to"": ""/de/questions/3o2fj1znev0krvz/proposals/compare""}",2026-08-14 12:41:59.110Z,3o2fj1znev0krvz,,,2026-08-14 12:41:58.257Z,216bb226ec191993
1hdk8t4f41953xl,proposal_view,2026-08-14 12:42:21.040Z,,2026-08-14 12:42:21.902Z,3o2fj1znev0krvz,,usjpvaq5nnvjl9w,2026-08-14 12:42:21.040Z,216bb226ec191993
y4kfa8fvzugh5wc,page_view,2026-08-14 12:42:21.052Z,"{""from"": ""/de/questions/3o2fj1znev0krvz/proposals/compare"", ""to"": ""/de/questions/3o2fj1znev0krvz/proposals/ideas""}",2026-08-14 12:42:21.916Z,3o2fj1znev0krvz,,,2026-08-14 12:42:21.052Z,216bb226ec191993
l7fumjtagiq5w07,feed_filter_change,2026-08-14 12:42:54.810Z,"{""selectedLabelId"": ""l1f41kw2xd9n1ve"", ""sortMode"": ""Newest""}",2026-08-14 12:42:55.673Z,,,,2026-08-14 12:42:54.810Z,216bb226ec191993
fh2qgo4wc7m5dgu,feed_filter_change,2026-08-14 12:43:00.760Z,"{""selectedLabelId"": ""u6haa7etn99pu49"", ""sortMode"": ""Newest""}",2026-08-14 12:43:01.626Z,,,,2026-08-14 12:43:00.760Z,216bb226ec191993
4gzjz9qqmh5cv9m,feed_filter_change,2026-08-14 12:43:02.658Z,"{""selectedLabelId"": ""l1f41kw2xd9n1ve"", ""sortMode"": ""Newest""}",2026-08-14 12:43:03.517Z,,,,2026-08-14 12:43:02.658Z,216bb226ec191993
me1p1alokp7hpb6,page_view,2026-08-14 12:43:20.268Z,"{""from"": ""/de/questions/3o2fj1znev0krvz/proposals/ideas"", ""to"": ""/de/questions/3o2fj1znev0krvz/proposals/ideas""}",2026-08-14 12:43:21.117Z,3o2fj1znev0krvz,,,2026-08-14 12:43:20.268Z,216bb226ec191993
oq0931ifbwkwhg2,proposal_view,2026-08-14 12:43:55.060Z,,2026-08-14 12:43:55.926Z,3o2fj1znev0krvz,,eesc7p17sxod25m,2026-08-14 12:43:55.060Z,216bb226ec191993
69y7ibxjd7gaj4g,compare_open,2026-08-14 12:44:54.466Z,"{""pool_size"": 2, ""proposal_ids"": [""eesc7p17sxod25m"", ""m5vq0q540kenhen""]}",2026-08-14 12:44:55.289Z,,,,2026-08-14 12:44:54.466Z,216bb226ec191993
1lyp99y2potdj7h,page_view,2026-08-14 12:44:54.551Z,"{""from"": ""/de/questions/3o2fj1znev0krvz/proposals/ideas"", ""to"": ""/de/questions/3o2fj1znev0krvz/proposals/compare""}",2026-08-14 12:44:55.414Z,3o2fj1znev0krvz,,,2026-08-14 12:44:54.551Z,216bb226ec191993
gihk3xl72dzr71i,proposal_view,2026-08-14 12:45:08.830Z,,2026-08-14 12:45:09.691Z,3o2fj1znev0krvz,,eesc7p17sxod25m,2026-08-14 12:45:08.830Z,216bb226ec191993
lm54hdl27jlgwk3,page_view,2026-08-14 12:45:08.837Z,"{""from"": ""/de/questions/3o2fj1znev0krvz/proposals/compare"", ""to"": ""/de/questions/3o2fj1znev0krvz/proposals/ideas""}",2026-08-14 12:45:09.707Z,3o2fj1znev0krvz,,,2026-08-14 12:45:08.837Z,216bb226ec191993
m12ll742xfrk9df,proposal_view,2026-08-14 12:45:22.276Z,,2026-08-14 12:45:23.141Z,3o2fj1znev0krvz,,eesc7p17sxod25m,2026-08-14 12:45:22.276Z,216bb226ec191993
f9okm842sasm697,proposal_view,2026-08-14 12:45:32.984Z,,2026-08-14 12:45:33.848Z,3o2fj1znev0krvz,,n8luy5w1pc5olz4,2026-08-14 12:45:32.984Z,216bb226ec191993
dusud15maq8n70v,proposal_view,2026-08-14 12:45:37.113Z,,2026-08-14 12:45:37.974Z,3o2fj1znev0krvz,,m5vq0q540kenhen,2026-08-14 12:45:37.113Z,216bb226ec191993
vflt3tf35n173h6,proposal_view,2026-08-14 12:45:56.225Z,,2026-08-14 12:45:57.081Z,3o2fj1znev0krvz,,n8luy5w1pc5olz4,2026-08-14 12:45:56.225Z,216bb226ec191993
d68dycrv9guj0al,proposal_view,2026-08-14 12:45:58.865Z,,2026-08-14 12:45:59.734Z,3o2fj1znev0krvz,,m5vq0q540kenhen,2026-08-14 12:45:58.865Z,216bb226ec191993
610tmgvvion4u0d,page_view,2026-08-14 12:46:05.331Z,"{""from"": ""/de/questions/3o2fj1znev0krvz/proposals/ideas"", ""to"": ""/de/questions/3o2fj1znev0krvz/proposals/ideas""}",2026-08-14 12:46:06.159Z,3o2fj1znev0krvz,,,2026-08-14 12:46:05.331Z,216bb226ec191993
0uz036ro2423pax,proposal_view,2026-08-14 12:46:23.176Z,,2026-08-14 12:46:24.038Z,3o2fj1znev0krvz,,usjpvaq5nnvjl9w,2026-08-14 12:46:23.176Z,216bb226ec191993
6b2zfy9tzg3xex0,proposal_view,2026-08-14 12:46:28.040Z,,2026-08-14 12:46:28.903Z,3o2fj1znev0krvz,,2w5teh1hty0mznr,2026-08-14 12:46:28.040Z,216bb226ec191993
ziax76hn8fovdr5,compare_open,2026-08-14 12:46:34.081Z,"{""pool_size"": 2, ""proposal_ids"": [""2w5teh1hty0mznr"", ""usjpvaq5nnvjl9w""]}",2026-08-14 12:46:34.945Z,,,,2026-08-14 12:46:34.081Z,216bb226ec191993
oi0eobyliqpsh3z,page_view,2026-08-14 12:46:34.216Z,"{""from"": ""/de/questions/3o2fj1znev0krvz/proposals/ideas"", ""to"": ""/de/questions/3o2fj1znev0krvz/proposals/compare""}",2026-08-14 12:46:35.053Z,3o2fj1znev0krvz,,,2026-08-14 12:46:34.216Z,216bb226ec191993
ys4r6n2kfu7k4l0,proposal_view,2026-08-14 12:47:38.774Z,,2026-08-14 12:47:38.599Z,76q0g006tjtp7gp,,8mnhz0jpnllu7jd,2026-08-14 12:47:38.774Z,b5234477b29af758
xg5ublqx58jfob3,proposal_view,2026-08-14 12:47:47.653Z,,2026-08-14 12:47:47.442Z,76q0g006tjtp7gp,,xtsnw7ypbsms4jl,2026-08-14 12:47:47.653Z,b5234477b29af758
e8w9aqaqpezxbrd,proposal_view,2026-08-14 12:48:24.381Z,,2026-08-14 12:48:24.168Z,76q0g006tjtp7gp,,z5ovabzo2syrqbj,2026-08-14 12:48:24.381Z,b5234477b29af758
bvflgkeusz07gx5,proposal_view,2026-08-14 12:48:27.854Z,,2026-08-14 12:48:27.648Z,76q0g006tjtp7gp,,yuk7erdsr4l9gbd,2026-08-14 12:48:27.854Z,b5234477b29af758
x6gd9wm7ofrk2hz,proposal_view,2026-08-14 12:48:34.551Z,,2026-08-14 12:48:34.313Z,76q0g006tjtp7gp,,z5ovabzo2syrqbj,2026-08-14 12:48:34.551Z,b5234477b29af758
tipi2xvqni88dey,proposal_view,2026-08-14 12:48:41.107Z,,2026-08-14 12:48:40.873Z,76q0g006tjtp7gp,,yuk7erdsr4l9gbd,2026-08-14 12:48:41.107Z,b5234477b29af758
mpzv83ff1umsfmu,proposal_view,2026-08-14 12:48:45.869Z,,2026-08-14 12:48:45.664Z,76q0g006tjtp7gp,,jm45hx8bajf99lv,2026-08-14 12:48:45.869Z,b5234477b29af758
m18qzrkthxtzx2a,proposal_view,2026-08-14 12:48:58.776Z,,2026-08-14 12:48:58.541Z,76q0g006tjtp7gp,,8mnhz0jpnllu7jd,2026-08-14 12:48:58.776Z,b5234477b29af758
ulheuoufb8l7lc4,proposal_view,2026-08-14 12:50:31.578Z,,2026-08-14 12:50:31.343Z,76q0g006tjtp7gp,,jm45hx8bajf99lv,2026-08-14 12:50:31.578Z,b5234477b29af758
y9r07796zqcw0sz,proposal_view,2026-08-14 12:50:38.485Z,,2026-08-14 12:50:38.251Z,76q0g006tjtp7gp,,yuk7erdsr4l9gbd,2026-08-14 12:50:38.485Z,b5234477b29af758
kgmsg07c468z87k,proposal_view,2026-08-14 12:50:43.172Z,,2026-08-14 12:50:42.942Z,76q0g006tjtp7gp,,8mnhz0jpnllu7jd,2026-08-14 12:50:43.172Z,b5234477b29af758
awubimmio515yyp,proposal_view,2026-08-14 12:51:03.841Z,,2026-08-14 12:51:03.605Z,76q0g006tjtp7gp,,jm45hx8bajf99lv,2026-08-14 12:51:03.841Z,b5234477b29af758
b84vzr39tme5nko,proposal_view,2026-08-14 12:51:29.172Z,,2026-08-14 12:51:28.942Z,76q0g006tjtp7gp,,8mnhz0jpnllu7jd,2026-08-14 12:51:29.172Z,b5234477b29af758
xi2828nl7r6c5iq,subscribe,2026-08-14 12:51:38.931Z,,2026-08-14 12:51:38.929Z,76q0g006tjtp7gp,,8mnhz0jpnllu7jd,2026-08-14 12:51:38.931Z,b5234477b29af758
1svuqv37k9qnqyw,proposal_view,2026-08-14 12:51:45.764Z,,2026-08-14 12:51:45.561Z,76q0g006tjtp7gp,,l6ue0ntwy9qo9p6,2026-08-14 12:51:45.764Z,b5234477b29af758
f4psos5gq01dg8f,proposal_view,2026-08-14 12:52:23.213Z,,2026-08-14 12:52:22.978Z,76q0g006tjtp7gp,,8mnhz0jpnllu7jd,2026-08-14 12:52:23.213Z,b5234477b29af758
92ebalzbibma7rf,proposal_view,2026-08-14 12:52:24.336Z,,2026-08-14 12:52:24.049Z,76q0g006tjtp7gp,,jm45hx8bajf99lv,2026-08-14 12:52:24.336Z,b5234477b29af758
ns7ziguys2hxylp,page_view,2026-08-14 12:52:27.969Z,"{""from"": ""/de/questions/76q0g006tjtp7gp/proposals/8mnhz0jpnllu7jd"", ""to"": ""/de/discourse""}",2026-08-14 12:52:27.773Z,76q0g006tjtp7gp,,,2026-08-14 12:52:27.969Z,b5234477b29af758
a0ybhfd8q7e1nbq,page_view,2026-08-14 12:52:31.429Z,"{""from"": ""/de/discourse"", ""to"": ""/de/questions/3o2fj1znev0krvz/proposals/question""}",2026-08-14 12:52:31.239Z,3o2fj1znev0krvz,,,2026-08-14 12:52:31.429Z,b5234477b29af758
wwc0ekpw4xsnez2,feed_filter_change,2026-08-14 12:52:33.408Z,"{""selectedLabelId"": null, ""sortMode"": ""Newest""}",2026-08-14 12:52:33.174Z,,,,2026-08-14 12:52:33.408Z,b5234477b29af758
k1eazj5ndjosn12,page_view,2026-08-14 12:52:33.413Z,"{""from"": ""/de/questions/3o2fj1znev0krvz/proposals/question"", ""to"": ""/de/questions/3o2fj1znev0krvz/proposals/ideas""}",2026-08-14 12:52:33.181Z,3o2fj1znev0krvz,,,2026-08-14 12:52:33.413Z,b5234477b29af758
vpofj1kdgaf442y,proposal_view,2026-08-14 12:52:38.396Z,,2026-08-14 12:52:38.184Z,3o2fj1znev0krvz,,eesc7p17sxod25m,2026-08-14 12:52:38.396Z,b5234477b29af758
hfjxsxnwy1kjriv,page_view,2026-08-14 12:53:16.064Z,"{""from"": ""/de/questions/3o2fj1znev0krvz/proposals/ideas"", ""to"": ""/de/discourse""}",2026-08-14 12:53:15.864Z,3o2fj1znev0krvz,,,2026-08-14 12:53:16.064Z,b5234477b29af758
0g0bew6djypokgs,page_view,2026-08-14 12:53:18.506Z,"{""from"": ""/de/discourse"", ""to"": ""/de/questions/76q0g006tjtp7gp/proposals/question""}",2026-08-14 12:53:18.319Z,76q0g006tjtp7gp,,,2026-08-14 12:53:18.506Z,b5234477b29af758
p8jomikj0bd9cvt,page_view,2026-08-14 12:53:22.071Z,"{""from"": ""/de/questions/76q0g006tjtp7gp/proposals/question"", ""to"": ""/de/questions/76q0g006tjtp7gp/proposals/ideas""}",2026-08-14 12:53:21.833Z,76q0g006tjtp7gp,,,2026-08-14 12:53:22.071Z,b5234477b29af758
e985i5ouei7osuq,page_view,2026-08-14 12:53:51.783Z,"{""from"": ""/de/questions/76q0g006tjtp7gp/proposals/ideas"", ""to"": ""/de/questions/76q0g006tjtp7gp/proposals/ideas""}",2026-08-14 12:53:51.564Z,76q0g006tjtp7gp,,,2026-08-14 12:53:51.783Z,b5234477b29af758
qii1h19f8wcvrbo,proposal_view,2026-08-14 12:53:55.820Z,,2026-08-14 12:53:55.612Z,76q0g006tjtp7gp,,jm45hx8bajf99lv,2026-08-14 12:53:55.820Z,b5234477b29af758
6c8uvlf6lxqtblo,page_view,2026-08-14 12:54:04.011Z,"{""from"": ""/de/questions/76q0g006tjtp7gp/proposals/ideas"", ""to"": ""/de/discourse""}",2026-08-14 12:54:03.812Z,76q0g006tjtp7gp,,,2026-08-14 12:54:04.011Z,b5234477b29af758
4pf2ukw05f96ir6,page_view,2026-08-14 12:54:05.340Z,"{""from"": ""/de/discourse"", ""to"": ""/de/questions/3o2fj1znev0krvz/proposals/question""}",2026-08-14 12:54:05.060Z,3o2fj1znev0krvz,,,2026-08-14 12:54:05.340Z,b5234477b29af758
ofjdy7ng3k8mx7j,page_view,2026-08-14 12:54:07.691Z,"{""from"": ""/de/questions/3o2fj1znev0krvz/proposals/question"", ""to"": ""/de/questions/3o2fj1znev0krvz/proposals/ideas""}",2026-08-14 12:54:07.459Z,3o2fj1znev0krvz,,,2026-08-14 12:54:07.691Z,b5234477b29af758
zwlcl9b4o49u3et,page_view,2026-08-14 12:54:32.271Z,"{""from"": ""/de/questions/3o2fj1znev0krvz/proposals/ideas"", ""to"": ""/de/discourse""}",2026-08-14 12:54:32.073Z,3o2fj1znev0krvz,,,2026-08-14 12:54:32.271Z,b5234477b29af758
9ykwudbyj2aquo0,page_view,2026-08-14 12:54:37.337Z,"{""from"": ""/de/discourse"", ""to"": ""/de/questions/3o2fj1znev0krvz/proposals/question""}",2026-08-14 12:54:37.143Z,3o2fj1znev0krvz,,,2026-08-14 12:54:37.337Z,b5234477b29af758
9w83tbc5why2lqc,tab_switch,2026-08-14 12:59:12.842Z,"{""state"": ""visible""}",2026-08-14 12:59:12.627Z,,,,2026-08-14 12:59:12.842Z,b5234477b29af758
owq6uyo22zfcke9,page_view,2026-08-14 12:59:16.971Z,"{""from"": ""/de/questions/3o2fj1znev0krvz/proposals/question"", ""to"": ""/de/questions/3o2fj1znev0krvz/proposals/ideas""}",2026-08-14 12:59:16.753Z,3o2fj1znev0krvz,,,2026-08-14 12:59:16.971Z,b5234477b29af758
36xc914bqcfcy5y,proposal_view,2026-08-14 12:59:19.080Z,,2026-08-14 12:59:18.851Z,3o2fj1znev0krvz,,2w5teh1hty0mznr,2026-08-14 12:59:19.080Z,b5234477b29af758
wlp0kej2rfa9qnr,tab_switch,2026-08-14 13:05:36.251Z,"{""state"": ""visible""}",2026-08-14 13:05:35.748Z,,,,2026-08-14 13:05:36.251Z,216bb226ec191993
au1xsopp3nmlvt9,proposal_view,2026-08-14 13:06:02.939Z,,2026-08-14 13:06:03.794Z,3o2fj1znev0krvz,,2w5teh1hty0mznr,2026-08-14 13:06:02.939Z,216bb226ec191993
exe2fjyb1eq9xld,page_view,2026-08-14 13:06:02.946Z,"{""from"": ""/de/questions/3o2fj1znev0krvz/proposals/compare"", ""to"": ""/de/questions/3o2fj1znev0krvz/proposals/ideas""}",2026-08-14 13:06:03.815Z,3o2fj1znev0krvz,,,2026-08-14 13:06:02.946Z,216bb226ec191993
9axpwpfud0jbngn,proposal_view,2026-08-14 13:06:09.294Z,,2026-08-14 13:06:10.159Z,3o2fj1znev0krvz,,eesc7p17sxod25m,2026-08-14 13:06:09.294Z,216bb226ec191993
zwgfo93yhqxw5k3,proposal_view,2026-08-14 13:06:15.397Z,,2026-08-14 13:06:16.265Z,3o2fj1znev0krvz,,px3acjduduouqz6,2026-08-14 13:06:15.397Z,216bb226ec191993
l6ixelfy8rmg7w7,proposal_view,2026-08-14 13:06:44.908Z,,2026-08-14 13:06:45.768Z,3o2fj1znev0krvz,,rgjhcdyr8kdvxyz,2026-08-14 13:06:44.908Z,216bb226ec191993
olc1dahz5xxtag5,proposal_view,2026-08-14 13:06:48.143Z,,2026-08-14 13:06:49.003Z,3o2fj1znev0krvz,,px3acjduduouqz6,2026-08-14 13:06:48.143Z,216bb226ec191993
jr1vevy9329p86z,proposal_view,2026-08-14 13:06:59.555Z,,2026-08-14 13:07:00.415Z,3o2fj1znev0krvz,,rgjhcdyr8kdvxyz,2026-08-14 13:06:59.555Z,216bb226ec191993
v7avy517js3ag12,proposal_view,2026-08-14 13:07:03.170Z,,2026-08-14 13:07:04.040Z,3o2fj1znev0krvz,,px3acjduduouqz6,2026-08-14 13:07:03.170Z,216bb226ec191993
3uf5tiay4px23e3,proposal_view,2026-08-14 13:07:11.622Z,,2026-08-14 13:07:12.480Z,3o2fj1znev0krvz,,rgjhcdyr8kdvxyz,2026-08-14 13:07:11.622Z,216bb226ec191993
0n6m7zewpm0i3it,proposal_view,2026-08-14 13:07:16.604Z,,2026-08-14 13:07:17.469Z,3o2fj1znev0krvz,,px3acjduduouqz6,2026-08-14 13:07:16.604Z,216bb226ec191993
5qahkafcxwwa1lm,proposal_view,2026-08-14 13:07:17.499Z,,2026-08-14 13:07:18.358Z,3o2fj1znev0krvz,,eesc7p17sxod25m,2026-08-14 13:07:17.499Z,216bb226ec191993
zabhb15zquppstk,proposal_view,2026-08-14 13:07:51.195Z,,2026-08-14 13:07:52.057Z,3o2fj1znev0krvz,,px3acjduduouqz6,2026-08-14 13:07:51.195Z,216bb226ec191993
8pz60irmu58grp0,proposal_view,2026-08-14 13:07:52.287Z,,2026-08-14 13:07:53.154Z,3o2fj1znev0krvz,,rgjhcdyr8kdvxyz,2026-08-14 13:07:52.287Z,216bb226ec191993
en5hg0gbeq3ajhk,proposal_view,2026-08-14 13:07:52.949Z,,2026-08-14 13:07:53.818Z,3o2fj1znev0krvz,,px3acjduduouqz6,2026-08-14 13:07:52.949Z,216bb226ec191993
ia57gj2z40p5e33,proposal_view,2026-08-14 13:07:53.610Z,,2026-08-14 13:07:54.477Z,3o2fj1znev0krvz,,rgjhcdyr8kdvxyz,2026-08-14 13:07:53.610Z,216bb226ec191993
0qzes50h1kgy2up,proposal_view,2026-08-14 13:07:54.346Z,,2026-08-14 13:07:55.216Z,3o2fj1znev0krvz,,px3acjduduouqz6,2026-08-14 13:07:54.346Z,216bb226ec191993
rn6d4xpq38h5kpk,proposal_view,2026-08-14 13:07:55.005Z,,2026-08-14 13:07:55.868Z,3o2fj1znev0krvz,,rgjhcdyr8kdvxyz,2026-08-14 13:07:55.005Z,216bb226ec191993
bz9lokclj0fefgy,page_view,2026-08-14 13:07:56.845Z,"{""from"": ""/de/questions/3o2fj1znev0krvz/proposals/ideas"", ""to"": ""/de/discourse""}",2026-08-14 13:07:57.714Z,3o2fj1znev0krvz,,,2026-08-14 13:07:56.845Z,216bb226ec191993
gim5bwya4zsamga,page_view,2026-08-14 13:07:58.561Z,"{""from"": ""/de/discourse"", ""to"": ""/de/questions/3o2fj1znev0krvz/proposals/question""}",2026-08-14 13:07:59.432Z,3o2fj1znev0krvz,,,2026-08-14 13:07:58.561Z,216bb226ec191993
b0dew842whvqrld,page_view,2026-08-14 13:08:04.112Z,"{""from"": ""/de/questions/3o2fj1znev0krvz/proposals/question"", ""to"": ""/de/questions/3o2fj1znev0krvz/proposals/ideas""}",2026-08-14 13:08:04.978Z,3o2fj1znev0krvz,,,2026-08-14 13:08:04.112Z,216bb226ec191993
kgo9el1ti7f45ib,proposal_view,2026-08-14 13:08:23.058Z,,2026-08-14 13:08:23.923Z,3o2fj1znev0krvz,,n8luy5w1pc5olz4,2026-08-14 13:08:23.058Z,216bb226ec191993
a1qxi2832pllt03,proposal_view,2026-08-14 13:08:24.518Z,,2026-08-14 13:08:25.386Z,3o2fj1znev0krvz,,m5vq0q540kenhen,2026-08-14 13:08:24.518Z,216bb226ec191993
9e1y3brhy36akit,proposal_view,2026-08-14 13:08:39.369Z,,2026-08-14 13:08:40.234Z,3o2fj1znev0krvz,,n8luy5w1pc5olz4,2026-08-14 13:08:39.369Z,216bb226ec191993
x0s5w3wo4ovfv9t,proposal_view,2026-08-14 13:08:43.557Z,,2026-08-14 13:08:44.410Z,3o2fj1znev0krvz,,n8luy5w1pc5olz4,2026-08-14 13:08:43.557Z,216bb226ec191993
23hy2rg91clxppi,proposal_view,2026-08-14 13:08:45.737Z,,2026-08-14 13:08:46.605Z,3o2fj1znev0krvz,,m5vq0q540kenhen,2026-08-14 13:08:45.737Z,216bb226ec191993
kvpdfw5ss1hukqt,proposal_view,2026-08-14 13:08:54.130Z,,2026-08-14 13:08:54.989Z,3o2fj1znev0krvz,,n8luy5w1pc5olz4,2026-08-14 13:08:54.130Z,216bb226ec191993
v21m5cv4ku5hcsk,proposal_view,2026-08-14 13:09:02.755Z,,2026-08-14 13:09:03.617Z,3o2fj1znev0krvz,,m5vq0q540kenhen,2026-08-14 13:09:02.755Z,216bb226ec191993
5sazspaw1vk1zf4,compare_open,2026-08-14 13:09:16.134Z,"{""pool_size"": 2, ""proposal_ids"": [""m5vq0q540kenhen"", ""eesc7p17sxod25m""]}",2026-08-14 13:09:16.999Z,,,,2026-08-14 13:09:16.134Z,216bb226ec191993
n5ca72ws40abwzn,page_view,2026-08-14 13:09:16.235Z,"{""from"": ""/de/questions/3o2fj1znev0krvz/proposals/ideas"", ""to"": ""/de/questions/3o2fj1znev0krvz/proposals/compare""}",2026-08-14 13:09:17.104Z,3o2fj1znev0krvz,,,2026-08-14 13:09:16.235Z,216bb226ec191993
1m23r2h859g9b3a,proposal_view,2026-08-14 13:09:26.065Z,,2026-08-14 13:09:26.929Z,3o2fj1znev0krvz,,m5vq0q540kenhen,2026-08-14 13:09:26.065Z,216bb226ec191993
i4fa0xa13thenym,page_view,2026-08-14 13:09:26.069Z,"{""from"": ""/de/questions/3o2fj1znev0krvz/proposals/compare"", ""to"": ""/de/questions/3o2fj1znev0krvz/proposals/ideas""}",2026-08-14 13:09:26.938Z,3o2fj1znev0krvz,,,2026-08-14 13:09:26.069Z,216bb226ec191993
amu6t90brsmw7bn,compare_open,2026-08-14 13:09:39.196Z,"{""pool_size"": 2, ""proposal_ids"": [""m5vq0q540kenhen"", ""px3acjduduouqz6""]}",2026-08-14 13:09:40.062Z,,,,2026-08-14 13:09:39.196Z,216bb226ec191993
7tjyep71o3bobbn,page_view,2026-08-14 13:09:39.287Z,"{""from"": ""/de/questions/3o2fj1znev0krvz/proposals/ideas"", ""to"": ""/de/questions/3o2fj1znev0krvz/proposals/compare""}",2026-08-14 13:09:40.159Z,3o2fj1znev0krvz,,,2026-08-14 13:09:39.287Z,216bb226ec191993
dwshvm6b90pq39v,proposal_view,2026-08-14 13:12:26.736Z,,2026-08-14 13:12:27.598Z,3o2fj1znev0krvz,,m5vq0q540kenhen,2026-08-14 13:12:26.736Z,216bb226ec191993
03md93jhcda8mls,page_view,2026-08-14 13:12:26.744Z,"{""from"": ""/de/questions/3o2fj1znev0krvz/proposals/compare"", ""to"": ""/de/questions/3o2fj1znev0krvz/proposals/ideas""}",2026-08-14 13:12:27.612Z,3o2fj1znev0krvz,,,2026-08-14 13:12:26.744Z,216bb226ec191993
k25fcx3fpg8djp8,proposal_view,2026-08-14 13:12:33.167Z,,2026-08-14 13:12:34.027Z,3o2fj1znev0krvz,,n8luy5w1pc5olz4,2026-08-14 13:12:33.167Z,216bb226ec191993
1cz5f58hvy8tn51,compare_remove,2026-08-14 13:12:38.181Z,"{""pool_size"": 1}",2026-08-14 13:12:39.046Z,,,m5vq0q540kenhen,2026-08-14 13:12:38.181Z,216bb226ec191993
bmnuxhrh3t7u1b4,compare_remove,2026-08-14 13:12:38.593Z,"{""pool_size"": 0}",2026-08-14 13:12:39.464Z,,,px3acjduduouqz6,2026-08-14 13:12:38.593Z,216bb226ec191993
0ifxy5cj3v17kgb,tab_switch,2026-08-14 13:13:20.581Z,"{""state"": ""visible""}",2026-08-14 13:13:21.302Z,,,,2026-08-14 13:13:20.581Z,216bb226ec191993
ge5af4kt5240qrs,proposal_view,2026-08-14 13:13:33.396Z,,2026-08-14 13:13:34.254Z,3o2fj1znev0krvz,,m5vq0q540kenhen,2026-08-14 13:13:33.396Z,216bb226ec191993
p3p1r2zmgqp2ic7,tab_switch,2026-08-14 13:14:38.050Z,"{""state"": ""visible""}",2026-08-14 13:14:38.894Z,,,,2026-08-14 13:14:38.050Z,216bb226ec191993
iv6begjhrifdi03,proposal_view,2026-08-14 13:14:41.185Z,,2026-08-14 13:14:42.050Z,3o2fj1znev0krvz,,n8luy5w1pc5olz4,2026-08-14 13:14:41.185Z,216bb226ec191993
qnie74n6o40bjd1,proposal_view,2026-08-14 13:14:41.967Z,,2026-08-14 13:14:42.836Z,3o2fj1znev0krvz,,m5vq0q540kenhen,2026-08-14 13:14:41.967Z,216bb226ec191993
r9prbppm14umyig,proposal_view,2026-08-14 13:14:42.753Z,,2026-08-14 13:14:43.617Z,3o2fj1znev0krvz,,n8luy5w1pc5olz4,2026-08-14 13:14:42.753Z,216bb226ec191993
2gkibkd2o9ytgzw,page_view,2026-08-14 13:14:45.605Z,"{""from"": ""/de/questions/3o2fj1znev0krvz/proposals/ideas"", ""to"": ""/de/discourse""}",2026-08-14 13:14:46.474Z,3o2fj1znev0krvz,,,2026-08-14 13:14:45.605Z,216bb226ec191993
666cnvnh0owm3lr,page_view,2026-08-14 13:14:48.112Z,"{""from"": ""/de/discourse"", ""to"": ""/de/questions/3o2fj1znev0krvz/proposals/question""}",2026-08-14 13:14:48.980Z,3o2fj1znev0krvz,,,2026-08-14 13:14:48.112Z,216bb226ec191993
v6yo32x6xa7gdsy,page_view,2026-08-14 13:14:49.968Z,"{""from"": ""/de/questions/3o2fj1znev0krvz/proposals/question"", ""to"": ""/de/questions/3o2fj1znev0krvz/proposals/ideas""}",2026-08-14 13:14:50.837Z,3o2fj1znev0krvz,,,2026-08-14 13:14:49.968Z,216bb226ec191993
pb7tp8wlrwsr6qb,proposal_view,2026-08-14 13:14:52.218Z,,2026-08-14 13:14:53.085Z,3o2fj1znev0krvz,,2w5teh1hty0mznr,2026-08-14 13:14:52.218Z,216bb226ec191993
sozbymdnin9ds9k,compare_open,2026-08-14 13:15:06.236Z,"{""pool_size"": 2, ""proposal_ids"": [""2w5teh1hty0mznr"", ""usjpvaq5nnvjl9w""]}",2026-08-14 13:15:07.100Z,,,,2026-08-14 13:15:06.236Z,216bb226ec191993
128fd4f66dkds0v,page_view,2026-08-14 13:15:06.334Z,"{""from"": ""/de/questions/3o2fj1znev0krvz/proposals/ideas"", ""to"": ""/de/questions/3o2fj1znev0krvz/proposals/compare""}",2026-08-14 13:15:07.205Z,3o2fj1znev0krvz,,,2026-08-14 13:15:06.334Z,216bb226ec191993
r6ilmq5hmys1wh2,tab_switch,2026-08-14 13:15:56.002Z,"{""state"": ""visible""}",2026-08-14 13:15:55.829Z,,,,2026-08-14 13:15:56.002Z,b5234477b29af758
w50m2kxpvffxrxz,subscribe,2026-08-14 13:16:22.822Z,,2026-08-14 13:16:22.822Z,3o2fj1znev0krvz,,m0zn817n9g4w07p,2026-08-14 13:16:22.822Z,216bb226ec191993
14a42kpszfc5u2j,remix_combine,2026-08-14 13:16:22.829Z,,2026-08-14 13:16:22.816Z,3o2fj1znev0krvz,,m0zn817n9g4w07p,2026-08-14 13:16:22.829Z,216bb226ec191993
5gktkr6etzksj99,page_view,2026-08-14 13:16:23.216Z,"{""from"": ""/de/questions/3o2fj1znev0krvz/proposals/ballot"", ""to"": ""/de/questions/3o2fj1znev0krvz/proposals/ideas""}",2026-08-14 13:16:24.086Z,3o2fj1znev0krvz,,,2026-08-14 13:16:23.216Z,216bb226ec191993
dzm2ysdedzxavfp,proposal_view,2026-08-14 13:16:26.379Z,,2026-08-14 13:16:27.250Z,3o2fj1znev0krvz,,2w5teh1hty0mznr,2026-08-14 13:16:26.379Z,216bb226ec191993
tiugqynn1kveebf,compare_open,2026-08-14 13:16:46.148Z,"{""pool_size"": 2, ""proposal_ids"": [""2w5teh1hty0mznr"", ""wyx4lc9o5ebp473""]}",2026-08-14 13:16:47.014Z,,,,2026-08-14 13:16:46.148Z,216bb226ec191993
twhd18tn1lmqcyu,page_view,2026-08-14 13:16:46.226Z,"{""from"": ""/de/questions/3o2fj1znev0krvz/proposals/ideas"", ""to"": ""/de/questions/3o2fj1znev0krvz/proposals/compare""}",2026-08-14 13:16:47.098Z,3o2fj1znev0krvz,,,2026-08-14 13:16:46.226Z,216bb226ec191993
rto0icvnztzmlld,subscribe,2026-08-14 13:18:23.471Z,,2026-08-14 13:18:23.470Z,3o2fj1znev0krvz,,gjnpljxyyh1y1fv,2026-08-14 13:18:23.471Z,216bb226ec191993
63mt7eu8wzfzhtn,remix_combine,2026-08-14 13:18:23.478Z,,2026-08-14 13:18:23.466Z,3o2fj1znev0krvz,,gjnpljxyyh1y1fv,2026-08-14 13:18:23.478Z,216bb226ec191993
qzczstfubd1zco7,page_view,2026-08-14 13:18:24.237Z,"{""from"": ""/de/questions/3o2fj1znev0krvz/proposals/ballot"", ""to"": ""/de/questions/3o2fj1znev0krvz/proposals/ideas""}",2026-08-14 13:18:25.095Z,3o2fj1znev0krvz,,,2026-08-14 13:18:24.237Z,216bb226ec191993
623ivxavv1ewddd,proposal_view,2026-08-14 13:18:25.631Z,,2026-08-14 13:18:26.501Z,3o2fj1znev0krvz,,2w5teh1hty0mznr,2026-08-14 13:18:25.631Z,216bb226ec191993
rpy4u37ygb8s4wo,proposal_view,2026-08-14 13:18:42.080Z,,2026-08-14 13:18:42.947Z,3o2fj1znev0krvz,,m0zn817n9g4w07p,2026-08-14 13:18:42.080Z,216bb226ec191993
6wgmhq6a0xgugv5,proposal_view,2026-08-14 13:18:48.615Z,,2026-08-14 13:18:49.483Z,3o2fj1znev0krvz,,gjnpljxyyh1y1fv,2026-08-14 13:18:48.615Z,216bb226ec191993
r0vwezn063sacpr,proposal_view,2026-08-14 13:19:11.466Z,,2026-08-14 13:19:12.330Z,3o2fj1znev0krvz,,m0zn817n9g4w07p,2026-08-14 13:19:11.466Z,216bb226ec191993
a83qdm1utntd1d5,compare_open,2026-08-14 13:19:20.972Z,"{""pool_size"": 2, ""proposal_ids"": [""m0zn817n9g4w07p"", ""gjnpljxyyh1y1fv""]}",2026-08-14 13:19:21.842Z,,,,2026-08-14 13:19:20.972Z,216bb226ec191993
hhhowl7efgqcz0u,page_view,2026-08-14 13:19:21.063Z,"{""from"": ""/de/questions/3o2fj1znev0krvz/proposals/ideas"", ""to"": ""/de/questions/3o2fj1znev0krvz/proposals/compare""}",2026-08-14 13:19:21.935Z,3o2fj1znev0krvz,,,2026-08-14 13:19:21.063Z,216bb226ec191993
ha39qdkmrywvimu,subscribe,2026-08-14 13:20:57.268Z,,2026-08-14 13:20:57.268Z,3o2fj1znev0krvz,,creod2dm6xewo2s,2026-08-14 13:20:57.268Z,216bb226ec191993
shmzkxmqih0b3ql,remix_combine,2026-08-14 13:20:57.274Z,,2026-08-14 13:20:57.262Z,3o2fj1znev0krvz,,creod2dm6xewo2s,2026-08-14 13:20:57.274Z,216bb226ec191993
ccz4r1mpiz9cuad,page_view,2026-08-14 13:20:58.000Z,"{""from"": ""/de/questions/3o2fj1znev0krvz/proposals/ballot"", ""to"": ""/de/questions/3o2fj1znev0krvz/proposals/ideas""}",2026-08-14 13:20:58.871Z,3o2fj1znev0krvz,,,2026-08-14 13:20:58.000Z,216bb226ec191993
008czd2qhsk3e7r,page_view,2026-08-14 13:21:01.092Z,"{""from"": ""/de/questions/3o2fj1znev0krvz/proposals/ideas"", ""to"": ""/de/groups""}",2026-08-14 13:21:01.960Z,3o2fj1znev0krvz,,,2026-08-14 13:21:01.092Z,216bb226ec191993
r0c160fegm2vvwd,page_view,2026-08-14 13:21:02.500Z,"{""from"": ""/de/groups"", ""to"": ""/de/groups/m5obm8bp0rbq043""}",2026-08-14 13:21:03.347Z,3o2fj1znev0krvz,,,2026-08-14 13:21:02.500Z,216bb226ec191993
uoqc9b7c4uzd82y,page_view,2026-08-14 13:21:08.329Z,"{""from"": ""/de/groups/m5obm8bp0rbq043"", ""to"": ""/de/discourse""}",2026-08-14 13:21:09.177Z,3o2fj1znev0krvz,,,2026-08-14 13:21:08.329Z,216bb226ec191993
fnj2ttbbpelavy1,page_view,2026-08-14 13:21:09.747Z,"{""from"": ""/de/discourse"", ""to"": ""/de/questions/3o2fj1znev0krvz/proposals/question""}",2026-08-14 13:21:10.617Z,3o2fj1znev0krvz,,,2026-08-14 13:21:09.747Z,216bb226ec191993
d6mf7653lo4kpky,page_view,2026-08-14 13:21:11.582Z,"{""from"": ""/de/questions/3o2fj1znev0krvz/proposals/question"", ""to"": ""/de/questions/3o2fj1znev0krvz/proposals/ideas""}",2026-08-14 13:21:12.451Z,3o2fj1znev0krvz,,,2026-08-14 13:21:11.582Z,216bb226ec191993
yqc517iuo1v8zyn,proposal_view,2026-08-14 13:21:13.498Z,,2026-08-14 13:21:14.365Z,3o2fj1znev0krvz,,2w5teh1hty0mznr,2026-08-14 13:21:13.498Z,216bb226ec191993
0b9yficzwnhs223,proposal_view,2026-08-14 13:21:17.977Z,,2026-08-14 13:21:18.844Z,3o2fj1znev0krvz,,creod2dm6xewo2s,2026-08-14 13:21:17.977Z,216bb226ec191993
ziybx1gqvp4xkqz,proposal_view,2026-08-14 13:21:39.585Z,,2026-08-14 13:21:40.449Z,3o2fj1znev0krvz,,2w5teh1hty0mznr,2026-08-14 13:21:39.585Z,216bb226ec191993
jmlbs85w2g0dqhp,page_view,2026-08-14 13:21:43.615Z,"{""from"": ""/de/questions/3o2fj1znev0krvz/proposals/ideas"", ""to"": ""/de/questions/3o2fj1znev0krvz/proposals/ideas""}",2026-08-14 13:21:44.469Z,3o2fj1znev0krvz,,,2026-08-14 13:21:43.615Z,216bb226ec191993
7uf0d03md66lx91,proposal_view,2026-08-14 13:21:47.108Z,,2026-08-14 13:21:47.977Z,3o2fj1znev0krvz,,n8luy5w1pc5olz4,2026-08-14 13:21:47.108Z,216bb226ec191993
w8cpqd32s45afa5,proposal_view,2026-08-14 13:21:51.312Z,,2026-08-14 13:21:52.170Z,3o2fj1znev0krvz,,m5vq0q540kenhen,2026-08-14 13:21:51.312Z,216bb226ec191993
apswe3fa21sbeae,proposal_view,2026-08-14 13:21:56.948Z,,2026-08-14 13:21:57.799Z,3o2fj1znev0krvz,,n8luy5w1pc5olz4,2026-08-14 13:21:56.948Z,216bb226ec191993
1qymwpndk0rku4q,proposal_view,2026-08-14 13:22:21.329Z,,2026-08-14 13:22:22.183Z,3o2fj1znev0krvz,,m5vq0q540kenhen,2026-08-14 13:22:21.329Z,216bb226ec191993
00147twkls6ejo3,proposal_view,2026-08-14 13:22:25.105Z,,2026-08-14 13:22:25.976Z,3o2fj1znev0krvz,,n8luy5w1pc5olz4,2026-08-14 13:22:25.105Z,216bb226ec191993
q6zplfqv63gqexl,page_view,2026-08-14 13:22:27.329Z,"{""from"": ""/de/questions/3o2fj1znev0krvz/proposals/ideas"", ""to"": ""/de/questions/3o2fj1znev0krvz/proposals/ideas""}",2026-08-14 13:22:28.180Z,3o2fj1znev0krvz,,,2026-08-14 13:22:27.329Z,216bb226ec191993
v38qnqsfqrqedlz,proposal_view,2026-08-14 13:22:29.042Z,,2026-08-14 13:22:29.911Z,3o2fj1znev0krvz,,rgjhcdyr8kdvxyz,2026-08-14 13:22:29.042Z,216bb226ec191993
2xz49e89gy83f93,proposal_view,2026-08-14 13:22:30.748Z,,2026-08-14 13:22:31.614Z,3o2fj1znev0krvz,,px3acjduduouqz6,2026-08-14 13:22:30.748Z,216bb226ec191993
4pggmt0uskhs6uj,proposal_view,2026-08-14 13:22:31.633Z,,2026-08-14 13:22:32.502Z,3o2fj1znev0krvz,,eesc7p17sxod25m,2026-08-14 13:22:31.633Z,216bb226ec191993
rvcc9k6zf8eep9g,proposal_view,2026-08-14 13:22:52.557Z,,2026-08-14 13:22:53.412Z,3o2fj1znev0krvz,,px3acjduduouqz6,2026-08-14 13:22:52.557Z,216bb226ec191993
7gv8g5stwrer3on,proposal_view,2026-08-14 13:22:54.795Z,,2026-08-14 13:22:55.666Z,3o2fj1znev0krvz,,eesc7p17sxod25m,2026-08-14 13:22:54.795Z,216bb226ec191993
gm4zklwf4iao8d8,compare_open,2026-08-14 13:23:32.664Z,"{""pool_size"": 2, ""proposal_ids"": [""eesc7p17sxod25m"", ""m5vq0q540kenhen""]}",2026-08-14 13:23:33.528Z,,,,2026-08-14 13:23:32.664Z,216bb226ec191993
3c77u0au2z0c99j,page_view,2026-08-14 13:23:32.757Z,"{""from"": ""/de/questions/3o2fj1znev0krvz/proposals/ideas"", ""to"": ""/de/questions/3o2fj1znev0krvz/proposals/compare""}",2026-08-14 13:23:33.629Z,3o2fj1znev0krvz,,,2026-08-14 13:23:32.757Z,216bb226ec191993
j8h03r5mqce2ful,compare_remove,2026-08-14 13:23:40.084Z,"{""pool_size"": 1}",2026-08-14 13:23:40.951Z,,,m5vq0q540kenhen,2026-08-14 13:23:40.084Z,216bb226ec191993
3wrof8uqjtbaw6i,proposal_view,2026-08-14 13:23:45.561Z,,2026-08-14 13:23:46.427Z,3o2fj1znev0krvz,,eesc7p17sxod25m,2026-08-14 13:23:45.561Z,216bb226ec191993
22bhplqq1191914,page_view,2026-08-14 13:23:45.583Z,"{""from"": ""/de/questions/3o2fj1znev0krvz/proposals/compare"", ""to"": ""/de/questions/3o2fj1znev0krvz/proposals/ideas""}",2026-08-14 13:23:46.456Z,3o2fj1znev0krvz,,,2026-08-14 13:23:45.583Z,216bb226ec191993
zes8ceps6f7otjd,compare_open,2026-08-14 13:23:57.520Z,"{""pool_size"": 2, ""proposal_ids"": [""eesc7p17sxod25m"", ""n8luy5w1pc5olz4""]}",2026-08-14 13:23:58.386Z,,,,2026-08-14 13:23:57.520Z,216bb226ec191993
v25inf58wvf5tjw,page_view,2026-08-14 13:23:57.606Z,"{""from"": ""/de/questions/3o2fj1znev0krvz/proposals/ideas"", ""to"": ""/de/questions/3o2fj1znev0krvz/proposals/compare""}",2026-08-14 13:23:58.478Z,3o2fj1znev0krvz,,,2026-08-14 13:23:57.606Z,216bb226ec191993
z6nad6ges3bqniq,proposal_view,2026-08-14 13:24:43.051Z,,2026-08-14 13:24:43.916Z,3o2fj1znev0krvz,,eesc7p17sxod25m,2026-08-14 13:24:43.051Z,216bb226ec191993
wogsvk962askz4h,page_view,2026-08-14 13:24:43.060Z,"{""from"": ""/de/questions/3o2fj1znev0krvz/proposals/compare"", ""to"": ""/de/questions/3o2fj1znev0krvz/proposals/ideas""}",2026-08-14 13:24:43.935Z,3o2fj1znev0krvz,,,2026-08-14 13:24:43.060Z,216bb226ec191993
wwg4c76nn1a3obv,proposal_view,2026-08-14 13:24:44.283Z,,2026-08-14 13:24:45.148Z,3o2fj1znev0krvz,,px3acjduduouqz6,2026-08-14 13:24:44.283Z,216bb226ec191993
m96b3ng1ti1symr,proposal_view,2026-08-14 13:24:45.135Z,,2026-08-14 13:24:46.001Z,3o2fj1znev0krvz,,rgjhcdyr8kdvxyz,2026-08-14 13:24:45.135Z,216bb226ec191993
o2rut744ozcsxqg,proposal_view,2026-08-14 13:24:48.201Z,,2026-08-14 13:24:49.071Z,3o2fj1znev0krvz,,n8luy5w1pc5olz4,2026-08-14 13:24:48.201Z,216bb226ec191993
7gwvnmnt780i7hg,proposal_view,2026-08-14 13:24:49.888Z,,2026-08-14 13:24:50.748Z,3o2fj1znev0krvz,,m5vq0q540kenhen,2026-08-14 13:24:49.888Z,216bb226ec191993
36tw0xbxpvg6413,proposal_view,2026-08-14 13:25:12.011Z,,2026-08-14 13:25:12.871Z,3o2fj1znev0krvz,,n8luy5w1pc5olz4,2026-08-14 13:25:12.011Z,216bb226ec191993
ls7ykjqwmz23879,proposal_view,2026-08-14 13:25:29.970Z,,2026-08-14 13:25:30.836Z,3o2fj1znev0krvz,,n8luy5w1pc5olz4,2026-08-14 13:25:29.970Z,216bb226ec191993
foyqou88ri6vjmg,proposal_view,2026-08-14 13:25:32.047Z,,2026-08-14 13:25:32.920Z,3o2fj1znev0krvz,,m5vq0q540kenhen,2026-08-14 13:25:32.047Z,216bb226ec191993
0qsuzy7gvxkobrn,compare_open,2026-08-14 13:25:54.716Z,"{""pool_size"": 2, ""proposal_ids"": [""m5vq0q540kenhen"", ""eesc7p17sxod25m""]}",2026-08-14 13:25:55.583Z,,,,2026-08-14 13:25:54.716Z,216bb226ec191993
27j2b4y8nxfgp97,page_view,2026-08-14 13:25:54.804Z,"{""from"": ""/de/questions/3o2fj1znev0krvz/proposals/ideas"", ""to"": ""/de/questions/3o2fj1znev0krvz/proposals/compare""}",2026-08-14 13:25:55.677Z,3o2fj1znev0krvz,,,2026-08-14 13:25:54.804Z,216bb226ec191993
29vs7dkgj7h57da,proposal_view,2026-08-14 13:25:59.769Z,,2026-08-14 13:26:00.635Z,3o2fj1znev0krvz,,m5vq0q540kenhen,2026-08-14 13:25:59.769Z,216bb226ec191993
g6itvxemzcqta0i,page_view,2026-08-14 13:25:59.776Z,"{""from"": ""/de/questions/3o2fj1znev0krvz/proposals/compare"", ""to"": ""/de/questions/3o2fj1znev0krvz/proposals/ideas""}",2026-08-14 13:26:00.644Z,3o2fj1znev0krvz,,,2026-08-14 13:25:59.776Z,216bb226ec191993
98lag97yvdsqipg,compare_open,2026-08-14 13:26:06.851Z,"{""pool_size"": 2, ""proposal_ids"": [""m5vq0q540kenhen"", ""px3acjduduouqz6""]}",2026-08-14 13:26:07.717Z,,,,2026-08-14 13:26:06.851Z,216bb226ec191993
cj82uuki80j30pa,page_view,2026-08-14 13:26:06.938Z,"{""from"": ""/de/questions/3o2fj1znev0krvz/proposals/ideas"", ""to"": ""/de/questions/3o2fj1znev0krvz/proposals/compare""}",2026-08-14 13:26:07.811Z,3o2fj1znev0krvz,,,2026-08-14 13:26:06.938Z,216bb226ec191993
0y89c89xl5vx5jr,proposal_view,2026-08-14 13:26:37.033Z,,2026-08-14 13:26:37.878Z,3o2fj1znev0krvz,,m5vq0q540kenhen,2026-08-14 13:26:37.033Z,216bb226ec191993
6i4xys4xs7d891p,page_view,2026-08-14 13:26:37.034Z,"{""from"": ""/de/questions/3o2fj1znev0krvz/proposals/compare"", ""to"": ""/de/questions/3o2fj1znev0krvz/proposals/ideas""}",2026-08-14 13:26:37.892Z,3o2fj1znev0krvz,,,2026-08-14 13:26:37.034Z,216bb226ec191993
yoqwkjshk7mr9sd,compare_open,2026-08-14 13:26:43.742Z,"{""pool_size"": 2, ""proposal_ids"": [""m5vq0q540kenhen"", ""eesc7p17sxod25m""]}",2026-08-14 13:26:44.606Z,,,,2026-08-14 13:26:43.742Z,216bb226ec191993
2rc5k07kk5wq6a8,page_view,2026-08-14 13:26:43.817Z,"{""from"": ""/de/questions/3o2fj1znev0krvz/proposals/ideas"", ""to"": ""/de/questions/3o2fj1znev0krvz/proposals/compare""}",2026-08-14 13:26:44.690Z,3o2fj1znev0krvz,,,2026-08-14 13:26:43.817Z,216bb226ec191993
5r56gnhl82kk3ec,subscribe,2026-08-14 13:33:28.775Z,,2026-08-14 13:33:28.775Z,3o2fj1znev0krvz,,626n317m1w4j7lo,2026-08-14 13:33:28.775Z,216bb226ec191993
3192bb9a3rvlqek,create_label,2026-08-14 13:33:28.790Z,"{""label_name"": ""Zentrallager Ja/Nein?""}",2026-08-14 13:33:28.771Z,3o2fj1znev0krvz,,1ec7as8s4fpt135,2026-08-14 13:33:28.790Z,216bb226ec191993
oep57t3unc5u7cr,subscribe,2026-08-14 13:33:55.115Z,,2026-08-14 13:33:55.114Z,3o2fj1znev0krvz,,ehi9fzgit9bcjwx,2026-08-14 13:33:55.115Z,216bb226ec191993
0cp8fwigee61rl5,create_label,2026-08-14 13:33:55.122Z,"{""label_name"": ""Zentrallager Ja/Nein?""}",2026-08-14 13:33:55.110Z,3o2fj1znev0krvz,,1ec7as8s4fpt135,2026-08-14 13:33:55.122Z,216bb226ec191993
vq45sfaymjmtxzl,page_view,2026-08-14 13:33:55.586Z,"{""from"": ""/de/questions/3o2fj1znev0krvz/proposals/ballot"", ""to"": ""/de/questions/3o2fj1znev0krvz/proposals/ideas""}",2026-08-14 13:33:56.458Z,3o2fj1znev0krvz,,,2026-08-14 13:33:55.586Z,216bb226ec191993
0wwy9eqissyf1t4,proposal_view,2026-08-14 13:34:00.174Z,,2026-08-14 13:34:01.039Z,3o2fj1znev0krvz,,626n317m1w4j7lo,2026-08-14 13:34:00.174Z,216bb226ec191993
d0dr8h90os4o94s,proposal_view,2026-08-14 13:34:05.779Z,,2026-08-14 13:34:06.644Z,3o2fj1znev0krvz,,ehi9fzgit9bcjwx,2026-08-14 13:34:05.779Z,216bb226ec191993
ew1o57uw6i135sv,proposal_view,2026-08-14 13:34:07.238Z,,2026-08-14 13:34:08.109Z,3o2fj1znev0krvz,,626n317m1w4j7lo,2026-08-14 13:34:07.238Z,216bb226ec191993
cays5svcwexsy9z,proposal_view,2026-08-14 13:34:08.970Z,,2026-08-14 13:34:09.843Z,3o2fj1znev0krvz,,ehi9fzgit9bcjwx,2026-08-14 13:34:08.970Z,216bb226ec191993
9sme14lhlhor0er,proposal_view,2026-08-14 13:34:14.577Z,,2026-08-14 13:34:15.441Z,3o2fj1znev0krvz,,626n317m1w4j7lo,2026-08-14 13:34:14.577Z,216bb226ec191993
t3aqvcms0sdyfkq,proposal_view,2026-08-14 13:34:31.291Z,,2026-08-14 13:34:32.156Z,3o2fj1znev0krvz,,ehi9fzgit9bcjwx,2026-08-14 13:34:31.291Z,216bb226ec191993
v1hk8lxxmblubgc,proposal_view,2026-08-14 13:34:32.905Z,,2026-08-14 13:34:33.776Z,3o2fj1znev0krvz,,626n317m1w4j7lo,2026-08-14 13:34:32.905Z,216bb226ec191993
4i4zi9hkr8dbni6,proposal_view,2026-08-14 13:34:36.680Z,,2026-08-14 13:34:37.550Z,3o2fj1znev0krvz,,2w5teh1hty0mznr,2026-08-14 13:34:36.680Z,216bb226ec191993
i906mu76dlsbn22,proposal_view,2026-08-14 13:34:44.115Z,,2026-08-14 13:34:44.981Z,3o2fj1znev0krvz,,n8luy5w1pc5olz4,2026-08-14 13:34:44.115Z,216bb226ec191993
2ucuhhk32h6xolh,proposal_view,2026-08-14 13:34:48.142Z,,2026-08-14 13:34:49.004Z,3o2fj1znev0krvz,,rgjhcdyr8kdvxyz,2026-08-14 13:34:48.142Z,216bb226ec191993
ikcvfaeqb62a69c,proposal_view,2026-08-14 13:34:51.107Z,,2026-08-14 13:34:51.979Z,3o2fj1znev0krvz,,px3acjduduouqz6,2026-08-14 13:34:51.107Z,216bb226ec191993
a6g8pscooakq52k,tab_switch,2026-08-14 13:34:51.806Z,"{""state"": ""visible""}",2026-08-14 13:34:51.645Z,,,,2026-08-14 13:34:51.806Z,b5234477b29af758
44icx15sopwcsda,proposal_view,2026-08-14 13:34:52.007Z,,2026-08-14 13:34:52.879Z,3o2fj1znev0krvz,,eesc7p17sxod25m,2026-08-14 13:34:52.007Z,216bb226ec191993
z7m37ksr8jt6huk,proposal_view,2026-08-14 13:34:55.750Z,,2026-08-14 13:34:56.618Z,3o2fj1znev0krvz,,px3acjduduouqz6,2026-08-14 13:34:55.750Z,216bb226ec191993
aljwv1ae22sirfg,proposal_view,2026-08-14 13:35:00.068Z,,2026-08-14 13:35:00.935Z,3o2fj1znev0krvz,,eesc7p17sxod25m,2026-08-14 13:35:00.068Z,216bb226ec191993
whca5cwvyr2chi1,proposal_view,2026-08-14 13:35:01.819Z,,2026-08-14 13:35:02.688Z,3o2fj1znev0krvz,,px3acjduduouqz6,2026-08-14 13:35:01.819Z,216bb226ec191993
ugher7m2axdccp4,proposal_view,2026-08-14 13:35:02.621Z,,2026-08-14 13:35:03.488Z,3o2fj1znev0krvz,,rgjhcdyr8kdvxyz,2026-08-14 13:35:02.621Z,216bb226ec191993
6l7w3b952p1pq61,page_view,2026-08-14 13:35:03.868Z,"{""from"": ""/de/questions/3o2fj1znev0krvz/proposals/ideas"", ""to"": ""/de/questions/3o2fj1znev0krvz/proposals/ideas""}",2026-08-14 13:35:04.722Z,3o2fj1znev0krvz,,,2026-08-14 13:35:03.868Z,216bb226ec191993
ea1cij4rmofps8d,proposal_view,2026-08-14 13:35:06.158Z,,2026-08-14 13:35:07.023Z,3o2fj1znev0krvz,,n8luy5w1pc5olz4,2026-08-14 13:35:06.158Z,216bb226ec191993
lpzyla8sa6utx30,proposal_view,2026-08-14 13:35:12.240Z,,2026-08-14 13:35:13.098Z,3o2fj1znev0krvz,,m5vq0q540kenhen,2026-08-14 13:35:12.240Z,216bb226ec191993
req68wko9exd5pw,proposal_view,2026-08-14 13:35:24.219Z,,2026-08-14 13:35:25.082Z,3o2fj1znev0krvz,,n8luy5w1pc5olz4,2026-08-14 13:35:24.219Z,216bb226ec191993
c86xr6kj1kohct4,proposal_view,2026-08-14 13:35:38.093Z,,2026-08-14 13:35:38.955Z,3o2fj1znev0krvz,,m5vq0q540kenhen,2026-08-14 13:35:38.093Z,216bb226ec191993
ju1ycfsr6rnpt4b,notification_panel_open,2026-08-14 13:35:46.381Z,"{""unread_count"": 2}",2026-08-14 13:35:47.247Z,,,,2026-08-14 13:35:46.381Z,216bb226ec191993
honb0y4nwt9sbj6,notification_panel_open,2026-08-14 13:35:49.306Z,"{""unread_count"": 1}",2026-08-14 13:35:50.177Z,,,,2026-08-14 13:35:49.306Z,216bb226ec191993
vtuc1bivg6ud2ui,notification_panel_click,2026-08-14 13:35:49.317Z,"{""event_type"": ""proposal_remixed"", ""title"": ""Deine Idee wurde geremixt \ud83d\udca1"", ""url"": ""/questions/3o2fj1znev0krvz/proposals/usjpvaq5nnvjl9w""}",2026-08-14 13:35:49.315Z,,,vgen8dbiehuprt7,2026-08-14 13:35:49.317Z,216bb226ec191993
vzhddzn0uombjrq,proposal_view,2026-08-14 13:35:49.455Z,,2026-08-14 13:35:50.322Z,3o2fj1znev0krvz,,usjpvaq5nnvjl9w,2026-08-14 13:35:49.455Z,216bb226ec191993
lghldg3g9dmczcu,proposal_view,2026-08-14 13:35:49.467Z,,2026-08-14 13:35:50.329Z,3o2fj1znev0krvz,,usjpvaq5nnvjl9w,2026-08-14 13:35:49.467Z,216bb226ec191993
raqfri0c6mfp73w,page_view,2026-08-14 13:35:49.477Z,"{""from"": ""/de/questions/3o2fj1znev0krvz/proposals/ideas"", ""to"": ""/de/questions/3o2fj1znev0krvz/proposals/usjpvaq5nnvjl9w""}",2026-08-14 13:35:50.344Z,3o2fj1znev0krvz,,,2026-08-14 13:35:49.477Z,216bb226ec191993
qcvg64pocuvjl30,proposal_view,2026-08-14 13:35:54.188Z,,2026-08-14 13:35:55.059Z,3o2fj1znev0krvz,,m0zn817n9g4w07p,2026-08-14 13:35:54.188Z,216bb226ec191993
lv1cox222nvdqq7,notification_panel_open,2026-08-14 13:36:03.717Z,"{""unread_count"": 3}",2026-08-14 13:36:04.581Z,,,,2026-08-14 13:36:03.717Z,216bb226ec191993
4tvfp35b07wb51a,notification_panel_open,2026-08-14 13:36:05.477Z,"{""unread_count"": 2}",2026-08-14 13:36:06.346Z,,,,2026-08-14 13:36:05.477Z,216bb226ec191993
8x2z5gbj4qargzt,notification_panel_click,2026-08-14 13:36:05.487Z,"{""event_type"": ""proposal_remixed"", ""title"": ""Deine Idee wurde geremixt \ud83d\udca1"", ""url"": ""/questions/76q0g006tjtp7gp/proposals/jm45hx8bajf99lv""}",2026-08-14 13:36:05.485Z,,,p74f81mquytk6qu,2026-08-14 13:36:05.487Z,216bb226ec191993
j6m4m7fx3wxyloa,proposal_view,2026-08-14 13:36:05.628Z,,2026-08-14 13:36:06.500Z,76q0g006tjtp7gp,,jm45hx8bajf99lv,2026-08-14 13:36:05.628Z,216bb226ec191993
2aw85bzi1sxx0ru,proposal_view,2026-08-14 13:36:05.646Z,,2026-08-14 13:36:06.509Z,76q0g006tjtp7gp,,jm45hx8bajf99lv,2026-08-14 13:36:05.646Z,216bb226ec191993
my1ay1b8b0s4oo3,page_view,2026-08-14 13:36:05.651Z,"{""from"": ""/de/questions/3o2fj1znev0krvz/proposals/usjpvaq5nnvjl9w"", ""to"": ""/de/questions/76q0g006tjtp7gp/proposals/jm45hx8bajf99lv""}",2026-08-14 13:36:06.525Z,76q0g006tjtp7gp,,,2026-08-14 13:36:05.651Z,216bb226ec191993
uvl8p455oq8drts,proposal_view,2026-08-14 13:36:11.189Z,,2026-08-14 13:36:12.055Z,76q0g006tjtp7gp,,8mnhz0jpnllu7jd,2026-08-14 13:36:11.189Z,216bb226ec191993
3iiftg7u41mbpu1,proposal_view,2026-08-14 13:36:15.471Z,,2026-08-14 13:36:16.332Z,76q0g006tjtp7gp,,jm45hx8bajf99lv,2026-08-14 13:36:15.471Z,216bb226ec191993
iwpc3k4xbn5pqgn,notification_panel_open,2026-08-14 13:36:17.530Z,"{""unread_count"": 2}",2026-08-14 13:36:18.398Z,,,,2026-08-14 13:36:17.530Z,216bb226ec191993
hv9c7bivwqb7bkl,notification_panel_open,2026-08-14 13:36:18.395Z,"{""unread_count"": 1}",2026-08-14 13:36:19.264Z,,,,2026-08-14 13:36:18.395Z,216bb226ec191993
fvkuye37849nvpk,notification_panel_click,2026-08-14 13:36:18.419Z,"{""event_type"": ""proposal_remixed"", ""title"": ""Deine Idee wurde geremixt \ud83d\udca1"", ""url"": ""/questions/3o2fj1znev0krvz/proposals/m5vq0q540kenhen""}",2026-08-14 13:36:18.413Z,,,bztv25bj4a55qvh,2026-08-14 13:36:18.419Z,216bb226ec191993
1bklmhtaftpthic,proposal_view,2026-08-14 13:36:18.574Z,,2026-08-14 13:36:19.444Z,3o2fj1znev0krvz,,m5vq0q540kenhen,2026-08-14 13:36:18.574Z,216bb226ec191993
x0u8qj8lkgg0rt6,proposal_view,2026-08-14 13:36:18.579Z,,2026-08-14 13:36:19.450Z,3o2fj1znev0krvz,,m5vq0q540kenhen,2026-08-14 13:36:18.579Z,216bb226ec191993
evkcc9d1wda3b7v,page_view,2026-08-14 13:36:18.598Z,"{""from"": ""/de/questions/76q0g006tjtp7gp/proposals/jm45hx8bajf99lv"", ""to"": ""/de/questions/3o2fj1znev0krvz/proposals/m5vq0q540kenhen""}",2026-08-14 13:36:19.471Z,3o2fj1znev0krvz,,,2026-08-14 13:36:18.598Z,216bb226ec191993
a1xc15dcdzmfty2,notification_panel_open,2026-08-14 13:36:20.708Z,"{""unread_count"": 1}",2026-08-14 13:36:21.578Z,,,,2026-08-14 13:36:20.708Z,216bb226ec191993
ppcqmqj37my1ocf,notification_panel_click,2026-08-14 13:36:21.765Z,"{""event_type"": ""proposal_remixed"", ""title"": ""Deine Idee wurde geremixt \ud83d\udca1"", ""url"": ""/questions/3o2fj1znev0krvz/proposals/px3acjduduouqz6""}",2026-08-14 13:36:21.763Z,,,vx3dcsq3yhklenf,2026-08-14 13:36:21.765Z,216bb226ec191993
v1ccx9xb3ea1pk9,notification_panel_open,2026-08-14 13:36:21.770Z,"{""unread_count"": 0}",2026-08-14 13:36:22.640Z,,,,2026-08-14 13:36:21.770Z,216bb226ec191993
b59qduwux8u8h4i,proposal_view,2026-08-14 13:36:21.906Z,,2026-08-14 13:36:22.779Z,3o2fj1znev0krvz,,px3acjduduouqz6,2026-08-14 13:36:21.906Z,216bb226ec191993
1a32o0g0b2ugq8g,proposal_view,2026-08-14 13:36:21.925Z,,2026-08-14 13:36:22.793Z,3o2fj1znev0krvz,,px3acjduduouqz6,2026-08-14 13:36:21.925Z,216bb226ec191993
8hzzdeorv34n67y,page_view,2026-08-14 13:36:21.930Z,"{""from"": ""/de/questions/3o2fj1znev0krvz/proposals/m5vq0q540kenhen"", ""to"": ""/de/questions/3o2fj1znev0krvz/proposals/px3acjduduouqz6""}",2026-08-14 13:36:22.804Z,3o2fj1znev0krvz,,,2026-08-14 13:36:21.930Z,216bb226ec191993
d5tcmxc8wxxls0s,proposal_view,2026-08-14 13:36:28.549Z,,2026-08-14 13:36:29.415Z,3o2fj1znev0krvz,,eesc7p17sxod25m,2026-08-14 13:36:28.549Z,216bb226ec191993
9bm36u1bev4oyf9,proposal_view,2026-08-14 13:36:30.217Z,,2026-08-14 13:36:31.084Z,3o2fj1znev0krvz,,px3acjduduouqz6,2026-08-14 13:36:30.217Z,216bb226ec191993
wj43hy3pb2x8d99,compare_remove,2026-08-14 13:36:39.267Z,"{""pool_size"": 1}",2026-08-14 13:36:40.114Z,,,m5vq0q540kenhen,2026-08-14 13:36:39.267Z,216bb226ec191993
52esolyyhh5d9vv,compare_remove,2026-08-14 13:36:39.650Z,"{""pool_size"": 0}",2026-08-14 13:36:40.520Z,,,eesc7p17sxod25m,2026-08-14 13:36:39.650Z,216bb226ec191993
a6so85g5x83dbrd,tab_switch,2026-08-14 13:36:48.968Z,"{""state"": ""visible""}",2026-08-14 13:36:49.408Z,,,,2026-08-14 13:36:48.968Z,216bb226ec191993
m0t45j0cby93lf0,tab_switch,2026-08-14 13:38:26.724Z,"{""state"": ""visible""}",2026-08-14 13:38:26.511Z,,,,2026-08-14 13:38:26.724Z,b5234477b29af758
xzswfo2fzmdw4ks,proposal_view,2026-08-14 13:39:32.671Z,,2026-08-14 13:39:32.487Z,3o2fj1znev0krvz,,626n317m1w4j7lo,2026-08-14 13:39:32.671Z,b5234477b29af758
tn87236uyrw5i2t,proposal_view,2026-08-14 13:41:01.195Z,,2026-08-14 13:41:00.994Z,3o2fj1znev0krvz,,n8luy5w1pc5olz4,2026-08-14 13:41:01.195Z,b5234477b29af758
nx2rfo1gs0p28c9,proposal_view,2026-08-14 13:41:06.838Z,,2026-08-14 13:41:06.665Z,3o2fj1znev0krvz,,m5vq0q540kenhen,2026-08-14 13:41:06.838Z,b5234477b29af758
ubue14efvaru414,proposal_view,2026-08-14 13:41:09.651Z,,2026-08-14 13:41:09.475Z,3o2fj1znev0krvz,,n8luy5w1pc5olz4,2026-08-14 13:41:09.651Z,b5234477b29af758
ohp9vta3bn2jzys,proposal_view,2026-08-14 13:41:11.071Z,,2026-08-14 13:41:10.831Z,3o2fj1znev0krvz,,m5vq0q540kenhen,2026-08-14 13:41:11.071Z,b5234477b29af758
tgd33pvl37becc7,tab_switch,2026-08-14 13:46:22.570Z,"{""state"": ""visible""}",2026-08-14 13:46:22.215Z,,,,2026-08-14 13:46:22.570Z,b5234477b29af758
ucz0czpvw4r8kgw,proposal_view,2026-08-14 13:46:25.723Z,,2026-08-14 13:46:25.593Z,3o2fj1znev0krvz,,626n317m1w4j7lo,2026-08-14 13:46:25.723Z,b5234477b29af758
p7zx30qiq6l6ybw,proposal_view,2026-08-14 13:46:34.943Z,,2026-08-14 13:46:34.766Z,3o2fj1znev0krvz,,ehi9fzgit9bcjwx,2026-08-14 13:46:34.943Z,b5234477b29af758
apgtht7h773fl4m,proposal_view,2026-08-14 13:46:37.676Z,,2026-08-14 13:46:37.504Z,3o2fj1znev0krvz,,626n317m1w4j7lo,2026-08-14 13:46:37.676Z,b5234477b29af758
wa5gcizsbaisoho,proposal_view,2026-08-14 13:46:40.151Z,,2026-08-14 13:46:39.989Z,3o2fj1znev0krvz,,ehi9fzgit9bcjwx,2026-08-14 13:46:40.151Z,b5234477b29af758
de2b2lwn4sph0h6,proposal_view,2026-08-14 13:46:50.247Z,,2026-08-14 13:46:50.057Z,3o2fj1znev0krvz,,m5vq0q540kenhen,2026-08-14 13:46:50.247Z,b5234477b29af758
2vddn7wppm5aey1,proposal_view,2026-08-14 13:46:54.518Z,,2026-08-14 13:46:54.309Z,3o2fj1znev0krvz,,n8luy5w1pc5olz4,2026-08-14 13:46:54.518Z,b5234477b29af758
l2neu2birhnndwp,proposal_view,2026-08-14 13:46:55.673Z,,2026-08-14 13:46:55.433Z,3o2fj1znev0krvz,,626n317m1w4j7lo,2026-08-14 13:46:55.673Z,b5234477b29af758
x8518lrj81tcijb,proposal_view,2026-08-14 13:46:57.249Z,,2026-08-14 13:46:57.044Z,3o2fj1znev0krvz,,m5vq0q540kenhen,2026-08-14 13:46:57.249Z,b5234477b29af758
jktcfnhun212537,proposal_view,2026-08-14 13:47:05.052Z,,2026-08-14 13:47:04.841Z,3o2fj1znev0krvz,,n8luy5w1pc5olz4,2026-08-14 13:47:05.052Z,b5234477b29af758
yapklst5ecbqmxp,proposal_view,2026-08-14 13:47:39.973Z,,2026-08-14 13:47:39.766Z,3o2fj1znev0krvz,,m5vq0q540kenhen,2026-08-14 13:47:39.973Z,b5234477b29af758
an310ypypkqbwwx,tab_switch,2026-08-14 13:56:00.221Z,"{""state"": ""visible""}",2026-08-14 13:56:00.538Z,,,,2026-08-14 13:56:00.221Z,216bb226ec191993
c5zyf7ou3skpkrh,proposal_view,2026-08-14 13:56:06.060Z,,2026-08-14 13:56:06.925Z,3o2fj1znev0krvz,,eesc7p17sxod25m,2026-08-14 13:56:06.060Z,216bb226ec191993
1tkqn2sziwm5dyc,proposal_view,2026-08-14 13:56:08.016Z,,2026-08-14 13:56:08.887Z,3o2fj1znev0krvz,,px3acjduduouqz6,2026-08-14 13:56:08.016Z,216bb226ec191993
6in1swwmre1dsyl,page_view,2026-08-14 13:56:10.086Z,"{""from"": ""/de/questions/3o2fj1znev0krvz/proposals/px3acjduduouqz6"", ""to"": ""/de/discourse""}",2026-08-14 13:56:10.959Z,3o2fj1znev0krvz,,,2026-08-14 13:56:10.086Z,216bb226ec191993
hcqs7p3aflj1rn5,page_view,2026-08-14 13:56:14.500Z,"{""from"": ""/de/discourse"", ""to"": ""/de/questions/3o2fj1znev0krvz/proposals/question""}",2026-08-14 13:56:15.373Z,3o2fj1znev0krvz,,,2026-08-14 13:56:14.500Z,216bb226ec191993
bd7jv5ssbhpaoi5,page_view,2026-08-14 13:56:16.320Z,"{""from"": ""/de/questions/3o2fj1znev0krvz/proposals/question"", ""to"": ""/de/questions/3o2fj1znev0krvz/proposals/ideas""}",2026-08-14 13:56:17.191Z,3o2fj1znev0krvz,,,2026-08-14 13:56:16.320Z,216bb226ec191993
sxb1lmf9km2z7bm,page_view,2026-08-14 13:56:17.888Z,"{""from"": ""/de/questions/3o2fj1znev0krvz/proposals/ideas"", ""to"": ""/de/questions/3o2fj1znev0krvz/proposals/question""}",2026-08-14 13:56:18.744Z,3o2fj1znev0krvz,,,2026-08-14 13:56:17.888Z,216bb226ec191993
5474hjlxks2vz7s,page_view,2026-08-14 13:56:54.150Z,"{""from"": ""/de/questions/3o2fj1znev0krvz/proposals/question"", ""to"": ""/de/questions/3o2fj1znev0krvz/proposals/ideas""}",2026-08-14 13:56:55.021Z,3o2fj1znev0krvz,,,2026-08-14 13:56:54.150Z,216bb226ec191993
rqydd2l371974ia,proposal_view,2026-08-14 13:57:05.793Z,,2026-08-14 13:57:06.665Z,3o2fj1znev0krvz,,2w5teh1hty0mznr,2026-08-14 13:57:05.793Z,216bb226ec191993
gwuhkn6zu7u6oyg,unsubscribe,2026-08-14 13:57:31.045Z,,2026-08-14 13:57:31.044Z,3o2fj1znev0krvz,,d8last7n0bdbqme,2026-08-14 13:57:31.045Z,216bb226ec191993
o3v5m2njdydyy1z,unsubscribe,2026-08-14 13:57:37.113Z,,2026-08-14 13:57:37.112Z,3o2fj1znev0krvz,,i7chbqu0hf4kc4s,2026-08-14 13:57:37.113Z,216bb226ec191993
n028zc80fgle1q9,subscribe,2026-08-14 13:57:43.245Z,,2026-08-14 13:57:43.244Z,3o2fj1znev0krvz,,2w5teh1hty0mznr,2026-08-14 13:57:43.245Z,216bb226ec191993
s9mxcq0znp194nw,page_view,2026-08-14 13:57:54.764Z,"{""from"": ""/de/questions/3o2fj1znev0krvz/proposals/ideas"", ""to"": ""/de/questions/3o2fj1znev0krvz/proposals/question""}",2026-08-14 13:57:55.627Z,3o2fj1znev0krvz,,,2026-08-14 13:57:54.764Z,216bb226ec191993
dckldnow2wwzips,tab_switch,2026-08-14 14:02:28.925Z,"{""state"": ""visible""}",2026-08-14 14:02:28.669Z,,,,2026-08-14 14:02:28.925Z,b5234477b29af758
9wt476z0pzbe4yf,proposal_view,2026-08-14 14:05:50.508Z,,2026-08-14 14:05:50.371Z,3o2fj1znev0krvz,,626n317m1w4j7lo,2026-08-14 14:05:50.508Z,b5234477b29af758
fwjmvscxlud1e02,proposal_view,2026-08-14 14:06:12.934Z,,2026-08-14 14:06:12.719Z,3o2fj1znev0krvz,,ehi9fzgit9bcjwx,2026-08-14 14:06:12.934Z,b5234477b29af758
bzf3b1j5ywltfxz,proposal_view,2026-08-14 14:06:16.083Z,,2026-08-14 14:06:15.857Z,3o2fj1znev0krvz,,eesc7p17sxod25m,2026-08-14 14:06:16.083Z,b5234477b29af758
2345f4vctu5kozl,proposal_view,2026-08-14 14:08:05.206Z,,2026-08-14 14:08:04.960Z,3o2fj1znev0krvz,,rgjhcdyr8kdvxyz,2026-08-14 14:08:05.206Z,b5234477b29af758
n79uduea8vqgbim,proposal_view,2026-08-14 14:08:30.613Z,,2026-08-14 14:08:30.365Z,3o2fj1znev0krvz,,px3acjduduouqz6,2026-08-14 14:08:30.613Z,b5234477b29af758
2yjucqkw3wm98lg,proposal_view,2026-08-14 14:08:40.488Z,,2026-08-14 14:08:40.235Z,3o2fj1znev0krvz,,rgjhcdyr8kdvxyz,2026-08-14 14:08:40.488Z,b5234477b29af758
5tutfdvyo1o5pf2,proposal_view,2026-08-14 14:08:49.084Z,,2026-08-14 14:08:48.811Z,3o2fj1znev0krvz,,eesc7p17sxod25m,2026-08-14 14:08:49.084Z,b5234477b29af758
i33xz91da3smrdv,page_view,2026-08-14 14:09:03.169Z,"{""from"": ""/de/questions/3o2fj1znev0krvz/proposals/ideas"", ""to"": ""/de/discourse""}",2026-08-14 14:09:02.966Z,3o2fj1znev0krvz,,,2026-08-14 14:09:03.169Z,b5234477b29af758
darbvrp11c6ingh,page_view,2026-08-14 14:09:05.002Z,"{""from"": ""/de/discourse"", ""to"": ""/de/questions/3o2fj1znev0krvz/proposals/question""}",2026-08-14 14:09:04.799Z,3o2fj1znev0krvz,,,2026-08-14 14:09:05.002Z,b5234477b29af758
whhsbrjg888q6a3,page_view,2026-08-14 14:11:19.681Z,"{""from"": ""/de/questions/3o2fj1znev0krvz/proposals/question"", ""to"": ""/de/questions/3o2fj1znev0krvz/proposals/ideas""}",2026-08-14 14:11:19.467Z,3o2fj1znev0krvz,,,2026-08-14 14:11:19.681Z,b5234477b29af758
fxjs3fiwtvb4tf1,proposal_view,2026-08-14 14:11:33.719Z,,2026-08-14 14:11:33.472Z,3o2fj1znev0krvz,,creod2dm6xewo2s,2026-08-14 14:11:33.719Z,b5234477b29af758
ncdc52u5zfrk7wl,tab_switch,2026-08-14 14:12:29.335Z,"{""state"": ""visible""}",2026-08-14 14:12:29.214Z,,,,2026-08-14 14:12:29.335Z,b5234477b29af758
tg39h1ihck6gjuq,tab_switch,2026-08-14 14:21:15.838Z,"{""state"": ""visible""}",2026-08-14 14:21:15.708Z,,,,2026-08-14 14:21:15.838Z,b5234477b29af758
62k4ve070cxpzzx,proposal_view,2026-08-14 14:26:05.163Z,,2026-08-14 14:26:05.014Z,3o2fj1znev0krvz,,usjpvaq5nnvjl9w,2026-08-14 14:26:05.163Z,b5234477b29af758
x5020fgplr1ho4x,proposal_view,2026-08-14 14:26:19.370Z,,2026-08-14 14:26:19.119Z,3o2fj1znev0krvz,,vee7zdpty5ijljm,2026-08-14 14:26:19.370Z,b5234477b29af758
znjfifyydd5lkcl,proposal_view,2026-08-14 14:26:30.198Z,,2026-08-14 14:26:29.946Z,3o2fj1znev0krvz,,d8last7n0bdbqme,2026-08-14 14:26:30.198Z,b5234477b29af758
n8k32k169w23wih,proposal_view,2026-08-14 14:27:09.495Z,,2026-08-14 14:27:09.281Z,3o2fj1znev0krvz,,usjpvaq5nnvjl9w,2026-08-14 14:27:09.495Z,b5234477b29af758
rp7w3e7zyixtqiy,proposal_view,2026-08-14 14:27:38.599Z,,2026-08-14 14:27:38.348Z,3o2fj1znev0krvz,,m0zn817n9g4w07p,2026-08-14 14:27:38.599Z,b5234477b29af758
yopk0n4zq2hw735,proposal_view,2026-08-14 14:27:43.478Z,,2026-08-14 14:27:43.269Z,3o2fj1znev0krvz,,gjnpljxyyh1y1fv,2026-08-14 14:27:43.478Z,b5234477b29af758
p9wcpns3n3l6sq4,proposal_view,2026-08-14 14:27:51.745Z,,2026-08-14 14:27:51.518Z,3o2fj1znev0krvz,,m0zn817n9g4w07p,2026-08-14 14:27:51.745Z,b5234477b29af758
21uueoo3wbctz8m,proposal_view,2026-08-14 14:27:53.499Z,,2026-08-14 14:27:53.253Z,3o2fj1znev0krvz,,usjpvaq5nnvjl9w,2026-08-14 14:27:53.499Z,b5234477b29af758
w5q2q1tfiz0a7ie,proposal_view,2026-08-14 14:27:55.007Z,,2026-08-14 14:27:54.689Z,3o2fj1znev0krvz,,m0zn817n9g4w07p,2026-08-14 14:27:55.007Z,b5234477b29af758
t8vd4jjpyvxvrhq,proposal_view,2026-08-14 14:27:56.160Z,,2026-08-14 14:27:55.877Z,3o2fj1znev0krvz,,creod2dm6xewo2s,2026-08-14 14:27:56.160Z,b5234477b29af758
b6i3g1evjbcgney,proposal_view,2026-08-14 14:28:05.639Z,,2026-08-14 14:28:05.333Z,3o2fj1znev0krvz,,wyx4lc9o5ebp473,2026-08-14 14:28:05.639Z,b5234477b29af758
ilj6hvgwvzzboz0,proposal_view,2026-08-14 15:45:01.304Z,,2026-08-14 15:45:01.336Z,76q0g006tjtp7gp,,jm45hx8bajf99lv,2026-08-14 15:45:01.304Z,de13859e1d6aea12
u3le9egw02p2grm,proposal_view,2026-08-14 15:45:01.336Z,,2026-08-14 15:45:01.353Z,76q0g006tjtp7gp,,jm45hx8bajf99lv,2026-08-14 15:45:01.336Z,de13859e1d6aea12
63gbxmazw8vi0mz,page_view,2026-08-14 15:45:01.756Z,"{""from"": ""/de/questions/76q0g006tjtp7gp/proposals/jm45hx8bajf99lv"", ""to"": ""/de/questions/76q0g006tjtp7gp/proposals/compare""}",2026-08-14 15:45:01.790Z,76q0g006tjtp7gp,,,2026-08-14 15:45:01.756Z,de13859e1d6aea12
ml47rn8fcj7q7wx,page_view,2026-08-14 15:45:13.079Z,"{""from"": ""/de/questions/76q0g006tjtp7gp/proposals/compare"", ""to"": ""/de/discourse""}",2026-08-14 15:45:13.101Z,76q0g006tjtp7gp,,,2026-08-14 15:45:13.079Z,de13859e1d6aea12
mpk6l9vn3ee73fr,page_view,2026-08-14 15:45:46.457Z,"{""from"": ""/de/discourse"", ""to"": ""/de/questions/3o2fj1znev0krvz/proposals/question""}",2026-08-14 15:45:46.483Z,3o2fj1znev0krvz,,,2026-08-14 15:45:46.457Z,de13859e1d6aea12
7qbi90ahneuqpii,page_view,2026-08-14 15:45:50.024Z,"{""from"": ""/de/questions/3o2fj1znev0krvz/proposals/question"", ""to"": ""/de/questions/3o2fj1znev0krvz/proposals/ideas""}",2026-08-14 15:45:50.017Z,3o2fj1znev0krvz,,,2026-08-14 15:45:50.024Z,de13859e1d6aea12
sclkkvz9xlm59l2,page_view,2026-08-14 15:46:42.994Z,"{""from"": ""/de/discourse"", ""to"": ""/de/questions/3o2fj1znev0krvz/proposals/question""}",2026-08-14 15:46:43.017Z,3o2fj1znev0krvz,,,2026-08-14 15:46:42.994Z,de13859e1d6aea12
vopzcq0wwgdtnp5,page_view,2026-08-14 15:46:45.034Z,"{""from"": ""/de/questions/3o2fj1znev0krvz/proposals/question"", ""to"": ""/de/groups/m5obm8bp0rbq043""}",2026-08-14 15:46:45.055Z,3o2fj1znev0krvz,,,2026-08-14 15:46:45.034Z,de13859e1d6aea12
832n0gs859d9vmw,page_view,2026-08-14 15:46:55.977Z,"{""from"": ""/de/groups/m5obm8bp0rbq043"", ""to"": ""/de/questions/3o2fj1znev0krvz""}",2026-08-14 15:46:55.998Z,3o2fj1znev0krvz,,,2026-08-14 15:46:55.977Z,de13859e1d6aea12
fau28wk6s3kts6u,page_view,2026-08-14 15:46:58.900Z,"{""from"": ""/de/questions/3o2fj1znev0krvz"", ""to"": ""/de/questions/3o2fj1znev0krvz/proposals/question""}",2026-08-14 15:46:58.912Z,3o2fj1znev0krvz,,,2026-08-14 15:46:58.900Z,de13859e1d6aea12
baksrciasbp18po,page_view,2026-08-14 15:47:00.873Z,"{""from"": ""/de/questions/3o2fj1znev0krvz/proposals/question"", ""to"": ""/de/questions/3o2fj1znev0krvz/proposals/ideas""}",2026-08-14 15:47:00.895Z,3o2fj1znev0krvz,,,2026-08-14 15:47:00.873Z,de13859e1d6aea12
wjhxraist2t3y46,page_view,2026-08-14 15:47:09.208Z,"{""from"": ""/de/questions/3o2fj1znev0krvz/proposals/subscriptions"", ""to"": ""/de/questions/3o2fj1znev0krvz/proposals/ideas""}",2026-08-14 15:47:09.218Z,3o2fj1znev0krvz,,,2026-08-14 15:47:09.208Z,de13859e1d6aea12
r1ipqo639h9uu53,proposal_view,2026-08-14 15:47:50.387Z,,2026-08-14 15:47:50.393Z,76q0g006tjtp7gp,,jm45hx8bajf99lv,2026-08-14 15:47:50.387Z,407be8b01d4ce342
659ofqb5ho975hf,proposal_view,2026-08-14 15:47:50.418Z,,2026-08-14 15:47:50.403Z,76q0g006tjtp7gp,,jm45hx8bajf99lv,2026-08-14 15:47:50.418Z,407be8b01d4ce342
dp8lauwbfrwwbod,page_view,2026-08-14 15:47:50.877Z,"{""from"": ""/de/questions/76q0g006tjtp7gp/proposals/jm45hx8bajf99lv"", ""to"": ""/de/questions/76q0g006tjtp7gp/proposals/compare""}",2026-08-14 15:47:50.870Z,76q0g006tjtp7gp,,,2026-08-14 15:47:50.877Z,407be8b01d4ce342
38lwuz1wdbz9eob,proposal_view,2026-08-14 15:48:42.040Z,,2026-08-14 15:48:42.043Z,3o2fj1znev0krvz,,usjpvaq5nnvjl9w,2026-08-14 15:48:42.040Z,407be8b01d4ce342
slgz2aujylarqed,proposal_view,2026-08-14 15:48:42.051Z,,2026-08-14 15:48:42.053Z,3o2fj1znev0krvz,,usjpvaq5nnvjl9w,2026-08-14 15:48:42.051Z,407be8b01d4ce342
t8alcc68oros04y,page_view,2026-08-14 15:48:42.292Z,"{""from"": ""/de/questions/3o2fj1znev0krvz/proposals/usjpvaq5nnvjl9w"", ""to"": ""/de/questions/3o2fj1znev0krvz/proposals/compare""}",2026-08-14 15:48:42.295Z,3o2fj1znev0krvz,,,2026-08-14 15:48:42.292Z,407be8b01d4ce342
x9w6cx8kkyu400q,subscribe,2026-08-14 15:49:15.327Z,,2026-08-14 15:49:15.326Z,3o2fj1znev0krvz,,usjpvaq5nnvjl9w,2026-08-14 15:49:15.327Z,407be8b01d4ce342
chxqpaobmfzj9d2,proposal_view,2026-08-14 15:49:30.550Z,,2026-08-14 15:49:30.472Z,3o2fj1znev0krvz,,px3acjduduouqz6,2026-08-14 15:49:30.550Z,407be8b01d4ce342
g4bgicumlzhei7n,proposal_view,2026-08-14 15:49:30.551Z,,2026-08-14 15:49:30.461Z,3o2fj1znev0krvz,,px3acjduduouqz6,2026-08-14 15:49:30.551Z,407be8b01d4ce342
a1h848teza9oatx,page_view,2026-08-14 15:49:30.622Z,"{""from"": ""/de/questions/3o2fj1znev0krvz/proposals/px3acjduduouqz6"", ""to"": ""/de/questions/3o2fj1znev0krvz/proposals/compare""}",2026-08-14 15:49:30.624Z,3o2fj1znev0krvz,,,2026-08-14 15:49:30.622Z,407be8b01d4ce342
wllu08gytc0ukss,subscribe,2026-08-14 15:49:52.445Z,,2026-08-14 15:49:52.445Z,3o2fj1znev0krvz,,px3acjduduouqz6,2026-08-14 15:49:52.445Z,407be8b01d4ce342
ay4aq9p2z976kwi,unsubscribe,2026-08-14 15:49:54.126Z,,2026-08-14 15:49:54.125Z,3o2fj1znev0krvz,,rgjhcdyr8kdvxyz,2026-08-14 15:49:54.126Z,407be8b01d4ce342
24b0jexcphzautd,proposal_view,2026-08-14 15:49:57.857Z,,2026-08-14 15:49:57.852Z,3o2fj1znev0krvz,,px3acjduduouqz6,2026-08-14 15:49:57.857Z,407be8b01d4ce342
f4d0nd945lbkabz,proposal_view,2026-08-14 15:49:57.866Z,,2026-08-14 15:49:57.861Z,3o2fj1znev0krvz,,px3acjduduouqz6,2026-08-14 15:49:57.866Z,407be8b01d4ce342
4q971fnrdz2ex62,page_view,2026-08-14 15:49:57.867Z,"{""from"": ""/de/questions/3o2fj1znev0krvz/proposals/compare"", ""to"": ""/de/questions/3o2fj1znev0krvz/proposals/px3acjduduouqz6""}",2026-08-14 15:49:57.861Z,3o2fj1znev0krvz,,,2026-08-14 15:49:57.867Z,407be8b01d4ce342
a795blsqzg5roo9,proposal_view,2026-08-14 15:50:11.335Z,,2026-08-14 15:50:11.328Z,3o2fj1znev0krvz,,eesc7p17sxod25m,2026-08-14 15:50:11.335Z,407be8b01d4ce342
wdbcoavdm8a7aj5,page_view,2026-08-14 15:50:16.347Z,"{""from"": ""/de/questions/3o2fj1znev0krvz/proposals/px3acjduduouqz6"", ""to"": ""/de/questions/3o2fj1znev0krvz/proposals/compare""}",2026-08-14 15:50:16.344Z,3o2fj1znev0krvz,,,2026-08-14 15:50:16.347Z,407be8b01d4ce342
n6v0jhkrf2vlft3,subscribe,2026-08-14 15:50:39.803Z,,2026-08-14 15:50:39.803Z,3o2fj1znev0krvz,,eesc7p17sxod25m,2026-08-14 15:50:39.803Z,407be8b01d4ce342
22w9nb8bgepuk3m,unsubscribe,2026-08-14 15:50:41.654Z,,2026-08-14 15:50:41.653Z,3o2fj1znev0krvz,,px3acjduduouqz6,2026-08-14 15:50:41.654Z,407be8b01d4ce342
xdci5s76ekc2hyu,page_view,2026-08-14 15:50:46.132Z,"{""from"": ""/de/questions/3o2fj1znev0krvz/proposals/compare"", ""to"": ""/de/questions/3o2fj1znev0krvz/proposals/eesc7p17sxod25m""}",2026-08-14 15:50:46.009Z,3o2fj1znev0krvz,,,2026-08-14 15:50:46.132Z,407be8b01d4ce342
79tjoj94vmnwjku,proposal_view,2026-08-14 15:50:46.135Z,,2026-08-14 15:50:46.000Z,3o2fj1znev0krvz,,eesc7p17sxod25m,2026-08-14 15:50:46.135Z,407be8b01d4ce342
fk3f0n1ah3enx7q,proposal_view,2026-08-14 15:50:46.136Z,,2026-08-14 15:50:46.009Z,3o2fj1znev0krvz,,eesc7p17sxod25m,2026-08-14 15:50:46.136Z,407be8b01d4ce342
k7sey206yy9kd1l,proposal_view,2026-08-14 15:50:54.321Z,,2026-08-14 15:50:54.311Z,3o2fj1znev0krvz,,ehi9fzgit9bcjwx,2026-08-14 15:50:54.321Z,407be8b01d4ce342
2ye3ibi4t55m9u0,page_view,2026-08-14 15:51:04.661Z,"{""from"": ""/de/questions/3o2fj1znev0krvz/proposals/eesc7p17sxod25m"", ""to"": ""/de/questions/3o2fj1znev0krvz/proposals/compare""}",2026-08-14 15:51:04.654Z,3o2fj1znev0krvz,,,2026-08-14 15:51:04.661Z,407be8b01d4ce342
kn1xz1uya2ecetj,proposal_view,2026-08-14 15:51:11.487Z,,2026-08-14 15:51:11.474Z,3o2fj1znev0krvz,,eesc7p17sxod25m,2026-08-14 15:51:11.487Z,407be8b01d4ce342
f0ergvv8qm80zf4,proposal_view,2026-08-14 15:51:11.492Z,,2026-08-14 15:51:11.481Z,3o2fj1znev0krvz,,ehi9fzgit9bcjwx,2026-08-14 15:51:11.492Z,407be8b01d4ce342
unsie2wvds92mfo,page_view,2026-08-14 15:51:11.496Z,"{""from"": ""/de/questions/3o2fj1znev0krvz/proposals/compare"", ""to"": ""/de/questions/3o2fj1znev0krvz/proposals/eesc7p17sxod25m""}",2026-08-14 15:51:11.487Z,3o2fj1znev0krvz,,,2026-08-14 15:51:11.496Z,407be8b01d4ce342
sx4ek89yz1gyvx7,proposal_view,2026-08-14 15:51:14.224Z,,2026-08-14 15:51:14.213Z,3o2fj1znev0krvz,,eesc7p17sxod25m,2026-08-14 15:51:14.224Z,407be8b01d4ce342
mb1qvwtypvx42id,page_view,2026-08-14 15:51:17.511Z,"{""from"": ""/de/questions/3o2fj1znev0krvz/proposals/eesc7p17sxod25m"", ""to"": ""/de/questions/3o2fj1znev0krvz/proposals/compare""}",2026-08-14 15:51:17.501Z,3o2fj1znev0krvz,,,2026-08-14 15:51:17.511Z,407be8b01d4ce342
p33s1ki2n9afsyb,proposal_view,2026-08-14 15:51:19.960Z,,2026-08-14 15:51:19.948Z,3o2fj1znev0krvz,,px3acjduduouqz6,2026-08-14 15:51:19.960Z,407be8b01d4ce342
02mtvz2xege7rac,proposal_view,2026-08-14 15:51:19.968Z,,2026-08-14 15:51:19.958Z,3o2fj1znev0krvz,,eesc7p17sxod25m,2026-08-14 15:51:19.968Z,407be8b01d4ce342
ddqsbqwjot9iyxp,page_view,2026-08-14 15:51:19.972Z,"{""from"": ""/de/questions/3o2fj1znev0krvz/proposals/compare"", ""to"": ""/de/questions/3o2fj1znev0krvz/proposals/px3acjduduouqz6""}",2026-08-14 15:51:19.963Z,3o2fj1znev0krvz,,,2026-08-14 15:51:19.972Z,407be8b01d4ce342
k4dvdid4w5t8ste,proposal_view,2026-08-14 15:51:21.088Z,,2026-08-14 15:51:21.072Z,3o2fj1znev0krvz,,px3acjduduouqz6,2026-08-14 15:51:21.088Z,407be8b01d4ce342
qr2r5taf1ke87t4,page_view,2026-08-14 15:51:22.361Z,"{""from"": ""/de/questions/3o2fj1znev0krvz/proposals/px3acjduduouqz6"", ""to"": ""/de/questions/3o2fj1znev0krvz/proposals/ideas""}",2026-08-14 15:51:22.348Z,3o2fj1znev0krvz,,,2026-08-14 15:51:22.361Z,407be8b01d4ce342
jgb0s03ojw6sknl,proposal_view,2026-08-14 15:51:30.098Z,,2026-08-14 15:51:30.082Z,3o2fj1znev0krvz,,eesc7p17sxod25m,2026-08-14 15:51:30.098Z,407be8b01d4ce342
67a3812a3obkstu,proposal_view,2026-08-14 15:51:32.590Z,,2026-08-14 15:51:32.579Z,3o2fj1znev0krvz,,626n317m1w4j7lo,2026-08-14 15:51:32.590Z,407be8b01d4ce342
9a52syzwfsy8n5h,proposal_view,2026-08-14 15:51:35.672Z,,2026-08-14 15:51:35.660Z,3o2fj1znev0krvz,,eesc7p17sxod25m,2026-08-14 15:51:35.672Z,407be8b01d4ce342
virpsb2p8ub2ej9,page_view,2026-08-14 15:51:44.372Z,"{""from"": ""/de/questions/3o2fj1znev0krvz/proposals/subscriptions"", ""to"": ""/de/questions/3o2fj1znev0krvz/proposals/subscriptions""}",2026-08-14 15:51:44.322Z,3o2fj1znev0krvz,,,2026-08-14 15:51:44.372Z,407be8b01d4ce342
e0tzfpw8ozz723y,page_view,2026-08-14 15:51:44.818Z,"{""from"": ""/de/questions/3o2fj1znev0krvz/proposals/subscriptions"", ""to"": ""/de/questions/3o2fj1znev0krvz/proposals/ideas""}",2026-08-14 15:51:44.806Z,3o2fj1znev0krvz,,,2026-08-14 15:51:44.818Z,407be8b01d4ce342
z1fptdi08k8npxl,page_view,2026-08-14 15:51:51.340Z,"{""from"": ""/de/questions/3o2fj1znev0krvz/proposals/subscriptions"", ""to"": ""/de/questions/3o2fj1znev0krvz/proposals/question""}",2026-08-14 15:51:51.330Z,3o2fj1znev0krvz,,,2026-08-14 15:51:51.340Z,407be8b01d4ce342
jv8gxqrwfm4hshu,page_view,2026-08-14 18:51:23.586Z,"{""from"": ""/de/discourse"", ""to"": ""/de/questions/76q0g006tjtp7gp/proposals/question""}",2026-08-14 18:51:23.489Z,76q0g006tjtp7gp,,,2026-08-14 18:51:23.586Z,407be8b01d4ce342
nr2p9c9ingp2f23,page_view,2026-08-14 18:51:25.040Z,"{""from"": ""/de/questions/76q0g006tjtp7gp/proposals/question"", ""to"": ""/de/questions/76q0g006tjtp7gp/proposals/ideas""}",2026-08-14 18:51:24.919Z,76q0g006tjtp7gp,,,2026-08-14 18:51:25.040Z,407be8b01d4ce342
2vrhc7hnyethgf5,page_view,2026-08-14 18:51:38.880Z,"{""from"": ""/de/questions/76q0g006tjtp7gp/proposals/ideas"", ""to"": ""/de/discourse""}",2026-08-14 18:51:38.769Z,76q0g006tjtp7gp,,,2026-08-14 18:51:38.880Z,407be8b01d4ce342
om8moccjd0exttf,page_view,2026-08-14 18:51:42.185Z,"{""from"": ""/de/discourse"", ""to"": ""/de/questions/3o2fj1znev0krvz/proposals/question""}",2026-08-14 18:51:42.054Z,3o2fj1znev0krvz,,,2026-08-14 18:51:42.185Z,407be8b01d4ce342
pjv06nji7z2wkxo,page_view,2026-08-14 18:51:43.203Z,"{""from"": ""/de/questions/3o2fj1znev0krvz/proposals/question"", ""to"": ""/de/groups/m5obm8bp0rbq043""}",2026-08-14 18:51:43.108Z,3o2fj1znev0krvz,,,2026-08-14 18:51:43.203Z,407be8b01d4ce342
5ofj4eqr11odwse,page_view,2026-08-15 00:52:48.873Z,"{""from"": ""/de/groups/m5obm8bp0rbq043"", ""to"": ""/de/questions/3o2fj1znev0krvz/proposals/question""}",2026-08-15 00:52:48.848Z,3o2fj1znev0krvz,,,2026-08-15 00:52:48.873Z,407be8b01d4ce342
5as0sdombdnxxk9,page_view,2026-08-15 00:52:54.252Z,"{""from"": ""/de/questions/3o2fj1znev0krvz/proposals/question"", ""to"": ""/de/discourse""}",2026-08-15 00:52:54.228Z,3o2fj1znev0krvz,,,2026-08-15 00:52:54.252Z,407be8b01d4ce342
7exrftk9gqz5u01,tab_switch,2026-08-15 02:35:37.673Z,"{""state"": ""visible""}",2026-08-15 02:35:37.147Z,,,,2026-08-15 02:35:37.673Z,b5234477b29af758
i2cpwrrdth4lej1,page_view,2026-08-15 09:39:16.090Z,"{""from"": ""/de/discourse"", ""to"": ""/de/questions/3o2fj1znev0krvz/proposals/question""}",2026-08-15 09:39:15.974Z,3o2fj1znev0krvz,,,2026-08-15 09:39:16.090Z,407be8b01d4ce342
xrh8m19yh7hdleg,page_view,2026-08-15 09:39:27.251Z,"{""from"": ""/de/questions/3o2fj1znev0krvz/proposals/question"", ""to"": ""/de/questions/3o2fj1znev0krvz/proposals/ideas""}",2026-08-15 09:39:27.177Z,3o2fj1znev0krvz,,,2026-08-15 09:39:27.251Z,407be8b01d4ce342
bl7r03nkxgetq5o,proposal_view,2026-08-15 09:39:35.555Z,,2026-08-15 09:39:35.493Z,3o2fj1znev0krvz,,creod2dm6xewo2s,2026-08-15 09:39:35.555Z,407be8b01d4ce342
tv32fr01sm9q08r,tab_switch,2026-08-15 10:34:16.953Z,"{""state"": ""visible""}",2026-08-15 10:34:17.994Z,,,,2026-08-15 10:34:16.953Z,216bb226ec191993
esuihaafvyek1d2,page_view,2026-08-15 10:34:23.267Z,"{""from"": ""/de/questions/3o2fj1znev0krvz/proposals/question"", ""to"": ""/de/discourse""}",2026-08-15 10:34:24.249Z,3o2fj1znev0krvz,,,2026-08-15 10:34:23.267Z,216bb226ec191993
aec9tw4wqhm2lx4,notification_panel_open,2026-08-15 10:34:24.546Z,"{""unread_count"": 0}",2026-08-15 10:34:25.786Z,,,,2026-08-15 10:34:24.546Z,216bb226ec191993
vfedmvjsljorb95,tab_switch,2026-08-15 15:14:21.905Z,"{""state"": ""visible""}",2026-08-15 15:14:21.582Z,,,,2026-08-15 15:14:21.905Z,b5234477b29af758
7xl8tcav3atrye5,page_view,2026-08-15 18:01:26.535Z,"{""from"": ""/de/discourse"", ""to"": ""/de/questions/76q0g006tjtp7gp/proposals/question""}",2026-08-15 18:01:26.501Z,76q0g006tjtp7gp,,,2026-08-15 18:01:26.535Z,407be8b01d4ce342
vis2qp5ih87jo3t,page_view,2026-08-15 18:01:28.059Z,"{""from"": ""/de/questions/76q0g006tjtp7gp/proposals/question"", ""to"": ""/de/questions/76q0g006tjtp7gp/proposals/ideas""}",2026-08-15 18:01:28.035Z,76q0g006tjtp7gp,,,2026-08-15 18:01:28.059Z,407be8b01d4ce342
bpd3bg4ke711qdu,proposal_view,2026-08-15 18:01:37.896Z,,2026-08-15 18:01:37.864Z,76q0g006tjtp7gp,,8mnhz0jpnllu7jd,2026-08-15 18:01:37.896Z,407be8b01d4ce342
fhif7wurmlaj2dx,page_view,2026-08-15 18:01:48.245Z,"{""from"": ""/de/questions/76q0g006tjtp7gp/proposals/ideas"", ""to"": ""/de/questions/76q0g006tjtp7gp/proposals/compare""}",2026-08-15 18:01:48.218Z,76q0g006tjtp7gp,,,2026-08-15 18:01:48.245Z,407be8b01d4ce342
evr0haokfomtj7s,proposal_view,2026-08-15 18:02:12.642Z,,2026-08-15 18:02:12.605Z,76q0g006tjtp7gp,,8mnhz0jpnllu7jd,2026-08-15 18:02:12.642Z,407be8b01d4ce342
ycffeae0srqzt2w,page_view,2026-08-15 18:02:12.644Z,"{""from"": ""/de/questions/76q0g006tjtp7gp/proposals/compare"", ""to"": ""/de/questions/76q0g006tjtp7gp/proposals/ideas""}",2026-08-15 18:02:12.613Z,76q0g006tjtp7gp,,,2026-08-15 18:02:12.644Z,407be8b01d4ce342
ztg49x5gg9ajotw,proposal_view,2026-08-15 18:02:16.693Z,,2026-08-15 18:02:16.665Z,76q0g006tjtp7gp,,jm45hx8bajf99lv,2026-08-15 18:02:16.693Z,407be8b01d4ce342
wp4hzss29pr0knn,page_view,2026-08-15 18:02:38.006Z,"{""from"": ""/de/questions/76q0g006tjtp7gp/proposals/ideas"", ""to"": ""/de/questions/76q0g006tjtp7gp/proposals/compare""}",2026-08-15 18:02:37.979Z,76q0g006tjtp7gp,,,2026-08-15 18:02:38.006Z,407be8b01d4ce342
qqenbnqv3ns4x4n,proposal_view,2026-08-15 18:03:06.255Z,,2026-08-15 18:03:06.206Z,76q0g006tjtp7gp,,jm45hx8bajf99lv,2026-08-15 18:03:06.255Z,407be8b01d4ce342
bp3kavdqc3dz7zp,page_view,2026-08-15 18:03:06.256Z,"{""from"": ""/de/questions/76q0g006tjtp7gp/proposals/compare"", ""to"": ""/de/questions/76q0g006tjtp7gp/proposals/ideas""}",2026-08-15 18:03:06.214Z,76q0g006tjtp7gp,,,2026-08-15 18:03:06.256Z,407be8b01d4ce342
nnpjdh8y1mkfnnq,page_view,2026-08-15 18:03:09.522Z,"{""from"": ""/de/questions/76q0g006tjtp7gp/proposals/ideas"", ""to"": ""/de/questions/76q0g006tjtp7gp/proposals/ideas""}",2026-08-15 18:03:09.496Z,76q0g006tjtp7gp,,,2026-08-15 18:03:09.522Z,407be8b01d4ce342
uov76j62eq65ynr,proposal_view,2026-08-15 18:03:19.566Z,,2026-08-15 18:03:19.529Z,76q0g006tjtp7gp,,8mnhz0jpnllu7jd,2026-08-15 18:03:19.566Z,407be8b01d4ce342
yfnumvvxdy8jcv3,proposal_view,2026-08-15 18:03:24.526Z,,2026-08-15 18:03:24.495Z,76q0g006tjtp7gp,,jm45hx8bajf99lv,2026-08-15 18:03:24.526Z,407be8b01d4ce342
xu0jgkjaetnque1,proposal_view,2026-08-15 18:03:34.511Z,,2026-08-15 18:03:34.480Z,76q0g006tjtp7gp,,yuk7erdsr4l9gbd,2026-08-15 18:03:34.511Z,407be8b01d4ce342
ha4y7fkqj4qmge3,page_view,2026-08-15 18:03:41.876Z,"{""from"": ""/de/questions/76q0g006tjtp7gp/proposals/subscriptions"", ""to"": ""/de/questions/76q0g006tjtp7gp/proposals/ideas""}",2026-08-15 18:03:41.844Z,76q0g006tjtp7gp,,,2026-08-15 18:03:41.876Z,407be8b01d4ce342
uj1x7y09jm8v54z,page_view,2026-08-15 18:03:42.747Z,"{""from"": ""/de/questions/76q0g006tjtp7gp/proposals/ideas"", ""to"": ""/de/questions/76q0g006tjtp7gp/proposals/question""}",2026-08-15 18:03:42.719Z,76q0g006tjtp7gp,,,2026-08-15 18:03:42.747Z,407be8b01d4ce342
nva5c15sqesy05y,page_view,2026-08-15 18:03:51.025Z,"{""from"": ""/de/questions/76q0g006tjtp7gp/proposals/question"", ""to"": ""/de/questions/76q0g006tjtp7gp/proposals/question""}",2026-08-15 18:03:50.989Z,76q0g006tjtp7gp,,,2026-08-15 18:03:51.025Z,407be8b01d4ce342
62h0pb71i7i1g76,page_view,2026-08-15 18:03:52.564Z,"{""from"": ""/de/questions/76q0g006tjtp7gp/proposals/question"", ""to"": ""/de/discourse""}",2026-08-15 18:03:52.538Z,76q0g006tjtp7gp,,,2026-08-15 18:03:52.564Z,407be8b01d4ce342
fb8o6kp74yoe3df,tab_switch,2026-08-16 03:55:50.863Z,"{""state"": ""visible""}",2026-08-16 03:55:50.559Z,,,,2026-08-16 03:55:50.863Z,b5234477b29af758
wx9yfioj2na4e4a,page_view,2026-08-16 09:05:21.511Z,"{""from"": ""/de/discourse"", ""to"": ""/de/questions/76q0g006tjtp7gp/proposals/question""}",2026-08-16 09:05:21.481Z,76q0g006tjtp7gp,,,2026-08-16 09:05:21.511Z,407be8b01d4ce342
h9388o24276w2d8,page_view,2026-08-16 09:05:22.895Z,"{""from"": ""/de/questions/76q0g006tjtp7gp/proposals/question"", ""to"": ""/de/groups/m5obm8bp0rbq043""}",2026-08-16 09:05:22.859Z,76q0g006tjtp7gp,,,2026-08-16 09:05:22.895Z,407be8b01d4ce342
e3imo0uploxla1z,page_view,2026-08-16 10:08:38.886Z,"{""from"": ""/discourse"", ""to"": ""/questions/76q0g006tjtp7gp/proposals/question""}",2026-08-16 10:08:38.709Z,76q0g006tjtp7gp,,,2026-08-16 10:08:38.886Z,3e36e627a64bac27
ixfwrq2ip2oc9v3,page_view,2026-08-16 10:08:45.261Z,"{""from"": ""/de/groups/m5obm8bp0rbq043"", ""to"": ""/de/discourse""}",2026-08-16 10:08:45.230Z,76q0g006tjtp7gp,,,2026-08-16 10:08:45.261Z,407be8b01d4ce342
g752yyow2y8rodc,page_view,2026-08-16 10:08:48.390Z,"{""from"": ""/de/discourse"", ""to"": ""/de/questions/3o2fj1znev0krvz/proposals/question""}",2026-08-16 10:08:48.349Z,3o2fj1znev0krvz,,,2026-08-16 10:08:48.390Z,407be8b01d4ce342
h1dz3dc5zddx8l3,page_view,2026-08-16 10:08:49.613Z,"{""from"": ""/de/questions/3o2fj1znev0krvz/proposals/question"", ""to"": ""/de/questions/3o2fj1znev0krvz/proposals/ideas""}",2026-08-16 10:08:49.564Z,3o2fj1znev0krvz,,,2026-08-16 10:08:49.613Z,407be8b01d4ce342
gr600rron5o5mpo,page_view,2026-08-16 10:10:12.523Z,"{""from"": ""/questions/76q0g006tjtp7gp/proposals/question"", ""to"": ""/questions/76q0g006tjtp7gp/proposals/question""}",2026-08-16 10:10:12.356Z,76q0g006tjtp7gp,,,2026-08-16 10:10:12.523Z,3e36e627a64bac27
u5laxs6vowyqspn,page_view,2026-08-16 10:10:15.771Z,"{""from"": ""/questions/76q0g006tjtp7gp/proposals/question"", ""to"": ""/questions/76q0g006tjtp7gp/proposals/ideas""}",2026-08-16 10:10:15.618Z,76q0g006tjtp7gp,,,2026-08-16 10:10:15.771Z,3e36e627a64bac27
c0wp8co3gvjii1e,proposal_view,2026-08-16 10:10:27.255Z,,2026-08-16 10:10:27.076Z,76q0g006tjtp7gp,,jm45hx8bajf99lv,2026-08-16 10:10:27.255Z,3e36e627a64bac27
s1dciurlxajx74d,page_view,2026-08-16 11:30:26.684Z,"{""from"": ""/de/register"", ""to"": ""/de/how-it-works""}",2026-08-16 11:30:28.194Z,,,,2026-08-16 11:30:26.684Z,9b6849405eda0dbd
5ioomwojfpmf1t0,page_view,2026-08-16 11:30:48.153Z,"{""from"": ""/de/how-it-works"", ""to"": ""/de/discourse""}",2026-08-16 11:30:49.663Z,,,,2026-08-16 11:30:48.153Z,9b6849405eda0dbd
nrh63nrp3zvtuaa,page_view,2026-08-16 11:30:51.927Z,"{""from"": ""/de/discourse"", ""to"": ""/de/questions/3o2fj1znev0krvz/proposals/question""}",2026-08-16 11:30:53.442Z,3o2fj1znev0krvz,,,2026-08-16 11:30:51.927Z,9b6849405eda0dbd
htaiqlfh5qy0w1k,page_view,2026-08-16 14:26:58.342Z,"{""from"": ""/de/discourse"", ""to"": ""/de/questions/3o2fj1znev0krvz/proposals/question""}",2026-08-16 14:26:58.315Z,3o2fj1znev0krvz,,,2026-08-16 14:26:58.342Z,407be8b01d4ce342
xjoo9y9tnf9qa51,page_view,2026-08-16 14:27:00.033Z,"{""from"": ""/de/questions/3o2fj1znev0krvz/proposals/question"", ""to"": ""/de/groups/m5obm8bp0rbq043""}",2026-08-16 14:27:00.009Z,3o2fj1znev0krvz,,,2026-08-16 14:27:00.033Z,407be8b01d4ce342
69fy4k4de342xvf,page_view,2026-08-16 14:27:06.235Z,"{""from"": ""/de/groups/m5obm8bp0rbq043"", ""to"": ""/de/discourse""}",2026-08-16 14:27:06.196Z,3o2fj1znev0krvz,,,2026-08-16 14:27:06.235Z,407be8b01d4ce342
d9ueycmaj8i17qp,page_view,2026-08-16 14:27:08.650Z,"{""from"": ""/de/discourse"", ""to"": ""/de/questions/76q0g006tjtp7gp/proposals/question""}",2026-08-16 14:27:08.633Z,76q0g006tjtp7gp,,,2026-08-16 14:27:08.650Z,407be8b01d4ce342
yfyiatihf7davbl,page_view,2026-08-16 14:27:10.650Z,"{""from"": ""/de/questions/76q0g006tjtp7gp/proposals/question"", ""to"": ""/de/questions/76q0g006tjtp7gp/proposals/ideas""}",2026-08-16 14:27:10.595Z,76q0g006tjtp7gp,,,2026-08-16 14:27:10.650Z,407be8b01d4ce342
14wk9892kdk4hkr,page_view,2026-08-16 14:27:11.499Z,"{""from"": ""/de/questions/76q0g006tjtp7gp/proposals/ideas"", ""to"": ""/de/questions/76q0g006tjtp7gp/proposals/question""}",2026-08-16 14:27:11.465Z,76q0g006tjtp7gp,,,2026-08-16 14:27:11.499Z,407be8b01d4ce342
b4vn9kmxxsbawn4,page_view,2026-08-16 14:28:20.048Z,"{""from"": ""/de/questions/76q0g006tjtp7gp/proposals/question"", ""to"": ""/de/questions/76q0g006tjtp7gp/proposals/ideas""}",2026-08-16 14:28:19.992Z,76q0g006tjtp7gp,,,2026-08-16 14:28:20.048Z,407be8b01d4ce342
kjua10dfk8nqbyv,proposal_view,2026-08-16 14:28:23.399Z,,2026-08-16 14:28:23.372Z,76q0g006tjtp7gp,,jm45hx8bajf99lv,2026-08-16 14:28:23.399Z,407be8b01d4ce342
cvwsjca2ker723v,proposal_view,2026-08-16 14:28:39.960Z,,2026-08-16 14:28:39.931Z,76q0g006tjtp7gp,,8mnhz0jpnllu7jd,2026-08-16 14:28:39.960Z,407be8b01d4ce342
ig4aq7kqwoikc1r,proposal_view,2026-08-16 14:28:43.448Z,,2026-08-16 14:28:43.407Z,76q0g006tjtp7gp,,jm45hx8bajf99lv,2026-08-16 14:28:43.448Z,407be8b01d4ce342
rt4ofhcr64xszwf,page_view,2026-08-16 14:28:52.578Z,"{""from"": ""/de/questions/76q0g006tjtp7gp/proposals/ideas"", ""to"": ""/de/discourse""}",2026-08-16 14:28:52.546Z,76q0g006tjtp7gp,,,2026-08-16 14:28:52.578Z,407be8b01d4ce342
jjok03xsck72d6b,page_view,2026-08-16 14:29:08.147Z,"{""from"": ""/de/discourse"", ""to"": ""/de/questions/3o2fj1znev0krvz/proposals/question""}",2026-08-16 14:29:08.125Z,3o2fj1znev0krvz,,,2026-08-16 14:29:08.147Z,407be8b01d4ce342
jh9wl8v2rrh2611,page_view,2026-08-16 14:29:11.467Z,"{""from"": ""/de/questions/3o2fj1znev0krvz/proposals/question"", ""to"": ""/de/questions/3o2fj1znev0krvz/proposals/ideas""}",2026-08-16 14:29:11.439Z,3o2fj1znev0krvz,,,2026-08-16 14:29:11.467Z,407be8b01d4ce342
5igw0mmo7nccxp1,proposal_view,2026-08-16 14:29:32.275Z,,2026-08-16 14:29:32.242Z,3o2fj1znev0krvz,,m0zn817n9g4w07p,2026-08-16 14:29:32.275Z,407be8b01d4ce342
m4dh2osbi9oywso,proposal_view,2026-08-16 14:30:08.746Z,,2026-08-16 14:30:08.717Z,3o2fj1znev0krvz,,2w5teh1hty0mznr,2026-08-16 14:30:08.746Z,407be8b01d4ce342
ya4k0hnccwk63tc,proposal_view,2026-08-16 14:30:20.640Z,,2026-08-16 14:30:20.609Z,3o2fj1znev0krvz,,m0zn817n9g4w07p,2026-08-16 14:30:20.640Z,407be8b01d4ce342
gevmt2gvwx6474s,proposal_view,2026-08-16 14:30:29.411Z,,2026-08-16 14:30:29.377Z,3o2fj1znev0krvz,,gjnpljxyyh1y1fv,2026-08-16 14:30:29.411Z,407be8b01d4ce342
udl0jsogk19006p,proposal_view,2026-08-16 14:30:40.490Z,,2026-08-16 14:30:40.457Z,3o2fj1znev0krvz,,wyx4lc9o5ebp473,2026-08-16 14:30:40.490Z,407be8b01d4ce342
4eryvfzdm6fonuz,proposal_view,2026-08-16 14:30:43.449Z,,2026-08-16 14:30:43.409Z,3o2fj1znev0krvz,,gjnpljxyyh1y1fv,2026-08-16 14:30:43.449Z,407be8b01d4ce342
i3y91yq6oeeybxb,proposal_view,2026-08-16 14:30:46.376Z,,2026-08-16 14:30:46.340Z,3o2fj1znev0krvz,,creod2dm6xewo2s,2026-08-16 14:30:46.376Z,407be8b01d4ce342
9d5ztqh5ryj1xst,page_view,2026-08-16 14:31:27.706Z,"{""from"": ""/de/questions/3o2fj1znev0krvz/proposals/ideas"", ""to"": ""/de/questions/3o2fj1znev0krvz/proposals/compare""}",2026-08-16 14:31:27.680Z,3o2fj1znev0krvz,,,2026-08-16 14:31:27.706Z,407be8b01d4ce342
dmqgl0vzh1ld8ww,proposal_view,2026-08-16 14:31:43.632Z,,2026-08-16 14:31:43.601Z,3o2fj1znev0krvz,,creod2dm6xewo2s,2026-08-16 14:31:43.632Z,407be8b01d4ce342
ue10761ha21qga6,page_view,2026-08-16 14:31:43.636Z,"{""from"": ""/de/questions/3o2fj1znev0krvz/proposals/compare"", ""to"": ""/de/questions/3o2fj1znev0krvz/proposals/ideas""}",2026-08-16 14:31:43.614Z,3o2fj1znev0krvz,,,2026-08-16 14:31:43.636Z,407be8b01d4ce342
1xrj0kx4rmk7wwl,proposal_view,2026-08-16 14:31:44.955Z,,2026-08-16 14:31:44.912Z,3o2fj1znev0krvz,,gjnpljxyyh1y1fv,2026-08-16 14:31:44.955Z,407be8b01d4ce342
jgl98jmdwftk742,proposal_view,2026-08-16 14:31:45.796Z,,2026-08-16 14:31:45.770Z,3o2fj1znev0krvz,,m0zn817n9g4w07p,2026-08-16 14:31:45.796Z,407be8b01d4ce342
itpmp6l11nt73zi,proposal_view,2026-08-16 14:31:46.509Z,,2026-08-16 14:31:46.451Z,3o2fj1znev0krvz,,2w5teh1hty0mznr,2026-08-16 14:31:46.509Z,407be8b01d4ce342
k0otnx8j8lu4bve,proposal_view,2026-08-16 14:31:47.880Z,,2026-08-16 14:31:47.818Z,3o2fj1znev0krvz,,m0zn817n9g4w07p,2026-08-16 14:31:47.880Z,407be8b01d4ce342
ks079rt0zeqixka,proposal_view,2026-08-16 14:31:51.518Z,,2026-08-16 14:31:51.491Z,3o2fj1znev0krvz,,m5vq0q540kenhen,2026-08-16 14:31:51.518Z,407be8b01d4ce342
rv2i1wu5b6kudlk,proposal_view,2026-08-16 14:31:55.334Z,,2026-08-16 14:31:55.306Z,3o2fj1znev0krvz,,626n317m1w4j7lo,2026-08-16 14:31:55.334Z,407be8b01d4ce342
wzjd7xpub6g2p3z,proposal_view,2026-08-16 14:31:59.861Z,,2026-08-16 14:31:59.802Z,3o2fj1znev0krvz,,m5vq0q540kenhen,2026-08-16 14:31:59.861Z,407be8b01d4ce342
tvpdx1qa10isg6p,page_view,2026-08-16 14:32:01.356Z,"{""from"": ""/de/questions/3o2fj1znev0krvz/proposals/ideas"", ""to"": ""/de/discourse""}",2026-08-16 14:32:01.327Z,3o2fj1znev0krvz,,,2026-08-16 14:32:01.356Z,407be8b01d4ce342
n48h4dvdtkxspc8,page_view,2026-08-16 14:32:04.915Z,"{""from"": ""/de/discourse"", ""to"": ""/de/questions/3o2fj1znev0krvz/proposals/question""}",2026-08-16 14:32:04.890Z,3o2fj1znev0krvz,,,2026-08-16 14:32:04.915Z,407be8b01d4ce342
pw3zt6q5xbj2u7g,proposal_view,2026-08-16 14:32:12.596Z,,2026-08-16 14:32:12.549Z,3o2fj1znev0krvz,,d8last7n0bdbqme,2026-08-16 14:32:12.596Z,407be8b01d4ce342
zoziwhw52z8zaxt,proposal_view,2026-08-16 14:32:22.544Z,,2026-08-16 14:32:22.489Z,3o2fj1znev0krvz,,vee7zdpty5ijljm,2026-08-16 14:32:22.544Z,407be8b01d4ce342
ezkhjgozpmg9r3b,proposal_view,2026-08-16 14:32:32.573Z,,2026-08-16 14:32:32.532Z,3o2fj1znev0krvz,,creod2dm6xewo2s,2026-08-16 14:32:32.573Z,407be8b01d4ce342
skz63c0v1esuejo,proposal_view,2026-08-16 14:32:49.244Z,,2026-08-16 14:32:49.135Z,3o2fj1znev0krvz,,vee7zdpty5ijljm,2026-08-16 14:32:49.244Z,407be8b01d4ce342
mou8r0vrrvz2sj0,proposal_view,2026-08-16 14:33:03.830Z,,2026-08-16 14:33:03.787Z,3o2fj1znev0krvz,,d8last7n0bdbqme,2026-08-16 14:33:03.830Z,407be8b01d4ce342
nfoaah1t92cq8al,unsubscribe,2026-08-16 14:33:11.478Z,,2026-08-16 14:33:11.476Z,3o2fj1znev0krvz,,d8last7n0bdbqme,2026-08-16 14:33:11.478Z,407be8b01d4ce342
5msprzyq48vu6ez,subscribe,2026-08-16 14:33:14.507Z,,2026-08-16 14:33:14.506Z,3o2fj1znev0krvz,,d8last7n0bdbqme,2026-08-16 14:33:14.507Z,407be8b01d4ce342
7va57ktfgs6da2e,proposal_view,2026-08-16 14:33:20.278Z,,2026-08-16 14:33:20.211Z,3o2fj1znev0krvz,,usjpvaq5nnvjl9w,2026-08-16 14:33:20.278Z,407be8b01d4ce342
oyg5gyw8tkuf385,page_view,2026-08-16 14:34:19.474Z,"{""from"": ""/de/questions/3o2fj1znev0krvz/proposals/subscriptions"", ""to"": ""/de/questions/3o2fj1znev0krvz/proposals/compare""}",2026-08-16 14:34:19.420Z,3o2fj1znev0krvz,,,2026-08-16 14:34:19.474Z,407be8b01d4ce342
g4wt22c76lo2qbt,unsubscribe,2026-08-16 14:34:46.923Z,,2026-08-16 14:34:46.922Z,3o2fj1znev0krvz,,d8last7n0bdbqme,2026-08-16 14:34:46.923Z,407be8b01d4ce342
4hwpawb4mkqhu5h,proposal_view,2026-08-16 14:34:48.557Z,,2026-08-16 14:34:48.518Z,3o2fj1znev0krvz,,usjpvaq5nnvjl9w,2026-08-16 14:34:48.557Z,407be8b01d4ce342
4q7i8vaohfch5g2,proposal_view,2026-08-16 14:34:59.325Z,,2026-08-16 14:34:59.218Z,3o2fj1znev0krvz,,eesc7p17sxod25m,2026-08-16 14:34:59.325Z,407be8b01d4ce342
m449jrruwchuebt,page_view,2026-08-16 14:35:19.559Z,"{""from"": ""/de/questions/3o2fj1znev0krvz/proposals/subscriptions"", ""to"": ""/de/questions/3o2fj1znev0krvz/proposals/compare""}",2026-08-16 14:35:19.522Z,3o2fj1znev0krvz,,,2026-08-16 14:35:19.559Z,407be8b01d4ce342
4616z4wehm5ggkq,proposal_view,2026-08-16 14:35:30.212Z,,2026-08-16 14:35:30.157Z,3o2fj1znev0krvz,,eesc7p17sxod25m,2026-08-16 14:35:30.212Z,407be8b01d4ce342
dqcxyxw880tuw6c,proposal_view,2026-08-16 14:35:32.573Z,,2026-08-16 14:35:32.536Z,3o2fj1znev0krvz,,eesc7p17sxod25m,2026-08-16 14:35:32.573Z,407be8b01d4ce342
amgp9e0aandrg3r,proposal_view,2026-08-16 14:35:38.600Z,,2026-08-16 14:35:38.539Z,3o2fj1znev0krvz,,626n317m1w4j7lo,2026-08-16 14:35:38.600Z,407be8b01d4ce342
vofiow0hy0e3san,page_view,2026-08-16 14:35:45.479Z,"{""from"": ""/de/questions/3o2fj1znev0krvz/proposals/subscriptions"", ""to"": ""/de/questions/3o2fj1znev0krvz/proposals/compare""}",2026-08-16 14:35:45.405Z,3o2fj1znev0krvz,,,2026-08-16 14:35:45.479Z,407be8b01d4ce342
7imhl2fffazwjbe,proposal_view,2026-08-16 14:36:35.482Z,,2026-08-16 14:36:35.373Z,3o2fj1znev0krvz,,626n317m1w4j7lo,2026-08-16 14:36:35.482Z,407be8b01d4ce342
pa5f0uzdtz3ti2m,proposal_view,2026-08-16 14:36:39.909Z,,2026-08-16 14:36:39.876Z,3o2fj1znev0krvz,,eesc7p17sxod25m,2026-08-16 14:36:39.909Z,407be8b01d4ce342
nzti7fgse67ykpi,proposal_view,2026-08-16 14:36:43.390Z,,2026-08-16 14:36:43.354Z,3o2fj1znev0krvz,,626n317m1w4j7lo,2026-08-16 14:36:43.390Z,407be8b01d4ce342
7yplwk12etv7iec,proposal_view,2026-08-16 14:36:49.799Z,,2026-08-16 14:36:49.760Z,3o2fj1znev0krvz,,m5vq0q540kenhen,2026-08-16 14:36:49.799Z,407be8b01d4ce342
ru4xxfvyew6g7ec,page_view,2026-08-16 14:36:58.630Z,"{""from"": ""/de/questions/3o2fj1znev0krvz/proposals/subscriptions"", ""to"": ""/de/questions/3o2fj1znev0krvz/proposals/compare""}",2026-08-16 14:36:58.600Z,3o2fj1znev0krvz,,,2026-08-16 14:36:58.630Z,407be8b01d4ce342
jw931tub17oz5xi,proposal_view,2026-08-16 14:38:53.794Z,,2026-08-16 14:38:53.738Z,3o2fj1znev0krvz,,m5vq0q540kenhen,2026-08-16 14:38:53.794Z,407be8b01d4ce342
9m6163hchgsknjv,page_view,2026-08-16 14:38:59.503Z,"{""from"": ""/de/questions/3o2fj1znev0krvz/proposals/subscriptions"", ""to"": ""/de/questions/3o2fj1znev0krvz/proposals/compare""}",2026-08-16 14:38:59.473Z,3o2fj1znev0krvz,,,2026-08-16 14:38:59.503Z,407be8b01d4ce342
s59m5h6ojxtx1y7,proposal_view,2026-08-16 14:39:01.340Z,,2026-08-16 14:39:01.244Z,3o2fj1znev0krvz,,m5vq0q540kenhen,2026-08-16 14:39:01.340Z,407be8b01d4ce342
85urnhojuwgw356,page_view,2026-08-16 14:39:08.535Z,"{""from"": ""/de/questions/3o2fj1znev0krvz/proposals/subscriptions"", ""to"": ""/de/questions/3o2fj1znev0krvz/proposals/ideas""}",2026-08-16 14:39:08.469Z,3o2fj1znev0krvz,,,2026-08-16 14:39:08.535Z,407be8b01d4ce342
hgbx7aji3eaxyf2,proposal_view,2026-08-16 14:39:19.513Z,,2026-08-16 14:39:19.479Z,3o2fj1znev0krvz,,ehi9fzgit9bcjwx,2026-08-16 14:39:19.513Z,407be8b01d4ce342
uaep98joee8idtf,compare_add,2026-08-16 14:40:07.436Z,"{""pool_size"": 1}",2026-08-16 14:40:07.268Z,3o2fj1znev0krvz,,ehi9fzgit9bcjwx,2026-08-16 14:40:07.436Z,407be8b01d4ce342
k7qrm5c2mhxwf8d,compare_add,2026-08-16 14:40:11.245Z,"{""pool_size"": 1}",2026-08-16 14:40:11.218Z,3o2fj1znev0krvz,,ehi9fzgit9bcjwx,2026-08-16 14:40:11.245Z,407be8b01d4ce342
hwazjaj3k5xwdzf,compare_add,2026-08-16 14:40:11.697Z,"{""pool_size"": 2}",2026-08-16 14:40:11.651Z,3o2fj1znev0krvz,,626n317m1w4j7lo,2026-08-16 14:40:11.697Z,407be8b01d4ce342
lhn2v2tnwmktm2r,compare_add,2026-08-16 14:40:12.615Z,"{""pool_size"": 3}",2026-08-16 14:40:12.584Z,3o2fj1znev0krvz,,m5vq0q540kenhen,2026-08-16 14:40:12.615Z,407be8b01d4ce342
87xbbb332fef2g6,compare_add,2026-08-16 14:40:13.695Z,"{""pool_size"": 4}",2026-08-16 14:40:13.668Z,3o2fj1znev0krvz,,n8luy5w1pc5olz4,2026-08-16 14:40:13.695Z,407be8b01d4ce342
bkmcz3m4g3o1stk,page_view,2026-08-16 14:40:15.405Z,"{""from"": ""/de/questions/3o2fj1znev0krvz/proposals/ideas"", ""to"": ""/de/questions/3o2fj1znev0krvz/proposals/compare""}",2026-08-16 14:40:15.380Z,3o2fj1znev0krvz,,,2026-08-16 14:40:15.405Z,407be8b01d4ce342
1wqna339n0hqi8w,page_view,2026-08-16 14:40:37.715Z,"{""from"": ""/de/questions/3o2fj1znev0krvz/proposals/compare"", ""to"": ""/de/questions/3o2fj1znev0krvz/proposals/ideas""}",2026-08-16 14:40:37.643Z,3o2fj1znev0krvz,,,2026-08-16 14:40:37.715Z,407be8b01d4ce342
s5njrg10wb45o5f,proposal_view,2026-08-16 14:40:56.440Z,,2026-08-16 14:40:56.341Z,3o2fj1znev0krvz,,eesc7p17sxod25m,2026-08-16 14:40:56.440Z,407be8b01d4ce342
8ghmmhhlsj5435j,page_view,2026-08-16 14:41:20.107Z,"{""from"": ""/de/questions/3o2fj1znev0krvz/proposals/subscriptions"", ""to"": ""/de/questions/3o2fj1znev0krvz/proposals/new""}",2026-08-16 14:41:20.080Z,3o2fj1znev0krvz,,,2026-08-16 14:41:20.107Z,407be8b01d4ce342
nxqj42uwq9rvalo,proposal_view,2026-08-16 14:41:36.336Z,,2026-08-16 14:41:36.304Z,3o2fj1znev0krvz,,usjpvaq5nnvjl9w,2026-08-16 14:41:36.336Z,407be8b01d4ce342
47cfvn4po1zjldb,proposal_view,2026-08-16 14:41:45.651Z,,2026-08-16 14:41:45.611Z,3o2fj1znev0krvz,,usjpvaq5nnvjl9w,2026-08-16 14:41:45.651Z,407be8b01d4ce342
kcw0zl1khudnrya,proposal_view,2026-08-16 14:41:48.457Z,,2026-08-16 14:41:48.419Z,3o2fj1znev0krvz,,m0zn817n9g4w07p,2026-08-16 14:41:48.457Z,407be8b01d4ce342
ejb7p88ny7orxh5,proposal_view,2026-08-16 14:42:01.434Z,,2026-08-16 14:42:01.403Z,3o2fj1znev0krvz,,creod2dm6xewo2s,2026-08-16 14:42:01.434Z,407be8b01d4ce342
ji0d9gxs3dt8hkj,proposal_view,2026-08-16 14:42:05.056Z,,2026-08-16 14:42:05.015Z,3o2fj1znev0krvz,,gjnpljxyyh1y1fv,2026-08-16 14:42:05.056Z,407be8b01d4ce342
vlawhvcwjvubpql,proposal_view,2026-08-16 14:42:08.722Z,,2026-08-16 14:42:08.694Z,3o2fj1znev0krvz,,creod2dm6xewo2s,2026-08-16 14:42:08.722Z,407be8b01d4ce342
nzcxkh2bzu426fp,proposal_view,2026-08-16 14:42:13.069Z,,2026-08-16 14:42:13.037Z,3o2fj1znev0krvz,,gjnpljxyyh1y1fv,2026-08-16 14:42:13.069Z,407be8b01d4ce342
p9ai7i28c1xrk1d,proposal_view,2026-08-16 14:42:29.061Z,,2026-08-16 14:42:29.007Z,3o2fj1znev0krvz,,wyx4lc9o5ebp473,2026-08-16 14:42:29.061Z,407be8b01d4ce342
flj7q7oy5nzhfhz,compare_add,2026-08-16 14:42:42.687Z,"{""pool_size"": 1}",2026-08-16 14:42:42.649Z,3o2fj1znev0krvz,,wyx4lc9o5ebp473,2026-08-16 14:42:42.687Z,407be8b01d4ce342
en9py29468q7p7p,subscribe,2026-08-16 14:42:52.116Z,,2026-08-16 14:42:52.115Z,3o2fj1znev0krvz,,wyx4lc9o5ebp473,2026-08-16 14:42:52.116Z,407be8b01d4ce342
91pofempuncp5qz,proposal_view,2026-08-16 14:42:54.918Z,,2026-08-16 14:42:54.884Z,3o2fj1znev0krvz,,gjnpljxyyh1y1fv,2026-08-16 14:42:54.918Z,407be8b01d4ce342
tmaajyby1az199n,proposal_view,2026-08-16 14:42:58.250Z,,2026-08-16 14:42:58.200Z,3o2fj1znev0krvz,,wyx4lc9o5ebp473,2026-08-16 14:42:58.250Z,407be8b01d4ce342
eyg375jr1g98nf7,proposal_view,2026-08-16 14:43:02.411Z,,2026-08-16 14:43:02.371Z,3o2fj1znev0krvz,,creod2dm6xewo2s,2026-08-16 14:43:02.411Z,407be8b01d4ce342
6o19klv94pbzitb,proposal_view,2026-08-16 14:43:05.456Z,,2026-08-16 14:43:05.379Z,3o2fj1znev0krvz,,wyx4lc9o5ebp473,2026-08-16 14:43:05.456Z,407be8b01d4ce342
jt40ecal12vudwr,page_view,2026-08-16 14:43:21.497Z,"{""from"": ""/de/questions/3o2fj1znev0krvz/proposals/subscriptions"", ""to"": ""/de/questions/3o2fj1znev0krvz/proposals/question""}",2026-08-16 14:43:21.470Z,3o2fj1znev0krvz,,,2026-08-16 14:43:21.497Z,407be8b01d4ce342
cm8r4zwlbn7u67k,page_view,2026-08-16 14:43:22.016Z,"{""from"": ""/de/questions/3o2fj1znev0krvz/proposals/question"", ""to"": ""/de/questions/3o2fj1znev0krvz/proposals/ideas""}",2026-08-16 14:43:21.975Z,3o2fj1znev0krvz,,,2026-08-16 14:43:22.016Z,407be8b01d4ce342
yfq4h523y0iakn0,proposal_view,2026-08-16 14:43:47.699Z,,2026-08-16 14:43:47.600Z,3o2fj1znev0krvz,,n8luy5w1pc5olz4,2026-08-16 14:43:47.699Z,407be8b01d4ce342
y5f268ee6i6s9cv,proposal_view,2026-08-16 14:43:55.865Z,,2026-08-16 14:43:55.833Z,3o2fj1znev0krvz,,m5vq0q540kenhen,2026-08-16 14:43:55.865Z,407be8b01d4ce342
bvd0y5wyqtuobo3,subscribe,2026-08-16 14:50:47.970Z,,2026-08-16 14:50:47.969Z,3o2fj1znev0krvz,,cu6kgkeod5v8oxj,2026-08-16 14:50:47.970Z,407be8b01d4ce342
5cgvbi9ae2leil7,remix_singular,2026-08-16 14:50:47.975Z,,2026-08-16 14:50:47.964Z,3o2fj1znev0krvz,,cu6kgkeod5v8oxj,2026-08-16 14:50:47.975Z,407be8b01d4ce342
m0q7dmjvyimlb9j,proposal_view,2026-08-16 14:50:48.191Z,,2026-08-16 14:50:48.159Z,3o2fj1znev0krvz,,cu6kgkeod5v8oxj,2026-08-16 14:50:48.191Z,407be8b01d4ce342
56gf3ny7vbqvwpa,proposal_view,2026-08-16 14:50:48.198Z,,2026-08-16 14:50:48.166Z,3o2fj1znev0krvz,,cu6kgkeod5v8oxj,2026-08-16 14:50:48.198Z,407be8b01d4ce342
z7jofjywqbrnwbw,page_view,2026-08-16 14:50:48.203Z,"{""from"": ""/de/questions/3o2fj1znev0krvz/proposals/ideas"", ""to"": ""/de/questions/3o2fj1znev0krvz/proposals/cu6kgkeod5v8oxj""}",2026-08-16 14:50:48.168Z,3o2fj1znev0krvz,,,2026-08-16 14:50:48.203Z,407be8b01d4ce342
dfgihgjt2dhvpmc,page_view,2026-08-16 14:50:59.710Z,"{""from"": ""/de/questions/3o2fj1znev0krvz/proposals/cu6kgkeod5v8oxj"", ""to"": ""/de/questions/3o2fj1znev0krvz/proposals/question""}",2026-08-16 14:50:59.672Z,3o2fj1znev0krvz,,,2026-08-16 14:50:59.710Z,407be8b01d4ce342
le4ttdm2fid9qcr,page_view,2026-08-16 14:51:00.209Z,"{""from"": ""/de/questions/3o2fj1znev0krvz/proposals/question"", ""to"": ""/de/questions/3o2fj1znev0krvz/proposals/ideas""}",2026-08-16 14:51:00.150Z,3o2fj1znev0krvz,,,2026-08-16 14:51:00.209Z,407be8b01d4ce342
zqpe1jh6pg8kl2w,page_view,2026-08-16 14:51:01.051Z,"{""from"": ""/de/questions/3o2fj1znev0krvz/proposals/ideas"", ""to"": ""/de/questions/3o2fj1znev0krvz/proposals/new""}",2026-08-16 14:51:01.024Z,3o2fj1znev0krvz,,,2026-08-16 14:51:01.051Z,407be8b01d4ce342
foboprjldoya7j7,subscribe,2026-08-16 14:57:32.305Z,,2026-08-16 14:57:32.305Z,3o2fj1znev0krvz,,2k4q9z9tfrakikx,2026-08-16 14:57:32.305Z,407be8b01d4ce342
iwv4ro3ltop5mqw,create_idea,2026-08-16 14:57:32.309Z,,2026-08-16 14:57:32.303Z,3o2fj1znev0krvz,,2k4q9z9tfrakikx,2026-08-16 14:57:32.309Z,407be8b01d4ce342
f56nkcgqadqh7y0,create_label,2026-08-16 14:57:32.310Z,"{""label_name"": ""Material AG""}",2026-08-16 14:57:32.303Z,3o2fj1znev0krvz,,bpeokzmk3ih7nan,2026-08-16 14:57:32.310Z,407be8b01d4ce342
aqjaeqa5ksrygqj,proposal_view,2026-08-16 14:57:32.502Z,,2026-08-16 14:57:32.468Z,3o2fj1znev0krvz,,2k4q9z9tfrakikx,2026-08-16 14:57:32.502Z,407be8b01d4ce342
ybwqmgknkraemyy,proposal_view,2026-08-16 14:57:32.513Z,,2026-08-16 14:57:32.475Z,3o2fj1znev0krvz,,2k4q9z9tfrakikx,2026-08-16 14:57:32.513Z,407be8b01d4ce342
r6uei4zk5mfwzho,page_view,2026-08-16 14:57:32.519Z,"{""from"": ""/de/questions/3o2fj1znev0krvz/proposals/new"", ""to"": ""/de/questions/3o2fj1znev0krvz/proposals/2k4q9z9tfrakikx""}",2026-08-16 14:57:32.477Z,3o2fj1znev0krvz,,,2026-08-16 14:57:32.519Z,407be8b01d4ce342
4zt6r114tpvulka,page_view,2026-08-16 14:58:15.094Z,"{""from"": ""/de/questions/3o2fj1znev0krvz/proposals/new"", ""to"": ""/de/questions/3o2fj1znev0krvz/proposals/ideas""}",2026-08-16 14:58:15.050Z,3o2fj1znev0krvz,,,2026-08-16 14:58:15.094Z,407be8b01d4ce342
iie1q4k6xntj43p,proposal_view,2026-08-16 14:58:24.500Z,,2026-08-16 14:58:24.468Z,3o2fj1znev0krvz,,m5vq0q540kenhen,2026-08-16 14:58:24.500Z,407be8b01d4ce342
uypc3sa6q65f6o3,compare_add,2026-08-16 14:58:30.487Z,"{""pool_size"": 2}",2026-08-16 14:58:30.461Z,3o2fj1znev0krvz,,cu6kgkeod5v8oxj,2026-08-16 14:58:30.487Z,407be8b01d4ce342
13z87b1jv49y4nj,page_view,2026-08-16 14:58:31.952Z,"{""from"": ""/de/questions/3o2fj1znev0krvz/proposals/ideas"", ""to"": ""/de/questions/3o2fj1znev0krvz/proposals/compare""}",2026-08-16 14:58:31.927Z,3o2fj1znev0krvz,,,2026-08-16 14:58:31.952Z,407be8b01d4ce342
4tk7ska6tsha6al,page_view,2026-08-16 14:58:43.297Z,"{""from"": ""/de/questions/3o2fj1znev0krvz/proposals/compare"", ""to"": ""/de/questions/3o2fj1znev0krvz/proposals/ideas""}",2026-08-16 14:58:43.265Z,3o2fj1znev0krvz,,,2026-08-16 14:58:43.297Z,407be8b01d4ce342
gqjm3nxqtyhy0cz,proposal_view,2026-08-16 14:58:49.708Z,,2026-08-16 14:58:49.681Z,3o2fj1znev0krvz,,m5vq0q540kenhen,2026-08-16 14:58:49.708Z,407be8b01d4ce342
cb3pbemekkaqbub,proposal_view,2026-08-16 14:58:54.109Z,,2026-08-16 14:58:54.077Z,3o2fj1znev0krvz,,cu6kgkeod5v8oxj,2026-08-16 14:58:54.109Z,407be8b01d4ce342
9ufz4jpthpb3ek3,page_view,2026-08-16 14:59:18.700Z,"{""from"": ""/de/questions/3o2fj1znev0krvz/proposals/ideas"", ""to"": ""/de/questions/3o2fj1znev0krvz/proposals/compare""}",2026-08-16 14:59:18.662Z,3o2fj1znev0krvz,,,2026-08-16 14:59:18.700Z,407be8b01d4ce342
pk0wpudh12dc3la,page_view,2026-08-16 14:59:24.174Z,"{""from"": ""/de/questions/3o2fj1znev0krvz/proposals/compare"", ""to"": ""/de/questions/3o2fj1znev0krvz/proposals/ideas""}",2026-08-16 14:59:24.122Z,3o2fj1znev0krvz,,,2026-08-16 14:59:24.174Z,407be8b01d4ce342
jvd1bh7mnrxlg8o,proposal_view,2026-08-16 14:59:24.174Z,,2026-08-16 14:59:24.113Z,3o2fj1znev0krvz,,cu6kgkeod5v8oxj,2026-08-16 14:59:24.174Z,407be8b01d4ce342
htr1fe1r8pdjsdj,compare_add,2026-08-16 14:59:26.107Z,"{""pool_size"": 2}",2026-08-16 14:59:26.066Z,3o2fj1znev0krvz,,cu6kgkeod5v8oxj,2026-08-16 14:59:26.107Z,407be8b01d4ce342
zy12qwihdrlh8oi,compare_add,2026-08-16 14:59:27.839Z,"{""pool_size"": 2}",2026-08-16 14:59:27.799Z,3o2fj1znev0krvz,,cu6kgkeod5v8oxj,2026-08-16 14:59:27.839Z,407be8b01d4ce342
iiweq5jgg3s42kr,proposal_view,2026-08-16 14:59:33.877Z,,2026-08-16 14:59:33.819Z,3o2fj1znev0krvz,,m5vq0q540kenhen,2026-08-16 14:59:33.877Z,407be8b01d4ce342
hspcc09lh98vcf6,compare_add,2026-08-16 14:59:38.770Z,"{""pool_size"": 1}",2026-08-16 14:59:38.720Z,3o2fj1znev0krvz,,cu6kgkeod5v8oxj,2026-08-16 14:59:38.770Z,407be8b01d4ce342
eat6jq8ztwkoxwc,proposal_view,2026-08-16 14:59:39.761Z,,2026-08-16 14:59:39.698Z,3o2fj1znev0krvz,,cu6kgkeod5v8oxj,2026-08-16 14:59:39.761Z,407be8b01d4ce342
xh9ni9bhqgrvhqg,page_view,2026-08-16 14:59:45.457Z,"{""from"": ""/de/questions/3o2fj1znev0krvz/proposals/ideas"", ""to"": ""/de/questions/3o2fj1znev0krvz/proposals/question""}",2026-08-16 14:59:45.418Z,3o2fj1znev0krvz,,,2026-08-16 14:59:45.457Z,407be8b01d4ce342
tz0ietob6qzcxd4,page_view,2026-08-16 14:59:47.511Z,"{""from"": ""/de/questions/3o2fj1znev0krvz/proposals/question"", ""to"": ""/de/questions/3o2fj1znev0krvz/proposals/ideas""}",2026-08-16 14:59:47.465Z,3o2fj1znev0krvz,,,2026-08-16 14:59:47.511Z,407be8b01d4ce342
98rxe8hq3cf5c7k,page_view,2026-08-16 14:59:51.940Z,"{""from"": ""/de/discourse"", ""to"": ""/de/questions/3o2fj1znev0krvz/proposals/question""}",2026-08-16 14:59:51.911Z,3o2fj1znev0krvz,,,2026-08-16 14:59:51.940Z,407be8b01d4ce342
54mvvhynzcu34pb,page_view,2026-08-16 14:59:53.100Z,"{""from"": ""/de/questions/3o2fj1znev0krvz/proposals/question"", ""to"": ""/de/questions/3o2fj1znev0krvz/proposals/ideas""}",2026-08-16 14:59:53.072Z,3o2fj1znev0krvz,,,2026-08-16 14:59:53.100Z,407be8b01d4ce342
it9m85m6cjr1it1,page_view,2026-08-16 14:59:54.328Z,"{""from"": ""/de/questions/3o2fj1znev0krvz/proposals/subscriptions"", ""to"": ""/de/questions/3o2fj1znev0krvz/proposals/ideas""}",2026-08-16 14:59:54.288Z,3o2fj1znev0krvz,,,2026-08-16 14:59:54.328Z,407be8b01d4ce342
56f68vraufwzgyf,page_view,2026-08-16 14:59:55.508Z,"{""from"": ""/de/questions/3o2fj1znev0krvz/proposals/ideas"", ""to"": ""/de/questions/3o2fj1znev0krvz/proposals/question""}",2026-08-16 14:59:55.472Z,3o2fj1znev0krvz,,,2026-08-16 14:59:55.508Z,407be8b01d4ce342
0zws9jidr7wh8bh,page_view,2026-08-16 14:59:56.741Z,"{""from"": ""/de/questions/3o2fj1znev0krvz/proposals/question"", ""to"": ""/de/questions/3o2fj1znev0krvz/proposals/ideas""}",2026-08-16 14:59:56.687Z,3o2fj1znev0krvz,,,2026-08-16 14:59:56.741Z,407be8b01d4ce342
y8whpbwqnr83vgi,compare_add,2026-08-16 14:59:59.536Z,"{""pool_size"": 2}",2026-08-16 14:59:59.488Z,3o2fj1znev0krvz,,2k4q9z9tfrakikx,2026-08-16 14:59:59.536Z,407be8b01d4ce342
wcsczmg7bbi9byy,page_view,2026-08-16 15:00:03.908Z,"{""from"": ""/de/questions/3o2fj1znev0krvz/proposals/ideas"", ""to"": ""/de/questions/3o2fj1znev0krvz/proposals/compare""}",2026-08-16 15:00:03.862Z,3o2fj1znev0krvz,,,2026-08-16 15:00:03.908Z,407be8b01d4ce342
iw42i7hdcil4i16,subscribe,2026-08-16 15:04:34.775Z,,2026-08-16 15:04:34.774Z,3o2fj1znev0krvz,,y9eb6fxeu3zpepy,2026-08-16 15:04:34.775Z,407be8b01d4ce342
vug7lhtpyau05my,create_label,2026-08-16 15:04:34.782Z,"{""label_name"": ""MatAG Erfassung Orte und Mat""}",2026-08-16 15:04:34.771Z,3o2fj1znev0krvz,,8wn5n2qfjcgn3wg,2026-08-16 15:04:34.782Z,407be8b01d4ce342
9q8q3tp59j4z2a3,subscribe,2026-08-16 15:04:39.155Z,,2026-08-16 15:04:39.154Z,3o2fj1znev0krvz,,ohdfhqxb1gg483o,2026-08-16 15:04:39.155Z,407be8b01d4ce342
jkdyqtyvq8b7gom,create_label,2026-08-16 15:04:39.161Z,"{""label_name"": ""MatAG Erfassung Orte und Mat""}",2026-08-16 15:04:39.151Z,3o2fj1znev0krvz,,8wn5n2qfjcgn3wg,2026-08-16 15:04:39.161Z,407be8b01d4ce342
ce7lgk5ac5if5pw,page_view,2026-08-16 15:04:39.700Z,"{""from"": ""/de/questions/3o2fj1znev0krvz/proposals/ballot"", ""to"": ""/de/questions/3o2fj1znev0krvz/proposals/ideas""}",2026-08-16 15:04:39.667Z,3o2fj1znev0krvz,,,2026-08-16 15:04:39.700Z,407be8b01d4ce342
durqlcitp3a1tda,proposal_view,2026-08-16 15:04:46.034Z,,2026-08-16 15:04:45.974Z,3o2fj1znev0krvz,,ohdfhqxb1gg483o,2026-08-16 15:04:46.034Z,407be8b01d4ce342
vzpvo1y1j0j6x89,proposal_view,2026-08-16 15:05:03.974Z,,2026-08-16 15:05:03.911Z,3o2fj1znev0krvz,,626n317m1w4j7lo,2026-08-16 15:05:03.974Z,407be8b01d4ce342
yt8kwx3401rdwho,proposal_view,2026-08-16 15:05:06.740Z,,2026-08-16 15:05:06.706Z,3o2fj1znev0krvz,,ehi9fzgit9bcjwx,2026-08-16 15:05:06.740Z,407be8b01d4ce342
vgvxoqx8r5qw5fm,proposal_view,2026-08-16 15:05:11.036Z,,2026-08-16 15:05:10.975Z,3o2fj1znev0krvz,,cu6kgkeod5v8oxj,2026-08-16 15:05:11.036Z,407be8b01d4ce342
bozw4i1l0wv2qpp,proposal_view,2026-08-16 15:05:16.684Z,,2026-08-16 15:05:16.647Z,3o2fj1znev0krvz,,ohdfhqxb1gg483o,2026-08-16 15:05:16.684Z,407be8b01d4ce342
wfde4ut3d1kgn2e,page_view,2026-08-16 15:05:21.460Z,"{""from"": ""/de/questions/3o2fj1znev0krvz/proposals/ideas"", ""to"": ""/de/questions/3o2fj1znev0krvz/proposals/ideas""}",2026-08-16 15:05:21.425Z,3o2fj1znev0krvz,,,2026-08-16 15:05:21.460Z,407be8b01d4ce342
v3ojtzthc26js4a,page_view,2026-08-16 15:05:22.720Z,"{""from"": ""/de/questions/3o2fj1znev0krvz/proposals/subscriptions"", ""to"": ""/de/questions/3o2fj1znev0krvz/proposals/ideas""}",2026-08-16 15:05:22.656Z,3o2fj1znev0krvz,,,2026-08-16 15:05:22.720Z,407be8b01d4ce342
yso486gbvby6295,page_view,2026-08-16 15:06:00.995Z,"{""from"": ""/de/questions/3o2fj1znev0krvz/proposals/ideas"", ""to"": ""/de/questions/3o2fj1znev0krvz/proposals/question""}",2026-08-16 15:06:00.945Z,3o2fj1znev0krvz,,,2026-08-16 15:06:00.995Z,407be8b01d4ce342
ltp93tsf824j1si,page_view,2026-08-16 15:06:01.109Z,"{""from"": ""/de/questions/3o2fj1znev0krvz/proposals/question"", ""to"": ""/de/questions/3o2fj1znev0krvz/proposals/question""}",2026-08-16 15:06:01.070Z,3o2fj1znev0krvz,,,2026-08-16 15:06:01.109Z,407be8b01d4ce342
voo9rrduhbjr65o,page_view,2026-08-16 15:06:05.322Z,"{""from"": ""/de/questions/3o2fj1znev0krvz/proposals/question"", ""to"": ""/de/questions/3o2fj1znev0krvz/proposals/ideas""}",2026-08-16 15:06:05.262Z,3o2fj1znev0krvz,,,2026-08-16 15:06:05.322Z,407be8b01d4ce342
ltuednifrkcdi0i,proposal_view,2026-08-16 15:15:59.545Z,,2026-08-16 15:15:59.500Z,3o2fj1znev0krvz,,ohdfhqxb1gg483o,2026-08-16 15:15:59.545Z,407be8b01d4ce342
uqdbmgxcdxng6gy,proposal_view,2026-08-16 15:16:08.387Z,,2026-08-16 15:16:08.365Z,3o2fj1znev0krvz,,2k4q9z9tfrakikx,2026-08-16 15:16:08.387Z,407be8b01d4ce342
xex33y66wafz8y6,proposal_view,2026-08-16 15:16:15.784Z,,2026-08-16 15:16:15.759Z,3o2fj1znev0krvz,,y9eb6fxeu3zpepy,2026-08-16 15:16:15.784Z,407be8b01d4ce342
bdm8hlkgm8sntx4,unsubscribe,2026-08-16 15:16:17.528Z,,2026-08-16 15:16:17.527Z,3o2fj1znev0krvz,,y9eb6fxeu3zpepy,2026-08-16 15:16:17.528Z,407be8b01d4ce342
anv675l5dpu9ah2,page_view,2026-08-16 15:16:18.882Z,"{""from"": ""/de/questions/3o2fj1znev0krvz/proposals/ideas"", ""to"": ""/de/questions/3o2fj1znev0krvz/proposals/ideas""}",2026-08-16 15:16:18.861Z,3o2fj1znev0krvz,,,2026-08-16 15:16:18.882Z,407be8b01d4ce342
ibwohyfge6bxz97,tab_switch,2026-08-16 17:33:08.297Z,"{""state"": ""visible""}",2026-08-16 17:33:09.907Z,,,,2026-08-16 17:33:08.297Z,216bb226ec191993
qi9nwwxqsedmn13,page_view,2026-08-16 17:33:12.250Z,"{""from"": ""/de/discourse"", ""to"": ""/de/questions/3o2fj1znev0krvz/proposals/question""}",2026-08-16 17:33:13.890Z,3o2fj1znev0krvz,,,2026-08-16 17:33:12.250Z,216bb226ec191993
t5mi921fogjnpdx,page_view,2026-08-16 17:33:14.984Z,"{""from"": ""/de/questions/3o2fj1znev0krvz/proposals/question"", ""to"": ""/de/questions/3o2fj1znev0krvz/proposals/ideas""}",2026-08-16 17:33:16.625Z,3o2fj1znev0krvz,,,2026-08-16 17:33:14.984Z,216bb226ec191993
z7zo8k3abn72kcx,notification_panel_open,2026-08-16 17:33:18.230Z,"{""unread_count"": 0}",2026-08-16 17:33:19.872Z,,,,2026-08-16 17:33:18.230Z,216bb226ec191993
wnqt1bxydjlprq6,proposal_view,2026-08-16 17:33:31.563Z,,2026-08-16 17:33:33.202Z,3o2fj1znev0krvz,,626n317m1w4j7lo,2026-08-16 17:33:31.563Z,216bb226ec191993
r4tt6drn03r7dfd,proposal_view,2026-08-16 17:33:35.799Z,,2026-08-16 17:33:37.440Z,3o2fj1znev0krvz,,cu6kgkeod5v8oxj,2026-08-16 17:33:35.799Z,216bb226ec191993
f8rtgf45qrpi9o8,proposal_view,2026-08-16 17:33:50.821Z,,2026-08-16 17:33:52.459Z,3o2fj1znev0krvz,,y9eb6fxeu3zpepy,2026-08-16 17:33:50.821Z,216bb226ec191993
xhwaqc2qb4h46ov,proposal_view,2026-08-16 17:34:33.666Z,,2026-08-16 17:34:35.304Z,3o2fj1znev0krvz,,ohdfhqxb1gg483o,2026-08-16 17:34:33.666Z,216bb226ec191993
3hstn65zv8u6kws,tab_switch,2026-08-16 17:34:58.411Z,"{""state"": ""visible""}",2026-08-16 17:35:00.013Z,,,,2026-08-16 17:34:58.411Z,216bb226ec191993
rzj9h7aq3bpqhzj,proposal_view,2026-08-16 17:35:12.225Z,,2026-08-16 17:35:13.863Z,3o2fj1znev0krvz,,2k4q9z9tfrakikx,2026-08-16 17:35:12.225Z,216bb226ec191993
be2bdrxgzdj9wm9,proposal_view,2026-08-16 17:35:31.573Z,,2026-08-16 17:35:33.211Z,3o2fj1znev0krvz,,ohdfhqxb1gg483o,2026-08-16 17:35:31.573Z,216bb226ec191993
q8q8vmhp4qdtjgv,proposal_view,2026-08-16 17:35:32.413Z,,2026-08-16 17:35:34.048Z,3o2fj1znev0krvz,,y9eb6fxeu3zpepy,2026-08-16 17:35:32.413Z,216bb226ec191993
xce7q1968r4zght,proposal_view,2026-08-16 17:35:34.590Z,,2026-08-16 17:35:36.233Z,3o2fj1znev0krvz,,626n317m1w4j7lo,2026-08-16 17:35:34.590Z,216bb226ec191993
zeg4a7dl3ou3ff8,proposal_view,2026-08-16 17:35:39.576Z,,2026-08-16 17:35:41.215Z,3o2fj1znev0krvz,,ehi9fzgit9bcjwx,2026-08-16 17:35:39.576Z,216bb226ec191993
2sx7cjb6krtlqb1,proposal_view,2026-08-16 17:35:46.223Z,,2026-08-16 17:35:47.858Z,3o2fj1znev0krvz,,626n317m1w4j7lo,2026-08-16 17:35:46.223Z,216bb226ec191993
h80563ktcggcz7m,proposal_view,2026-08-16 17:35:52.080Z,,2026-08-16 17:35:53.718Z,3o2fj1znev0krvz,,2w5teh1hty0mznr,2026-08-16 17:35:52.080Z,216bb226ec191993
93ke54sdqdccvop,proposal_view,2026-08-16 17:36:01.996Z,,2026-08-16 17:36:03.634Z,3o2fj1znev0krvz,,m0zn817n9g4w07p,2026-08-16 17:36:01.996Z,216bb226ec191993
pddka8zboegkpc7,proposal_view,2026-08-16 17:36:09.578Z,,2026-08-16 17:36:11.210Z,3o2fj1znev0krvz,,2w5teh1hty0mznr,2026-08-16 17:36:09.578Z,216bb226ec191993
72k5kdyz3nyoy0h,proposal_view,2026-08-16 17:36:12.239Z,,2026-08-16 17:36:13.878Z,3o2fj1znev0krvz,,m0zn817n9g4w07p,2026-08-16 17:36:12.239Z,216bb226ec191993
yppodvrr4aiturk,proposal_view,2026-08-16 17:36:18.480Z,,2026-08-16 17:36:20.117Z,3o2fj1znev0krvz,,usjpvaq5nnvjl9w,2026-08-16 17:36:18.480Z,216bb226ec191993
crkmv2h9ri6v7eq,proposal_view,2026-08-16 17:36:22.941Z,,2026-08-16 17:36:24.580Z,3o2fj1znev0krvz,,m0zn817n9g4w07p,2026-08-16 17:36:22.941Z,216bb226ec191993
m4tfjri7ko1oz75,proposal_view,2026-08-16 17:36:26.211Z,,2026-08-16 17:36:27.848Z,3o2fj1znev0krvz,,gjnpljxyyh1y1fv,2026-08-16 17:36:26.211Z,216bb226ec191993
clwkc3vzivwf2h3,page_view,2026-08-16 17:36:38.493Z,"{""from"": ""/de/questions/3o2fj1znev0krvz/proposals/ideas"", ""to"": ""/de/questions/3o2fj1znev0krvz/proposals/ideas""}",2026-08-16 17:36:40.119Z,3o2fj1znev0krvz,,,2026-08-16 17:36:38.493Z,216bb226ec191993
ur6eo65047kqg6l,page_view,2026-08-16 17:36:52.353Z,"{""from"": ""/de/questions/3o2fj1znev0krvz/proposals/ideas"", ""to"": ""/de/discourse""}",2026-08-16 17:36:53.994Z,3o2fj1znev0krvz,,,2026-08-16 17:36:52.353Z,216bb226ec191993
9md40032zdaagtq,page_view,2026-08-16 17:36:54.381Z,"{""from"": ""/de/discourse"", ""to"": ""/de/questions/76q0g006tjtp7gp/proposals/question""}",2026-08-16 17:36:56.023Z,76q0g006tjtp7gp,,,2026-08-16 17:36:54.381Z,216bb226ec191993
2e8678kfaftqjvx,page_view,2026-08-16 17:36:56.339Z,"{""from"": ""/de/questions/76q0g006tjtp7gp/proposals/question"", ""to"": ""/de/questions/76q0g006tjtp7gp/proposals/ideas""}",2026-08-16 17:36:57.976Z,76q0g006tjtp7gp,,,2026-08-16 17:36:56.339Z,216bb226ec191993
fpz0oqkrlvklk13,proposal_view,2026-08-16 17:36:58.965Z,,2026-08-16 17:37:00.592Z,76q0g006tjtp7gp,,yuk7erdsr4l9gbd,2026-08-16 17:36:58.965Z,216bb226ec191993
bp24ea4yzc5p5nc,proposal_view,2026-08-16 17:37:03.526Z,,2026-08-16 17:37:05.162Z,76q0g006tjtp7gp,,jm45hx8bajf99lv,2026-08-16 17:37:03.526Z,216bb226ec191993
acr1d355c0zocrq,proposal_view,2026-08-16 17:37:08.335Z,,2026-08-16 17:37:09.974Z,76q0g006tjtp7gp,,8mnhz0jpnllu7jd,2026-08-16 17:37:08.335Z,216bb226ec191993
ta74tx76kadcc7n,page_view,2026-08-17 07:25:00.266Z,"{""from"": ""/de/discourse"", ""to"": ""/de/questions/76q0g006tjtp7gp/proposals/question""}",2026-08-17 07:25:00.221Z,76q0g006tjtp7gp,,,2026-08-17 07:25:00.266Z,407be8b01d4ce342
g4smb8kwj1v1c2u,page_view,2026-08-17 07:25:02.112Z,"{""from"": ""/de/questions/76q0g006tjtp7gp/proposals/question"", ""to"": ""/de/questions/76q0g006tjtp7gp/proposals/ideas""}",2026-08-17 07:25:02.051Z,76q0g006tjtp7gp,,,2026-08-17 07:25:02.112Z,407be8b01d4ce342
25x73lv3a4ouwa4,proposal_view,2026-08-17 07:25:05.393Z,,2026-08-17 07:25:05.331Z,76q0g006tjtp7gp,,jm45hx8bajf99lv,2026-08-17 07:25:05.393Z,407be8b01d4ce342
jakt283swtb38p0,page_view,2026-08-17 07:25:11.716Z,"{""from"": ""/de/questions/76q0g006tjtp7gp/proposals/ideas"", ""to"": ""/de/questions/76q0g006tjtp7gp/proposals/ideas""}",2026-08-17 07:25:11.647Z,76q0g006tjtp7gp,,,2026-08-17 07:25:11.716Z,407be8b01d4ce342
1ht7sg43nsl96ht,page_view,2026-08-17 07:33:28.726Z,"{""from"": ""/de/register"", ""to"": ""/de/how-it-works""}",2026-08-17 07:33:28.360Z,,,,2026-08-17 07:33:28.726Z,7c575f07d0147059
coxl9oqmpdgh5j3,tab_switch,2026-08-17 07:34:06.671Z,"{""state"": ""visible""}",2026-08-17 07:34:05.926Z,,,,2026-08-17 07:34:06.671Z,7c575f07d0147059
vhq216ex5o08mnq,page_view,2026-08-17 07:34:11.533Z,"{""from"": ""/de/how-it-works"", ""to"": ""/how-it-works""}",2026-08-17 07:34:11.165Z,,,,2026-08-17 07:34:11.533Z,7c575f07d0147059
7faau2xusbkvnb4,page_view,2026-08-17 07:34:23.447Z,"{""from"": ""/how-it-works"", ""to"": ""/how-it-works""}",2026-08-17 07:34:23.064Z,,,,2026-08-17 07:34:23.447Z,7c575f07d0147059
paolm9lkv39qt39,page_view,2026-08-17 07:34:27.395Z,"{""from"": ""/how-it-works"", ""to"": ""/how-it-works""}",2026-08-17 07:34:26.996Z,,,,2026-08-17 07:34:27.395Z,7c575f07d0147059
9btrgvr5i51j502,page_view,2026-08-17 07:34:29.475Z,"{""from"": ""/how-it-works"", ""to"": ""/how-it-works""}",2026-08-17 07:34:29.108Z,,,,2026-08-17 07:34:29.475Z,7c575f07d0147059
l4avch5g4yjtwa2,tab_switch,2026-08-17 07:34:34.513Z,"{""state"": ""visible""}",2026-08-17 07:34:34.119Z,,,,2026-08-17 07:34:34.513Z,7c575f07d0147059
q6lhxakx8vpbcd1,page_view,2026-08-17 07:34:38.720Z,"{""from"": ""/de/login"", ""to"": ""/de/how-it-works""}",2026-08-17 07:34:38.346Z,,,,2026-08-17 07:34:38.720Z,7c575f07d0147059
3jtxkarahsfr9oh,page_view,2026-08-17 07:35:15.717Z,"{""from"": ""/de/how-it-works"", ""to"": ""/de/discourse""}",2026-08-17 07:35:15.347Z,,,,2026-08-17 07:35:15.717Z,7c575f07d0147059
57yi7y1omn4q7xj,page_view,2026-08-17 07:35:22.005Z,"{""from"": ""/de/discourse"", ""to"": ""/de/questions/3o2fj1znev0krvz/proposals/question""}",2026-08-17 07:35:21.631Z,3o2fj1znev0krvz,,,2026-08-17 07:35:22.005Z,7c575f07d0147059
ubf5ojdkprvkgbp,feed_filter_change,2026-08-17 07:35:52.242Z,"{""selectedLabelId"": null, ""sortMode"": ""Newest""}",2026-08-17 07:35:51.866Z,,,,2026-08-17 07:35:52.242Z,7c575f07d0147059
1amqgg522467cxz,page_view,2026-08-17 07:35:52.254Z,"{""from"": ""/de/questions/3o2fj1znev0krvz/proposals/question"", ""to"": ""/de/questions/3o2fj1znev0krvz/proposals/ideas""}",2026-08-17 07:35:51.892Z,3o2fj1znev0krvz,,,2026-08-17 07:35:52.254Z,7c575f07d0147059
26xrk63w5rsvm7p,tab_switch,2026-08-17 08:24:46.290Z,"{""state"": ""visible""}",2026-08-17 08:24:46.052Z,,,,2026-08-17 08:24:46.290Z,b5234477b29af758
i3dffc8mc6ocqyl,proposal_view,2026-08-17 08:24:48.790Z,,2026-08-17 08:24:48.618Z,3o2fj1znev0krvz,,wyx4lc9o5ebp473,2026-08-17 08:24:48.790Z,b5234477b29af758
pakkqg5v23rba04,proposal_view,2026-08-17 08:24:48.792Z,,2026-08-17 08:24:48.615Z,3o2fj1znev0krvz,,wyx4lc9o5ebp473,2026-08-17 08:24:48.792Z,b5234477b29af758
n3oizrczoh12a7y,session_start,2026-08-17 08:24:48.808Z,"{""isMobile"": false, ""screenHeight"": 908, ""screenWidth"": 1680, ""userAgent"": ""Mozilla/5.0 (Macintosh; Intel Mac OS X 10.15; rv:153.0) Gecko/20100101 Firefox/153.0""}",2026-08-17 08:24:48.622Z,,,,2026-08-17 08:24:48.808Z,b5234477b29af758
uc5zjs8x7x0nb0y,page_view,2026-08-17 08:24:48.810Z,"{""to"": ""/de/questions/3o2fj1znev0krvz/proposals/wyx4lc9o5ebp473""}",2026-08-17 08:24:48.631Z,3o2fj1znev0krvz,,,2026-08-17 08:24:48.810Z,b5234477b29af758
k3brqhbl17s3907,proposal_view,2026-08-17 08:25:41.027Z,,2026-08-17 08:25:40.697Z,3o2fj1znev0krvz,,creod2dm6xewo2s,2026-08-17 08:25:41.027Z,b5234477b29af758
2gru47y261fg957,tab_switch,2026-08-17 08:36:21.686Z,"{""state"": ""visible""}",2026-08-17 08:36:21.437Z,,,,2026-08-17 08:36:21.686Z,b5234477b29af758
fwrd3wi8op3bf1o,tab_switch,2026-08-17 08:45:05.381Z,"{""state"": ""visible""}",2026-08-17 08:45:05.092Z,,,,2026-08-17 08:45:05.381Z,b5234477b29af758
lsi71gorgsxtziu,proposal_view,2026-08-17 08:46:00.475Z,,2026-08-17 08:46:00.118Z,3o2fj1znev0krvz,,wyx4lc9o5ebp473,2026-08-17 08:46:00.475Z,b5234477b29af758
0tlmqjnvwlrmh4g,proposal_view,2026-08-17 08:46:01.610Z,,2026-08-17 08:46:01.220Z,3o2fj1znev0krvz,,creod2dm6xewo2s,2026-08-17 08:46:01.610Z,b5234477b29af758
fg4280o8d4860zc,page_view,2026-08-17 08:46:06.289Z,"{""from"": ""/de/questions/3o2fj1znev0krvz/proposals/ideas"", ""to"": ""/de/discourse""}",2026-08-17 08:46:05.922Z,3o2fj1znev0krvz,,,2026-08-17 08:46:06.289Z,b5234477b29af758
l1ekxs4541pqfr7,page_view,2026-08-17 08:46:11.233Z,"{""from"": ""/de/discourse"", ""to"": ""/de/questions/76q0g006tjtp7gp/proposals/question""}",2026-08-17 08:46:10.890Z,76q0g006tjtp7gp,,,2026-08-17 08:46:11.233Z,b5234477b29af758
a29atv4ailtl5t1,feed_filter_change,2026-08-17 08:46:15.744Z,"{""selectedLabelId"": null, ""sortMode"": ""Newest""}",2026-08-17 08:46:15.332Z,,,,2026-08-17 08:46:15.744Z,b5234477b29af758
m4cw16u99gngxay,page_view,2026-08-17 08:46:15.748Z,"{""from"": ""/de/questions/76q0g006tjtp7gp/proposals/question"", ""to"": ""/de/questions/76q0g006tjtp7gp/proposals/ideas""}",2026-08-17 08:46:15.337Z,76q0g006tjtp7gp,,,2026-08-17 08:46:15.748Z,b5234477b29af758
i5wtx3m54qygx2j,proposal_view,2026-08-17 08:46:30.501Z,,2026-08-17 08:46:30.125Z,76q0g006tjtp7gp,,xtsnw7ypbsms4jl,2026-08-17 08:46:30.501Z,b5234477b29af758
f1vastjy5exq51j,proposal_view,2026-08-17 08:46:49.122Z,,2026-08-17 08:46:48.755Z,76q0g006tjtp7gp,,8mnhz0jpnllu7jd,2026-08-17 08:46:49.122Z,b5234477b29af758
w0frdl97s6ygdhu,tab_switch,2026-08-17 08:47:36.152Z,"{""state"": ""visible""}",2026-08-17 08:47:35.850Z,,,,2026-08-17 08:47:36.152Z,b5234477b29af758
s8f5yhn2z7yrnsu,tab_switch,2026-08-17 08:52:42.178Z,"{""state"": ""visible""}",2026-08-17 08:52:41.982Z,,,,2026-08-17 08:52:42.178Z,b5234477b29af758
pl7b4c7wwad3buw,page_view,2026-08-17 09:25:04.259Z,"{""from"": ""/de/discourse"", ""to"": ""/de/questions/3o2fj1znev0krvz/proposals/question""}",2026-08-17 09:25:04.232Z,3o2fj1znev0krvz,,,2026-08-17 09:25:04.259Z,407be8b01d4ce342
o48w0kod48e7zsb,page_view,2026-08-17 09:25:05.532Z,"{""from"": ""/de/questions/3o2fj1znev0krvz/proposals/question"", ""to"": ""/de/groups/m5obm8bp0rbq043""}",2026-08-17 09:25:05.489Z,3o2fj1znev0krvz,,,2026-08-17 09:25:05.532Z,407be8b01d4ce342
chohb4vnfd77k8l,page_view,2026-08-17 09:25:10.798Z,"{""from"": ""/de/groups/m5obm8bp0rbq043"", ""to"": ""/de/discourse""}",2026-08-17 09:25:10.767Z,3o2fj1znev0krvz,,,2026-08-17 09:25:10.798Z,407be8b01d4ce342
qif3vh57qo5ucv3,page_view,2026-08-17 09:25:13.424Z,"{""from"": ""/de/discourse"", ""to"": ""/de/questions/3o2fj1znev0krvz/proposals/question""}",2026-08-17 09:25:13.400Z,3o2fj1znev0krvz,,,2026-08-17 09:25:13.424Z,407be8b01d4ce342
77ea1w0rzdm3939,page_view,2026-08-17 09:25:15.074Z,"{""from"": ""/de/questions/3o2fj1znev0krvz/proposals/question"", ""to"": ""/de/questions/3o2fj1znev0krvz/proposals/ideas""}",2026-08-17 09:25:15.025Z,3o2fj1znev0krvz,,,2026-08-17 09:25:15.074Z,407be8b01d4ce342
cku1yjghwszaqi4,unsubscribe,2026-08-17 09:25:34.676Z,,2026-08-17 09:25:34.674Z,3o2fj1znev0krvz,,usjpvaq5nnvjl9w,2026-08-17 09:25:34.676Z,407be8b01d4ce342
egcp0zejlswtdj0,subscribe,2026-08-17 09:25:39.780Z,,2026-08-17 09:25:39.778Z,3o2fj1znev0krvz,,px3acjduduouqz6,2026-08-17 09:25:39.780Z,407be8b01d4ce342
h8acqwacq5e12x2,unsubscribe,2026-08-17 09:25:40.670Z,,2026-08-17 09:25:40.669Z,3o2fj1znev0krvz,,px3acjduduouqz6,2026-08-17 09:25:40.670Z,407be8b01d4ce342
vxi7fcy1ybwdcdq,subscribe,2026-08-17 09:25:42.260Z,,2026-08-17 09:25:42.259Z,3o2fj1znev0krvz,,px3acjduduouqz6,2026-08-17 09:25:42.260Z,407be8b01d4ce342
uwjb8d1xfbwx5qv,unsubscribe,2026-08-17 09:25:45.412Z,,2026-08-17 09:25:45.411Z,3o2fj1znev0krvz,,px3acjduduouqz6,2026-08-17 09:25:45.412Z,407be8b01d4ce342
ztdp500unt5w2zc,proposal_view,2026-08-17 09:25:47.786Z,,2026-08-17 09:25:47.722Z,3o2fj1znev0krvz,,eesc7p17sxod25m,2026-08-17 09:25:47.786Z,407be8b01d4ce342
xhqes96cdve08v3,proposal_view,2026-08-17 09:26:05.312Z,,2026-08-17 09:26:05.246Z,3o2fj1znev0krvz,,ohdfhqxb1gg483o,2026-08-17 09:26:05.312Z,407be8b01d4ce342
uyxtlh2xro2cc2l,tab_switch,2026-08-17 09:50:48.135Z,"{""state"": ""visible""}",2026-08-17 09:50:47.903Z,,,,2026-08-17 09:50:48.135Z,b5234477b29af758
li93bnxai52okh6,tab_switch,2026-08-17 10:30:22.444Z,"{""state"": ""visible""}",2026-08-17 10:30:22.089Z,,,,2026-08-17 10:30:22.444Z,b5234477b29af758
ojwze0vsmezedgi,tab_switch,2026-08-17 10:38:59.323Z,"{""state"": ""visible""}",2026-08-17 10:38:59.108Z,,,,2026-08-17 10:38:59.323Z,b5234477b29af758
afbydr9ehvmxko2,feed_filter_change,2026-08-17 12:02:06.907Z,"{""selectedLabelId"": null, ""sortMode"": ""Newest""}",2026-08-17 12:02:06.451Z,,,,2026-08-17 12:02:06.907Z,7c575f07d0147059
1ztyunw1nta1hdv,page_view,2026-08-17 12:02:06.911Z,"{""to"": ""/de/questions/3o2fj1znev0krvz/proposals/ideas""}",2026-08-17 12:02:06.547Z,3o2fj1znev0krvz,,,2026-08-17 12:02:06.911Z,7c575f07d0147059
xoekfawxbefbys4,session_start,2026-08-17 12:02:06.911Z,"{""isMobile"": true, ""screenHeight"": 703, ""screenWidth"": 384, ""userAgent"": ""Mozilla/5.0 (Linux; Android 10; K) AppleWebKit/537.36 (KHTML, like Gecko) Chrome/149.0.0.0 Mobile Safari/537.36 EdgA/149.0.0.0""}",2026-08-17 12:02:06.526Z,,,,2026-08-17 12:02:06.911Z,7c575f07d0147059
zw14dyo43fpmwgt,page_view,2026-08-17 14:10:10.645Z,"{""from"": ""/de/discourse"", ""to"": ""/de/questions/3o2fj1znev0krvz/proposals/question""}",2026-08-17 14:10:10.624Z,3o2fj1znev0krvz,,,2026-08-17 14:10:10.645Z,407be8b01d4ce342
tgdfwo072zy4w82,page_view,2026-08-17 14:10:11.767Z,"{""from"": ""/de/questions/3o2fj1znev0krvz/proposals/question"", ""to"": ""/de/questions/3o2fj1znev0krvz/proposals/ideas""}",2026-08-17 14:10:11.716Z,3o2fj1znev0krvz,,,2026-08-17 14:10:11.767Z,407be8b01d4ce342
28mvq43kqpekvy5,proposal_view,2026-08-17 14:10:20.841Z,,2026-08-17 14:10:20.782Z,3o2fj1znev0krvz,,px3acjduduouqz6,2026-08-17 14:10:20.841Z,407be8b01d4ce342
h0h9ht7oe6kz59i,proposal_view,2026-08-17 14:10:23.864Z,,2026-08-17 14:10:23.832Z,3o2fj1znev0krvz,,eesc7p17sxod25m,2026-08-17 14:10:23.864Z,407be8b01d4ce342
zspy8vydfc5f4ld,proposal_view,2026-08-17 14:10:29.607Z,,2026-08-17 14:10:29.509Z,3o2fj1znev0krvz,,px3acjduduouqz6,2026-08-17 14:10:29.607Z,407be8b01d4ce342
xkee4maq99xcha2,page_view,2026-08-17 14:10:31.149Z,"{""from"": ""/de/questions/3o2fj1znev0krvz/proposals/ideas"", ""to"": ""/de/questions/3o2fj1znev0krvz/proposals/ideas""}",2026-08-17 14:10:31.033Z,3o2fj1znev0krvz,,,2026-08-17 14:10:31.149Z,407be8b01d4ce342
kaq6uod9e56rfu7,proposal_view,2026-08-17 14:10:32.216Z,,2026-08-17 14:10:32.169Z,3o2fj1znev0krvz,,px3acjduduouqz6,2026-08-17 14:10:32.216Z,407be8b01d4ce342
phq3taa4jzwjwpi,page_view,2026-08-17 14:10:32.220Z,"{""from"": ""/de/questions/3o2fj1znev0krvz/proposals/ideas"", ""to"": ""/de/questions/3o2fj1znev0krvz/proposals/ideas""}",2026-08-17 14:10:32.186Z,3o2fj1znev0krvz,,,2026-08-17 14:10:32.220Z,407be8b01d4ce342
c85ovduk9yjjpmc,proposal_view,2026-08-17 14:40:28.385Z,,2026-08-17 14:40:26.192Z,76q0g006tjtp7gp,,8mnhz0jpnllu7jd,2026-08-17 14:40:28.385Z,216bb226ec191993
wiaiwjh5smuw0vq,proposal_view,2026-08-17 14:40:28.387Z,,2026-08-17 14:40:26.170Z,76q0g006tjtp7gp,,8mnhz0jpnllu7jd,2026-08-17 14:40:28.387Z,216bb226ec191993
od3pd07wk00fg4r,page_view,2026-08-17 14:40:28.393Z,"{""to"": ""/de/questions/76q0g006tjtp7gp/proposals/8mnhz0jpnllu7jd""}",2026-08-17 14:40:26.245Z,76q0g006tjtp7gp,,,2026-08-17 14:40:28.393Z,216bb226ec191993
kf5td6ktc9oidbv,session_start,2026-08-17 14:40:28.396Z,"{""isMobile"": false, ""screenHeight"": 797, ""screenWidth"": 1440, ""userAgent"": ""Mozilla/5.0 (Windows NT 10.0; Win64; x64) AppleWebKit/537.36 (KHTML, like Gecko) Chrome/151.0.0.0 Safari/537.36""}",2026-08-17 14:40:26.216Z,,,,2026-08-17 14:40:28.396Z,216bb226ec191993
rt38bcdvm2sstkg,notification_panel_open,2026-08-17 14:40:29.210Z,"{""unread_count"": 0}",2026-08-17 14:40:28.287Z,,,,2026-08-17 14:40:29.210Z,216bb226ec191993
i9s38e5p1fysm1u,proposal_view,2026-08-17 14:40:34.069Z,,2026-08-17 14:40:33.153Z,76q0g006tjtp7gp,,jm45hx8bajf99lv,2026-08-17 14:40:34.069Z,216bb226ec191993
b77l0sxgn8g0am9,proposal_view,2026-08-17 14:40:37.003Z,,2026-08-17 14:40:36.085Z,76q0g006tjtp7gp,,yuk7erdsr4l9gbd,2026-08-17 14:40:37.003Z,216bb226ec191993
f07enk9ipax30ly,proposal_view,2026-08-17 14:40:39.801Z,,2026-08-17 14:40:38.877Z,76q0g006tjtp7gp,,z5ovabzo2syrqbj,2026-08-17 14:40:39.801Z,216bb226ec191993
w224mtnggmvwgdy,proposal_view,2026-08-17 14:40:44.096Z,,2026-08-17 14:40:43.169Z,76q0g006tjtp7gp,,8mnhz0jpnllu7jd,2026-08-17 14:40:44.096Z,216bb226ec191993
7eikhuyt951yeae,proposal_view,2026-08-17 14:40:49.638Z,,2026-08-17 14:40:48.717Z,76q0g006tjtp7gp,,jm45hx8bajf99lv,2026-08-17 14:40:49.638Z,216bb226ec191993
m8mjfvl4uohlr8j,tab_switch,2026-08-17 14:48:36.391Z,"{""state"": ""visible""}",2026-08-17 14:48:35.448Z,,,,2026-08-17 14:48:36.391Z,216bb226ec191993
ouc68iwda3jv92p,tab_switch,2026-08-17 14:50:15.497Z,"{""state"": ""visible""}",2026-08-17 14:50:14.544Z,,,,2026-08-17 14:50:15.497Z,216bb226ec191993
apw99djylg3w54j,tab_switch,2026-08-17 14:53:39.497Z,"{""state"": ""visible""}",2026-08-17 14:53:38.518Z,,,,2026-08-17 14:53:39.497Z,216bb226ec191993
jyiix87ocnjczrx,tab_switch,2026-08-17 14:55:43.220Z,"{""state"": ""visible""}",2026-08-17 14:55:42.289Z,,,,2026-08-17 14:55:43.220Z,216bb226ec191993
vjjqr42q78v82qo,subscribe,2026-08-17 14:56:01.017Z,,2026-08-17 14:56:01.017Z,76q0g006tjtp7gp,,vixofkl1sb29k6z,2026-08-17 14:56:01.017Z,216bb226ec191993
25iffv52eoexvo2,remix_singular,2026-08-17 14:56:01.022Z,,2026-08-17 14:56:01.014Z,76q0g006tjtp7gp,,vixofkl1sb29k6z,2026-08-17 14:56:01.022Z,216bb226ec191993
6smbx9cy30vtf0j,proposal_view,2026-08-17 14:56:01.331Z,,2026-08-17 14:56:00.376Z,76q0g006tjtp7gp,,8mnhz0jpnllu7jd,2026-08-17 14:56:01.331Z,216bb226ec191993
i3yy74dyang0r0v,proposal_view,2026-08-17 14:56:01.470Z,,2026-08-17 14:56:00.535Z,76q0g006tjtp7gp,,vixofkl1sb29k6z,2026-08-17 14:56:01.470Z,216bb226ec191993
dwqpi87kxnzegme,proposal_view,2026-08-17 14:56:01.472Z,,2026-08-17 14:56:00.542Z,76q0g006tjtp7gp,,vixofkl1sb29k6z,2026-08-17 14:56:01.472Z,216bb226ec191993
d0y4nqd4deffujp,page_view,2026-08-17 14:56:01.478Z,"{""from"": ""/de/questions/76q0g006tjtp7gp/proposals/8mnhz0jpnllu7jd"", ""to"": ""/de/questions/76q0g006tjtp7gp/proposals/vixofkl1sb29k6z""}",2026-08-17 14:56:00.556Z,76q0g006tjtp7gp,,,2026-08-17 14:56:01.478Z,216bb226ec191993
7hdgp7ejjixim9j,page_view,2026-08-17 16:29:19.815Z,"{""from"": ""/de/discourse"", ""to"": ""/de/questions/3o2fj1znev0krvz/proposals/question""}",2026-08-17 16:29:19.799Z,3o2fj1znev0krvz,,,2026-08-17 16:29:19.815Z,407be8b01d4ce342
ufaoiscc021558m,page_view,2026-08-17 16:29:21.302Z,"{""from"": ""/de/questions/3o2fj1znev0krvz/proposals/question"", ""to"": ""/de/questions/3o2fj1znev0krvz/proposals/ideas""}",2026-08-17 16:29:21.253Z,3o2fj1znev0krvz,,,2026-08-17 16:29:21.302Z,407be8b01d4ce342
7q29i0fopxbzdms,page_view,2026-08-17 19:05:30.239Z,"{""from"": ""/de/discourse"", ""to"": ""/de/questions/76q0g006tjtp7gp/proposals/question""}",2026-08-17 19:05:30.214Z,76q0g006tjtp7gp,,,2026-08-17 19:05:30.239Z,407be8b01d4ce342
6jtzvr9ftocdt4q,page_view,2026-08-17 19:05:31.855Z,"{""from"": ""/de/questions/76q0g006tjtp7gp/proposals/question"", ""to"": ""/de/questions/76q0g006tjtp7gp/proposals/ideas""}",2026-08-17 19:05:31.834Z,76q0g006tjtp7gp,,,2026-08-17 19:05:31.855Z,407be8b01d4ce342
7wko7dwvz4ovk9j,proposal_view,2026-08-17 19:05:35.028Z,,2026-08-17 19:05:35.004Z,76q0g006tjtp7gp,,vixofkl1sb29k6z,2026-08-17 19:05:35.028Z,407be8b01d4ce342
mgprp0mm99a2av6,subscribe,2026-08-17 19:05:48.875Z,,2026-08-17 19:05:48.874Z,76q0g006tjtp7gp,,vixofkl1sb29k6z,2026-08-17 19:05:48.875Z,407be8b01d4ce342
w6jbseslam2c7ci,page_view,2026-08-17 19:05:51.037Z,"{""from"": ""/de/questions/76q0g006tjtp7gp/proposals/ideas"", ""to"": ""/de/questions/76q0g006tjtp7gp/proposals/compare""}",2026-08-17 19:05:51.014Z,76q0g006tjtp7gp,,,2026-08-17 19:05:51.037Z,407be8b01d4ce342
625kte85ond7g7a,page_view,2026-08-17 19:05:52.868Z,"{""from"": ""/de/questions/76q0g006tjtp7gp/proposals/compare"", ""to"": ""/de/questions/76q0g006tjtp7gp/proposals/ideas""}",2026-08-17 19:05:52.842Z,76q0g006tjtp7gp,,,2026-08-17 19:05:52.868Z,407be8b01d4ce342
fe2ax9oeje9bewb,proposal_view,2026-08-17 19:05:52.868Z,,2026-08-17 19:05:52.832Z,76q0g006tjtp7gp,,vixofkl1sb29k6z,2026-08-17 19:05:52.868Z,407be8b01d4ce342
71r4y1wogfoj6zs,page_view,2026-08-17 19:05:56.310Z,"{""from"": ""/de/questions/76q0g006tjtp7gp/proposals/ideas"", ""to"": ""/de/questions/76q0g006tjtp7gp/proposals/compare""}",2026-08-17 19:05:56.289Z,76q0g006tjtp7gp,,,2026-08-17 19:05:56.310Z,407be8b01d4ce342
wfsww98cnplocrb,proposal_view,2026-08-17 19:05:59.599Z,,2026-08-17 19:05:59.571Z,76q0g006tjtp7gp,,vixofkl1sb29k6z,2026-08-17 19:05:59.599Z,407be8b01d4ce342
631qgv0jdcifoto,page_view,2026-08-17 19:05:59.603Z,"{""from"": ""/de/questions/76q0g006tjtp7gp/proposals/compare"", ""to"": ""/de/questions/76q0g006tjtp7gp/proposals/ideas""}",2026-08-17 19:05:59.580Z,76q0g006tjtp7gp,,,2026-08-17 19:05:59.603Z,407be8b01d4ce342
gpd9xz5bzbo4ox4,proposal_view,2026-08-17 19:06:04.302Z,,2026-08-17 19:06:04.277Z,76q0g006tjtp7gp,,jm45hx8bajf99lv,2026-08-17 19:06:04.302Z,407be8b01d4ce342
y2pgcefze9fc67n,proposal_view,2026-08-17 19:06:08.555Z,,2026-08-17 19:06:08.526Z,76q0g006tjtp7gp,,yuk7erdsr4l9gbd,2026-08-17 19:06:08.555Z,407be8b01d4ce342
46au6w9mckhyjtq,unsubscribe,2026-08-17 19:06:17.051Z,,2026-08-17 19:06:17.050Z,76q0g006tjtp7gp,,yuk7erdsr4l9gbd,2026-08-17 19:06:17.051Z,407be8b01d4ce342
vtfz4yxr8ccbbmz,proposal_view,2026-08-17 19:06:18.312Z,,2026-08-17 19:06:18.282Z,76q0g006tjtp7gp,,jm45hx8bajf99lv,2026-08-17 19:06:18.312Z,407be8b01d4ce342
ymwb8qbg1rzystz,proposal_view,2026-08-17 19:06:22.169Z,,2026-08-17 19:06:22.144Z,76q0g006tjtp7gp,,yuk7erdsr4l9gbd,2026-08-17 19:06:22.169Z,407be8b01d4ce342
3oxl2zuk8kbkrw0,proposal_view,2026-08-17 19:06:33.366Z,,2026-08-17 19:06:33.342Z,76q0g006tjtp7gp,,xtsnw7ypbsms4jl,2026-08-17 19:06:33.366Z,407be8b01d4ce342
7sozjzat3848bp6,unsubscribe,2026-08-17 19:06:35.097Z,,2026-08-17 19:06:35.096Z,76q0g006tjtp7gp,,xtsnw7ypbsms4jl,2026-08-17 19:06:35.097Z,407be8b01d4ce342
4sh8hjzqowx8h46,proposal_view,2026-08-17 19:06:39.484Z,,2026-08-17 19:06:39.460Z,76q0g006tjtp7gp,,vixofkl1sb29k6z,2026-08-17 19:06:39.484Z,407be8b01d4ce342
6y3f0obw6xhwg8a,page_view,2026-08-17 19:06:44.742Z,"{""from"": ""/de/questions/76q0g006tjtp7gp/proposals/ideas"", ""to"": ""/de/questions/76q0g006tjtp7gp/proposals/ideas""}",2026-08-17 19:06:44.711Z,76q0g006tjtp7gp,,,2026-08-17 19:06:44.742Z,407be8b01d4ce342
jgdusuiglb0mqe6,page_view,2026-08-18 08:46:49.833Z,"{""from"": ""/de/discourse"", ""to"": ""/de/questions/3o2fj1znev0krvz/proposals/question""}",2026-08-18 08:46:49.816Z,3o2fj1znev0krvz,,,2026-08-18 08:46:49.833Z,407be8b01d4ce342
jydwdfcv2pb1kd4,page_view,2026-08-18 08:46:51.032Z,"{""from"": ""/de/questions/3o2fj1znev0krvz/proposals/question"", ""to"": ""/de/groups/m5obm8bp0rbq043""}",2026-08-18 08:46:51.010Z,3o2fj1znev0krvz,,,2026-08-18 08:46:51.032Z,407be8b01d4ce342
oysvlazmjldzb3h,page_view,2026-08-18 08:46:56.101Z,"{""from"": ""/de/groups/m5obm8bp0rbq043"", ""to"": ""/de/questions/76q0g006tjtp7gp/proposals/question""}",2026-08-18 08:46:56.081Z,76q0g006tjtp7gp,,,2026-08-18 08:46:56.101Z,407be8b01d4ce342
5k0cuvtjza321fp,page_view,2026-08-18 08:46:58.075Z,"{""from"": ""/de/questions/76q0g006tjtp7gp/proposals/question"", ""to"": ""/de/questions/76q0g006tjtp7gp/proposals/ideas""}",2026-08-18 08:46:58.051Z,76q0g006tjtp7gp,,,2026-08-18 08:46:58.075Z,407be8b01d4ce342
bhj9p0w54qjbzz4,page_view,2026-08-18 10:45:50.340Z,"{""from"": ""/de/discourse"", ""to"": ""/de/questions/76q0g006tjtp7gp/proposals/question""}",2026-08-18 10:45:50.328Z,76q0g006tjtp7gp,,,2026-08-18 10:45:50.340Z,407be8b01d4ce342
namd9j9hogj465s,page_view,2026-08-18 10:45:51.651Z,"{""from"": ""/de/questions/76q0g006tjtp7gp/proposals/question"", ""to"": ""/de/questions/76q0g006tjtp7gp/proposals/ideas""}",2026-08-18 10:45:51.635Z,76q0g006tjtp7gp,,,2026-08-18 10:45:51.651Z,407be8b01d4ce342
hihq0l61lbe9tuz,hide_proposal,2026-08-18 12:34:09.968Z,,2026-08-18 12:34:09.873Z,76q0g006tjtp7gp,,yuk7erdsr4l9gbd,2026-08-18 12:34:09.968Z,407be8b01d4ce342
z2ylb38jpbyzcdp,hide_proposal,2026-08-18 12:34:09.983Z,,2026-08-18 12:34:09.981Z,76q0g006tjtp7gp,,yuk7erdsr4l9gbd,2026-08-18 12:34:09.983Z,407be8b01d4ce342
qh1n6gw246xqtgx,page_view,2026-08-18 12:34:16.670Z,"{""from"": ""/de/discourse"", ""to"": ""/de/questions/3o2fj1znev0krvz/proposals/question""}",2026-08-18 12:34:16.578Z,3o2fj1znev0krvz,,,2026-08-18 12:34:16.670Z,407be8b01d4ce342
3vc7b17x863djqm,page_view,2026-08-18 12:34:18.003Z,"{""from"": ""/de/questions/3o2fj1znev0krvz/proposals/question"", ""to"": ""/de/questions/3o2fj1znev0krvz/proposals/ideas""}",2026-08-18 12:34:17.914Z,3o2fj1znev0krvz,,,2026-08-18 12:34:18.003Z,407be8b01d4ce342
4o6oi5cfowrbqc9,hide_proposal,2026-08-18 12:34:23.071Z,,2026-08-18 12:34:22.960Z,3o2fj1znev0krvz,,px3acjduduouqz6,2026-08-18 12:34:23.071Z,407be8b01d4ce342
j31x27ocfjyxoiq,hide_proposal,2026-08-18 12:34:23.075Z,,2026-08-18 12:34:23.073Z,3o2fj1znev0krvz,,px3acjduduouqz6,2026-08-18 12:34:23.075Z,407be8b01d4ce342
84xjitfbpoqodew,proposal_view,2026-08-18 12:34:25.467Z,,2026-08-18 12:34:25.372Z,3o2fj1znev0krvz,,px3acjduduouqz6,2026-08-18 12:34:25.467Z,407be8b01d4ce342
1w18zouv7sjd5kz,page_view,2026-08-18 12:34:35.494Z,"{""from"": ""/de/discourse"", ""to"": ""/de/questions/3o2fj1znev0krvz/proposals/question""}",2026-08-18 12:34:35.403Z,3o2fj1znev0krvz,,,2026-08-18 12:34:35.494Z,407be8b01d4ce342
wxzunl4ps47ln7a,page_view,2026-08-18 12:34:37.371Z,"{""from"": ""/de/questions/3o2fj1znev0krvz/proposals/question"", ""to"": ""/de/questions/3o2fj1znev0krvz/proposals/ideas""}",2026-08-18 12:34:37.281Z,3o2fj1znev0krvz,,,2026-08-18 12:34:37.371Z,407be8b01d4ce342
0ypb7rcigf9mjbf,page_view,2026-08-18 13:37:05.489Z,"{""from"": ""/de/register"", ""to"": ""/de/how-it-works""}",2026-08-18 13:37:05.079Z,,,,2026-08-18 13:37:05.489Z,4ae21a849ee008e7
dejd694ozjpdkiu,page_view,2026-08-18 13:37:10.448Z,"{""from"": ""/de/how-it-works"", ""to"": ""/de/discourse""}",2026-08-18 13:37:10.077Z,,,,2026-08-18 13:37:10.448Z,4ae21a849ee008e7
iwqxz82fbml9n3b,page_view,2026-08-18 13:37:13.062Z,"{""from"": ""/de/discourse"", ""to"": ""/de/questions/3o2fj1znev0krvz/proposals/question""}",2026-08-18 13:37:12.652Z,3o2fj1znev0krvz,,,2026-08-18 13:37:13.062Z,4ae21a849ee008e7
rk4ctapklq4icf0,feed_filter_change,2026-08-18 13:37:15.371Z,"{""selectedLabelId"": null, ""sortMode"": ""Newest""}",2026-08-18 13:37:14.962Z,,,,2026-08-18 13:37:15.371Z,4ae21a849ee008e7
sdi66za5e6nd4bq,page_view,2026-08-18 13:37:15.384Z,"{""from"": ""/de/questions/3o2fj1znev0krvz/proposals/question"", ""to"": ""/de/questions/3o2fj1znev0krvz/proposals/ideas""}",2026-08-18 13:37:15.009Z,3o2fj1znev0krvz,,,2026-08-18 13:37:15.384Z,4ae21a849ee008e7
jchvbrokpt83632,proposal_view,2026-08-18 13:37:19.412Z,,2026-08-18 13:37:19.031Z,3o2fj1znev0krvz,,ohdfhqxb1gg483o,2026-08-18 13:37:19.412Z,4ae21a849ee008e7
uop4811vnqa8b1f,proposal_view,2026-08-18 13:37:45.926Z,,2026-08-18 13:37:45.553Z,3o2fj1znev0krvz,,y9eb6fxeu3zpepy,2026-08-18 13:37:45.926Z,4ae21a849ee008e7
irdaw2z812fmn1q,proposal_view,2026-08-18 13:37:52.767Z,,2026-08-18 13:37:52.391Z,3o2fj1znev0krvz,,ohdfhqxb1gg483o,2026-08-18 13:37:52.767Z,4ae21a849ee008e7
bz6gm7vw4leh3sy,page_view,2026-08-18 13:37:59.972Z,"{""from"": ""/de/questions/3o2fj1znev0krvz/proposals/ideas"", ""to"": ""/de/discourse""}",2026-08-18 13:37:59.598Z,3o2fj1znev0krvz,,,2026-08-18 13:37:59.972Z,4ae21a849ee008e7
xjr5xboazcgrokn,page_view,2026-08-18 13:38:01.998Z,"{""from"": ""/de/discourse"", ""to"": ""/de/questions/76q0g006tjtp7gp/proposals/question""}",2026-08-18 13:38:01.589Z,76q0g006tjtp7gp,,,2026-08-18 13:38:01.998Z,4ae21a849ee008e7
d6r4lku5fstype3,page_view,2026-08-18 13:38:03.853Z,"{""from"": ""/de/questions/76q0g006tjtp7gp/proposals/question"", ""to"": ""/de/questions/76q0g006tjtp7gp/proposals/ideas""}",2026-08-18 13:38:03.481Z,76q0g006tjtp7gp,,,2026-08-18 13:38:03.853Z,4ae21a849ee008e7
dlj8vfyq5ezsshs,proposal_view,2026-08-18 13:38:09.666Z,,2026-08-18 13:38:09.291Z,76q0g006tjtp7gp,,vixofkl1sb29k6z,2026-08-18 13:38:09.666Z,4ae21a849ee008e7
af5atqj95w19u91,proposal_view,2026-08-18 13:38:12.816Z,,2026-08-18 13:38:12.444Z,76q0g006tjtp7gp,,z5ovabzo2syrqbj,2026-08-18 13:38:12.816Z,4ae21a849ee008e7
w8a26n6vuh6v2gz,proposal_view,2026-08-18 13:38:14.827Z,,2026-08-18 13:38:14.455Z,76q0g006tjtp7gp,,8mnhz0jpnllu7jd,2026-08-18 13:38:14.827Z,4ae21a849ee008e7
j9ff12qh9fhpf8r,proposal_view,2026-08-18 13:38:16.362Z,,2026-08-18 13:38:15.986Z,76q0g006tjtp7gp,,jm45hx8bajf99lv,2026-08-18 13:38:16.362Z,4ae21a849ee008e7
yy6nv64nan5wlwb,proposal_view,2026-08-18 13:38:17.287Z,,2026-08-18 13:38:16.916Z,76q0g006tjtp7gp,,yuk7erdsr4l9gbd,2026-08-18 13:38:17.287Z,4ae21a849ee008e7
mizw615a84a901q,proposal_view,2026-08-18 13:38:18.607Z,,2026-08-18 13:38:18.238Z,76q0g006tjtp7gp,,xtsnw7ypbsms4jl,2026-08-18 13:38:18.607Z,4ae21a849ee008e7
kcopiskbhoy9rbr,proposal_view,2026-08-18 13:38:19.595Z,,2026-08-18 13:38:19.219Z,76q0g006tjtp7gp,,l6ue0ntwy9qo9p6,2026-08-18 13:38:19.595Z,4ae21a849ee008e7
u0snidp9o62p1wm,tab_switch,2026-08-18 13:38:45.450Z,"{""state"": ""visible""}",2026-08-18 13:38:45.066Z,,,,2026-08-18 13:38:45.450Z,4ae21a849ee008e7
vsu4uys9f1d3zuf,page_view,2026-08-18 13:43:36.295Z,"{""from"": ""/de/login"", ""to"": ""/de/discourse""}",2026-08-18 13:43:35.887Z,,,,2026-08-18 13:43:36.295Z,4ae21a849ee008e7
9vzt1lpvx7264kd,page_view,2026-08-18 13:43:41.608Z,"{""from"": ""/de/discourse"", ""to"": ""/de/discourse""}",2026-08-18 13:43:41.224Z,,,,2026-08-18 13:43:41.608Z,4ae21a849ee008e7
uqr92f8q876fqu7,tab_switch,2026-08-18 13:43:43.765Z,"{""state"": ""visible""}",2026-08-18 13:43:43.374Z,,,,2026-08-18 13:43:43.765Z,4ae21a849ee008e7
od3mlooomebry0z,proposal_view,2026-08-18 13:56:06.897Z,,2026-08-18 13:56:06.699Z,3o2fj1znev0krvz,,ohdfhqxb1gg483o,2026-08-18 13:56:06.897Z,407be8b01d4ce342
fzvusamfah9nrvb,page_view,2026-08-18 13:56:10.945Z,"{""from"": ""/de/questions/3o2fj1znev0krvz/proposals/subscriptions"", ""to"": ""/de/questions/3o2fj1znev0krvz/proposals/subscriptions""}",2026-08-18 13:56:10.785Z,3o2fj1znev0krvz,,,2026-08-18 13:56:10.945Z,407be8b01d4ce342
2iq1y49rublcqns,page_view,2026-08-18 13:56:13.151Z,"{""from"": ""/de/questions/3o2fj1znev0krvz/proposals/subscriptions"", ""to"": ""/de/questions/3o2fj1znev0krvz/proposals/subscriptions""}",2026-08-18 13:56:12.993Z,3o2fj1znev0krvz,,,2026-08-18 13:56:13.151Z,407be8b01d4ce342
witbjb9wz1ha93s,page_view,2026-08-18 13:56:15.051Z,"{""from"": ""/de/questions/3o2fj1znev0krvz/proposals/subscriptions"", ""to"": ""/de/questions/3o2fj1znev0krvz/proposals/ideas""}",2026-08-18 13:56:14.900Z,3o2fj1znev0krvz,,,2026-08-18 13:56:15.051Z,407be8b01d4ce342
hisghb1r4bwv1cz,hide_proposal,2026-08-18 13:56:23.745Z,,2026-08-18 13:56:23.583Z,3o2fj1znev0krvz,,y9eb6fxeu3zpepy,2026-08-18 13:56:23.745Z,407be8b01d4ce342
i4nveepdkyjup5n,hide_proposal,2026-08-18 13:56:23.748Z,,2026-08-18 13:56:23.747Z,3o2fj1znev0krvz,,y9eb6fxeu3zpepy,2026-08-18 13:56:23.748Z,407be8b01d4ce342
rnk69a3cnpobpnz,proposal_view,2026-08-18 13:56:35.651Z,,2026-08-18 13:56:35.496Z,3o2fj1znev0krvz,,vee7zdpty5ijljm,2026-08-18 13:56:35.651Z,407be8b01d4ce342
b5hazli5a3qbwcs,hide_proposal,2026-08-18 13:56:43.880Z,,2026-08-18 13:56:43.879Z,3o2fj1znev0krvz,,vee7zdpty5ijljm,2026-08-18 13:56:43.880Z,407be8b01d4ce342
3ch50oa5r0q8a95,page_view,2026-08-18 13:56:43.980Z,"{""from"": ""/de/questions/3o2fj1znev0krvz/proposals/subscriptions"", ""to"": ""/de/questions/3o2fj1znev0krvz/proposals/ideas""}",2026-08-18 13:56:43.828Z,3o2fj1znev0krvz,,,2026-08-18 13:56:43.980Z,407be8b01d4ce342
tjwwgx20geuy3wt,page_view,2026-08-18 13:56:48.185Z,"{""from"": ""/de/questions/3o2fj1znev0krvz/proposals/subscriptions"", ""to"": ""/de/questions/3o2fj1znev0krvz/proposals/ideas""}",2026-08-18 13:56:47.944Z,3o2fj1znev0krvz,,,2026-08-18 13:56:48.185Z,407be8b01d4ce342
bw4jxczhbp5inar,proposal_view,2026-08-18 13:56:49.964Z,,2026-08-18 13:56:49.741Z,3o2fj1znev0krvz,,y9eb6fxeu3zpepy,2026-08-18 13:56:49.964Z,407be8b01d4ce342
td1ajqvo9n6nznn,proposal_view,2026-08-18 13:56:58.310Z,,2026-08-18 13:56:58.154Z,3o2fj1znev0krvz,,cu6kgkeod5v8oxj,2026-08-18 13:56:58.310Z,407be8b01d4ce342
ql2d4kcxf6d8dok,proposal_view,2026-08-18 13:57:06.174Z,,2026-08-18 13:57:06.016Z,3o2fj1znev0krvz,,ehi9fzgit9bcjwx,2026-08-18 13:57:06.174Z,407be8b01d4ce342
jfcy2d7s5xfw1bq,hide_proposal,2026-08-18 13:57:09.721Z,,2026-08-18 13:57:09.720Z,3o2fj1znev0krvz,,ehi9fzgit9bcjwx,2026-08-18 13:57:09.721Z,407be8b01d4ce342
pafnqzs06jpl5z1,page_view,2026-08-18 13:57:09.806Z,"{""from"": ""/de/questions/3o2fj1znev0krvz/proposals/ideas"", ""to"": ""/de/questions/3o2fj1znev0krvz/proposals/ideas""}",2026-08-18 13:57:09.653Z,3o2fj1znev0krvz,,,2026-08-18 13:57:09.806Z,407be8b01d4ce342
rkocwsnnovzj45k,proposal_view,2026-08-18 13:57:12.056Z,,2026-08-18 13:57:11.894Z,3o2fj1znev0krvz,,ehi9fzgit9bcjwx,2026-08-18 13:57:12.056Z,407be8b01d4ce342
a0cmni4cuhoe4rj,proposal_view,2026-08-18 13:57:14.396Z,,2026-08-18 13:57:14.241Z,3o2fj1znev0krvz,,626n317m1w4j7lo,2026-08-18 13:57:14.396Z,407be8b01d4ce342
xefykezb2racoqu,proposal_view,2026-08-18 13:57:25.586Z,,2026-08-18 13:57:25.430Z,3o2fj1znev0krvz,,m5vq0q540kenhen,2026-08-18 13:57:25.586Z,407be8b01d4ce342
g0xjfuio66b5g1n,hide_proposal,2026-08-18 13:57:36.119Z,,2026-08-18 13:57:36.118Z,3o2fj1znev0krvz,,m5vq0q540kenhen,2026-08-18 13:57:36.119Z,407be8b01d4ce342
khms3cxfvy8z8fz,page_view,2026-08-18 13:57:36.223Z,"{""from"": ""/de/questions/3o2fj1znev0krvz/proposals/ideas"", ""to"": ""/de/questions/3o2fj1znev0krvz/proposals/ideas""}",2026-08-18 13:57:36.053Z,3o2fj1znev0krvz,,,2026-08-18 13:57:36.223Z,407be8b01d4ce342
akjgur020xu567z,proposal_view,2026-08-18 13:57:40.853Z,,2026-08-18 13:57:40.696Z,3o2fj1znev0krvz,,626n317m1w4j7lo,2026-08-18 13:57:40.853Z,407be8b01d4ce342
wwtnqgqgecmstpu,proposal_view,2026-08-18 13:57:46.637Z,,2026-08-18 13:57:46.480Z,3o2fj1znev0krvz,,n8luy5w1pc5olz4,2026-08-18 13:57:46.637Z,407be8b01d4ce342
7jsx3xvnq96sglj,page_view,2026-08-18 13:57:51.004Z,"{""from"": ""/de/questions/3o2fj1znev0krvz/proposals/ideas"", ""to"": ""/de/questions/3o2fj1znev0krvz/proposals/ideas""}",2026-08-18 13:57:50.837Z,3o2fj1znev0krvz,,,2026-08-18 13:57:51.004Z,407be8b01d4ce342
jlfkc9o8hue0c8j,proposal_view,2026-08-18 13:57:56.058Z,,2026-08-18 13:57:55.902Z,3o2fj1znev0krvz,,creod2dm6xewo2s,2026-08-18 13:57:56.058Z,407be8b01d4ce342
uhj1qgtvr4iqsn9,hide_proposal,2026-08-18 13:58:08.382Z,,2026-08-18 13:58:08.381Z,3o2fj1znev0krvz,,creod2dm6xewo2s,2026-08-18 13:58:08.382Z,407be8b01d4ce342
7b82sxaquimv5nf,page_view,2026-08-18 13:58:08.480Z,"{""from"": ""/de/questions/3o2fj1znev0krvz/proposals/ideas"", ""to"": ""/de/questions/3o2fj1znev0krvz/proposals/ideas""}",2026-08-18 13:58:08.325Z,3o2fj1znev0krvz,,,2026-08-18 13:58:08.480Z,407be8b01d4ce342
lmr3vee54df74e0,proposal_view,2026-08-18 13:58:15.321Z,,2026-08-18 13:58:15.160Z,3o2fj1znev0krvz,,n8luy5w1pc5olz4,2026-08-18 13:58:15.321Z,407be8b01d4ce342
t42cfox9f5t1pfk,hide_proposal,2026-08-18 13:58:19.932Z,,2026-08-18 13:58:19.769Z,3o2fj1znev0krvz,,d8last7n0bdbqme,2026-08-18 13:58:19.932Z,407be8b01d4ce342
r0bd2m4jl08wi5r,hide_proposal,2026-08-18 13:58:19.936Z,,2026-08-18 13:58:19.935Z,3o2fj1znev0krvz,,d8last7n0bdbqme,2026-08-18 13:58:19.936Z,407be8b01d4ce342
t2uwdd8fpa3omo2,proposal_view,2026-08-18 13:58:23.208Z,,2026-08-18 13:58:23.050Z,3o2fj1znev0krvz,,rgjhcdyr8kdvxyz,2026-08-18 13:58:23.208Z,407be8b01d4ce342
s45wvo9ychfbeje,hide_proposal,2026-08-18 13:58:30.784Z,,2026-08-18 13:58:30.783Z,3o2fj1znev0krvz,,rgjhcdyr8kdvxyz,2026-08-18 13:58:30.784Z,407be8b01d4ce342
2iezvv6rm80uqsz,page_view,2026-08-18 13:58:30.872Z,"{""from"": ""/de/questions/3o2fj1znev0krvz/proposals/ideas"", ""to"": ""/de/questions/3o2fj1znev0krvz/proposals/ideas""}",2026-08-18 13:58:30.716Z,3o2fj1znev0krvz,,,2026-08-18 13:58:30.872Z,407be8b01d4ce342
y503l8ed3ix52k0,page_view,2026-08-18 13:58:42.142Z,"{""from"": ""/de/questions/3o2fj1znev0krvz/proposals/ballot"", ""to"": ""/de/questions/3o2fj1znev0krvz/proposals/ballot""}",2026-08-18 13:58:41.985Z,3o2fj1znev0krvz,,,2026-08-18 13:58:42.142Z,407be8b01d4ce342
808ruzb1xj7cve3,proposal_view,2026-08-18 13:58:42.839Z,,2026-08-18 13:58:42.679Z,3o2fj1znev0krvz,,2w5teh1hty0mznr,2026-08-18 13:58:42.839Z,407be8b01d4ce342
h6hg8l0rdv4islj,proposal_view,2026-08-18 13:58:54.024Z,,2026-08-18 13:58:53.864Z,3o2fj1znev0krvz,,gjnpljxyyh1y1fv,2026-08-18 13:58:54.024Z,407be8b01d4ce342
te395mbs2typos0,proposal_view,2026-08-18 13:59:04.284Z,,2026-08-18 13:59:04.123Z,3o2fj1znev0krvz,,m0zn817n9g4w07p,2026-08-18 13:59:04.284Z,407be8b01d4ce342
m6f4e97grqv5tnf,proposal_view,2026-08-18 13:59:08.115Z,,2026-08-18 13:59:07.954Z,3o2fj1znev0krvz,,gjnpljxyyh1y1fv,2026-08-18 13:59:08.115Z,407be8b01d4ce342
8gkr0zphax3nucf,page_view,2026-08-18 13:59:10.828Z,"{""from"": ""/de/questions/3o2fj1znev0krvz/proposals/subscriptions"", ""to"": ""/de/questions/3o2fj1znev0krvz/proposals/ideas""}",2026-08-18 13:59:10.671Z,3o2fj1znev0krvz,,,2026-08-18 13:59:10.828Z,407be8b01d4ce342
y0no8v6msxe79xz,page_view,2026-08-18 13:59:11.939Z,"{""from"": ""/de/questions/3o2fj1znev0krvz/proposals/ideas"", ""to"": ""/de/questions/3o2fj1znev0krvz/proposals/question""}",2026-08-18 13:59:11.782Z,3o2fj1znev0krvz,,,2026-08-18 13:59:11.939Z,407be8b01d4ce342
7obkuf64t852evh,page_view,2026-08-18 13:59:15.352Z,"{""from"": ""/de/questions/3o2fj1znev0krvz/proposals/question"", ""to"": ""/de/questions/3o2fj1znev0krvz/proposals/ideas""}",2026-08-18 13:59:15.194Z,3o2fj1znev0krvz,,,2026-08-18 13:59:15.352Z,407be8b01d4ce342
j23o1hyoh8m9au1,page_view,2026-08-18 13:59:19.162Z,"{""from"": ""/de/questions/3o2fj1znev0krvz/proposals/ballot"", ""to"": ""/de/discourse""}",2026-08-18 13:59:19.006Z,3o2fj1znev0krvz,,,2026-08-18 13:59:19.162Z,407be8b01d4ce342
itjadoj01q3gv7j,page_view,2026-08-18 13:59:22.280Z,"{""from"": ""/de/discourse"", ""to"": ""/de/questions/76q0g006tjtp7gp/proposals/question""}",2026-08-18 13:59:22.120Z,76q0g006tjtp7gp,,,2026-08-18 13:59:22.280Z,407be8b01d4ce342
6afmddfoelt3dbg,page_view,2026-08-18 13:59:23.765Z,"{""from"": ""/de/questions/76q0g006tjtp7gp/proposals/question"", ""to"": ""/de/questions/76q0g006tjtp7gp/proposals/ideas""}",2026-08-18 13:59:23.608Z,76q0g006tjtp7gp,,,2026-08-18 13:59:23.765Z,407be8b01d4ce342
2lstefdvwfv6ytj,proposal_view,2026-08-18 13:59:27.578Z,,2026-08-18 13:59:27.418Z,76q0g006tjtp7gp,,yuk7erdsr4l9gbd,2026-08-18 13:59:27.578Z,407be8b01d4ce342
x0j7zaxv6dtec4h,proposal_view,2026-08-18 13:59:37.125Z,,2026-08-18 13:59:36.964Z,76q0g006tjtp7gp,,xtsnw7ypbsms4jl,2026-08-18 13:59:37.125Z,407be8b01d4ce342
u7oz3muaiy9zhvq,hide_proposal,2026-08-18 13:59:40.065Z,,2026-08-18 13:59:40.064Z,76q0g006tjtp7gp,,xtsnw7ypbsms4jl,2026-08-18 13:59:40.065Z,407be8b01d4ce342
zn8qh9rces0wkjq,page_view,2026-08-18 13:59:40.176Z,"{""from"": ""/de/questions/76q0g006tjtp7gp/proposals/ballot"", ""to"": ""/de/questions/76q0g006tjtp7gp/proposals/ideas""}",2026-08-18 13:59:40.019Z,76q0g006tjtp7gp,,,2026-08-18 13:59:40.176Z,407be8b01d4ce342
yqy8egrn9nnw2q6,proposal_view,2026-08-18 13:59:44.262Z,,2026-08-18 13:59:44.100Z,76q0g006tjtp7gp,,z5ovabzo2syrqbj,2026-08-18 13:59:44.262Z,407be8b01d4ce342
5dwi03662r9hz77,proposal_view,2026-08-18 13:59:48.517Z,,2026-08-18 13:59:48.357Z,76q0g006tjtp7gp,,8mnhz0jpnllu7jd,2026-08-18 13:59:48.517Z,407be8b01d4ce342
jqy1l9px1l0ehvm,hide_proposal,2026-08-18 13:59:52.775Z,,2026-08-18 13:59:52.774Z,76q0g006tjtp7gp,,8mnhz0jpnllu7jd,2026-08-18 13:59:52.775Z,407be8b01d4ce342
8a1uw84ol45an95,page_view,2026-08-18 13:59:52.853Z,"{""from"": ""/de/questions/76q0g006tjtp7gp/proposals/ideas"", ""to"": ""/de/questions/76q0g006tjtp7gp/proposals/ideas""}",2026-08-18 13:59:52.693Z,76q0g006tjtp7gp,,,2026-08-18 13:59:52.853Z,407be8b01d4ce342
dnx7naa4q5nkyzg,proposal_view,2026-08-18 13:59:55.640Z,,2026-08-18 13:59:55.471Z,76q0g006tjtp7gp,,vixofkl1sb29k6z,2026-08-18 13:59:55.640Z,407be8b01d4ce342
6ixmzkq06v26zmu,proposal_view,2026-08-18 14:00:02.938Z,,2026-08-18 14:00:02.776Z,76q0g006tjtp7gp,,jm45hx8bajf99lv,2026-08-18 14:00:02.938Z,407be8b01d4ce342
9lrqxmqiywvj0kx,proposal_view,2026-08-18 14:00:14.039Z,,2026-08-18 14:00:13.874Z,76q0g006tjtp7gp,,vixofkl1sb29k6z,2026-08-18 14:00:14.039Z,407be8b01d4ce342
spyskwpy2fxaz0q,proposal_view,2026-08-18 14:00:20.757Z,,2026-08-18 14:00:20.595Z,76q0g006tjtp7gp,,jm45hx8bajf99lv,2026-08-18 14:00:20.757Z,407be8b01d4ce342
u5m55htjw2opibr,proposal_view,2026-08-18 14:00:27.767Z,,2026-08-18 14:00:27.606Z,76q0g006tjtp7gp,,vixofkl1sb29k6z,2026-08-18 14:00:27.767Z,407be8b01d4ce342
86y5x8rxyo0vo88,page_view,2026-08-18 14:00:29.902Z,"{""from"": ""/de/questions/76q0g006tjtp7gp/proposals/subscriptions"", ""to"": ""/de/questions/76q0g006tjtp7gp/proposals/ideas""}",2026-08-18 14:00:29.736Z,76q0g006tjtp7gp,,,2026-08-18 14:00:29.902Z,407be8b01d4ce342
hgsasu67k3bf1wx,page_view,2026-08-18 14:00:30.382Z,"{""from"": ""/de/questions/76q0g006tjtp7gp/proposals/ideas"", ""to"": ""/de/questions/76q0g006tjtp7gp/proposals/question""}",2026-08-18 14:00:30.220Z,76q0g006tjtp7gp,,,2026-08-18 14:00:30.382Z,407be8b01d4ce342
m4ao52ldrst846x,page_view,2026-08-18 14:00:31.127Z,"{""from"": ""/de/questions/76q0g006tjtp7gp/proposals/question"", ""to"": ""/de/questions/76q0g006tjtp7gp/proposals/question""}",2026-08-18 14:00:30.962Z,76q0g006tjtp7gp,,,2026-08-18 14:00:31.127Z,407be8b01d4ce342
ovidppniz83b4mz,proposal_view,2026-08-18 14:02:28.511Z,,2026-08-18 14:02:28.346Z,76q0g006tjtp7gp,,vixofkl1sb29k6z,2026-08-18 14:02:28.511Z,407be8b01d4ce342
e0095279qks225v,page_view,2026-08-18 14:02:32.277Z,"{""from"": ""/de/questions/76q0g006tjtp7gp/proposals/subscriptions"", ""to"": ""/de/questions/76q0g006tjtp7gp/proposals/ideas""}",2026-08-18 14:02:32.112Z,76q0g006tjtp7gp,,,2026-08-18 14:02:32.277Z,407be8b01d4ce342
u2bi0haiye3blqz,page_view,2026-08-18 14:02:34.720Z,"{""from"": ""/de/questions/76q0g006tjtp7gp/proposals/ideas"", ""to"": ""/de/discourse""}",2026-08-18 14:02:34.556Z,76q0g006tjtp7gp,,,2026-08-18 14:02:34.720Z,407be8b01d4ce342
kv0uitbajh87cgt,page_view,2026-08-18 14:02:37.815Z,"{""from"": ""/de/discourse"", ""to"": ""/de/questions/3o2fj1znev0krvz/proposals/question""}",2026-08-18 14:02:37.652Z,3o2fj1znev0krvz,,,2026-08-18 14:02:37.815Z,407be8b01d4ce342
6eeehxnnxp6efmq,page_view,2026-08-18 14:02:39.246Z,"{""from"": ""/de/questions/3o2fj1znev0krvz/proposals/question"", ""to"": ""/de/groups/m5obm8bp0rbq043""}",2026-08-18 14:02:39.083Z,3o2fj1znev0krvz,,,2026-08-18 14:02:39.246Z,407be8b01d4ce342
pqjm2r3t9wd419c,page_view,2026-08-18 14:02:49.509Z,"{""from"": ""/de/groups/m5obm8bp0rbq043"", ""to"": ""/de/discourse""}",2026-08-18 14:02:49.238Z,3o2fj1znev0krvz,,,2026-08-18 14:02:49.509Z,407be8b01d4ce342
6odhepglqqyu5ds,page_view,2026-08-18 14:02:51.620Z,"{""from"": ""/de/discourse"", ""to"": ""/de/questions/3o2fj1znev0krvz/proposals/question""}",2026-08-18 14:02:51.457Z,3o2fj1znev0krvz,,,2026-08-18 14:02:51.620Z,407be8b01d4ce342
7u1kcuc0kpjrjlp,proposal_view,2026-08-18 14:03:01.651Z,,2026-08-18 14:03:01.436Z,3o2fj1znev0krvz,,ohdfhqxb1gg483o,2026-08-18 14:03:01.651Z,407be8b01d4ce342
2sfoe6xcyng655b,page_view,2026-08-18 14:03:19.125Z,"{""from"": ""/de/questions/3o2fj1znev0krvz/proposals/subscriptions"", ""to"": ""/de/questions/3o2fj1znev0krvz/proposals/ideas""}",2026-08-18 14:03:18.956Z,3o2fj1znev0krvz,,,2026-08-18 14:03:19.125Z,407be8b01d4ce342
js5xyymnpiat3tk,proposal_view,2026-08-18 14:03:21.000Z,,2026-08-18 14:03:20.743Z,3o2fj1znev0krvz,,626n317m1w4j7lo,2026-08-18 14:03:21.000Z,407be8b01d4ce342
1z3ac2k0gk0bezd,hide_proposal,2026-08-18 14:03:42.010Z,,2026-08-18 14:03:42.007Z,3o2fj1znev0krvz,,gjnpljxyyh1y1fv,2026-08-18 14:03:42.010Z,407be8b01d4ce342
aygd4z85nm6xmxq,hide_proposal,2026-08-18 14:03:42.012Z,,2026-08-18 14:03:41.827Z,3o2fj1znev0krvz,,gjnpljxyyh1y1fv,2026-08-18 14:03:42.012Z,407be8b01d4ce342
4b5zpkbmcu4shtb,hide_proposal,2026-08-18 14:03:43.043Z,,2026-08-18 14:03:42.875Z,3o2fj1znev0krvz,,2w5teh1hty0mznr,2026-08-18 14:03:43.043Z,407be8b01d4ce342
89il114mj0i9mu5,hide_proposal,2026-08-18 14:03:43.048Z,,2026-08-18 14:03:43.047Z,3o2fj1znev0krvz,,2w5teh1hty0mznr,2026-08-18 14:03:43.048Z,407be8b01d4ce342
pfq7n4qhu3yj42u,proposal_view,2026-08-18 14:03:46.035Z,,2026-08-18 14:03:45.865Z,3o2fj1znev0krvz,,n8luy5w1pc5olz4,2026-08-18 14:03:46.033Z,407be8b01d4ce342
15qrzas68xmau6s,proposal_view,2026-08-18 14:03:49.839Z,,2026-08-18 14:03:49.670Z,3o2fj1znev0krvz,,i7chbqu0hf4kc4s,2026-08-18 14:03:49.839Z,407be8b01d4ce342
ztba71msoy52ys1,proposal_view,2026-08-18 14:04:06.147Z,,2026-08-18 14:04:05.979Z,3o2fj1znev0krvz,,wyx4lc9o5ebp473,2026-08-18 14:04:06.147Z,407be8b01d4ce342
5e9sf4agk73ohc4,proposal_view,2026-08-18 14:04:11.799Z,,2026-08-18 14:04:11.626Z,3o2fj1znev0krvz,,i7chbqu0hf4kc4s,2026-08-18 14:04:11.799Z,407be8b01d4ce342
egm2tetm2vul0dq,hide_proposal,2026-08-18 14:04:13.767Z,,2026-08-18 14:04:13.766Z,3o2fj1znev0krvz,,i7chbqu0hf4kc4s,2026-08-18 14:04:13.767Z,407be8b01d4ce342
0e7rei56faat5g1,page_view,2026-08-18 14:04:13.848Z,"{""from"": ""/de/questions/3o2fj1znev0krvz/proposals/ideas"", ""to"": ""/de/questions/3o2fj1znev0krvz/proposals/ideas""}",2026-08-18 14:04:13.683Z,3o2fj1znev0krvz,,,2026-08-18 14:04:13.848Z,407be8b01d4ce342
1vid4e98z330kow,proposal_view,2026-08-18 14:04:17.181Z,,2026-08-18 14:04:17.006Z,3o2fj1znev0krvz,,usjpvaq5nnvjl9w,2026-08-18 14:04:17.181Z,407be8b01d4ce342
8j2inscu2ez7hwq,hide_proposal,2026-08-18 14:04:22.746Z,,2026-08-18 14:04:22.744Z,3o2fj1znev0krvz,,usjpvaq5nnvjl9w,2026-08-18 14:04:22.746Z,407be8b01d4ce342
oluxkv1q0orkt32,page_view,2026-08-18 14:04:22.826Z,"{""from"": ""/de/questions/3o2fj1znev0krvz/proposals/ideas"", ""to"": ""/de/questions/3o2fj1znev0krvz/proposals/ideas""}",2026-08-18 14:04:22.662Z,3o2fj1znev0krvz,,,2026-08-18 14:04:22.826Z,407be8b01d4ce342
un4kv0hlnurm8yt,proposal_view,2026-08-18 14:04:28.030Z,,2026-08-18 14:04:27.847Z,3o2fj1znev0krvz,,m0zn817n9g4w07p,2026-08-18 14:04:28.030Z,407be8b01d4ce342
c814nltzgn58jxg,proposal_view,2026-08-18 14:04:40.072Z,,2026-08-18 14:04:39.901Z,3o2fj1znev0krvz,,2w5teh1hty0mznr,2026-08-18 14:04:40.072Z,407be8b01d4ce342
15742ljwwsxq61h,page_view,2026-08-18 14:04:51.410Z,"{""from"": ""/de/questions/3o2fj1znev0krvz/proposals/subscriptions"", ""to"": ""/de/questions/3o2fj1znev0krvz/proposals/ideas""}",2026-08-18 14:04:51.200Z,3o2fj1znev0krvz,,,2026-08-18 14:04:51.410Z,407be8b01d4ce342
qg31iyjcclov0hy,page_view,2026-08-18 14:04:51.857Z,"{""from"": ""/de/questions/3o2fj1znev0krvz/proposals/ideas"", ""to"": ""/de/questions/3o2fj1znev0krvz/proposals/question""}",2026-08-18 14:04:51.691Z,3o2fj1znev0krvz,,,2026-08-18 14:04:51.857Z,407be8b01d4ce342
owdvzxxfyk4al3c,page_view,2026-08-18 14:05:06.618Z,"{""from"": ""/de/questions/3o2fj1znev0krvz/proposals/ballot"", ""to"": ""/de/questions/3o2fj1znev0krvz/proposals/question""}",2026-08-18 14:05:06.449Z,3o2fj1znev0krvz,,,2026-08-18 14:05:06.618Z,407be8b01d4ce342
oeks176eqi7c4qe,page_view,2026-08-18 14:05:18.399Z,"{""from"": ""/de/questions/3o2fj1znev0krvz/proposals/question"", ""to"": ""/de/questions/3o2fj1znev0krvz/proposals/ideas""}",2026-08-18 14:05:18.230Z,3o2fj1znev0krvz,,,2026-08-18 14:05:18.399Z,407be8b01d4ce342
5erxaqv8fvsrp7b,page_view,2026-08-18 14:05:29.895Z,"{""from"": ""/de/questions/3o2fj1znev0krvz/proposals/subscriptions"", ""to"": ""/de/questions/3o2fj1znev0krvz/proposals/question""}",2026-08-18 14:05:29.727Z,3o2fj1znev0krvz,,,2026-08-18 14:05:29.895Z,407be8b01d4ce342
dbt6o9av374el5r,page_view,2026-08-18 14:05:30.610Z,"{""from"": ""/de/questions/3o2fj1znev0krvz/proposals/question"", ""to"": ""/de/questions/3o2fj1znev0krvz/proposals/question""}",2026-08-18 14:05:30.436Z,3o2fj1znev0krvz,,,2026-08-18 14:05:30.610Z,407be8b01d4ce342
pbrlra8tj0ffrdg,page_view,2026-08-18 14:05:33.896Z,"{""from"": ""/de/questions/3o2fj1znev0krvz/proposals/question"", ""to"": ""/de/discourse""}",2026-08-18 14:05:33.728Z,3o2fj1znev0krvz,,,2026-08-18 14:05:33.896Z,407be8b01d4ce342
o0tpxa17je8onks,page_view,2026-08-18 14:05:37.241Z,"{""from"": ""/de/discourse"", ""to"": ""/de/questions/76q0g006tjtp7gp/proposals/question""}",2026-08-18 14:05:37.070Z,76q0g006tjtp7gp,,,2026-08-18 14:05:37.241Z,407be8b01d4ce342
2y3w3xso52g9658,proposal_view,2026-08-18 14:05:39.786Z,,2026-08-18 14:05:39.617Z,76q0g006tjtp7gp,,vixofkl1sb29k6z,2026-08-18 14:05:39.786Z,407be8b01d4ce342
9aixlqnsvzjt4ex,proposal_view,2026-08-18 14:05:50.031Z,,2026-08-18 14:05:49.801Z,76q0g006tjtp7gp,,yuk7erdsr4l9gbd,2026-08-18 14:05:50.031Z,407be8b01d4ce342
129pi189q1wksta,page_view,2026-08-18 14:06:05.521Z,"{""from"": ""/de/questions/76q0g006tjtp7gp/proposals/ballot"", ""to"": ""/de/discourse""}",2026-08-18 14:06:05.353Z,76q0g006tjtp7gp,,,2026-08-18 14:06:05.521Z,407be8b01d4ce342
m0pbpd0p0i7fedj,page_view,2026-08-18 15:32:09.277Z,"{""from"": ""/de/discourse"", ""to"": ""/de/questions/3o2fj1znev0krvz/proposals/question""}",2026-08-18 15:32:09.224Z,3o2fj1znev0krvz,,,2026-08-18 15:32:09.277Z,de13859e1d6aea12
a6txua788becz8m,page_view,2026-08-18 15:32:10.189Z,"{""from"": ""/de/questions/3o2fj1znev0krvz/proposals/question"", ""to"": ""/de/groups/m5obm8bp0rbq043""}",2026-08-18 15:32:10.166Z,3o2fj1znev0krvz,,,2026-08-18 15:32:10.189Z,de13859e1d6aea12
8h6bjtkutvv6mtk,page_view,2026-08-18 15:32:15.385Z,"{""from"": ""/de/groups/m5obm8bp0rbq043"", ""to"": ""/de/questions/3o2fj1znev0krvz/proposals/question""}",2026-08-18 15:32:15.364Z,3o2fj1znev0krvz,,,2026-08-18 15:32:15.385Z,de13859e1d6aea12
ogaaoulknc9k2t6,page_view,2026-08-18 15:32:20.565Z,"{""from"": ""/de/questions/3o2fj1znev0krvz/proposals/question"", ""to"": ""/de/questions/3o2fj1znev0krvz/proposals/ideas""}",2026-08-18 15:32:20.549Z,3o2fj1znev0krvz,,,2026-08-18 15:32:20.565Z,de13859e1d6aea12
gsy9me7h0nremew,proposal_view,2026-08-18 15:32:34.542Z,,2026-08-18 15:32:34.503Z,3o2fj1znev0krvz,,wyx4lc9o5ebp473,2026-08-18 15:32:34.542Z,de13859e1d6aea12
kct8gjscy6m3prs,proposal_view,2026-08-18 15:32:37.645Z,,2026-08-18 15:32:37.619Z,3o2fj1znev0krvz,,creod2dm6xewo2s,2026-08-18 15:32:37.645Z,de13859e1d6aea12
cek3fq6u28mssk0,proposal_view,2026-08-18 15:32:41.653Z,,2026-08-18 15:32:41.639Z,3o2fj1znev0krvz,,creod2dm6xewo2s,2026-08-18 15:32:41.653Z,de13859e1d6aea12
hy2ovr2qn278g0r,proposal_view,2026-08-18 15:32:41.673Z,,2026-08-18 15:32:41.644Z,3o2fj1znev0krvz,,creod2dm6xewo2s,2026-08-18 15:32:41.673Z,de13859e1d6aea12
nqygxp6sps8g7pa,page_view,2026-08-18 15:32:41.679Z,"{""to"": ""/de/questions/3o2fj1znev0krvz/proposals/creod2dm6xewo2s""}",2026-08-18 15:32:41.652Z,3o2fj1znev0krvz,,,2026-08-18 15:32:41.679Z,de13859e1d6aea12
30ih0hyr0pcbqgr,proposal_view,2026-08-18 15:32:45.146Z,,2026-08-18 15:32:45.133Z,3o2fj1znev0krvz,,wyx4lc9o5ebp473,2026-08-18 15:32:45.146Z,de13859e1d6aea12
w39gihm7jffoccg,page_view,2026-08-18 15:32:47.954Z,"{""from"": ""/de/questions/3o2fj1znev0krvz/proposals/ballot"", ""to"": ""/de/discourse""}",2026-08-18 15:32:47.939Z,3o2fj1znev0krvz,,,2026-08-18 15:32:47.954Z,de13859e1d6aea12
8bo7d1x1mionvtf,page_view,2026-08-18 15:32:48.980Z,"{""from"": ""/de/discourse"", ""to"": ""/de/questions/3o2fj1znev0krvz/proposals/question""}",2026-08-18 15:32:48.955Z,3o2fj1znev0krvz,,,2026-08-18 15:32:48.980Z,de13859e1d6aea12
9ky0e18aupypy6i,page_view,2026-08-18 15:32:52.062Z,"{""from"": ""/de/questions/3o2fj1znev0krvz/proposals/question"", ""to"": ""/de/questions/3o2fj1znev0krvz/proposals/ideas""}",2026-08-18 15:32:52.050Z,3o2fj1znev0krvz,,,2026-08-18 15:32:52.062Z,de13859e1d6aea12
uscjxf7vos7suw0,page_view,2026-08-18 15:34:09.443Z,"{""from"": ""/de/questions/3o2fj1znev0krvz/proposals/ballot"", ""to"": ""/de/questions/3o2fj1znev0krvz/proposals/question""}",2026-08-18 15:34:09.410Z,3o2fj1znev0krvz,,,2026-08-18 15:34:09.443Z,de13859e1d6aea12
cg9dkqzmxzhggrx,page_view,2026-08-18 15:34:54.001Z,"{""from"": ""/de/questions/3o2fj1znev0krvz/proposals/question"", ""to"": ""/de/questions/3o2fj1znev0krvz/proposals/ideas""}",2026-08-18 15:34:53.979Z,3o2fj1znev0krvz,,,2026-08-18 15:34:54.001Z,de13859e1d6aea12
z3ud27fbabwoyqx,proposal_view,2026-08-18 15:36:17.700Z,,2026-08-18 15:36:17.669Z,3o2fj1znev0krvz,,eesc7p17sxod25m,2026-08-18 15:36:17.700Z,de13859e1d6aea12
lqdrbg4w8ikad5p,proposal_view,2026-08-18 15:36:21.673Z,,2026-08-18 15:36:21.653Z,3o2fj1znev0krvz,,626n317m1w4j7lo,2026-08-18 15:36:21.673Z,de13859e1d6aea12
0b3qf4sk1wnh8m3,proposal_view,2026-08-18 15:38:50.278Z,,2026-08-18 15:38:50.253Z,3o2fj1znev0krvz,,626n317m1w4j7lo,2026-08-18 15:38:50.278Z,de13859e1d6aea12
7qf5pk73mdxwa27,proposal_view,2026-08-18 15:38:50.286Z,,2026-08-18 15:38:50.258Z,3o2fj1znev0krvz,,626n317m1w4j7lo,2026-08-18 15:38:50.286Z,de13859e1d6aea12
torcstzqv2bam8g,page_view,2026-08-18 15:38:50.289Z,"{""to"": ""/de/questions/3o2fj1znev0krvz/proposals/626n317m1w4j7lo""}",2026-08-18 15:38:50.268Z,3o2fj1znev0krvz,,,2026-08-18 15:38:50.289Z,de13859e1d6aea12
w43p0ov28sq1xuj,proposal_view,2026-08-18 15:38:54.960Z,,2026-08-18 15:38:54.936Z,3o2fj1znev0krvz,,y9eb6fxeu3zpepy,2026-08-18 15:38:54.960Z,de13859e1d6aea12
qbo20k26t6d6gm9,proposal_view,2026-08-18 15:39:20.885Z,,2026-08-18 15:39:20.862Z,3o2fj1znev0krvz,,y9eb6fxeu3zpepy,2026-08-18 15:39:20.885Z,de13859e1d6aea12
4tym0kmrejk2pd0,proposal_view,2026-08-18 15:39:20.891Z,,2026-08-18 15:39:20.869Z,3o2fj1znev0krvz,,y9eb6fxeu3zpepy,2026-08-18 15:39:20.891Z,de13859e1d6aea12
8ant3pzp10x77hy,page_view,2026-08-18 15:39:20.896Z,"{""to"": ""/de/questions/3o2fj1znev0krvz/proposals/y9eb6fxeu3zpepy""}",2026-08-18 15:39:20.875Z,3o2fj1znev0krvz,,,2026-08-18 15:39:20.896Z,de13859e1d6aea12
itpoo01wctznoyg,subscribe,2026-08-18 15:40:26.896Z,,2026-08-18 15:40:26.895Z,3o2fj1znev0krvz,,y9eb6fxeu3zpepy,2026-08-18 15:40:26.896Z,de13859e1d6aea12
rpy3mcdz2k85hyv,unsubscribe,2026-08-18 15:40:27.667Z,,2026-08-18 15:40:27.666Z,3o2fj1znev0krvz,,y9eb6fxeu3zpepy,2026-08-18 15:40:27.667Z,de13859e1d6aea12
endwu4hegrgvp0s,page_view,2026-08-18 15:40:44.564Z,"{""from"": ""/de/discourse"", ""to"": ""/de/questions/3o2fj1znev0krvz/proposals/question""}",2026-08-18 15:40:44.481Z,3o2fj1znev0krvz,,,2026-08-18 15:40:44.564Z,407be8b01d4ce342
1marpchgo41fejc,proposal_view,2026-08-18 15:40:51.970Z,,2026-08-18 15:40:51.802Z,3o2fj1znev0krvz,,2k4q9z9tfrakikx,2026-08-18 15:40:51.970Z,407be8b01d4ce342
c97eh517pvyijiz,proposal_view,2026-08-18 15:40:58.283Z,,2026-08-18 15:40:58.196Z,3o2fj1znev0krvz,,y9eb6fxeu3zpepy,2026-08-18 15:40:58.283Z,407be8b01d4ce342
4c1tp1bjeyurnzq,subscribe,2026-08-18 15:41:03.183Z,,2026-08-18 15:41:03.182Z,3o2fj1znev0krvz,,y9eb6fxeu3zpepy,2026-08-18 15:41:03.183Z,407be8b01d4ce342
0v6gyr4keo5u5s6,proposal_view,2026-08-18 15:41:14.099Z,,2026-08-18 15:41:13.902Z,3o2fj1znev0krvz,,2k4q9z9tfrakikx,2026-08-18 15:41:14.099Z,407be8b01d4ce342
l4j72bdqqo3v9dd,proposal_view,2026-08-18 15:41:16.376Z,,2026-08-18 15:41:16.289Z,3o2fj1znev0krvz,,y9eb6fxeu3zpepy,2026-08-18 15:41:16.376Z,407be8b01d4ce342
gcumwbukg43doxb,page_view,2026-08-18 15:41:19.590Z,"{""from"": ""/de/questions/3o2fj1znev0krvz/proposals/subscriptions"", ""to"": ""/de/questions/3o2fj1znev0krvz/proposals/ideas""}",2026-08-18 15:41:19.507Z,3o2fj1znev0krvz,,,2026-08-18 15:41:19.590Z,407be8b01d4ce342
czz1824x8aaht1o,restore_proposal,2026-08-18 15:41:24.534Z,,2026-08-18 15:41:24.444Z,3o2fj1znev0krvz,,y9eb6fxeu3zpepy,2026-08-18 15:41:24.534Z,407be8b01d4ce342
dakqhj258bhuzyc,restore_proposal,2026-08-18 15:41:24.542Z,,2026-08-18 15:41:24.541Z,3o2fj1znev0krvz,,y9eb6fxeu3zpepy,2026-08-18 15:41:24.542Z,407be8b01d4ce342
ikwj0mfj2fckfud,proposal_view,2026-08-18 15:41:26.902Z,,2026-08-18 15:41:26.772Z,3o2fj1znev0krvz,,y9eb6fxeu3zpepy,2026-08-18 15:41:26.902Z,407be8b01d4ce342
wbwixcih8r206z0,page_view,2026-08-18 15:41:38.684Z,"{""from"": ""/de/questions/3o2fj1znev0krvz/proposals/subscriptions"", ""to"": ""/de/questions/3o2fj1znev0krvz/proposals/ideas""}",2026-08-18 15:41:38.597Z,3o2fj1znev0krvz,,,2026-08-18 15:41:38.684Z,407be8b01d4ce342
d0qc7c6ue1lajj4,proposal_view,2026-08-18 15:41:52.377Z,,2026-08-18 15:41:52.362Z,3o2fj1znev0krvz,,y9eb6fxeu3zpepy,2026-08-18 15:41:52.377Z,de13859e1d6aea12
8s9nhwivb9jlbwm,proposal_view,2026-08-18 15:41:52.384Z,,2026-08-18 15:41:52.368Z,3o2fj1znev0krvz,,y9eb6fxeu3zpepy,2026-08-18 15:41:52.384Z,de13859e1d6aea12
pj2ufadausegsfw,page_view,2026-08-18 15:41:52.390Z,"{""to"": ""/de/questions/3o2fj1znev0krvz/proposals/y9eb6fxeu3zpepy""}",2026-08-18 15:41:52.375Z,3o2fj1znev0krvz,,,2026-08-18 15:41:52.390Z,de13859e1d6aea12
cvx6tqia8flaszf,proposal_view,2026-08-18 16:00:20.215Z,,2026-08-18 16:00:20.135Z,3o2fj1znev0krvz,,wyx4lc9o5ebp473,2026-08-18 16:00:20.215Z,407be8b01d4ce342
bu91a1900ajel6f,unsubscribe,2026-08-18 16:00:23.332Z,,2026-08-18 16:00:23.330Z,3o2fj1znev0krvz,,wyx4lc9o5ebp473,2026-08-18 16:00:23.332Z,407be8b01d4ce342
xucdspqffruh5ce,page_view,2026-08-18 16:00:39.809Z,"{""from"": ""/de/discourse"", ""to"": ""/de/questions/3o2fj1znev0krvz/proposals/question""}",2026-08-18 16:00:39.740Z,3o2fj1znev0krvz,,,2026-08-18 16:00:39.809Z,407be8b01d4ce342
ilitaub166hpnmp,page_view,2026-08-18 16:00:47.994Z,"{""from"": ""/de/questions/3o2fj1znev0krvz/proposals/ballot"", ""to"": ""/de/questions/3o2fj1znev0krvz/proposals/question""}",2026-08-18 16:00:47.922Z,3o2fj1znev0krvz,,,2026-08-18 16:00:47.994Z,407be8b01d4ce342
q3rdx3dgx7o5cyk,page_view,2026-08-18 16:00:51.562Z,"{""from"": ""/de/questions/3o2fj1znev0krvz/proposals/question"", ""to"": ""/de/questions/3o2fj1znev0krvz/proposals/ideas""}",2026-08-18 16:00:51.493Z,3o2fj1znev0krvz,,,2026-08-18 16:00:51.562Z,407be8b01d4ce342
9xcpt2r03oxfh8d,page_view,2026-08-18 18:14:20.027Z,"{""from"": ""/register"", ""to"": ""/how-it-works""}",2026-08-18 18:14:20.052Z,,,,2026-08-18 18:14:20.027Z,a656e6eac2dca9c8
gpg1q2grtzgt6mq,page_view,2026-08-18 18:14:37.489Z,"{""from"": ""/how-it-works"", ""to"": ""/discourse""}",2026-08-18 18:14:37.516Z,,,,2026-08-18 18:14:37.489Z,a656e6eac2dca9c8
fd1yvaopr2fh5uz,page_view,2026-08-18 18:14:48.765Z,"{""from"": ""/discourse"", ""to"": ""/questions/3o2fj1znev0krvz/proposals/question""}",2026-08-18 18:14:48.787Z,3o2fj1znev0krvz,,,2026-08-18 18:14:48.765Z,a656e6eac2dca9c8
oeny038zu35k53t,page_view,2026-08-18 18:15:28.061Z,"{""from"": ""/questions/3o2fj1znev0krvz/proposals/question"", ""to"": ""/questions/3o2fj1znev0krvz/proposals/new""}",2026-08-18 18:15:28.059Z,3o2fj1znev0krvz,,,2026-08-18 18:15:28.061Z,a656e6eac2dca9c8
89haimlgtk1nstc,tab_switch,2026-08-18 18:15:43.460Z,"{""state"": ""visible""}",2026-08-18 18:15:43.451Z,,,,2026-08-18 18:15:43.460Z,a656e6eac2dca9c8
457049rsk84odwe,subscribe,2026-08-18 18:19:08.680Z,,2026-08-18 18:19:08.679Z,3o2fj1znev0krvz,,nra27jcg8g8vvq8,2026-08-18 18:19:08.680Z,a656e6eac2dca9c8
zw6k6mcrgx7k30x,create_idea,2026-08-18 18:19:08.686Z,,2026-08-18 18:19:08.673Z,3o2fj1znev0krvz,,nra27jcg8g8vvq8,2026-08-18 18:19:08.686Z,a656e6eac2dca9c8
cn0olrlvv9zz8fo,create_label,2026-08-18 18:19:08.689Z,"{""label_name"": ""A structured table of items""}",2026-08-18 18:19:08.673Z,3o2fj1znev0krvz,,urujrsgdiovhzc4,2026-08-18 18:19:08.689Z,a656e6eac2dca9c8
ug06ix1yyen2kn3,proposal_view,2026-08-18 18:19:08.888Z,,2026-08-18 18:19:08.890Z,3o2fj1znev0krvz,,nra27jcg8g8vvq8,2026-08-18 18:19:08.888Z,a656e6eac2dca9c8
d1qvt5sfia7npux,proposal_view,2026-08-18 18:19:08.901Z,,2026-08-18 18:19:08.905Z,3o2fj1znev0krvz,,nra27jcg8g8vvq8,2026-08-18 18:19:08.901Z,a656e6eac2dca9c8
t0r9qqmg95d03m1,page_view,2026-08-18 18:19:08.914Z,"{""from"": ""/questions/3o2fj1znev0krvz/proposals/new"", ""to"": ""/questions/3o2fj1znev0krvz/proposals/nra27jcg8g8vvq8""}",2026-08-18 18:19:08.915Z,3o2fj1znev0krvz,,,2026-08-18 18:19:08.914Z,a656e6eac2dca9c8
dnl1lo2ql9vt1nl,page_view,2026-08-18 18:19:17.973Z,"{""from"": ""/questions/3o2fj1znev0krvz/proposals/new"", ""to"": ""/questions/3o2fj1znev0krvz/proposals/question""}",2026-08-18 18:19:17.954Z,3o2fj1znev0krvz,,,2026-08-18 18:19:17.973Z,a656e6eac2dca9c8
wpd3o4c3h19824q,feed_filter_change,2026-08-18 18:19:28.460Z,"{""selectedLabelId"": null, ""sortMode"": ""Newest""}",2026-08-18 18:19:28.457Z,,,,2026-08-18 18:19:28.460Z,a656e6eac2dca9c8
5ivquir93i49it4,page_view,2026-08-18 18:19:28.476Z,"{""from"": ""/questions/3o2fj1znev0krvz/proposals/question"", ""to"": ""/questions/3o2fj1znev0krvz/proposals/ideas""}",2026-08-18 18:19:28.480Z,3o2fj1znev0krvz,,,2026-08-18 18:19:28.476Z,a656e6eac2dca9c8
2b5zdyx26a0b4g0,proposal_view,2026-08-18 18:19:36.071Z,,2026-08-18 18:19:36.046Z,3o2fj1znev0krvz,,y9eb6fxeu3zpepy,2026-08-18 18:19:36.071Z,a656e6eac2dca9c8
vqcsagde0tatto5,proposal_view,2026-08-18 18:20:23.166Z,,2026-08-18 18:20:23.143Z,3o2fj1znev0krvz,,gjnpljxyyh1y1fv,2026-08-18 18:20:23.166Z,a656e6eac2dca9c8
xuf1g8px12j6fzx,subscribe,2026-08-18 18:20:47.127Z,,2026-08-18 18:20:47.126Z,3o2fj1znev0krvz,,gjnpljxyyh1y1fv,2026-08-18 18:20:47.127Z,a656e6eac2dca9c8
8dxfscvuxgwwms0,proposal_view,2026-08-18 18:20:55.447Z,,2026-08-18 18:20:55.440Z,3o2fj1znev0krvz,,wyx4lc9o5ebp473,2026-08-18 18:20:55.447Z,a656e6eac2dca9c8
i89jciyq1jv3ny1,tab_switch,2026-08-18 18:28:31.954Z,"{""state"": ""visible""}",2026-08-18 18:28:31.584Z,,,,2026-08-18 18:28:31.954Z,a656e6eac2dca9c8
0fejcup2qitrqml,proposal_view,2026-08-18 18:28:34.122Z,,2026-08-18 18:28:34.080Z,3o2fj1znev0krvz,,gjnpljxyyh1y1fv,2026-08-18 18:28:34.122Z,a656e6eac2dca9c8
41iaq9ljhwtqnow,page_view,2026-08-18 18:28:42.374Z,"{""from"": ""/questions/3o2fj1znev0krvz/proposals/ideas"", ""to"": ""/discourse""}",2026-08-18 18:28:42.325Z,3o2fj1znev0krvz,,,2026-08-18 18:28:42.374Z,a656e6eac2dca9c8
7ah1016qz99u5rx,page_view,2026-08-18 18:28:51.470Z,"{""from"": ""/discourse"", ""to"": ""/questions/76q0g006tjtp7gp/proposals/question""}",2026-08-18 18:28:51.426Z,76q0g006tjtp7gp,,,2026-08-18 18:28:51.470Z,a656e6eac2dca9c8
pq043zgb0v026eq,tab_switch,2026-08-18 18:37:13.967Z,"{""state"": ""visible""}",2026-08-18 18:37:13.675Z,,,,2026-08-18 18:37:13.967Z,a656e6eac2dca9c8
qvmzqz9wakstef0,page_view,2026-08-18 18:59:54.891Z,"{""from"": ""/de/login"", ""to"": ""/de/invite/nar2qPkbndY8uU064clwv1hDoz3lqopY""}",2026-08-18 18:59:57.201Z,,,,2026-08-18 18:59:54.891Z,35a5f57f8816142e
fcxndvhkndb0gb1,page_view,2026-08-18 19:00:01.227Z,"{""from"": ""/de/invite/nar2qPkbndY8uU064clwv1hDoz3lqopY"", ""to"": ""/de/invite/nar2qPkbndY8uU064clwv1hDoz3lqopY""}",2026-08-18 19:00:03.532Z,,,,2026-08-18 19:00:01.227Z,35a5f57f8816142e
c2b56c2wrxy1u6g,page_view,2026-08-18 19:00:05.372Z,"{""from"": ""/de/invite/nar2qPkbndY8uU064clwv1hDoz3lqopY"", ""to"": ""/de/invite/nar2qPkbndY8uU064clwv1hDoz3lqopY""}",2026-08-18 19:00:07.669Z,,,,2026-08-18 19:00:05.372Z,35a5f57f8816142e
daqwq25dpld28c0,page_view,2026-08-18 19:00:08.041Z,"{""from"": ""/de/invite/nar2qPkbndY8uU064clwv1hDoz3lqopY"", ""to"": ""/de/invite/nar2qPkbndY8uU064clwv1hDoz3lqopY""}",2026-08-18 19:00:10.338Z,,,,2026-08-18 19:00:08.041Z,35a5f57f8816142e
ax6agtogeaur9ys,page_view,2026-08-18 19:00:11.038Z,"{""from"": ""/de/invite/nar2qPkbndY8uU064clwv1hDoz3lqopY"", ""to"": ""/de/invite/nar2qPkbndY8uU064clwv1hDoz3lqopY""}",2026-08-18 19:00:13.333Z,,,,2026-08-18 19:00:11.038Z,35a5f57f8816142e
o0iapnn7xml8nyu,page_view,2026-08-18 19:00:16.865Z,"{""from"": ""/de/invite/nar2qPkbndY8uU064clwv1hDoz3lqopY"", ""to"": ""/de/discourse""}",2026-08-18 19:00:19.182Z,,,,2026-08-18 19:00:16.865Z,35a5f57f8816142e
9kbk6l26n7i6qhq,page_view,2026-08-18 19:00:25.630Z,"{""from"": ""/de/discourse"", ""to"": ""/de/questions/76q0g006tjtp7gp/proposals/question""}",2026-08-18 19:00:27.944Z,76q0g006tjtp7gp,,,2026-08-18 19:00:25.630Z,35a5f57f8816142e
bj3tk007i86aqb7,feed_filter_change,2026-08-18 19:00:31.561Z,"{""selectedLabelId"": null, ""sortMode"": ""Newest""}",2026-08-18 19:00:33.872Z,,,,2026-08-18 19:00:31.561Z,35a5f57f8816142e
n1zaagpb3t4cxzb,page_view,2026-08-18 19:00:31.568Z,"{""from"": ""/de/questions/76q0g006tjtp7gp/proposals/question"", ""to"": ""/de/questions/76q0g006tjtp7gp/proposals/ideas""}",2026-08-18 19:00:33.882Z,76q0g006tjtp7gp,,,2026-08-18 19:00:31.568Z,35a5f57f8816142e
5wi0w46ocdgo37m,proposal_view,2026-08-18 19:00:35.451Z,,2026-08-18 19:00:37.755Z,76q0g006tjtp7gp,,vixofkl1sb29k6z,2026-08-18 19:00:35.451Z,35a5f57f8816142e
6lyy0huemifm15c,proposal_view,2026-08-18 19:00:55.397Z,,2026-08-18 19:00:57.702Z,76q0g006tjtp7gp,,jm45hx8bajf99lv,2026-08-18 19:00:55.397Z,35a5f57f8816142e
9dguujvh8b2ymie,proposal_view,2026-08-18 19:00:57.724Z,,2026-08-18 19:01:00.040Z,76q0g006tjtp7gp,,yuk7erdsr4l9gbd,2026-08-18 19:00:57.724Z,35a5f57f8816142e
ak1hhj57lniondi,proposal_view,2026-08-18 19:01:02.087Z,,2026-08-18 19:01:04.397Z,76q0g006tjtp7gp,,xtsnw7ypbsms4jl,2026-08-18 19:01:02.087Z,35a5f57f8816142e
488l787pyrlu9a9,proposal_view,2026-08-18 19:01:04.986Z,,2026-08-18 19:01:07.293Z,76q0g006tjtp7gp,,z5ovabzo2syrqbj,2026-08-18 19:01:04.986Z,35a5f57f8816142e
6ni30vvkgvlrbs5,proposal_view,2026-08-18 19:01:09.629Z,,2026-08-18 19:01:11.939Z,76q0g006tjtp7gp,,8mnhz0jpnllu7jd,2026-08-18 19:01:09.629Z,35a5f57f8816142e
8cqe2cxbbfdai80,proposal_view,2026-08-18 19:01:12.604Z,,2026-08-18 19:01:14.911Z,76q0g006tjtp7gp,,vixofkl1sb29k6z,2026-08-18 19:01:12.604Z,35a5f57f8816142e
10vtkn7p0p1irys,proposal_view,2026-08-18 19:01:43.927Z,,2026-08-18 19:01:46.233Z,76q0g006tjtp7gp,,8mnhz0jpnllu7jd,2026-08-18 19:01:43.927Z,35a5f57f8816142e
1z8h9d867dxrhub,proposal_view,2026-08-18 19:01:57.696Z,,2026-08-18 19:02:00.002Z,76q0g006tjtp7gp,,vixofkl1sb29k6z,2026-08-18 19:01:57.696Z,35a5f57f8816142e
bsltc4ngrv2mg42,compare_add,2026-08-18 19:01:59.594Z,"{""pool_size"": 1}",2026-08-18 19:02:01.900Z,76q0g006tjtp7gp,,vixofkl1sb29k6z,2026-08-18 19:01:59.594Z,35a5f57f8816142e
3fvar5ml26budyr,proposal_view,2026-08-18 19:02:02.098Z,,2026-08-18 19:02:04.406Z,76q0g006tjtp7gp,,8mnhz0jpnllu7jd,2026-08-18 19:02:02.098Z,35a5f57f8816142e
mtkljn1woa22a59,proposal_view,2026-08-18 19:02:05.671Z,,2026-08-18 19:02:07.988Z,76q0g006tjtp7gp,,vixofkl1sb29k6z,2026-08-18 19:02:05.671Z,35a5f57f8816142e
1f7t1n56ds9x8v1,proposal_view,2026-08-18 19:02:07.403Z,,2026-08-18 19:02:09.719Z,76q0g006tjtp7gp,,8mnhz0jpnllu7jd,2026-08-18 19:02:07.403Z,35a5f57f8816142e
6ub0m7t3oqqu653,compare_add,2026-08-18 19:02:09.568Z,"{""pool_size"": 2}",2026-08-18 19:02:11.874Z,76q0g006tjtp7gp,,8mnhz0jpnllu7jd,2026-08-18 19:02:09.568Z,35a5f57f8816142e
0u9rzoiqupxtbpa,compare_remove,2026-08-18 19:02:12.090Z,"{""pool_size"": 1}",2026-08-18 19:02:14.396Z,,,8mnhz0jpnllu7jd,2026-08-18 19:02:12.090Z,35a5f57f8816142e
974pzzzazesmv8z,proposal_view,2026-08-18 19:02:13.596Z,,2026-08-18 19:02:15.907Z,76q0g006tjtp7gp,,vixofkl1sb29k6z,2026-08-18 19:02:13.596Z,35a5f57f8816142e
azjfq1emt8j6eti,compare_remove,2026-08-18 19:02:14.487Z,"{""pool_size"": 0}",2026-08-18 19:02:16.795Z,,,vixofkl1sb29k6z,2026-08-18 19:02:14.487Z,35a5f57f8816142e
064n4lcyl1c7wbv,compare_add,2026-08-18 19:02:17.698Z,"{""pool_size"": 1}",2026-08-18 19:02:19.999Z,76q0g006tjtp7gp,,vixofkl1sb29k6z,2026-08-18 19:02:17.698Z,35a5f57f8816142e
qe0exq5e2oumk9q,proposal_view,2026-08-18 19:02:19.460Z,,2026-08-18 19:02:21.765Z,76q0g006tjtp7gp,,8mnhz0jpnllu7jd,2026-08-18 19:02:19.460Z,35a5f57f8816142e
mevb95ir5ijky67,proposal_view,2026-08-18 19:02:21.501Z,,2026-08-18 19:02:23.815Z,76q0g006tjtp7gp,,vixofkl1sb29k6z,2026-08-18 19:02:21.501Z,35a5f57f8816142e
oqb3wb678skcaoz,compare_remove,2026-08-18 19:02:23.380Z,"{""pool_size"": 0}",2026-08-18 19:02:25.687Z,,,vixofkl1sb29k6z,2026-08-18 19:02:23.380Z,35a5f57f8816142e
s234581izikijtj,proposal_view,2026-08-18 19:02:24.734Z,,2026-08-18 19:02:27.046Z,76q0g006tjtp7gp,,8mnhz0jpnllu7jd,2026-08-18 19:02:24.734Z,35a5f57f8816142e
plxooxed53q22ku,proposal_view,2026-08-18 19:02:34.513Z,,2026-08-18 19:02:36.819Z,76q0g006tjtp7gp,,jm45hx8bajf99lv,2026-08-18 19:02:34.513Z,35a5f57f8816142e
xg2f88vlzpc51ci,proposal_view,2026-08-18 19:02:44.873Z,,2026-08-18 19:02:47.182Z,76q0g006tjtp7gp,,vixofkl1sb29k6z,2026-08-18 19:02:44.873Z,35a5f57f8816142e
olhlrf6k6sz9bk5,proposal_view,2026-08-18 19:02:55.127Z,,2026-08-18 19:02:57.433Z,76q0g006tjtp7gp,,8mnhz0jpnllu7jd,2026-08-18 19:02:55.127Z,35a5f57f8816142e
2y1igjndy0m7n6h,proposal_view,2026-08-18 19:03:17.281Z,,2026-08-18 19:03:19.584Z,76q0g006tjtp7gp,,vixofkl1sb29k6z,2026-08-18 19:03:17.281Z,35a5f57f8816142e
x0rfxzbepz9dpz2,proposal_view,2026-08-18 19:03:18.563Z,,2026-08-18 19:03:20.867Z,76q0g006tjtp7gp,,jm45hx8bajf99lv,2026-08-18 19:03:18.563Z,35a5f57f8816142e
rkv2iwr17y53fbg,proposal_view,2026-08-18 19:03:19.898Z,,2026-08-18 19:03:22.204Z,76q0g006tjtp7gp,,8mnhz0jpnllu7jd,2026-08-18 19:03:19.898Z,35a5f57f8816142e
eer5z4gt0f5r5hi,proposal_view,2026-08-18 19:03:20.556Z,,2026-08-18 19:03:22.860Z,76q0g006tjtp7gp,,vixofkl1sb29k6z,2026-08-18 19:03:20.556Z,35a5f57f8816142e
tufzlc1tge53gtj,page_view,2026-08-18 19:03:23.028Z,"{""from"": ""/de/questions/76q0g006tjtp7gp/proposals/ideas"", ""to"": ""/de/discourse""}",2026-08-18 19:03:25.339Z,76q0g006tjtp7gp,,,2026-08-18 19:03:23.028Z,35a5f57f8816142e
u3w4j81ovmadbco,page_view,2026-08-18 19:03:25.052Z,"{""from"": ""/de/discourse"", ""to"": ""/de/questions/3o2fj1znev0krvz/proposals/question""}",2026-08-18 19:03:27.367Z,3o2fj1znev0krvz,,,2026-08-18 19:03:25.052Z,35a5f57f8816142e
vccts7brfuf4e96,page_view,2026-08-18 19:03:30.181Z,"{""from"": ""/de/questions/3o2fj1znev0krvz/proposals/question"", ""to"": ""/de/questions/3o2fj1znev0krvz/proposals/ideas""}",2026-08-18 19:03:32.485Z,3o2fj1znev0krvz,,,2026-08-18 19:03:30.181Z,35a5f57f8816142e
3puokoob1y12niw,proposal_view,2026-08-18 19:03:51.318Z,,2026-08-18 19:03:53.622Z,3o2fj1znev0krvz,,nra27jcg8g8vvq8,2026-08-18 19:03:51.318Z,35a5f57f8816142e
laz4j2j9ul28zms,proposal_view,2026-08-18 19:04:10.214Z,,2026-08-18 19:04:12.517Z,3o2fj1znev0krvz,,y9eb6fxeu3zpepy,2026-08-18 19:04:10.214Z,35a5f57f8816142e
febx12sgp8jz80h,proposal_view,2026-08-18 19:04:18.345Z,,2026-08-18 19:04:20.658Z,3o2fj1znev0krvz,,626n317m1w4j7lo,2026-08-18 19:04:18.345Z,35a5f57f8816142e
lygyi80rcifqcm7,proposal_view,2026-08-18 19:04:31.814Z,,2026-08-18 19:04:34.125Z,3o2fj1znev0krvz,,y9eb6fxeu3zpepy,2026-08-18 19:04:31.814Z,35a5f57f8816142e
znp7all2lhysw3n,page_view,2026-08-18 19:04:33.606Z,"{""from"": ""/de/questions/3o2fj1znev0krvz/proposals/ideas"", ""to"": ""/de/questions/3o2fj1znev0krvz/proposals/question""}",2026-08-18 19:04:35.925Z,3o2fj1znev0krvz,,,2026-08-18 19:04:33.606Z,35a5f57f8816142e
aslggdodxzguxby,page_view,2026-08-18 19:04:34.574Z,"{""from"": ""/de/questions/3o2fj1znev0krvz/proposals/question"", ""to"": ""/de/discourse""}",2026-08-18 19:04:36.886Z,3o2fj1znev0krvz,,,2026-08-18 19:04:34.574Z,35a5f57f8816142e
v8s724dqz1ez3df,proposal_view,2026-08-18 19:04:35.309Z,,2026-08-18 19:04:37.626Z,76q0g006tjtp7gp,,vixofkl1sb29k6z,2026-08-18 19:04:35.309Z,35a5f57f8816142e
q4irkowtsvq4lvj,page_view,2026-08-18 19:04:35.318Z,"{""from"": ""/de/discourse"", ""to"": ""/de/questions/76q0g006tjtp7gp/proposals/ideas""}",2026-08-18 19:04:37.638Z,76q0g006tjtp7gp,,,2026-08-18 19:04:35.318Z,35a5f57f8816142e
1zi7i6tcj5sbok4,proposal_view,2026-08-18 19:04:36.290Z,,2026-08-18 19:04:38.605Z,76q0g006tjtp7gp,,8mnhz0jpnllu7jd,2026-08-18 19:04:36.290Z,35a5f57f8816142e
549ob1wjrkf6rt0,proposal_view,2026-08-18 19:04:36.874Z,,2026-08-18 19:04:39.181Z,76q0g006tjtp7gp,,vixofkl1sb29k6z,2026-08-18 19:04:36.874Z,35a5f57f8816142e
mow58guzauqvsb9,proposal_view,2026-08-18 19:04:37.072Z,,2026-08-18 19:04:39.386Z,76q0g006tjtp7gp,,8mnhz0jpnllu7jd,2026-08-18 19:04:37.072Z,35a5f57f8816142e
63f02p8ebx2nubq,proposal_view,2026-08-18 19:04:37.208Z,,2026-08-18 19:04:39.523Z,76q0g006tjtp7gp,,vixofkl1sb29k6z,2026-08-18 19:04:37.208Z,35a5f57f8816142e
lsk7eic88hf2l52,proposal_view,2026-08-18 19:04:37.358Z,,2026-08-18 19:04:39.676Z,76q0g006tjtp7gp,,8mnhz0jpnllu7jd,2026-08-18 19:04:37.358Z,35a5f57f8816142e
dvc89hrtnjl7zm9,proposal_view,2026-08-18 19:04:37.483Z,,2026-08-18 19:04:39.799Z,76q0g006tjtp7gp,,vixofkl1sb29k6z,2026-08-18 19:04:37.483Z,35a5f57f8816142e
10mqgvq6birefww,proposal_view,2026-08-18 19:04:37.797Z,,2026-08-18 19:04:40.107Z,76q0g006tjtp7gp,,8mnhz0jpnllu7jd,2026-08-18 19:04:37.797Z,35a5f57f8816142e
q1n29t8fnqiqbxc,notification_panel_open,2026-08-18 19:04:39.129Z,"{""unread_count"": 1}",2026-08-18 19:04:41.439Z,,,,2026-08-18 19:04:39.129Z,35a5f57f8816142e
bqp429hmsukp9yb,notification_panel_open,2026-08-18 19:04:43.615Z,"{""unread_count"": 0}",2026-08-18 19:04:45.910Z,,,,2026-08-18 19:04:43.615Z,35a5f57f8816142e
edqf0zdv3rztmxb,notification_panel_click,2026-08-18 19:04:43.628Z,"{""event_type"": ""proposal_remixed"", ""title"": ""Deine Idee wurde geremixt \ud83d\udca1"", ""url"": ""/questions/3o2fj1znev0krvz/proposals/eesc7p17sxod25m""}",2026-08-18 19:04:43.626Z,,,v4hh7ryk8i8nz5i,2026-08-18 19:04:43.628Z,35a5f57f8816142e
qjb54lj7xbeekdt,proposal_view,2026-08-18 19:04:43.778Z,,2026-08-18 19:04:46.096Z,3o2fj1znev0krvz,,eesc7p17sxod25m,2026-08-18 19:04:43.778Z,35a5f57f8816142e
zm8w6ocs5odcz7z,page_view,2026-08-18 19:04:43.805Z,"{""from"": ""/de/questions/76q0g006tjtp7gp/proposals/ideas"", ""to"": ""/de/questions/3o2fj1znev0krvz/proposals/eesc7p17sxod25m""}",2026-08-18 19:04:46.110Z,3o2fj1znev0krvz,,,2026-08-18 19:04:43.805Z,35a5f57f8816142e
eu93iwn5hqcqmjf,proposal_view,2026-08-18 19:04:43.807Z,,2026-08-18 19:04:46.103Z,3o2fj1znev0krvz,,eesc7p17sxod25m,2026-08-18 19:04:43.807Z,35a5f57f8816142e
wt4zwa39mq5hf1b,proposal_view,2026-08-18 19:05:09.338Z,,2026-08-18 19:05:11.656Z,3o2fj1znev0krvz,,px3acjduduouqz6,2026-08-18 19:05:09.338Z,35a5f57f8816142e
0i4wbozzox7i5yg,page_view,2026-08-18 19:30:01.080Z,"{""from"": ""/de/discourse"", ""to"": ""/de/questions/3o2fj1znev0krvz/proposals/question""}",2026-08-18 19:30:00.969Z,3o2fj1znev0krvz,,,2026-08-18 19:30:01.080Z,407be8b01d4ce342
spvnowi4x00qg0e,page_view,2026-08-18 19:30:10.063Z,"{""from"": ""/de/questions/3o2fj1znev0krvz/proposals/subscriptions"", ""to"": ""/de/questions/3o2fj1znev0krvz/proposals/ideas""}",2026-08-18 19:30:09.943Z,3o2fj1znev0krvz,,,2026-08-18 19:30:10.063Z,407be8b01d4ce342
mlaay0zzhqzmcp5,page_view,2026-08-18 20:19:53.575Z,"{""from"": ""/de/questions/3o2fj1znev0krvz/proposals/ideas"", ""to"": ""/de/questions/3o2fj1znev0krvz/proposals/ideas""}",2026-08-18 20:19:53.494Z,3o2fj1znev0krvz,,,2026-08-18 20:19:53.575Z,407be8b01d4ce342
tc6qoig6jr06q6q,page_view,2026-08-18 20:20:00.833Z,"{""from"": ""/de/questions/3o2fj1znev0krvz/proposals/ballot"", ""to"": ""/de/questions/3o2fj1znev0krvz/proposals/ideas""}",2026-08-18 20:20:00.755Z,3o2fj1znev0krvz,,,2026-08-18 20:20:00.833Z,407be8b01d4ce342
ukz2ymlxzaledqk,proposal_view,2026-08-18 20:20:05.357Z,,2026-08-18 20:20:05.273Z,3o2fj1znev0krvz,,nra27jcg8g8vvq8,2026-08-18 20:20:05.357Z,407be8b01d4ce342
jos4mjmyj4ir6ru,subscribe,2026-08-18 20:20:28.878Z,,2026-08-18 20:20:28.877Z,3o2fj1znev0krvz,,nra27jcg8g8vvq8,2026-08-18 20:20:28.878Z,407be8b01d4ce342
spcyeeofkk0ld1f,page_view,2026-08-18 20:20:43.986Z,"{""from"": ""/de/questions/3o2fj1znev0krvz/proposals/ballot"", ""to"": ""/de/questions/3o2fj1znev0krvz/proposals/question""}",2026-08-18 20:20:43.904Z,3o2fj1znev0krvz,,,2026-08-18 20:20:43.986Z,407be8b01d4ce342
cy1fzcvnm5h1uq8,page_view,2026-08-18 20:20:50.504Z,"{""from"": ""/de/questions/3o2fj1znev0krvz/proposals/question"", ""to"": ""/de/groups/m5obm8bp0rbq043""}",2026-08-18 20:20:50.421Z,3o2fj1znev0krvz,,,2026-08-18 20:20:50.504Z,407be8b01d4ce342
tzu6mj8t8ysxmtu,page_view,2026-08-19 07:55:28.378Z,"{""from"": ""/de/groups/m5obm8bp0rbq043"", ""to"": ""/de/discourse""}",2026-08-19 07:55:28.361Z,3o2fj1znev0krvz,,,2026-08-19 07:55:28.378Z,407be8b01d4ce342
3i34cv4ose89rez,page_view,2026-08-19 07:55:31.127Z,"{""from"": ""/de/discourse"", ""to"": ""/de/questions/3o2fj1znev0krvz/proposals/question""}",2026-08-19 07:55:31.112Z,3o2fj1znev0krvz,,,2026-08-19 07:55:31.127Z,407be8b01d4ce342
nfefji61i53uhbu,page_view,2026-08-19 07:55:34.697Z,"{""from"": ""/de/questions/3o2fj1znev0krvz/proposals/question"", ""to"": ""/de/questions/3o2fj1znev0krvz/proposals/ideas""}",2026-08-19 07:55:34.681Z,3o2fj1znev0krvz,,,2026-08-19 07:55:34.697Z,407be8b01d4ce342
crelux8m07l83kt,proposal_view,2026-08-19 07:56:01.249Z,,2026-08-19 07:56:01.230Z,3o2fj1znev0krvz,,nra27jcg8g8vvq8,2026-08-19 07:56:01.249Z,407be8b01d4ce342
44lb8cag1sg626u,compare_add,2026-08-19 07:56:10.742Z,"{""pool_size"": 1}",2026-08-19 07:56:10.723Z,3o2fj1znev0krvz,,nra27jcg8g8vvq8,2026-08-19 07:56:10.742Z,407be8b01d4ce342
740cv8o63ebzkq4,page_view,2026-08-19 07:56:30.320Z,"{""from"": ""/de/questions/3o2fj1znev0krvz/proposals/subscriptions"", ""to"": ""/de/questions/3o2fj1znev0krvz/proposals/subscriptions""}",2026-08-19 07:56:30.294Z,3o2fj1znev0krvz,,,2026-08-19 07:56:30.320Z,407be8b01d4ce342
x6uw84q7ln3v20b,proposal_view,2026-08-19 07:56:40.172Z,,2026-08-19 07:56:40.150Z,3o2fj1znev0krvz,,y9eb6fxeu3zpepy,2026-08-19 07:56:40.172Z,407be8b01d4ce342
3w5rt0jlfoiyy0w,compare_add,2026-08-19 07:56:47.165Z,"{""pool_size"": 2}",2026-08-19 07:56:47.142Z,3o2fj1znev0krvz,,y9eb6fxeu3zpepy,2026-08-19 07:56:47.165Z,407be8b01d4ce342
ypyybeequnspobl,page_view,2026-08-19 07:56:50.531Z,"{""from"": ""/de/questions/3o2fj1znev0krvz/proposals/subscriptions"", ""to"": ""/de/questions/3o2fj1znev0krvz/proposals/compare""}",2026-08-19 07:56:50.431Z,3o2fj1znev0krvz,,,2026-08-19 07:56:50.531Z,407be8b01d4ce342
5zeh5fdss6adod2,proposal_view,2026-08-19 07:57:52.570Z,,2026-08-19 07:57:52.548Z,3o2fj1znev0krvz,,y9eb6fxeu3zpepy,2026-08-19 07:57:52.570Z,407be8b01d4ce342
o5steg6quyb1tnk,page_view,2026-08-19 12:20:27.405Z,"{""from"": ""/de/discourse"", ""to"": ""/de/questions/3o2fj1znev0krvz/proposals/question""}",2026-08-19 12:20:27.376Z,3o2fj1znev0krvz,,,2026-08-19 12:20:27.405Z,de13859e1d6aea12
hxjvhaast8evg48,page_view,2026-08-19 12:20:28.308Z,"{""from"": ""/de/questions/3o2fj1znev0krvz/proposals/question"", ""to"": ""/de/groups/m5obm8bp0rbq043""}",2026-08-19 12:20:28.292Z,3o2fj1znev0krvz,,,2026-08-19 12:20:28.308Z,de13859e1d6aea12
4ar4bnuboiwe4ky,page_view,2026-08-19 12:20:34.694Z,"{""from"": ""/de/groups/m5obm8bp0rbq043"", ""to"": ""/de/discourse""}",2026-08-19 12:20:34.665Z,3o2fj1znev0krvz,,,2026-08-19 12:20:34.694Z,de13859e1d6aea12
eyqhvbixi2otmmd,page_view,2026-08-19 12:28:43.362Z,"{""from"": ""/de/register"", ""to"": ""/de/how-it-works""}",2026-08-19 12:28:43.328Z,,,,2026-08-19 12:28:43.362Z,b209c2355deb9852
ael0f52sifsinwn,page_view,2026-08-19 12:29:17.209Z,"{""from"": ""/de/how-it-works"", ""to"": ""/de/discourse""}",2026-08-19 12:29:17.167Z,,,,2026-08-19 12:29:17.209Z,b209c2355deb9852
219mb6midjy4wcj,tab_switch,2026-08-19 12:29:42.915Z,"{""state"": ""visible""}",2026-08-19 12:29:42.761Z,,,,2026-08-19 12:29:42.915Z,b209c2355deb9852
luuu4isu5hq6zjs,page_view,2026-08-19 12:29:44.156Z,"{""to"": ""/de/discourse""}",2026-08-19 12:29:44.115Z,,,,2026-08-19 12:29:44.156Z,b209c2355deb9852
85hq5h3zuohnjoh,session_start,2026-08-19 12:29:44.162Z,"{""isMobile"": true, ""screenHeight"": 650, ""screenWidth"": 384, ""userAgent"": ""Mozilla/5.0 (Linux; Android 10; K) AppleWebKit/537.36 (KHTML, like Gecko) SamsungBrowser/29.0 Chrome/136.0.0.0 Mobile Safari/537.36""}",2026-08-19 12:29:44.114Z,,,,2026-08-19 12:29:44.162Z,b209c2355deb9852
4d37b5aavazry32,tab_switch,2026-08-19 12:30:23.887Z,"{""state"": ""visible""}",2026-08-19 12:30:23.612Z,,,,2026-08-19 12:30:23.887Z,b209c2355deb9852
1823ieeqrnk6omj,tab_switch,2026-08-19 12:31:00.212Z,"{""state"": ""visible""}",2026-08-19 12:30:59.658Z,,,,2026-08-19 12:31:00.212Z,b209c2355deb9852
adxnm2z4s0oqss9,page_view,2026-08-19 12:31:10.079Z,"{""from"": ""/de/discourse"", ""to"": ""/de/questions/3o2fj1znev0krvz/proposals/question""}",2026-08-19 12:31:10.039Z,3o2fj1znev0krvz,,,2026-08-19 12:31:10.079Z,b209c2355deb9852
44o46jc4hh7wkns,tab_switch,2026-08-19 12:32:07.875Z,"{""state"": ""visible""}",2026-08-19 12:32:07.709Z,,,,2026-08-19 12:32:07.875Z,b209c2355deb9852
j7o854oylqqpmoq,page_view,2026-08-19 12:32:08.595Z,"{""from"": ""/de/questions/3o2fj1znev0krvz/proposals/question"", ""to"": ""/de/discourse""}",2026-08-19 12:32:08.551Z,3o2fj1znev0krvz,,,2026-08-19 12:32:08.595Z,b209c2355deb9852
v1c3ks28ve9vnjv,page_view,2026-08-19 12:36:38.404Z,"{""from"": ""/de/discourse"", ""to"": ""/de/questions/3o2fj1znev0krvz/proposals/question""}",2026-08-19 12:36:38.390Z,3o2fj1znev0krvz,,,2026-08-19 12:36:38.404Z,de13859e1d6aea12
y0isg3w83nja0pl,page_view,2026-08-19 12:36:39.787Z,"{""from"": ""/de/questions/3o2fj1znev0krvz/proposals/question"", ""to"": ""/de/groups/m5obm8bp0rbq043""}",2026-08-19 12:36:39.728Z,3o2fj1znev0krvz,,,2026-08-19 12:36:39.787Z,de13859e1d6aea12
zv33ld9saoo1tbk,tab_switch,2026-08-19 12:49:30.696Z,"{""state"": ""visible""}",2026-08-19 12:49:30.542Z,,,,2026-08-19 12:49:30.696Z,b209c2355deb9852
5ptzpssztujjppa,page_view,2026-08-19 12:49:37.844Z,"{""from"": ""/de/discourse"", ""to"": ""/de/post-study-survey""}",2026-08-19 12:49:37.788Z,3o2fj1znev0krvz,,,2026-08-19 12:49:37.844Z,b209c2355deb9852
ebq6a3h79cop4mg,page_view,2026-08-19 12:49:50.288Z,"{""from"": ""/de/post-study-survey"", ""to"": ""/de/discourse""}",2026-08-19 12:49:50.210Z,3o2fj1znev0krvz,,,2026-08-19 12:49:50.288Z,b209c2355deb9852
hfoq8lafy16su1o,page_view,2026-08-19 12:50:11.931Z,"{""from"": ""/de/discourse"", ""to"": ""/de/how-it-works""}",2026-08-19 12:50:11.605Z,3o2fj1znev0krvz,,,2026-08-19 12:50:11.931Z,b209c2355deb9852
9hg6qacssr2pnyg,page_view,2026-08-19 12:50:32.416Z,"{""from"": ""/de/how-it-works"", ""to"": ""/de/how-it-works""}",2026-08-19 12:50:32.364Z,3o2fj1znev0krvz,,,2026-08-19 12:50:32.416Z,b209c2355deb9852
j5jxtxsj5vxsfab,page_view,2026-08-19 12:50:38.263Z,"{""from"": ""/de/how-it-works"", ""to"": ""/de/discourse""}",2026-08-19 12:50:38.218Z,3o2fj1znev0krvz,,,2026-08-19 12:50:38.263Z,b209c2355deb9852
qmd4r559vw7jc4v,page_view,2026-08-19 12:50:44.335Z,"{""from"": ""/de/discourse"", ""to"": ""/de/groups""}",2026-08-19 12:50:44.285Z,3o2fj1znev0krvz,,,2026-08-19 12:50:44.335Z,b209c2355deb9852
7xcg4nsxlgw9my5,page_view,2026-08-19 12:50:46.643Z,"{""from"": ""/de/groups"", ""to"": ""/de/discourse""}",2026-08-19 12:50:46.594Z,3o2fj1znev0krvz,,,2026-08-19 12:50:46.643Z,b209c2355deb9852
ffmcfe6tzxab9qd,tab_switch,2026-08-19 12:51:11.325Z,"{""state"": ""visible""}",2026-08-19 12:51:11.200Z,,,,2026-08-19 12:51:11.325Z,b209c2355deb9852
mx1wnmsbiq8ud0z,tab_switch,2026-08-19 12:51:33.751Z,"{""state"": ""visible""}",2026-08-19 12:51:33.340Z,,,,2026-08-19 12:51:33.751Z,b209c2355deb9852
kixjcofd22rjlln,page_view,2026-08-19 12:51:36.925Z,"{""from"": ""/de/discourse"", ""to"": ""/de/questions/3o2fj1znev0krvz/proposals/question""}",2026-08-19 12:51:36.876Z,3o2fj1znev0krvz,,,2026-08-19 12:51:36.925Z,b209c2355deb9852
o2d94pdzknf2x0v,page_view,2026-08-19 15:23:44.198Z,"{""from"": ""/de/discourse"", ""to"": ""/de/questions/3o2fj1znev0krvz/proposals/question""}",2026-08-19 15:23:44.140Z,3o2fj1znev0krvz,,,2026-08-19 15:23:44.198Z,407be8b01d4ce342
4hv5hwgvgbc7foh,page_view,2026-08-19 15:23:47.601Z,"{""from"": ""/de/questions/3o2fj1znev0krvz/proposals/question"", ""to"": ""/de/questions/3o2fj1znev0krvz/proposals/ideas""}",2026-08-19 15:23:47.538Z,3o2fj1znev0krvz,,,2026-08-19 15:23:47.601Z,407be8b01d4ce342
0dvu2jabqsfigzb,page_view,2026-08-19 15:23:56.985Z,"{""from"": ""/de/questions/3o2fj1znev0krvz/proposals/ballot"", ""to"": ""/de/questions/76q0g006tjtp7gp/proposals/question""}",2026-08-19 15:23:56.923Z,76q0g006tjtp7gp,,,2026-08-19 15:23:56.985Z,407be8b01d4ce342
itpmd29p02393bh,page_view,2026-08-19 15:23:59.766Z,"{""from"": ""/de/questions/76q0g006tjtp7gp/proposals/question"", ""to"": ""/de/groups/m5obm8bp0rbq043""}",2026-08-19 15:23:59.596Z,76q0g006tjtp7gp,,,2026-08-19 15:23:59.766Z,407be8b01d4ce342
k191esbv63r1oam,page_view,2026-08-19 15:24:01.990Z,"{""from"": ""/de/groups/m5obm8bp0rbq043"", ""to"": ""/de/questions/76q0g006tjtp7gp/proposals/question""}",2026-08-19 15:24:01.931Z,76q0g006tjtp7gp,,,2026-08-19 15:24:01.990Z,407be8b01d4ce342
1tkduspfcmrdy21,page_view,2026-08-19 15:24:04.911Z,"{""from"": ""/de/questions/76q0g006tjtp7gp/proposals/question"", ""to"": ""/de/discourse""}",2026-08-19 15:24:04.853Z,76q0g006tjtp7gp,,,2026-08-19 15:24:04.911Z,407be8b01d4ce342
fxe94q2ldozbymj,page_view,2026-08-19 15:24:06.910Z,"{""from"": ""/de/discourse"", ""to"": ""/de/questions/76q0g006tjtp7gp/proposals/question""}",2026-08-19 15:24:06.848Z,76q0g006tjtp7gp,,,2026-08-19 15:24:06.910Z,407be8b01d4ce342
xcedb221gpeezko,proposal_view,2026-08-19 15:24:10.143Z,,2026-08-19 15:24:10.082Z,76q0g006tjtp7gp,,vixofkl1sb29k6z,2026-08-19 15:24:10.143Z,407be8b01d4ce342
g15l3filo138c9h,page_view,2026-08-19 15:24:22.192Z,"{""from"": ""/de/questions/76q0g006tjtp7gp/proposals/subscriptions"", ""to"": ""/de/discourse""}",2026-08-19 15:24:22.024Z,76q0g006tjtp7gp,,,2026-08-19 15:24:22.192Z,407be8b01d4ce342
5bk8wm0ckmq3e5p,page_view,2026-08-19 17:59:49.746Z,"{""from"": ""/de/discourse"", ""to"": ""/de/questions/76q0g006tjtp7gp/proposals/question""}",2026-08-19 17:59:49.706Z,76q0g006tjtp7gp,,,2026-08-19 17:59:49.746Z,407be8b01d4ce342
1r8t2pyc31v15aa,page_view,2026-08-19 20:38:39.572Z,"{""from"": ""/de/questions/76q0g006tjtp7gp/proposals/question"", ""to"": ""/de/questions/76q0g006tjtp7gp/proposals/ideas""}",2026-08-19 20:38:39.555Z,76q0g006tjtp7gp,,,2026-08-19 20:38:39.572Z,407be8b01d4ce342
d6iy5p4wxn88a4d,page_view,2026-08-19 20:38:41.699Z,"{""from"": ""/de/questions/76q0g006tjtp7gp/proposals/subscriptions"", ""to"": ""/de/questions/76q0g006tjtp7gp/proposals/subscriptions""}",2026-08-19 20:38:41.676Z,76q0g006tjtp7gp,,,2026-08-19 20:38:41.699Z,407be8b01d4ce342
33oljqg6j7j71es,proposal_view,2026-08-19 20:38:45.421Z,,2026-08-19 20:38:45.403Z,76q0g006tjtp7gp,,yuk7erdsr4l9gbd,2026-08-19 20:38:45.421Z,407be8b01d4ce342
xdo41mf534etpee,page_view,2026-08-19 20:38:58.267Z,"{""from"": ""/de/questions/76q0g006tjtp7gp/proposals/subscriptions"", ""to"": ""/de/questions/76q0g006tjtp7gp/proposals/question""}",2026-08-19 20:38:58.250Z,76q0g006tjtp7gp,,,2026-08-19 20:38:58.267Z,407be8b01d4ce342
pyr5l321qg3zav6,page_view,2026-08-19 20:39:00.986Z,"{""from"": ""/de/questions/76q0g006tjtp7gp/proposals/question"", ""to"": ""/de/discourse""}",2026-08-19 20:39:00.970Z,76q0g006tjtp7gp,,,2026-08-19 20:39:00.986Z,407be8b01d4ce342
bcuorznsy1uv60h,page_view,2026-08-19 20:39:05.537Z,"{""from"": ""/de/discourse"", ""to"": ""/de/questions/3o2fj1znev0krvz/proposals/question""}",2026-08-19 20:39:05.522Z,3o2fj1znev0krvz,,,2026-08-19 20:39:05.537Z,407be8b01d4ce342
33qe0axyt9uksh7,page_view,2026-08-19 21:15:30.930Z,"{""from"": ""/de/groups/m5obm8bp0rbq043"", ""to"": ""/de/questions/3o2fj1znev0krvz/proposals/question""}",2026-08-19 21:15:31.730Z,3o2fj1znev0krvz,,,2026-08-19 21:15:30.930Z,cc3304ea9b75a00f
q2blhjzj79l9sgm,page_view,2026-08-19 21:17:28.875Z,"{""from"": ""/de/questions/3o2fj1znev0krvz/proposals/question"", ""to"": ""/de/questions/3o2fj1znev0krvz/proposals/new""}",2026-08-19 21:17:29.681Z,3o2fj1znev0krvz,,,2026-08-19 21:17:28.875Z,cc3304ea9b75a00f
qdrajavei3yvogp,page_view,2026-08-19 21:17:33.727Z,"{""from"": ""/de/questions/3o2fj1znev0krvz/proposals/new"", ""to"": ""/de/questions/3o2fj1znev0krvz/proposals/ideas""}",2026-08-19 21:17:34.547Z,3o2fj1znev0krvz,,,2026-08-19 21:17:33.727Z,cc3304ea9b75a00f
oskmhd0xdqijvek,proposal_view,2026-08-19 21:17:51.177Z,,2026-08-19 21:17:51.974Z,3o2fj1znev0krvz,,y9eb6fxeu3zpepy,2026-08-19 21:17:51.177Z,cc3304ea9b75a00f
mlrh1jb7b5ks8si,subscribe,2026-08-19 21:18:37.325Z,,2026-08-19 21:18:37.324Z,3o2fj1znev0krvz,,y9eb6fxeu3zpepy,2026-08-19 21:18:37.325Z,cc3304ea9b75a00f
t8mm6wkxj33d1kg,proposal_view,2026-08-19 21:18:52.703Z,,2026-08-19 21:18:53.516Z,3o2fj1znev0krvz,,2k4q9z9tfrakikx,2026-08-19 21:18:52.703Z,cc3304ea9b75a00f
dy6ekiso3tsoo4u,page_view,2026-08-19 21:19:39.421Z,"{""from"": ""/de/questions/3o2fj1znev0krvz/proposals/ideas"", ""to"": ""/de/questions/3o2fj1znev0krvz/proposals/ideas""}",2026-08-19 21:19:40.226Z,3o2fj1znev0krvz,,,2026-08-19 21:19:39.421Z,cc3304ea9b75a00f
nuf50auswd8m0bq,compare_add,2026-08-19 21:19:46.932Z,"{""pool_size"": 1}",2026-08-19 21:19:47.731Z,3o2fj1znev0krvz,,2k4q9z9tfrakikx,2026-08-19 21:19:46.932Z,cc3304ea9b75a00f
zp4380lzros8e6o,proposal_view,2026-08-19 21:19:49.602Z,,2026-08-19 21:19:50.404Z,3o2fj1znev0krvz,,2k4q9z9tfrakikx,2026-08-19 21:19:49.602Z,cc3304ea9b75a00f
avq2jctk3l6uetg,proposal_view,2026-08-19 21:20:11.987Z,,2026-08-19 21:20:12.801Z,3o2fj1znev0krvz,,626n317m1w4j7lo,2026-08-19 21:20:11.987Z,cc3304ea9b75a00f
ubc8v0ypjffhqkr,page_view,2026-08-19 21:20:48.729Z,"{""from"": ""/de/questions/3o2fj1znev0krvz/proposals/ideas"", ""to"": ""/de/questions/3o2fj1znev0krvz/proposals/compare""}",2026-08-19 21:20:49.536Z,3o2fj1znev0krvz,,,2026-08-19 21:20:48.729Z,cc3304ea9b75a00f
7mjo6oijarizizc,proposal_view,2026-08-19 21:21:57.375Z,,2026-08-19 21:21:58.178Z,3o2fj1znev0krvz,,626n317m1w4j7lo,2026-08-19 21:21:57.375Z,cc3304ea9b75a00f
cn5nn5xu8fpb92m,page_view,2026-08-19 21:21:57.419Z,"{""from"": ""/de/questions/3o2fj1znev0krvz/proposals/compare"", ""to"": ""/de/questions/3o2fj1znev0krvz/proposals/ideas""}",2026-08-19 21:21:58.239Z,3o2fj1znev0krvz,,,2026-08-19 21:21:57.419Z,cc3304ea9b75a00f
tvfqqw8umtfcyl9,proposal_view,2026-08-19 21:22:14.315Z,,2026-08-19 21:22:15.111Z,3o2fj1znev0krvz,,m5vq0q540kenhen,2026-08-19 21:22:14.315Z,cc3304ea9b75a00f
kvx45poq2i0kx1o,page_view,2026-08-19 21:23:56.019Z,"{""from"": ""/de/discourse"", ""to"": ""/de/questions/3o2fj1znev0krvz/proposals/question""}",2026-08-19 21:23:56.835Z,3o2fj1znev0krvz,,,2026-08-19 21:23:56.019Z,cc3304ea9b75a00f
prn90c025tqz4yq,page_view,2026-08-19 21:24:04.330Z,"{""from"": ""/de/questions/3o2fj1znev0krvz/proposals/question"", ""to"": ""/de/questions/3o2fj1znev0krvz/proposals/ideas""}",2026-08-19 21:24:05.142Z,3o2fj1znev0krvz,,,2026-08-19 21:24:04.330Z,cc3304ea9b75a00f
tfndpi2um8n2sfc,proposal_view,2026-08-19 21:24:16.379Z,,2026-08-19 21:24:17.164Z,3o2fj1znev0krvz,,nra27jcg8g8vvq8,2026-08-19 21:24:16.379Z,cc3304ea9b75a00f
sms8s42gb8vaj80,subscribe,2026-08-19 21:24:49.844Z,,2026-08-19 21:24:49.843Z,3o2fj1znev0krvz,,nra27jcg8g8vvq8,2026-08-19 21:24:49.844Z,cc3304ea9b75a00f
k89gjhfxl7gc8i8,proposal_view,2026-08-19 21:24:59.012Z,,2026-08-19 21:24:59.816Z,3o2fj1znev0krvz,,gjnpljxyyh1y1fv,2026-08-19 21:24:59.012Z,cc3304ea9b75a00f
b2dpak9s1a3fv43,proposal_view,2026-08-19 21:25:29.003Z,,2026-08-19 21:25:29.797Z,3o2fj1znev0krvz,,wyx4lc9o5ebp473,2026-08-19 21:25:29.003Z,cc3304ea9b75a00f
4vvph2uuznnwtqw,page_view,2026-08-19 21:26:14.764Z,"{""from"": ""/de/questions/3o2fj1znev0krvz/proposals/ballot"", ""to"": ""/de/questions/3o2fj1znev0krvz/proposals/ideas""}",2026-08-19 21:26:15.575Z,3o2fj1znev0krvz,,,2026-08-19 21:26:14.764Z,cc3304ea9b75a00f
4qclx6m2p0zrb6e,proposal_view,2026-08-19 21:26:39.239Z,,2026-08-19 21:26:40.032Z,3o2fj1znev0krvz,,eesc7p17sxod25m,2026-08-19 21:26:39.239Z,cc3304ea9b75a00f
fb0558hr1leqpts,page_view,2026-08-19 21:28:30.245Z,"{""from"": ""/de/questions/3o2fj1znev0krvz/proposals/ideas"", ""to"": ""/de/questions/3o2fj1znev0krvz/proposals/compare""}",2026-08-19 21:28:31.049Z,3o2fj1znev0krvz,,,2026-08-19 21:28:30.245Z,cc3304ea9b75a00f
zwjk4wokg7k52f0,proposal_view,2026-08-19 21:28:33.034Z,,2026-08-19 21:28:33.826Z,3o2fj1znev0krvz,,eesc7p17sxod25m,2026-08-19 21:28:33.034Z,cc3304ea9b75a00f
9ugr9bm7rz1r8bh,page_view,2026-08-19 21:28:33.066Z,"{""from"": ""/de/questions/3o2fj1znev0krvz/proposals/compare"", ""to"": ""/de/questions/3o2fj1znev0krvz/proposals/ideas""}",2026-08-19 21:28:33.886Z,3o2fj1znev0krvz,,,2026-08-19 21:28:33.066Z,cc3304ea9b75a00f
ch7mgb33iy4rh8o,page_view,2026-08-19 21:28:34.898Z,"{""from"": ""/de/questions/3o2fj1znev0krvz/proposals/ideas"", ""to"": ""/de/questions/3o2fj1znev0krvz/proposals/ideas""}",2026-08-19 21:28:35.687Z,3o2fj1znev0krvz,,,2026-08-19 21:28:34.898Z,cc3304ea9b75a00f
xk9q2bklyvvqjot,proposal_view,2026-08-19 21:28:43.520Z,,2026-08-19 21:28:44.338Z,3o2fj1znev0krvz,,eesc7p17sxod25m,2026-08-19 21:28:43.520Z,cc3304ea9b75a00f
nkey2hnek30x41e,page_view,2026-08-19 21:29:23.196Z,"{""from"": ""/de/questions/3o2fj1znev0krvz/proposals/ideas"", ""to"": ""/de/questions/3o2fj1znev0krvz/proposals/compare""}",2026-08-19 21:29:23.999Z,3o2fj1znev0krvz,,,2026-08-19 21:29:23.196Z,cc3304ea9b75a00f
x5cd1yg6pkzmggx,proposal_view,2026-08-19 21:29:33.988Z,,2026-08-19 21:29:34.798Z,3o2fj1znev0krvz,,eesc7p17sxod25m,2026-08-19 21:29:33.988Z,cc3304ea9b75a00f
a3w6el7rkkvj9ag,page_view,2026-08-19 21:29:35.998Z,"{""from"": ""/de/questions/3o2fj1znev0krvz/proposals/compare"", ""to"": ""/de/questions/3o2fj1znev0krvz/proposals/compare""}",2026-08-19 21:29:36.792Z,3o2fj1znev0krvz,,,2026-08-19 21:29:35.998Z,cc3304ea9b75a00f
vij9mbjz70mtojc,page_view,2026-08-20 06:56:08.650Z,"{""from"": ""/de/login"", ""to"": ""/de/invite/nar2qPkbndY8uU064clwv1hDoz3lqopY""}",2026-08-20 06:56:08.507Z,,,,2026-08-20 06:56:08.650Z,b209c2355deb9852
yniewmh0neu0fgh,page_view,2026-08-20 06:56:17.779Z,"{""from"": ""/de/invite/nar2qPkbndY8uU064clwv1hDoz3lqopY"", ""to"": ""/de/invite/nar2qPkbndY8uU064clwv1hDoz3lqopY""}",2026-08-20 06:56:17.636Z,,,,2026-08-20 06:56:17.779Z,b209c2355deb9852
s2yvn1kfvwxl4hd,page_view,2026-08-20 06:56:19.168Z,"{""from"": ""/de/invite/nar2qPkbndY8uU064clwv1hDoz3lqopY"", ""to"": ""/de/invite/nar2qPkbndY8uU064clwv1hDoz3lqopY""}",2026-08-20 06:56:19.024Z,,,,2026-08-20 06:56:19.168Z,b209c2355deb9852
edr33h741bqu0r0,page_view,2026-08-20 06:56:20.861Z,"{""from"": ""/de/invite/nar2qPkbndY8uU064clwv1hDoz3lqopY"", ""to"": ""/de/invite/nar2qPkbndY8uU064clwv1hDoz3lqopY""}",2026-08-20 06:56:20.714Z,,,,2026-08-20 06:56:20.861Z,b209c2355deb9852
9nxt5cbyd2pltak,notification_panel_open,2026-08-20 06:56:21.569Z,"{""unread_count"": 2}",2026-08-20 06:56:21.426Z,,,,2026-08-20 06:56:21.569Z,b209c2355deb9852
a2pxkrf041s6a8z,notification_panel_open,2026-08-20 06:56:24.242Z,"{""unread_count"": 1}",2026-08-20 06:56:24.097Z,,,,2026-08-20 06:56:24.242Z,b209c2355deb9852
ne0vpjgmdi5ih1j,notification_panel_click,2026-08-20 06:56:24.254Z,"{""event_type"": ""phase_ending_soon"", ""title"": ""Diskussion endet bald \ud83d\udd14"", ""url"": ""/questions/3o2fj1znev0krvz/proposals/question""}",2026-08-20 06:56:24.253Z,,,p0hsihofi7y6jbw,2026-08-20 06:56:24.254Z,b209c2355deb9852
4ckog9ez66gw50q,page_view,2026-08-20 06:56:24.485Z,"{""from"": ""/de/invite/nar2qPkbndY8uU064clwv1hDoz3lqopY"", ""to"": ""/de/questions/3o2fj1znev0krvz/proposals/question""}",2026-08-20 06:56:24.355Z,3o2fj1znev0krvz,,,2026-08-20 06:56:24.485Z,b209c2355deb9852
bdc6741x7ts3dzx,tab_switch,2026-08-20 06:58:13.154Z,"{""state"": ""visible""}",2026-08-20 06:58:12.640Z,,,,2026-08-20 06:58:13.154Z,b209c2355deb9852
6x7xntkxci4q1cv,page_view,2026-08-20 06:58:37.683Z,"{""from"": ""/de/questions/3o2fj1znev0krvz/proposals/question"", ""to"": ""/de/questions/3o2fj1znev0krvz/proposals/new""}",2026-08-20 06:58:37.547Z,3o2fj1znev0krvz,,,2026-08-20 06:58:37.683Z,b209c2355deb9852
yzx170x4qzmxi9o,page_view,2026-08-20 06:58:39.985Z,"{""from"": ""/de/questions/3o2fj1znev0krvz/proposals/new"", ""to"": ""/de/questions/3o2fj1znev0krvz/proposals/question""}",2026-08-20 06:58:39.851Z,3o2fj1znev0krvz,,,2026-08-20 06:58:39.985Z,b209c2355deb9852
4zv71f7vyruqqu5,feed_filter_change,2026-08-20 06:58:47.895Z,"{""selectedLabelId"": null, ""sortMode"": ""Newest""}",2026-08-20 06:58:47.763Z,,,,2026-08-20 06:58:47.895Z,b209c2355deb9852
g45nakn801xt0zo,page_view,2026-08-20 06:58:47.900Z,"{""from"": ""/de/questions/3o2fj1znev0krvz/proposals/subscriptions"", ""to"": ""/de/questions/3o2fj1znev0krvz/proposals/ideas""}",2026-08-20 06:58:47.770Z,3o2fj1znev0krvz,,,2026-08-20 06:58:47.900Z,b209c2355deb9852
q0z45dbldwjghs4,proposal_view,2026-08-20 06:59:22.171Z,,2026-08-20 06:59:22.037Z,3o2fj1znev0krvz,,n8luy5w1pc5olz4,2026-08-20 06:59:22.171Z,b209c2355deb9852
psylfuasej5qqir,page_view,2026-08-20 07:00:16.808Z,"{""from"": ""/de/questions/3o2fj1znev0krvz/proposals/ideas"", ""to"": ""/de/questions/3o2fj1znev0krvz/proposals/new""}",2026-08-20 07:00:16.678Z,3o2fj1znev0krvz,,,2026-08-20 07:00:16.808Z,b209c2355deb9852
0rmgsp8npg53dnz,proposal_view,2026-08-20 07:00:20.072Z,,2026-08-20 07:00:19.941Z,3o2fj1znev0krvz,,n8luy5w1pc5olz4,2026-08-20 07:00:20.072Z,b209c2355deb9852
nbhzo5mjaabkcwl,page_view,2026-08-20 07:00:20.077Z,"{""from"": ""/de/questions/3o2fj1znev0krvz/proposals/new"", ""to"": ""/de/questions/3o2fj1znev0krvz/proposals/ideas""}",2026-08-20 07:00:19.944Z,3o2fj1znev0krvz,,,2026-08-20 07:00:20.077Z,b209c2355deb9852
sg4wab91jt2bzui,session_start,2026-08-20 07:00:21.267Z,"{""isMobile"": true, ""screenHeight"": 650, ""screenWidth"": 384, ""userAgent"": ""Mozilla/5.0 (Linux; Android 10; K) AppleWebKit/537.36 (KHTML, like Gecko) SamsungBrowser/29.0 Chrome/136.0.0.0 Mobile Safari/537.36""}",2026-08-20 07:00:21.136Z,,,,2026-08-20 07:00:21.267Z,b209c2355deb9852
q2p4efs7p1bhie0,page_view,2026-08-20 07:00:21.276Z,"{""to"": ""/de/questions/3o2fj1znev0krvz/proposals/n8luy5w1pc5olz4""}",2026-08-20 07:00:21.137Z,3o2fj1znev0krvz,,,2026-08-20 07:00:21.276Z,b209c2355deb9852
44kvqpa7oeqrj2o,proposal_view,2026-08-20 07:00:21.277Z,,2026-08-20 07:00:21.130Z,3o2fj1znev0krvz,,n8luy5w1pc5olz4,2026-08-20 07:00:21.277Z,b209c2355deb9852
ik4mpkdxo8m9dpw,proposal_view,2026-08-20 07:00:21.280Z,,2026-08-20 07:00:21.134Z,3o2fj1znev0krvz,,n8luy5w1pc5olz4,2026-08-20 07:00:21.280Z,b209c2355deb9852
nu3oxi7laso2qgg,feed_filter_change,2026-08-20 07:00:21.500Z,"{""selectedLabelId"": null, ""sortMode"": ""Newest""}",2026-08-20 07:00:21.372Z,,,,2026-08-20 07:00:21.500Z,b209c2355deb9852
3l647fjlsoi25x3,page_view,2026-08-20 07:00:21.508Z,"{""from"": ""/de/questions/3o2fj1znev0krvz/proposals/n8luy5w1pc5olz4"", ""to"": ""/de/questions/3o2fj1znev0krvz/proposals/ideas""}",2026-08-20 07:00:21.377Z,3o2fj1znev0krvz,,,2026-08-20 07:00:21.508Z,b209c2355deb9852
3r4qt2mi1hxmuha,proposal_view,2026-08-20 07:00:26.164Z,,2026-08-20 07:00:26.030Z,3o2fj1znev0krvz,,626n317m1w4j7lo,2026-08-20 07:00:26.164Z,b209c2355deb9852
2tpa5w40nc7z0rg,tab_switch,2026-08-20 07:01:08.784Z,"{""state"": ""visible""}",2026-08-20 07:01:08.648Z,,,,2026-08-20 07:01:08.784Z,b209c2355deb9852
aabyiojowtixsav,tab_switch,2026-08-20 07:28:34.276Z,"{""state"": ""visible""}",2026-08-20 07:28:34.009Z,,,,2026-08-20 07:28:34.276Z,b209c2355deb9852
zivptac87259g41,session_start,2026-08-20 07:28:54.391Z,"{""isMobile"": true, ""screenHeight"": 650, ""screenWidth"": 384, ""userAgent"": ""Mozilla/5.0 (Linux; Android 10; K) AppleWebKit/537.36 (KHTML, like Gecko) SamsungBrowser/29.0 Chrome/136.0.0.0 Mobile Safari/537.36""}",2026-08-20 07:28:54.249Z,,,,2026-08-20 07:28:54.391Z,b209c2355deb9852
vhk33r8z3jd6f5k,page_view,2026-08-20 07:28:54.397Z,"{""to"": ""/de/questions/3o2fj1znev0krvz/proposals/question""}",2026-08-20 07:28:54.250Z,3o2fj1znev0krvz,,,2026-08-20 07:28:54.397Z,b209c2355deb9852
99fsj5ayq1k9xyl,tab_switch,2026-08-20 07:31:55.580Z,"{""state"": ""visible""}",2026-08-20 07:31:54.904Z,,,,2026-08-20 07:31:55.580Z,b209c2355deb9852
a3wf54f4wg7fzgj,page_view,2026-08-20 08:01:40.861Z,"{""from"": ""/de/discourse"", ""to"": ""/de/questions/3o2fj1znev0krvz/proposals/question""}",2026-08-20 08:01:40.801Z,3o2fj1znev0krvz,,,2026-08-20 08:01:40.861Z,407be8b01d4ce342
v4undxx9tn93pj6,page_view,2026-08-20 08:01:42.370Z,"{""from"": ""/de/questions/3o2fj1znev0krvz/proposals/question"", ""to"": ""/de/questions/3o2fj1znev0krvz/proposals/ideas""}",2026-08-20 08:01:42.311Z,3o2fj1znev0krvz,,,2026-08-20 08:01:42.370Z,407be8b01d4ce342
f8basufr4imldl0,tab_switch,2026-08-20 10:04:25.554Z,"{""state"": ""visible""}",2026-08-20 10:04:25.193Z,,,,2026-08-20 10:04:25.554Z,b209c2355deb9852
vtko4as3vck4ny9,page_view,2026-08-20 10:04:36.202Z,"{""to"": ""/de/discourse""}",2026-08-20 10:04:36.038Z,,,,2026-08-20 10:04:36.202Z,b209c2355deb9852
slfibvtrg2jce6k,session_start,2026-08-20 10:04:36.204Z,"{""isMobile"": true, ""screenHeight"": 650, ""screenWidth"": 384, ""userAgent"": ""Mozilla/5.0 (Linux; Android 10; K) AppleWebKit/537.36 (KHTML, like Gecko) SamsungBrowser/29.0 Chrome/136.0.0.0 Mobile Safari/537.36""}",2026-08-20 10:04:36.037Z,,,,2026-08-20 10:04:36.204Z,b209c2355deb9852
5xtbwz61if4e8e5,page_view,2026-08-20 10:04:40.384Z,"{""from"": ""/de/discourse"", ""to"": ""/de/questions/76q0g006tjtp7gp/proposals/question""}",2026-08-20 10:04:40.251Z,76q0g006tjtp7gp,,,2026-08-20 10:04:40.384Z,b209c2355deb9852
p1p3a5uj7d5yhhj,tab_switch,2026-08-20 10:05:57.115Z,"{""state"": ""visible""}",2026-08-20 10:05:56.941Z,,,,2026-08-20 10:05:57.115Z,b209c2355deb9852
pzlqblb22c7nd58,tab_switch,2026-08-20 10:06:50.268Z,"{""state"": ""visible""}",2026-08-20 10:06:49.577Z,,,,2026-08-20 10:06:50.268Z,b209c2355deb9852
asd944uyk3mqk72,page_view,2026-08-20 10:06:53.770Z,"{""from"": ""/de/questions/76q0g006tjtp7gp/proposals/question"", ""to"": ""/de/discourse""}",2026-08-20 10:06:53.624Z,76q0g006tjtp7gp,,,2026-08-20 10:06:53.770Z,b209c2355deb9852
4f20p5vx4ol4kqo,page_view,2026-08-20 10:06:55.772Z,"{""from"": ""/de/discourse"", ""to"": ""/de/questions/76q0g006tjtp7gp/proposals/question""}",2026-08-20 10:06:55.627Z,76q0g006tjtp7gp,,,2026-08-20 10:06:55.772Z,b209c2355deb9852
otyrw9yrskf9ftk,page_view,2026-08-20 10:07:09.641Z,"{""from"": ""/de/questions/76q0g006tjtp7gp/proposals/question"", ""to"": ""/de/groups/m5obm8bp0rbq043""}",2026-08-20 10:07:09.491Z,76q0g006tjtp7gp,,,2026-08-20 10:07:09.641Z,b209c2355deb9852
knwfnveh6273lr5,page_view,2026-08-20 10:07:11.338Z,"{""from"": ""/de/groups/m5obm8bp0rbq043"", ""to"": ""/de/questions/76q0g006tjtp7gp/proposals/question""}",2026-08-20 10:07:11.194Z,76q0g006tjtp7gp,,,2026-08-20 10:07:11.338Z,b209c2355deb9852
jgtjzzstimqu5h6,page_view,2026-08-20 10:07:17.551Z,"{""from"": ""/de/questions/76q0g006tjtp7gp/proposals/question"", ""to"": ""/de/questions/76q0g006tjtp7gp/proposals/question""}",2026-08-20 10:07:17.400Z,76q0g006tjtp7gp,,,2026-08-20 10:07:17.551Z,b209c2355deb9852
wmem0ea66yry86x,page_view,2026-08-20 10:07:18.362Z,"{""from"": ""/de/questions/76q0g006tjtp7gp/proposals/question"", ""to"": ""/de/questions/76q0g006tjtp7gp/proposals/question""}",2026-08-20 10:07:18.208Z,76q0g006tjtp7gp,,,2026-08-20 10:07:18.362Z,b209c2355deb9852
3z9ik80olc1gy7x,page_view,2026-08-20 10:07:18.582Z,"{""from"": ""/de/questions/76q0g006tjtp7gp/proposals/question"", ""to"": ""/de/questions/76q0g006tjtp7gp/proposals/question""}",2026-08-20 10:07:18.435Z,76q0g006tjtp7gp,,,2026-08-20 10:07:18.582Z,b209c2355deb9852
6jqau1o1v73kr96,page_view,2026-08-20 10:07:18.759Z,"{""from"": ""/de/questions/76q0g006tjtp7gp/proposals/question"", ""to"": ""/de/questions/76q0g006tjtp7gp/proposals/question""}",2026-08-20 10:07:18.617Z,76q0g006tjtp7gp,,,2026-08-20 10:07:18.759Z,b209c2355deb9852
3l8kj5r7h5bgtx5,session_start,2026-08-20 10:07:20.370Z,"{""isMobile"": true, ""screenHeight"": 650, ""screenWidth"": 384, ""userAgent"": ""Mozilla/5.0 (Linux; Android 10; K) AppleWebKit/537.36 (KHTML, like Gecko) SamsungBrowser/29.0 Chrome/136.0.0.0 Mobile Safari/537.36""}",2026-08-20 10:07:20.227Z,,,,2026-08-20 10:07:20.370Z,b209c2355deb9852
5bqhseyawf73tdm,page_view,2026-08-20 10:07:20.374Z,"{""to"": ""/de/questions/76q0g006tjtp7gp/proposals/question""}",2026-08-20 10:07:20.228Z,76q0g006tjtp7gp,,,2026-08-20 10:07:20.374Z,b209c2355deb9852
53uc7o309ngdcu8,feed_filter_change,2026-08-20 10:07:22.159Z,"{""selectedLabelId"": null, ""sortMode"": ""Newest""}",2026-08-20 10:07:22.013Z,,,,2026-08-20 10:07:22.159Z,b209c2355deb9852
9ul8jtyfx6sc29q,page_view,2026-08-20 10:07:22.162Z,"{""from"": ""/de/questions/76q0g006tjtp7gp/proposals/question"", ""to"": ""/de/questions/76q0g006tjtp7gp/proposals/ideas""}",2026-08-20 10:07:22.019Z,76q0g006tjtp7gp,,,2026-08-20 10:07:22.162Z,b209c2355deb9852
4l4xofjbp6fngbx,proposal_view,2026-08-20 10:07:27.757Z,,2026-08-20 10:07:27.609Z,76q0g006tjtp7gp,,xtsnw7ypbsms4jl,2026-08-20 10:07:27.757Z,b209c2355deb9852
vm9slb5jaa74b97,compare_add,2026-08-20 10:08:01.567Z,"{""pool_size"": 1}",2026-08-20 10:08:01.425Z,76q0g006tjtp7gp,,l6ue0ntwy9qo9p6,2026-08-20 10:08:01.567Z,b209c2355deb9852
nihe20eze3tg551,tab_switch,2026-08-20 10:22:13.622Z,"{""state"": ""visible""}",2026-08-20 10:22:13.203Z,,,,2026-08-20 10:22:13.622Z,b209c2355deb9852
tsx0wuj3vgzp4p4,tab_switch,2026-08-20 10:22:19.199Z,"{""state"": ""visible""}",2026-08-20 10:22:19.027Z,,,,2026-08-20 10:22:19.199Z,b209c2355deb9852
hcb6bh7neo8id8b,proposal_view,2026-08-20 10:22:20.825Z,,2026-08-20 10:22:20.670Z,76q0g006tjtp7gp,,l6ue0ntwy9qo9p6,2026-08-20 10:22:20.825Z,b209c2355deb9852
klmzhrxn8cirnql,proposal_view,2026-08-20 10:22:32.380Z,,2026-08-20 10:22:32.225Z,76q0g006tjtp7gp,,vixofkl1sb29k6z,2026-08-20 10:22:32.380Z,b209c2355deb9852
fpfh526domxn9h3,notification_panel_open,2026-08-20 10:22:54.266Z,"{""unread_count"": 1}",2026-08-20 10:22:54.104Z,,,,2026-08-20 10:22:54.266Z,b209c2355deb9852
digwap2n4ppxzfu,notification_panel_open,2026-08-20 10:22:57.712Z,"{""unread_count"": 0}",2026-08-20 10:22:57.534Z,,,,2026-08-20 10:22:57.712Z,b209c2355deb9852
8l8q5wkg4lsxsb0,notification_panel_click,2026-08-20 10:22:57.720Z,"{""event_type"": ""phase_ending_soon"", ""title"": ""Diskussion endet bald \ud83d\udd14"", ""url"": ""/questions/76q0g006tjtp7gp/proposals/question""}",2026-08-20 10:22:57.719Z,,,yqjudyyp2cji5u1,2026-08-20 10:22:57.720Z,b209c2355deb9852
ombn4975cluvjrv,page_view,2026-08-20 10:22:57.942Z,"{""from"": ""/de/questions/76q0g006tjtp7gp/proposals/ideas"", ""to"": ""/de/questions/76q0g006tjtp7gp/proposals/question""}",2026-08-20 10:22:57.736Z,76q0g006tjtp7gp,,,2026-08-20 10:22:57.942Z,b209c2355deb9852
iinha694q1f200i,proposal_view,2026-08-20 10:23:13.162Z,,2026-08-20 10:23:12.848Z,76q0g006tjtp7gp,,vixofkl1sb29k6z,2026-08-20 10:23:13.162Z,b209c2355deb9852
kgzgz1cvfg9c5ul,page_view,2026-08-20 10:23:13.164Z,"{""from"": ""/de/questions/76q0g006tjtp7gp/proposals/question"", ""to"": ""/de/questions/76q0g006tjtp7gp/proposals/ideas""}",2026-08-20 10:23:12.851Z,76q0g006tjtp7gp,,,2026-08-20 10:23:13.164Z,b209c2355deb9852
zvk4jqsgpkcc1qr,proposal_view,2026-08-20 10:23:14.495Z,,2026-08-20 10:23:14.349Z,76q0g006tjtp7gp,,l6ue0ntwy9qo9p6,2026-08-20 10:23:14.495Z,b209c2355deb9852
mwqdfk620simoqq,page_view,2026-08-20 10:23:18.916Z,"{""from"": ""/de/questions/76q0g006tjtp7gp/proposals/ideas"", ""to"": ""/de/questions/76q0g006tjtp7gp/proposals/question""}",2026-08-20 10:23:18.766Z,76q0g006tjtp7gp,,,2026-08-20 10:23:18.916Z,b209c2355deb9852
r5gb0vqesegnc02,page_view,2026-08-20 10:23:21.857Z,"{""from"": ""/de/questions/76q0g006tjtp7gp/proposals/question"", ""to"": ""/de/discourse""}",2026-08-20 10:23:21.710Z,76q0g006tjtp7gp,,,2026-08-20 10:23:21.857Z,b209c2355deb9852
sdw1qq9ishtsx4o,page_view,2026-08-20 10:23:24.482Z,"{""from"": ""/de/discourse"", ""to"": ""/de/questions/76q0g006tjtp7gp/proposals/question""}",2026-08-20 10:23:24.339Z,76q0g006tjtp7gp,,,2026-08-20 10:23:24.482Z,b209c2355deb9852
2mdll1d4jkl38md,page_view,2026-08-20 10:23:44.482Z,"{""from"": ""/de/questions/76q0g006tjtp7gp/proposals/question"", ""to"": ""/de/questions/76q0g006tjtp7gp/proposals/ideas""}",2026-08-20 10:23:44.341Z,76q0g006tjtp7gp,,,2026-08-20 10:23:44.482Z,b209c2355deb9852
5dmfq9uhi88imbq,proposal_view,2026-08-20 10:23:47.284Z,,2026-08-20 10:23:47.133Z,76q0g006tjtp7gp,,l6ue0ntwy9qo9p6,2026-08-20 10:23:47.284Z,b209c2355deb9852
pqgsf0cthe8x88n,proposal_view,2026-08-20 10:23:51.967Z,,2026-08-20 10:23:51.820Z,76q0g006tjtp7gp,,vixofkl1sb29k6z,2026-08-20 10:23:51.967Z,b209c2355deb9852
29libn8t2fuehqu,compare_open,2026-08-20 10:23:55.298Z,"{""source_ids"": [""jm45hx8bajf99lv""]}",2026-08-20 10:23:55.147Z,,,vixofkl1sb29k6z,2026-08-20 10:23:55.298Z,b209c2355deb9852
ag3r14psnrfclv9,page_view,2026-08-20 10:23:55.370Z,"{""from"": ""/de/questions/76q0g006tjtp7gp/proposals/ideas"", ""to"": ""/de/questions/76q0g006tjtp7gp/proposals/compare""}",2026-08-20 10:23:55.219Z,76q0g006tjtp7gp,,,2026-08-20 10:23:55.370Z,b209c2355deb9852
q4ohajrnjqiomgp,proposal_view,2026-08-20 10:24:30.373Z,,2026-08-20 10:24:30.206Z,76q0g006tjtp7gp,,vixofkl1sb29k6z,2026-08-20 10:24:30.373Z,b209c2355deb9852
zlg4hr6cyf6v9bw,page_view,2026-08-20 10:24:30.377Z,"{""from"": ""/de/questions/76q0g006tjtp7gp/proposals/compare"", ""to"": ""/de/questions/76q0g006tjtp7gp/proposals/ideas""}",2026-08-20 10:24:30.211Z,76q0g006tjtp7gp,,,2026-08-20 10:24:30.377Z,b209c2355deb9852
mzs6qkhq2b67l7h,page_view,2026-08-20 10:24:32.092Z,"{""from"": ""/de/questions/76q0g006tjtp7gp/proposals/ideas"", ""to"": ""/de/questions/76q0g006tjtp7gp/proposals/ideas""}",2026-08-20 10:24:31.947Z,76q0g006tjtp7gp,,,2026-08-20 10:24:32.092Z,b209c2355deb9852
oytdpcpgz2jh27n,page_view,2026-08-20 10:24:38.571Z,"{""from"": ""/de/questions/76q0g006tjtp7gp/proposals/ideas"", ""to"": ""/de/questions/76q0g006tjtp7gp/proposals/ideas""}",2026-08-20 10:24:38.413Z,76q0g006tjtp7gp,,,2026-08-20 10:24:38.571Z,b209c2355deb9852
vf285d1elvx2vlx,proposal_view,2026-08-20 10:24:38.571Z,,2026-08-20 10:24:38.410Z,76q0g006tjtp7gp,,vixofkl1sb29k6z,2026-08-20 10:24:38.571Z,b209c2355deb9852
fw4ydfrvf28f0dr,page_view,2026-08-20 10:24:39.227Z,"{""from"": ""/de/questions/76q0g006tjtp7gp/proposals/ideas"", ""to"": ""/de/questions/76q0g006tjtp7gp/proposals/ideas""}",2026-08-20 10:24:39.073Z,76q0g006tjtp7gp,,,2026-08-20 10:24:39.227Z,b209c2355deb9852
1uf98afs4ihxchn,page_view,2026-08-20 10:24:39.973Z,"{""from"": ""/de/questions/76q0g006tjtp7gp/proposals/ideas"", ""to"": ""/de/questions/76q0g006tjtp7gp/proposals/question""}",2026-08-20 10:24:39.828Z,76q0g006tjtp7gp,,,2026-08-20 10:24:39.973Z,b209c2355deb9852
h7m57ror7r3untu,page_view,2026-08-20 10:24:40.464Z,"{""from"": ""/de/questions/76q0g006tjtp7gp/proposals/question"", ""to"": ""/de/questions/76q0g006tjtp7gp/proposals/question""}",2026-08-20 10:24:40.313Z,76q0g006tjtp7gp,,,2026-08-20 10:24:40.464Z,b209c2355deb9852
eix6981h8orj9hd,page_view,2026-08-20 10:24:47.661Z,"{""from"": ""/de/questions/76q0g006tjtp7gp/proposals/question"", ""to"": ""/de/questions/76q0g006tjtp7gp/proposals/ideas""}",2026-08-20 10:24:47.504Z,76q0g006tjtp7gp,,,2026-08-20 10:24:47.661Z,b209c2355deb9852
r5jandsj0nbwrsb,page_view,2026-08-20 10:24:50.240Z,"{""from"": ""/de/questions/76q0g006tjtp7gp/proposals/ideas"", ""to"": ""/de/questions/76q0g006tjtp7gp/proposals/ideas""}",2026-08-20 10:24:50.072Z,76q0g006tjtp7gp,,,2026-08-20 10:24:50.240Z,b209c2355deb9852
rmkcmqj8hiazpsz,page_view,2026-08-20 10:24:50.575Z,"{""from"": ""/de/questions/76q0g006tjtp7gp/proposals/ideas"", ""to"": ""/de/questions/76q0g006tjtp7gp/proposals/ideas""}",2026-08-20 10:24:50.430Z,76q0g006tjtp7gp,,,2026-08-20 10:24:50.575Z,b209c2355deb9852
kwn3qrgnj4ph383,page_view,2026-08-20 10:24:50.858Z,"{""from"": ""/de/questions/76q0g006tjtp7gp/proposals/ideas"", ""to"": ""/de/questions/76q0g006tjtp7gp/proposals/question""}",2026-08-20 10:24:50.722Z,76q0g006tjtp7gp,,,2026-08-20 10:24:50.858Z,b209c2355deb9852
ofq68f0q6ri8ocf,page_view,2026-08-20 10:24:51.679Z,"{""from"": ""/de/questions/76q0g006tjtp7gp/proposals/subscriptions"", ""to"": ""/de/questions/76q0g006tjtp7gp/proposals/ideas""}",2026-08-20 10:24:51.527Z,76q0g006tjtp7gp,,,2026-08-20 10:24:51.679Z,b209c2355deb9852
7q27ov3ps7wwmvq,feed_filter_change,2026-08-20 10:24:52.539Z,"{""selectedLabelId"": null, ""sortMode"": ""Newest""}",2026-08-20 10:24:52.380Z,,,,2026-08-20 10:24:52.539Z,b209c2355deb9852
47vn5m0pfrco8mn,page_view,2026-08-20 10:24:52.541Z,"{""to"": ""/de/questions/76q0g006tjtp7gp/proposals/ideas""}",2026-08-20 10:24:52.382Z,76q0g006tjtp7gp,,,2026-08-20 10:24:52.541Z,b209c2355deb9852
dmrpeldagfzvup4,session_start,2026-08-20 10:24:52.547Z,"{""isMobile"": true, ""screenHeight"": 650, ""screenWidth"": 384, ""userAgent"": ""Mozilla/5.0 (Linux; Android 10; K) AppleWebKit/537.36 (KHTML, like Gecko) SamsungBrowser/29.0 Chrome/136.0.0.0 Mobile Safari/537.36""}",2026-08-20 10:24:52.381Z,,,,2026-08-20 10:24:52.547Z,b209c2355deb9852
gy0uijzq0tmxthd,page_view,2026-08-20 10:24:56.844Z,"{""from"": ""/de/questions/76q0g006tjtp7gp/proposals/ideas"", ""to"": ""/de/questions/76q0g006tjtp7gp/proposals/question""}",2026-08-20 10:24:56.697Z,76q0g006tjtp7gp,,,2026-08-20 10:24:56.844Z,b209c2355deb9852
m7fw5ji58oeoohm,page_view,2026-08-20 10:25:01.945Z,"{""from"": ""/de/questions/76q0g006tjtp7gp/proposals/question"", ""to"": ""/de/questions/76q0g006tjtp7gp/proposals/ideas""}",2026-08-20 10:25:01.791Z,76q0g006tjtp7gp,,,2026-08-20 10:25:01.945Z,b209c2355deb9852
x4wxpwzu9gpk6xu,proposal_view,2026-08-20 10:25:09.318Z,,2026-08-20 10:25:09.171Z,76q0g006tjtp7gp,,l6ue0ntwy9qo9p6,2026-08-20 10:25:09.318Z,b209c2355deb9852
hos2y516rzxuxj3,proposal_view,2026-08-20 10:25:12.552Z,,2026-08-20 10:25:12.409Z,76q0g006tjtp7gp,,vixofkl1sb29k6z,2026-08-20 10:25:12.552Z,b209c2355deb9852
a4g5g0kmk45pjt3,tab_switch,2026-08-20 10:26:19.552Z,"{""state"": ""visible""}",2026-08-20 10:26:19.026Z,,,,2026-08-20 10:26:19.552Z,b209c2355deb9852
5a42fuprekq77vt,proposal_view,2026-08-20 10:26:20.041Z,,2026-08-20 10:26:19.882Z,76q0g006tjtp7gp,,l6ue0ntwy9qo9p6,2026-08-20 10:26:20.041Z,b209c2355deb9852
iq32y9bzkwido0x,page_view,2026-08-20 10:26:21.800Z,"{""from"": ""/de/questions/76q0g006tjtp7gp/proposals/ideas"", ""to"": ""/de/discourse""}",2026-08-20 10:26:21.640Z,76q0g006tjtp7gp,,,2026-08-20 10:26:21.800Z,b209c2355deb9852
d8e7diyma8q5sa9,page_view,2026-08-20 10:26:27.332Z,"{""from"": ""/de/discourse"", ""to"": ""/de/questions/3o2fj1znev0krvz/proposals/question""}",2026-08-20 10:26:27.179Z,3o2fj1znev0krvz,,,2026-08-20 10:26:27.332Z,b209c2355deb9852
ed49mau3gr8rbq9,page_view,2026-08-20 10:26:36.748Z,"{""from"": ""/de/questions/3o2fj1znev0krvz/proposals/question"", ""to"": ""/de/questions/3o2fj1znev0krvz/proposals/ideas""}",2026-08-20 10:26:36.586Z,3o2fj1znev0krvz,,,2026-08-20 10:26:36.748Z,b209c2355deb9852
6wgxs934vpwtobu,proposal_view,2026-08-20 10:26:40.473Z,,2026-08-20 10:26:40.314Z,3o2fj1znev0krvz,,2w5teh1hty0mznr,2026-08-20 10:26:40.473Z,b209c2355deb9852
ygj49jxr6xkj55j,proposal_view,2026-08-20 10:26:44.782Z,,2026-08-20 10:26:44.631Z,3o2fj1znev0krvz,,creod2dm6xewo2s,2026-08-20 10:26:44.782Z,b209c2355deb9852
4lwr1o1j466h2n4,proposal_view,2026-08-20 10:26:47.500Z,,2026-08-20 10:26:47.333Z,3o2fj1znev0krvz,,creod2dm6xewo2s,2026-08-20 10:26:47.500Z,b209c2355deb9852
cod2qbn7akmodaz,session_start,2026-08-20 10:26:47.502Z,"{""isMobile"": true, ""screenHeight"": 650, ""screenWidth"": 384, ""userAgent"": ""Mozilla/5.0 (Linux; Android 10; K) AppleWebKit/537.36 (KHTML, like Gecko) SamsungBrowser/29.0 Chrome/136.0.0.0 Mobile Safari/537.36""}",2026-08-20 10:26:47.336Z,,,,2026-08-20 10:26:47.502Z,b209c2355deb9852
yltdspnbebc2kjf,proposal_view,2026-08-20 10:26:47.505Z,,2026-08-20 10:26:47.335Z,3o2fj1znev0krvz,,creod2dm6xewo2s,2026-08-20 10:26:47.505Z,b209c2355deb9852
9peqxfs4ec6xvmh,page_view,2026-08-20 10:26:47.510Z,"{""to"": ""/de/questions/3o2fj1znev0krvz/proposals/creod2dm6xewo2s""}",2026-08-20 10:26:47.337Z,3o2fj1znev0krvz,,,2026-08-20 10:26:47.510Z,b209c2355deb9852
qsyhw38u17b1puh,feed_filter_change,2026-08-20 10:26:56.725Z,"{""selectedLabelId"": null, ""sortMode"": ""Newest""}",2026-08-20 10:26:56.571Z,,,,2026-08-20 10:26:56.725Z,b209c2355deb9852
nhomotxww6bv72d,page_view,2026-08-20 10:26:56.730Z,"{""from"": ""/de/questions/3o2fj1znev0krvz/proposals/creod2dm6xewo2s"", ""to"": ""/de/questions/3o2fj1znev0krvz/proposals/ideas""}",2026-08-20 10:26:56.582Z,3o2fj1znev0krvz,,,2026-08-20 10:26:56.730Z,b209c2355deb9852
7tv4tzn3r0wgjnb,proposal_view,2026-08-20 10:26:56.734Z,,2026-08-20 10:26:56.578Z,3o2fj1znev0krvz,,2w5teh1hty0mznr,2026-08-20 10:26:56.734Z,b209c2355deb9852
txdr2psthy9z6fr,proposal_view,2026-08-20 10:27:00.818Z,,2026-08-20 10:27:00.669Z,3o2fj1znev0krvz,,creod2dm6xewo2s,2026-08-20 10:27:00.818Z,b209c2355deb9852
m4gfktyh49qp84n,proposal_view,2026-08-20 10:27:01.745Z,,2026-08-20 10:27:01.590Z,3o2fj1znev0krvz,,2w5teh1hty0mznr,2026-08-20 10:27:01.745Z,b209c2355deb9852
hab9neqplcykorc,proposal_view,2026-08-20 10:27:04.916Z,,2026-08-20 10:27:04.758Z,3o2fj1znev0krvz,,gjnpljxyyh1y1fv,2026-08-20 10:27:04.916Z,b209c2355deb9852
9lmlih1ap6l7e74,proposal_view,2026-08-20 10:27:07.605Z,,2026-08-20 10:27:07.449Z,3o2fj1znev0krvz,,2w5teh1hty0mznr,2026-08-20 10:27:07.605Z,b209c2355deb9852
zndmyyufs38sa0m,proposal_view,2026-08-20 10:27:10.767Z,,2026-08-20 10:27:10.613Z,3o2fj1znev0krvz,,y9eb6fxeu3zpepy,2026-08-20 10:27:10.767Z,b209c2355deb9852
40rraig1awp4h7x,tab_switch,2026-08-20 10:28:36.743Z,"{""state"": ""visible""}",2026-08-20 10:28:36.494Z,,,,2026-08-20 10:28:36.743Z,b209c2355deb9852
dmhstgnfv3he2fj,tab_switch,2026-08-20 10:29:23.908Z,"{""state"": ""visible""}",2026-08-20 10:29:23.497Z,,,,2026-08-20 10:29:23.908Z,b209c2355deb9852
tt0o4v5vesyhfho,proposal_view,2026-08-20 10:29:28.724Z,,2026-08-20 10:29:28.564Z,3o2fj1znev0krvz,,cu6kgkeod5v8oxj,2026-08-20 10:29:28.724Z,b209c2355deb9852
w7urlqx8vec1bbl,tab_switch,2026-08-20 10:29:38.553Z,"{""state"": ""visible""}",2026-08-20 10:29:38.376Z,,,,2026-08-20 10:29:38.553Z,b209c2355deb9852
923mr6t8cufe44p,proposal_view,2026-08-20 10:29:45.199Z,,2026-08-20 10:29:45.035Z,3o2fj1znev0krvz,,y9eb6fxeu3zpepy,2026-08-20 10:29:45.199Z,b209c2355deb9852
vlh6iln6hkjsw8h,proposal_view,2026-08-20 10:29:53.757Z,,2026-08-20 10:29:53.591Z,3o2fj1znev0krvz,,2k4q9z9tfrakikx,2026-08-20 10:29:53.757Z,b209c2355deb9852
t94bnu9axz2ify5,tab_switch,2026-08-20 10:30:40.059Z,"{""state"": ""visible""}",2026-08-20 10:30:39.517Z,,,,2026-08-20 10:30:40.059Z,b209c2355deb9852
jhhu17ewgjj7nrz,page_view,2026-08-20 10:30:42.843Z,"{""from"": ""/de/questions/3o2fj1znev0krvz/proposals/ideas"", ""to"": ""/de/questions/3o2fj1znev0krvz/proposals/question""}",2026-08-20 10:30:42.661Z,3o2fj1znev0krvz,,,2026-08-20 10:30:42.843Z,b209c2355deb9852
ngjikos06nmlz7g,tab_switch,2026-08-20 10:37:28.237Z,"{""state"": ""visible""}",2026-08-20 10:37:27.989Z,,,,2026-08-20 10:37:28.237Z,b209c2355deb9852
o7n9hk059190xfz,page_view,2026-08-20 10:37:32.767Z,"{""from"": ""/de/questions/3o2fj1znev0krvz/proposals/question"", ""to"": ""/de/questions/3o2fj1znev0krvz/proposals/ideas""}",2026-08-20 10:37:32.605Z,3o2fj1znev0krvz,,,2026-08-20 10:37:32.767Z,b209c2355deb9852
kpeurhs00cmpx4x,proposal_view,2026-08-20 10:37:35.177Z,,2026-08-20 10:37:35.027Z,3o2fj1znev0krvz,,nra27jcg8g8vvq8,2026-08-20 10:37:35.177Z,b209c2355deb9852
jnmhenm452bwojc,proposal_view,2026-08-20 10:37:47.704Z,,2026-08-20 10:37:47.548Z,3o2fj1znev0krvz,,626n317m1w4j7lo,2026-08-20 10:37:47.704Z,b209c2355deb9852
uoorgoh7jqnjva2,proposal_view,2026-08-20 10:38:10.173Z,,2026-08-20 10:38:10.023Z,3o2fj1znev0krvz,,y9eb6fxeu3zpepy,2026-08-20 10:38:10.173Z,b209c2355deb9852
aoamu1koamchlvi,proposal_view,2026-08-20 10:38:33.044Z,,2026-08-20 10:38:32.887Z,3o2fj1znev0krvz,,626n317m1w4j7lo,2026-08-20 10:38:33.044Z,b209c2355deb9852
3ibhny75h29xj5e,page_view,2026-08-20 10:38:34.889Z,"{""from"": ""/de/questions/3o2fj1znev0krvz/proposals/ideas"", ""to"": ""/de/questions/3o2fj1znev0krvz/proposals/ideas""}",2026-08-20 10:38:34.729Z,3o2fj1znev0krvz,,,2026-08-20 10:38:34.889Z,b209c2355deb9852
ovzwm3d25bi82bm,page_view,2026-08-20 10:38:35.401Z,"{""from"": ""/de/questions/3o2fj1znev0krvz/proposals/ideas"", ""to"": ""/de/questions/3o2fj1znev0krvz/proposals/question""}",2026-08-20 10:38:35.253Z,3o2fj1znev0krvz,,,2026-08-20 10:38:35.401Z,b209c2355deb9852
ld1w4sxsa6o09nv,page_view,2026-08-20 10:38:39.146Z,"{""from"": ""/de/questions/3o2fj1znev0krvz/proposals/question"", ""to"": ""/de/questions/3o2fj1znev0krvz/proposals/ideas""}",2026-08-20 10:38:38.992Z,3o2fj1znev0krvz,,,2026-08-20 10:38:39.146Z,b209c2355deb9852
pkh8lhjioynha77,tab_switch,2026-08-20 10:41:37.138Z,"{""state"": ""visible""}",2026-08-20 10:41:36.977Z,,,,2026-08-20 10:41:37.138Z,b209c2355deb9852
huagrcextcpau2v,page_view,2026-08-20 10:53:56.457Z,"{""from"": ""/de/discourse"", ""to"": ""/de/questions/3o2fj1znev0krvz/proposals/question""}",2026-08-20 10:53:56.439Z,3o2fj1znev0krvz,,,2026-08-20 10:53:56.457Z,407be8b01d4ce342
bnvxjx9y8mbpnk1,page_view,2026-08-20 10:53:57.940Z,"{""from"": ""/de/questions/3o2fj1znev0krvz/proposals/question"", ""to"": ""/de/groups/m5obm8bp0rbq043""}",2026-08-20 10:53:57.921Z,3o2fj1znev0krvz,,,2026-08-20 10:53:57.940Z,407be8b01d4ce342
zkwu5ai76hhfvve,page_view,2026-08-20 10:54:06.860Z,"{""from"": ""/de/groups/m5obm8bp0rbq043"", ""to"": ""/de/questions/3o2fj1znev0krvz/proposals/question""}",2026-08-20 10:54:06.840Z,3o2fj1znev0krvz,,,2026-08-20 10:54:06.860Z,407be8b01d4ce342
f6qohlinkjyf5m2,page_view,2026-08-20 10:54:08.103Z,"{""from"": ""/de/questions/3o2fj1znev0krvz/proposals/question"", ""to"": ""/de/questions/3o2fj1znev0krvz/proposals/ideas""}",2026-08-20 10:54:08.080Z,3o2fj1znev0krvz,,,2026-08-20 10:54:08.103Z,407be8b01d4ce342
oipsyf5brgahgn9,page_view,2026-08-20 10:54:15.121Z,"{""from"": ""/de/questions/3o2fj1znev0krvz/proposals/ballot"", ""to"": ""/de/questions/3o2fj1znev0krvz/proposals/ideas""}",2026-08-20 10:54:15.095Z,3o2fj1znev0krvz,,,2026-08-20 10:54:15.121Z,407be8b01d4ce342
46kf3cqxsgs63av,proposal_view,2026-08-20 10:54:36.406Z,,2026-08-20 10:54:36.382Z,3o2fj1znev0krvz,,626n317m1w4j7lo,2026-08-20 10:54:36.406Z,407be8b01d4ce342
8dk1ie2j070mhjw,proposal_view,2026-08-20 10:54:56.289Z,,2026-08-20 10:54:56.264Z,3o2fj1znev0krvz,,nra27jcg8g8vvq8,2026-08-20 10:54:56.289Z,407be8b01d4ce342
ignhihypze27idi,page_view,2026-08-20 10:55:05.595Z,"{""from"": ""/de/questions/3o2fj1znev0krvz/proposals/ideas"", ""to"": ""/de/questions/3o2fj1znev0krvz/proposals/compare""}",2026-08-20 10:55:05.575Z,3o2fj1znev0krvz,,,2026-08-20 10:55:05.595Z,407be8b01d4ce342
jrr9l2bai89fgw0,subscribe,2026-08-20 11:03:34.471Z,,2026-08-20 11:03:34.470Z,3o2fj1znev0krvz,,35vcx46mtetnk82,2026-08-20 11:03:34.471Z,407be8b01d4ce342
p1puw9533jf5aha,remix_combine,2026-08-20 11:03:34.482Z,,2026-08-20 11:03:34.454Z,3o2fj1znev0krvz,,35vcx46mtetnk82,2026-08-20 11:03:34.482Z,407be8b01d4ce342
79qu2onuk9m9ayz,proposal_view,2026-08-20 11:03:35.313Z,,2026-08-20 11:03:35.288Z,3o2fj1znev0krvz,,35vcx46mtetnk82,2026-08-20 11:03:35.313Z,407be8b01d4ce342
n5zn4j0xs9j3tcv,page_view,2026-08-20 11:03:35.326Z,"{""from"": ""/de/questions/3o2fj1znev0krvz/proposals/compare"", ""to"": ""/de/questions/3o2fj1znev0krvz/proposals/35vcx46mtetnk82""}",2026-08-20 11:03:35.299Z,3o2fj1znev0krvz,,,2026-08-20 11:03:35.326Z,407be8b01d4ce342
3d9n19o8l5ot9ny,proposal_view,2026-08-20 11:03:35.327Z,,2026-08-20 11:03:35.298Z,3o2fj1znev0krvz,,35vcx46mtetnk82,2026-08-20 11:03:35.327Z,407be8b01d4ce342
qiitpjjgc2cto71,page_view,2026-08-20 11:03:37.088Z,"{""from"": ""/de/questions/3o2fj1znev0krvz/proposals/35vcx46mtetnk82"", ""to"": ""/de/questions/3o2fj1znev0krvz/proposals/ideas""}",2026-08-20 11:03:37.063Z,3o2fj1znev0krvz,,,2026-08-20 11:03:37.088Z,407be8b01d4ce342
newzo16au82d8zl,unsubscribe,2026-08-20 11:03:42.873Z,,2026-08-20 11:03:42.872Z,3o2fj1znev0krvz,,nra27jcg8g8vvq8,2026-08-20 11:03:42.873Z,407be8b01d4ce342
30c6zw4pgnkc1qz,page_view,2026-08-20 11:04:03.704Z,"{""from"": ""/de/questions/3o2fj1znev0krvz/proposals/subscriptions"", ""to"": ""/de/questions/3o2fj1znev0krvz/proposals/ideas""}",2026-08-20 11:04:03.677Z,3o2fj1znev0krvz,,,2026-08-20 11:04:03.704Z,407be8b01d4ce342
5exc6d6qcklzvle,page_view,2026-08-20 11:04:03.921Z,"{""from"": ""/de/questions/3o2fj1znev0krvz/proposals/ideas"", ""to"": ""/de/questions/3o2fj1znev0krvz/proposals/question""}",2026-08-20 11:04:03.898Z,3o2fj1znev0krvz,,,2026-08-20 11:04:03.921Z,407be8b01d4ce342
f6h2jz5mosbkicb,page_view,2026-08-20 11:04:15.380Z,"{""from"": ""/de/questions/3o2fj1znev0krvz/proposals/question"", ""to"": ""/de/discourse""}",2026-08-20 11:04:15.356Z,3o2fj1znev0krvz,,,2026-08-20 11:04:15.380Z,407be8b01d4ce342
ah8gzjxo07g095n,page_view,2026-08-20 11:04:18.286Z,"{""from"": ""/de/discourse"", ""to"": ""/de/questions/76q0g006tjtp7gp/proposals/question""}",2026-08-20 11:04:18.265Z,76q0g006tjtp7gp,,,2026-08-20 11:04:18.286Z,407be8b01d4ce342
5gus1bnz7057x3z,page_view,2026-08-20 11:04:19.890Z,"{""from"": ""/de/questions/76q0g006tjtp7gp/proposals/question"", ""to"": ""/de/questions/76q0g006tjtp7gp/proposals/ideas""}",2026-08-20 11:04:19.864Z,76q0g006tjtp7gp,,,2026-08-20 11:04:19.890Z,407be8b01d4ce342
4ymjzvoh2767o58,page_view,2026-08-20 11:04:22.999Z,"{""from"": ""/de/questions/76q0g006tjtp7gp/proposals/subscriptions"", ""to"": ""/de/questions/76q0g006tjtp7gp/proposals/question""}",2026-08-20 11:04:22.976Z,76q0g006tjtp7gp,,,2026-08-20 11:04:22.999Z,407be8b01d4ce342
5aklxs4t0axjmer,page_view,2026-08-20 11:04:24.119Z,"{""from"": ""/de/questions/76q0g006tjtp7gp/proposals/question"", ""to"": ""/de/questions/76q0g006tjtp7gp/proposals/ideas""}",2026-08-20 11:04:24.092Z,76q0g006tjtp7gp,,,2026-08-20 11:04:24.119Z,407be8b01d4ce342
lzwatkivmnm88zz,page_view,2026-08-20 11:04:24.971Z,"{""from"": ""/de/questions/76q0g006tjtp7gp/proposals/ideas"", ""to"": ""/de/questions/76q0g006tjtp7gp/proposals/question""}",2026-08-20 11:04:24.949Z,76q0g006tjtp7gp,,,2026-08-20 11:04:24.971Z,407be8b01d4ce342
gtumf6aqlfpmmvp,page_view,2026-08-20 11:04:53.695Z,"{""from"": ""/de/questions/76q0g006tjtp7gp/proposals/question"", ""to"": ""/de/groups/m5obm8bp0rbq043""}",2026-08-20 11:04:53.669Z,76q0g006tjtp7gp,,,2026-08-20 11:04:53.695Z,407be8b01d4ce342
jkkc2q812cack8n,page_view,2026-08-20 11:19:37.093Z,"{""from"": ""/de/groups/m5obm8bp0rbq043"", ""to"": ""/de/discourse""}",2026-08-20 11:19:37.067Z,76q0g006tjtp7gp,,,2026-08-20 11:19:37.093Z,407be8b01d4ce342
pflvyv40nzfbhey,page_view,2026-08-20 11:20:59.704Z,"{""from"": ""/de/discourse"", ""to"": ""/de/questions/76q0g006tjtp7gp/proposals/question""}",2026-08-20 11:20:59.681Z,76q0g006tjtp7gp,,,2026-08-20 11:20:59.704Z,407be8b01d4ce342
zkwkxnqz41c9g2k,page_view,2026-08-20 11:21:01.212Z,"{""from"": ""/de/questions/76q0g006tjtp7gp/proposals/question"", ""to"": ""/de/questions/76q0g006tjtp7gp/proposals/ideas""}",2026-08-20 11:21:01.184Z,76q0g006tjtp7gp,,,2026-08-20 11:21:01.212Z,407be8b01d4ce342
1l9m3zvavp9n73n,page_view,2026-08-20 11:21:11.435Z,"{""from"": ""/de/questions/76q0g006tjtp7gp/proposals/ideas"", ""to"": ""/de/questions/76q0g006tjtp7gp/proposals/question""}",2026-08-20 11:21:11.408Z,76q0g006tjtp7gp,,,2026-08-20 11:21:11.435Z,407be8b01d4ce342
yxahfgtergdn75h,proposal_view,2026-08-20 11:21:16.288Z,,2026-08-20 11:21:16.261Z,76q0g006tjtp7gp,,vixofkl1sb29k6z,2026-08-20 11:21:16.288Z,407be8b01d4ce342
43np9kphfq3g2gg,page_view,2026-08-20 11:21:43.974Z,"{""from"": ""/de/questions/76q0g006tjtp7gp/proposals/subscriptions"", ""to"": ""/de/discourse""}",2026-08-20 11:21:43.949Z,76q0g006tjtp7gp,,,2026-08-20 11:21:43.974Z,407be8b01d4ce342
f6l4l9zlgvbmwyg,page_view,2026-08-20 11:21:52.580Z,"{""from"": ""/de/discourse"", ""to"": ""/de/questions/3o2fj1znev0krvz/proposals/question""}",2026-08-20 11:21:52.553Z,3o2fj1znev0krvz,,,2026-08-20 11:21:52.580Z,407be8b01d4ce342
6u8b2b92a803msn,page_view,2026-08-20 11:21:53.857Z,"{""from"": ""/de/questions/3o2fj1znev0krvz/proposals/question"", ""to"": ""/de/questions/3o2fj1znev0krvz/proposals/ideas""}",2026-08-20 11:21:53.829Z,3o2fj1znev0krvz,,,2026-08-20 11:21:53.857Z,407be8b01d4ce342
a2qkpgusuti9jfj,proposal_view,2026-08-20 11:21:55.203Z,,2026-08-20 11:21:55.174Z,3o2fj1znev0krvz,,35vcx46mtetnk82,2026-08-20 11:21:55.203Z,407be8b01d4ce342
4ato0ofm8gt19g4,proposal_view,2026-08-20 11:22:22.343Z,,2026-08-20 11:22:22.316Z,3o2fj1znev0krvz,,y9eb6fxeu3zpepy,2026-08-20 11:22:22.343Z,407be8b01d4ce342
d4o9ge0bcnvbrek,tab_switch,2026-08-20 11:22:23.106Z,"{""state"": ""visible""}",2026-08-20 11:22:22.819Z,,,,2026-08-20 11:22:23.106Z,b209c2355deb9852
s87bzi9afxp2vyb,page_view,2026-08-20 11:22:24.646Z,"{""from"": ""/de/questions/3o2fj1znev0krvz/proposals/ideas"", ""to"": ""/de/questions/3o2fj1znev0krvz/proposals/new""}",2026-08-20 11:22:24.497Z,3o2fj1znev0krvz,,,2026-08-20 11:22:24.646Z,b209c2355deb9852
3wj15arnf7ptllk,page_view,2026-08-20 11:22:26.847Z,"{""from"": ""/de/questions/3o2fj1znev0krvz/proposals/new"", ""to"": ""/de/questions/3o2fj1znev0krvz/proposals/ideas""}",2026-08-20 11:22:26.690Z,3o2fj1znev0krvz,,,2026-08-20 11:22:26.847Z,b209c2355deb9852
geecoe0ree8719j,proposal_view,2026-08-20 11:22:33.502Z,,2026-08-20 11:22:33.312Z,3o2fj1znev0krvz,,creod2dm6xewo2s,2026-08-20 11:22:33.502Z,b209c2355deb9852
xp6ve2ihkjxeuce,page_view,2026-08-20 11:22:41.580Z,"{""from"": ""/de/questions/3o2fj1znev0krvz/proposals/subscriptions"", ""to"": ""/de/questions/3o2fj1znev0krvz/proposals/subscriptions""}",2026-08-20 11:22:41.547Z,3o2fj1znev0krvz,,,2026-08-20 11:22:41.580Z,407be8b01d4ce342
a0y7kr1uvgwfxwu,proposal_view,2026-08-20 11:23:01.843Z,,2026-08-20 11:23:01.654Z,3o2fj1znev0krvz,,i7chbqu0hf4kc4s,2026-08-20 11:23:01.843Z,b209c2355deb9852
cfri8t8jae6qo3b,proposal_view,2026-08-20 11:23:04.588Z,,2026-08-20 11:23:04.401Z,3o2fj1znev0krvz,,creod2dm6xewo2s,2026-08-20 11:23:04.588Z,b209c2355deb9852
2rj2ncp61sj11go,page_view,2026-08-20 11:23:08.670Z,"{""from"": ""/de/questions/3o2fj1znev0krvz/proposals/ideas"", ""to"": ""/de/questions/3o2fj1znev0krvz/proposals/ideas""}",2026-08-20 11:23:08.449Z,3o2fj1znev0krvz,,,2026-08-20 11:23:08.670Z,b209c2355deb9852
spk43vo2tjjxu4l,page_view,2026-08-20 11:23:09.479Z,"{""from"": ""/de/questions/3o2fj1znev0krvz/proposals/ideas"", ""to"": ""/de/questions/3o2fj1znev0krvz/proposals/question""}",2026-08-20 11:23:09.326Z,3o2fj1znev0krvz,,,2026-08-20 11:23:09.479Z,b209c2355deb9852
kusg85fzaxbboj1,page_view,2026-08-20 11:23:17.082Z,"{""from"": ""/de/questions/3o2fj1znev0krvz/proposals/subscriptions"", ""to"": ""/de/questions/3o2fj1znev0krvz/proposals/subscriptions""}",2026-08-20 11:23:17.048Z,3o2fj1znev0krvz,,,2026-08-20 11:23:17.082Z,407be8b01d4ce342
6zigyi2vjbczvfk,page_view,2026-08-20 11:23:17.986Z,"{""from"": ""/de/questions/3o2fj1znev0krvz/proposals/subscriptions"", ""to"": ""/de/questions/3o2fj1znev0krvz/proposals/ideas""}",2026-08-20 11:23:17.958Z,3o2fj1znev0krvz,,,2026-08-20 11:23:17.986Z,407be8b01d4ce342
mhb4isfqoz74rz0,page_view,2026-08-20 11:23:18.190Z,"{""from"": ""/de/questions/3o2fj1znev0krvz/proposals/question"", ""to"": ""/de/questions/3o2fj1znev0krvz/proposals/new""}",2026-08-20 11:23:17.997Z,3o2fj1znev0krvz,,,2026-08-20 11:23:18.190Z,b209c2355deb9852
jfozakcgmvf3qh3,page_view,2026-08-20 11:23:18.463Z,"{""from"": ""/de/questions/3o2fj1znev0krvz/proposals/ideas"", ""to"": ""/de/questions/3o2fj1znev0krvz/proposals/question""}",2026-08-20 11:23:18.437Z,3o2fj1znev0krvz,,,2026-08-20 11:23:18.463Z,407be8b01d4ce342
8fwajny89qidyc1,page_view,2026-08-20 11:23:19.049Z,"{""from"": ""/de/questions/3o2fj1znev0krvz/proposals/question"", ""to"": ""/de/questions/3o2fj1znev0krvz/proposals/question""}",2026-08-20 11:23:19.021Z,3o2fj1znev0krvz,,,2026-08-20 11:23:19.049Z,407be8b01d4ce342
w5l1miee3qzsund,page_view,2026-08-20 11:23:25.867Z,"{""from"": ""/de/questions/3o2fj1znev0krvz/proposals/new"", ""to"": ""/de/questions/3o2fj1znev0krvz/proposals/ideas""}",2026-08-20 11:23:25.686Z,3o2fj1znev0krvz,,,2026-08-20 11:23:25.867Z,b209c2355deb9852
2mnwbyrsjxetmfb,page_view,2026-08-20 11:23:27.234Z,"{""from"": ""/de/questions/3o2fj1znev0krvz/proposals/ideas"", ""to"": ""/de/questions/3o2fj1znev0krvz/proposals/question""}",2026-08-20 11:23:27.073Z,3o2fj1znev0krvz,,,2026-08-20 11:23:27.234Z,b209c2355deb9852
d9wmb5cmwv30jak,tab_switch,2026-08-20 11:24:33.479Z,"{""state"": ""visible""}",2026-08-20 11:24:33.238Z,,,,2026-08-20 11:24:33.479Z,b209c2355deb9852
4dirq8s5iaeo9lp,page_view,2026-08-20 11:24:34.934Z,"{""from"": ""/de/questions/3o2fj1znev0krvz/proposals/question"", ""to"": ""/de/questions/3o2fj1znev0krvz/proposals/question""}",2026-08-20 11:24:34.767Z,3o2fj1znev0krvz,,,2026-08-20 11:24:34.934Z,b209c2355deb9852
ngicr9ekujpoqzo,page_view,2026-08-20 11:24:35.485Z,"{""from"": ""/de/questions/3o2fj1znev0krvz/proposals/question"", ""to"": ""/de/questions/3o2fj1znev0krvz/proposals/ideas""}",2026-08-20 11:24:35.323Z,3o2fj1znev0krvz,,,2026-08-20 11:24:35.485Z,b209c2355deb9852
zai5rhphua84vk2,proposal_view,2026-08-20 11:24:38.335Z,,2026-08-20 11:24:38.166Z,3o2fj1znev0krvz,,nra27jcg8g8vvq8,2026-08-20 11:24:38.335Z,b209c2355deb9852
qcdcnte0vrrk5my,page_view,2026-08-20 11:24:42.241Z,"{""from"": ""/de/questions/3o2fj1znev0krvz/proposals/ideas"", ""to"": ""/de/questions/3o2fj1znev0krvz/proposals/new""}",2026-08-20 11:24:42.085Z,3o2fj1znev0krvz,,,2026-08-20 11:24:42.241Z,b209c2355deb9852
hol20mfooeso7zw,page_view,2026-08-20 11:24:45.482Z,"{""from"": ""/de/questions/3o2fj1znev0krvz/proposals/new"", ""to"": ""/de/questions/3o2fj1znev0krvz/proposals/ideas""}",2026-08-20 11:24:45.316Z,3o2fj1znev0krvz,,,2026-08-20 11:24:45.482Z,b209c2355deb9852
4n6dw4thj2eb6x8,compare_add,2026-08-20 11:24:52.009Z,"{""pool_size"": 3}",2026-08-20 11:24:51.857Z,3o2fj1znev0krvz,,35vcx46mtetnk82,2026-08-20 11:24:52.009Z,b209c2355deb9852
z8za7ek8abuezwn,compare_add,2026-08-20 11:24:53.041Z,"{""pool_size"": 4}",2026-08-20 11:24:52.898Z,3o2fj1znev0krvz,,nra27jcg8g8vvq8,2026-08-20 11:24:53.041Z,b209c2355deb9852
qfmeeuhtvhn467b,page_view,2026-08-20 11:25:04.933Z,"{""from"": ""/de/questions/3o2fj1znev0krvz/proposals/ideas"", ""to"": ""/de/questions/3o2fj1znev0krvz/proposals/new""}",2026-08-20 11:25:04.782Z,3o2fj1znev0krvz,,,2026-08-20 11:25:04.933Z,b209c2355deb9852
z9v0gqa53qj5n3i,page_view,2026-08-20 12:15:02.911Z,"{""from"": ""/de/discourse"", ""to"": ""/de/questions/3o2fj1znev0krvz/proposals/question""}",2026-08-20 12:15:02.834Z,3o2fj1znev0krvz,,,2026-08-20 12:15:02.911Z,407be8b01d4ce342
jzmjvvjfh6gt0m2,page_view,2026-08-20 12:15:04.666Z,"{""from"": ""/de/questions/3o2fj1znev0krvz/proposals/question"", ""to"": ""/de/questions/3o2fj1znev0krvz/proposals/ideas""}",2026-08-20 12:15:04.590Z,3o2fj1znev0krvz,,,2026-08-20 12:15:04.666Z,407be8b01d4ce342
ndrcw1trmycmuek,tab_switch,2026-08-20 12:15:33.509Z,"{""state"": ""visible""}",2026-08-20 12:15:33.222Z,,,,2026-08-20 12:15:33.509Z,b209c2355deb9852
svrzuq6xf05fyxt,page_view,2026-08-20 12:15:34.767Z,"{""from"": ""/de/questions/3o2fj1znev0krvz/proposals/new"", ""to"": ""/de/questions/3o2fj1znev0krvz/proposals/new""}",2026-08-20 12:15:34.607Z,3o2fj1znev0krvz,,,2026-08-20 12:15:34.767Z,b209c2355deb9852
9timjhklstx0dy9,tab_switch,2026-08-20 12:17:06.840Z,"{""state"": ""visible""}",2026-08-20 12:17:06.649Z,,,,2026-08-20 12:17:06.840Z,b209c2355deb9852
xnoisc1ejp4eeoc,tab_switch,2026-08-20 12:17:19.417Z,"{""state"": ""visible""}",2026-08-20 12:17:19.233Z,,,,2026-08-20 12:17:19.417Z,b209c2355deb9852
6wku50lwu13ety4,subscribe,2026-08-20 12:17:35.354Z,,2026-08-20 12:17:35.353Z,3o2fj1znev0krvz,,uv9s9bhv4lnav3n,2026-08-20 12:17:35.354Z,b209c2355deb9852
3nv19gsaidf5l05,create_idea,2026-08-20 12:17:35.358Z,,2026-08-20 12:17:35.349Z,3o2fj1znev0krvz,,uv9s9bhv4lnav3n,2026-08-20 12:17:35.358Z,b209c2355deb9852
egzjbb7s9wp884m,create_label,2026-08-20 12:17:35.360Z,"{""label_name"": ""Zus\u00e4tzliche inputs""}",2026-08-20 12:17:35.349Z,3o2fj1znev0krvz,,e78fz6b9mutnjmw,2026-08-20 12:17:35.360Z,b209c2355deb9852
fur5o3t17u6s97t,proposal_view,2026-08-20 12:17:35.510Z,,2026-08-20 12:17:35.346Z,3o2fj1znev0krvz,,uv9s9bhv4lnav3n,2026-08-20 12:17:35.510Z,b209c2355deb9852
28h6ivllbrcobjl,page_view,2026-08-20 12:17:35.514Z,"{""from"": ""/de/questions/3o2fj1znev0krvz/proposals/new"", ""to"": ""/de/questions/3o2fj1znev0krvz/proposals/uv9s9bhv4lnav3n""}",2026-08-20 12:17:35.354Z,3o2fj1znev0krvz,,,2026-08-20 12:17:35.514Z,b209c2355deb9852
tbe1xlg1yrqwlyb,proposal_view,2026-08-20 12:17:35.516Z,,2026-08-20 12:17:35.350Z,3o2fj1znev0krvz,,uv9s9bhv4lnav3n,2026-08-20 12:17:35.516Z,b209c2355deb9852
lscl5c3wfmu09kq,tab_switch,2026-08-20 12:22:48.543Z,"{""state"": ""visible""}",2026-08-20 12:22:48.313Z,,,,2026-08-20 12:22:48.543Z,b209c2355deb9852
padxiow6h9lnfy0,page_view,2026-08-20 12:36:04.281Z,"{""from"": ""/de/discourse"", ""to"": ""/de/questions/3o2fj1znev0krvz/proposals/question""}",2026-08-20 12:36:04.143Z,3o2fj1znev0krvz,,,2026-08-20 12:36:04.281Z,de13859e1d6aea12
f7t37kaue7sbqe9,page_view,2026-08-20 12:36:05.945Z,"{""from"": ""/de/questions/3o2fj1znev0krvz/proposals/question"", ""to"": ""/de/questions/3o2fj1znev0krvz/proposals/ideas""}",2026-08-20 12:36:05.926Z,3o2fj1znev0krvz,,,2026-08-20 12:36:05.945Z,de13859e1d6aea12
0urntys74f1rxge,page_view,2026-08-20 12:36:24.199Z,"{""from"": ""/de/questions/3o2fj1znev0krvz/proposals/subscriptions"", ""to"": ""/de/questions/3o2fj1znev0krvz/proposals/ideas""}",2026-08-20 12:36:24.145Z,3o2fj1znev0krvz,,,2026-08-20 12:36:24.199Z,407be8b01d4ce342
ql1hapgna0zkusu,proposal_view,2026-08-20 12:36:27.139Z,,2026-08-20 12:36:27.077Z,3o2fj1znev0krvz,,uv9s9bhv4lnav3n,2026-08-20 12:36:27.139Z,407be8b01d4ce342
18vbcpmnh2rbaqa,subscribe,2026-08-20 12:36:41.804Z,,2026-08-20 12:36:41.803Z,3o2fj1znev0krvz,,uv9s9bhv4lnav3n,2026-08-20 12:36:41.804Z,407be8b01d4ce342
9elblh9od8mfzkv,page_view,2026-08-20 12:36:52.423Z,"{""from"": ""/de/questions/3o2fj1znev0krvz/proposals/ideas"", ""to"": ""/de/questions/3o2fj1znev0krvz/proposals/ideas""}",2026-08-20 12:36:52.366Z,3o2fj1znev0krvz,,,2026-08-20 12:36:52.423Z,407be8b01d4ce342
3u657pekl94qnam,page_view,2026-08-20 12:36:52.938Z,"{""from"": ""/de/questions/3o2fj1znev0krvz/proposals/ideas"", ""to"": ""/de/questions/3o2fj1znev0krvz/proposals/question""}",2026-08-20 12:36:52.892Z,3o2fj1znev0krvz,,,2026-08-20 12:36:52.938Z,407be8b01d4ce342
eqe0swm7gfz8t6k,page_view,2026-08-20 12:36:54.931Z,"{""from"": ""/de/questions/3o2fj1znev0krvz/proposals/question"", ""to"": ""/de/questions/3o2fj1znev0krvz/proposals/ideas""}",2026-08-20 12:36:54.883Z,3o2fj1znev0krvz,,,2026-08-20 12:36:54.931Z,407be8b01d4ce342
innljmxbmh4mo8r,page_view,2026-08-20 12:37:33.016Z,"{""to"": ""/de/questions/3o2fj1znev0krvz/proposals/subscriptions""}",2026-08-20 12:37:32.987Z,3o2fj1znev0krvz,,,2026-08-20 12:37:33.016Z,de13859e1d6aea12
j09lwksx75zvdrl,page_view,2026-08-20 12:37:59.606Z,"{""from"": ""/de/discourse"", ""to"": ""/de/questions/76q0g006tjtp7gp/proposals/question""}",2026-08-20 12:37:59.520Z,76q0g006tjtp7gp,,,2026-08-20 12:37:59.606Z,de13859e1d6aea12
l14178rfqrqudaa,page_view,2026-08-20 12:38:02.018Z,"{""from"": ""/de/questions/76q0g006tjtp7gp/proposals/question"", ""to"": ""/de/questions/76q0g006tjtp7gp/proposals/ideas""}",2026-08-20 12:38:01.988Z,76q0g006tjtp7gp,,,2026-08-20 12:38:02.018Z,de13859e1d6aea12
tiesr4i82r2arwi,page_view,2026-08-20 12:38:09.616Z,"{""from"": ""/de/questions/76q0g006tjtp7gp/proposals/ballot"", ""to"": ""/de/questions/76q0g006tjtp7gp/proposals/question""}",2026-08-20 12:38:09.541Z,76q0g006tjtp7gp,,,2026-08-20 12:38:09.616Z,de13859e1d6aea12
jtf6c7bam25mcq7,page_view,2026-08-20 12:38:11.394Z,"{""from"": ""/de/questions/76q0g006tjtp7gp/proposals/question"", ""to"": ""/de/discourse""}",2026-08-20 12:38:11.352Z,76q0g006tjtp7gp,,,2026-08-20 12:38:11.394Z,de13859e1d6aea12
zbqf4u42rbczcqx,tab_switch,2026-08-20 12:40:00.109Z,"{""state"": ""visible""}",2026-08-20 12:40:00.750Z,,,,2026-08-20 12:40:00.109Z,4ae21a849ee008e7
cfdiavgzgpbpvzj,page_view,2026-08-20 12:40:04.484Z,"{""from"": ""/de/discourse"", ""to"": ""/de/questions/76q0g006tjtp7gp/proposals/question""}",2026-08-20 12:40:05.197Z,76q0g006tjtp7gp,,,2026-08-20 12:40:04.484Z,4ae21a849ee008e7
mdvpba0tos9whh3,feed_filter_change,2026-08-20 12:40:06.606Z,"{""selectedLabelId"": null, ""sortMode"": ""Newest""}",2026-08-20 12:40:07.321Z,,,,2026-08-20 12:40:06.606Z,4ae21a849ee008e7
ii1c5pbawzddlo5,page_view,2026-08-20 12:40:06.638Z,"{""from"": ""/de/questions/76q0g006tjtp7gp/proposals/question"", ""to"": ""/de/questions/76q0g006tjtp7gp/proposals/ideas""}",2026-08-20 12:40:07.355Z,76q0g006tjtp7gp,,,2026-08-20 12:40:06.638Z,4ae21a849ee008e7
qfa27sqgdtqnjwc,proposal_view,2026-08-20 12:40:09.887Z,,2026-08-20 12:40:10.597Z,76q0g006tjtp7gp,,vixofkl1sb29k6z,2026-08-20 12:40:09.887Z,4ae21a849ee008e7
jk6dveqga2j8zem,proposal_view,2026-08-20 12:40:21.143Z,,2026-08-20 12:40:21.858Z,76q0g006tjtp7gp,,8mnhz0jpnllu7jd,2026-08-20 12:40:21.143Z,4ae21a849ee008e7
kjvox0ezpz9vy32,proposal_view,2026-08-20 12:40:23.732Z,,2026-08-20 12:40:24.449Z,76q0g006tjtp7gp,,z5ovabzo2syrqbj,2026-08-20 12:40:23.732Z,4ae21a849ee008e7
ex5a3kdxueab7mu,proposal_view,2026-08-20 12:40:26.019Z,,2026-08-20 12:40:26.736Z,76q0g006tjtp7gp,,jm45hx8bajf99lv,2026-08-20 12:40:26.019Z,4ae21a849ee008e7
movuekiavhoj60y,proposal_view,2026-08-20 12:40:27.356Z,,2026-08-20 12:40:28.065Z,76q0g006tjtp7gp,,vixofkl1sb29k6z,2026-08-20 12:40:27.356Z,4ae21a849ee008e7
sczijrej2mh0xh8,proposal_view,2026-08-20 12:40:29.992Z,,2026-08-20 12:40:30.707Z,76q0g006tjtp7gp,,jm45hx8bajf99lv,2026-08-20 12:40:29.992Z,4ae21a849ee008e7
f2f1frksi2f4enq,proposal_view,2026-08-20 12:40:34.560Z,,2026-08-20 12:40:35.271Z,76q0g006tjtp7gp,,8mnhz0jpnllu7jd,2026-08-20 12:40:34.560Z,4ae21a849ee008e7
zvwzhvvo9oknotk,proposal_view,2026-08-20 12:40:48.613Z,,2026-08-20 12:40:49.325Z,76q0g006tjtp7gp,,vixofkl1sb29k6z,2026-08-20 12:40:48.613Z,4ae21a849ee008e7
iu7pquh7dzvni1o,proposal_view,2026-08-20 12:40:56.267Z,,2026-08-20 12:40:56.976Z,76q0g006tjtp7gp,,8mnhz0jpnllu7jd,2026-08-20 12:40:56.267Z,4ae21a849ee008e7
2rss9689vpg6rjy,proposal_view,2026-08-20 12:41:36.662Z,,2026-08-20 12:41:37.377Z,76q0g006tjtp7gp,,vixofkl1sb29k6z,2026-08-20 12:41:36.662Z,4ae21a849ee008e7
hm3nd70jze0y56u,proposal_view,2026-08-20 12:41:38.806Z,,2026-08-20 12:41:39.518Z,76q0g006tjtp7gp,,8mnhz0jpnllu7jd,2026-08-20 12:41:38.806Z,4ae21a849ee008e7
6tccjmrocfic8l0,proposal_view,2026-08-20 12:41:39.166Z,,2026-08-20 12:41:39.881Z,76q0g006tjtp7gp,,jm45hx8bajf99lv,2026-08-20 12:41:39.166Z,4ae21a849ee008e7
qrceve2vb4kw38e,proposal_view,2026-08-20 12:41:41.343Z,,2026-08-20 12:41:42.055Z,76q0g006tjtp7gp,,l6ue0ntwy9qo9p6,2026-08-20 12:41:41.343Z,4ae21a849ee008e7
6mb3goyoc8k3klm,proposal_view,2026-08-20 12:41:43.905Z,,2026-08-20 12:41:44.619Z,76q0g006tjtp7gp,,xtsnw7ypbsms4jl,2026-08-20 12:41:43.905Z,4ae21a849ee008e7
sw4l8y9r4hyg6a9,proposal_view,2026-08-20 12:41:47.050Z,,2026-08-20 12:41:47.764Z,76q0g006tjtp7gp,,l6ue0ntwy9qo9p6,2026-08-20 12:41:47.050Z,4ae21a849ee008e7
s6ylsjpkr4rb7fe,proposal_view,2026-08-20 12:41:51.272Z,,2026-08-20 12:41:51.978Z,76q0g006tjtp7gp,,xtsnw7ypbsms4jl,2026-08-20 12:41:51.272Z,4ae21a849ee008e7
senf41ccwcgwcdy,proposal_view,2026-08-20 12:41:54.916Z,,2026-08-20 12:41:55.634Z,76q0g006tjtp7gp,,z5ovabzo2syrqbj,2026-08-20 12:41:54.916Z,4ae21a849ee008e7
bnycr61s5n7a9qh,proposal_view,2026-08-20 12:41:57.766Z,,2026-08-20 12:41:58.469Z,76q0g006tjtp7gp,,yuk7erdsr4l9gbd,2026-08-20 12:41:57.766Z,4ae21a849ee008e7
vnruggq8x209tlw,proposal_view,2026-08-20 12:42:12.668Z,,2026-08-20 12:42:13.382Z,76q0g006tjtp7gp,,vixofkl1sb29k6z,2026-08-20 12:42:12.668Z,4ae21a849ee008e7
23nvchfdme6vsb3,proposal_view,2026-08-20 12:42:22.093Z,,2026-08-20 12:42:22.805Z,76q0g006tjtp7gp,,8mnhz0jpnllu7jd,2026-08-20 12:42:22.093Z,4ae21a849ee008e7
3ockf4kzh2m1wv1,compare_open,2026-08-20 12:42:32.224Z,"{""pool_size"": 2, ""proposal_ids"": [""8mnhz0jpnllu7jd"", ""jm45hx8bajf99lv""]}",2026-08-20 12:42:32.932Z,,,,2026-08-20 12:42:32.224Z,4ae21a849ee008e7
38vq0qgcgpyp82q,page_view,2026-08-20 12:42:32.371Z,"{""from"": ""/de/questions/76q0g006tjtp7gp/proposals/ideas"", ""to"": ""/de/questions/76q0g006tjtp7gp/proposals/compare""}",2026-08-20 12:42:33.088Z,76q0g006tjtp7gp,,,2026-08-20 12:42:32.371Z,4ae21a849ee008e7
6j34qowox9bx4i8,proposal_view,2026-08-20 12:43:02.029Z,,2026-08-20 12:43:02.735Z,76q0g006tjtp7gp,,8mnhz0jpnllu7jd,2026-08-20 12:43:02.029Z,4ae21a849ee008e7
kslkznc7vljdopu,page_view,2026-08-20 12:43:02.048Z,"{""from"": ""/de/questions/76q0g006tjtp7gp/proposals/compare"", ""to"": ""/de/questions/76q0g006tjtp7gp/proposals/ideas""}",2026-08-20 12:43:02.764Z,76q0g006tjtp7gp,,,2026-08-20 12:43:02.048Z,4ae21a849ee008e7
gfwab0gtjl9kjhl,proposal_view,2026-08-20 12:43:11.764Z,,2026-08-20 12:43:12.476Z,76q0g006tjtp7gp,,jm45hx8bajf99lv,2026-08-20 12:43:11.764Z,4ae21a849ee008e7
6d8ma8mkd06oc16,proposal_view,2026-08-20 12:43:19.824Z,,2026-08-20 12:43:20.527Z,76q0g006tjtp7gp,,8mnhz0jpnllu7jd,2026-08-20 12:43:19.824Z,4ae21a849ee008e7
4r5l1t67l59e5cr,compare_open,2026-08-20 12:43:35.063Z,"{""pool_size"": 2, ""proposal_ids"": [""8mnhz0jpnllu7jd"", ""vixofkl1sb29k6z""]}",2026-08-20 12:43:35.765Z,,,,2026-08-20 12:43:35.063Z,4ae21a849ee008e7
wlq75f5w3iinx3k,page_view,2026-08-20 12:43:35.140Z,"{""from"": ""/de/questions/76q0g006tjtp7gp/proposals/ideas"", ""to"": ""/de/questions/76q0g006tjtp7gp/proposals/compare""}",2026-08-20 12:43:35.856Z,76q0g006tjtp7gp,,,2026-08-20 12:43:35.140Z,4ae21a849ee008e7
5cmj3ij8xmzfcn7,tab_switch,2026-08-20 12:47:13.762Z,"{""state"": ""visible""}",2026-08-20 12:47:14.391Z,,,,2026-08-20 12:47:13.762Z,4ae21a849ee008e7
be5pl0it72sq6rg,subscribe,2026-08-20 12:54:07.537Z,,2026-08-20 12:54:07.536Z,76q0g006tjtp7gp,,bjld89h7ylwkjsy,2026-08-20 12:54:07.537Z,4ae21a849ee008e7
18xbwaul94d12k3,remix_combine,2026-08-20 12:54:07.552Z,,2026-08-20 12:54:07.526Z,76q0g006tjtp7gp,,bjld89h7ylwkjsy,2026-08-20 12:54:07.552Z,4ae21a849ee008e7
evipqzgdvhnmqxi,proposal_view,2026-08-20 12:54:08.391Z,,2026-08-20 12:54:09.099Z,76q0g006tjtp7gp,,bjld89h7ylwkjsy,2026-08-20 12:54:08.391Z,4ae21a849ee008e7
has0d5vu89kljwh,proposal_view,2026-08-20 12:54:08.415Z,,2026-08-20 12:54:09.112Z,76q0g006tjtp7gp,,bjld89h7ylwkjsy,2026-08-20 12:54:08.415Z,4ae21a849ee008e7
9ce97xrtp0duk2r,page_view,2026-08-20 12:54:08.424Z,"{""from"": ""/de/questions/76q0g006tjtp7gp/proposals/compare"", ""to"": ""/de/questions/76q0g006tjtp7gp/proposals/bjld89h7ylwkjsy""}",2026-08-20 12:54:09.140Z,76q0g006tjtp7gp,,,2026-08-20 12:54:08.424Z,4ae21a849ee008e7
x33nnaeiwyelsup,proposal_view,2026-08-20 12:54:14.018Z,,2026-08-20 12:54:14.730Z,76q0g006tjtp7gp,,8mnhz0jpnllu7jd,2026-08-20 12:54:14.018Z,4ae21a849ee008e7
jext9m6mq3xw9fh,page_view,2026-08-20 12:54:14.033Z,"{""from"": ""/de/questions/76q0g006tjtp7gp/proposals/bjld89h7ylwkjsy"", ""to"": ""/de/questions/76q0g006tjtp7gp/proposals/ideas""}",2026-08-20 12:54:14.752Z,76q0g006tjtp7gp,,,2026-08-20 12:54:14.033Z,4ae21a849ee008e7
dqngs6tnhswqx1j,page_view,2026-08-20 12:54:17.578Z,"{""from"": ""/de/questions/76q0g006tjtp7gp/proposals/ideas"", ""to"": ""/de/discourse""}",2026-08-20 12:54:18.293Z,76q0g006tjtp7gp,,,2026-08-20 12:54:17.578Z,4ae21a849ee008e7
miju654pg92u31o,page_view,2026-08-20 12:54:20.115Z,"{""from"": ""/de/discourse"", ""to"": ""/de/questions/3o2fj1znev0krvz/proposals/question""}",2026-08-20 12:54:20.834Z,3o2fj1znev0krvz,,,2026-08-20 12:54:20.115Z,4ae21a849ee008e7
3rhwx7pu9leotaa,page_view,2026-08-20 12:54:22.281Z,"{""from"": ""/de/questions/3o2fj1znev0krvz/proposals/question"", ""to"": ""/de/questions/3o2fj1znev0krvz/proposals/ideas""}",2026-08-20 12:54:22.997Z,3o2fj1znev0krvz,,,2026-08-20 12:54:22.281Z,4ae21a849ee008e7
81yxfjxxhzz9cvr,proposal_view,2026-08-20 12:54:23.755Z,,2026-08-20 12:54:24.461Z,3o2fj1znev0krvz,,uv9s9bhv4lnav3n,2026-08-20 12:54:23.755Z,4ae21a849ee008e7
lgmo1l116ty5b9f,proposal_view,2026-08-20 12:55:14.248Z,,2026-08-20 12:55:14.958Z,3o2fj1znev0krvz,,35vcx46mtetnk82,2026-08-20 12:55:14.248Z,4ae21a849ee008e7
gzftexiagg122cz,proposal_view,2026-08-20 12:55:49.693Z,,2026-08-20 12:55:50.404Z,3o2fj1znev0krvz,,y9eb6fxeu3zpepy,2026-08-20 12:55:49.693Z,4ae21a849ee008e7
7z6fv643wpuo2ga,proposal_view,2026-08-20 12:55:56.197Z,,2026-08-20 12:55:56.912Z,3o2fj1znev0krvz,,626n317m1w4j7lo,2026-08-20 12:55:56.197Z,4ae21a849ee008e7
s9jjq1wrvqohvmx,proposal_view,2026-08-20 12:56:03.823Z,,2026-08-20 12:56:04.534Z,3o2fj1znev0krvz,,35vcx46mtetnk82,2026-08-20 12:56:03.823Z,4ae21a849ee008e7
w4qfvr0l922b06z,proposal_view,2026-08-20 12:56:08.285Z,,2026-08-20 12:56:08.994Z,3o2fj1znev0krvz,,nra27jcg8g8vvq8,2026-08-20 12:56:08.285Z,4ae21a849ee008e7
6moru2iu8z4cev6,proposal_view,2026-08-20 12:56:30.762Z,,2026-08-20 12:56:31.473Z,3o2fj1znev0krvz,,35vcx46mtetnk82,2026-08-20 12:56:30.762Z,4ae21a849ee008e7
063spgih1o6bhry,proposal_view,2026-08-20 12:56:40.167Z,,2026-08-20 12:56:40.877Z,3o2fj1znev0krvz,,2k4q9z9tfrakikx,2026-08-20 12:56:40.167Z,4ae21a849ee008e7
ik0jf93dlr6ays0,proposal_view,2026-08-20 12:56:49.263Z,,2026-08-20 12:56:49.972Z,3o2fj1znev0krvz,,35vcx46mtetnk82,2026-08-20 12:56:49.263Z,4ae21a849ee008e7
gy85ggsxgymhs4z,proposal_view,2026-08-20 12:57:00.474Z,,2026-08-20 12:57:01.187Z,3o2fj1znev0krvz,,nra27jcg8g8vvq8,2026-08-20 12:57:00.474Z,4ae21a849ee008e7
aecdfcr3ylj4jto,page_view,2026-08-20 12:57:01.725Z,"{""from"": ""/de/questions/3o2fj1znev0krvz/proposals/ideas"", ""to"": ""/de/questions/3o2fj1znev0krvz/proposals/ideas""}",2026-08-20 12:57:02.436Z,3o2fj1znev0krvz,,,2026-08-20 12:57:01.725Z,4ae21a849ee008e7
g1l5s9t85wauhjm,proposal_view,2026-08-20 12:57:27.195Z,,2026-08-20 12:57:27.913Z,3o2fj1znev0krvz,,uv9s9bhv4lnav3n,2026-08-20 12:57:27.195Z,4ae21a849ee008e7
p03phsxsyu0zb7j,proposal_view,2026-08-20 12:58:02.189Z,,2026-08-20 12:58:02.897Z,3o2fj1znev0krvz,,35vcx46mtetnk82,2026-08-20 12:58:02.189Z,4ae21a849ee008e7
3feia0xmji4zj8k,proposal_view,2026-08-20 12:58:07.337Z,,2026-08-20 12:58:08.050Z,3o2fj1znev0krvz,,y9eb6fxeu3zpepy,2026-08-20 12:58:07.337Z,4ae21a849ee008e7
ymvqy2z74r7rupi,page_view,2026-08-20 12:58:24.276Z,"{""from"": ""/de/questions/3o2fj1znev0krvz/proposals/ideas"", ""to"": ""/de/questions/3o2fj1znev0krvz/proposals/ideas""}",2026-08-20 12:58:24.977Z,3o2fj1znev0krvz,,,2026-08-20 12:58:24.276Z,4ae21a849ee008e7
8yz85ory8m3kuzi,proposal_view,2026-08-20 12:58:25.284Z,,2026-08-20 12:58:25.997Z,3o2fj1znev0krvz,,uv9s9bhv4lnav3n,2026-08-20 12:58:25.284Z,4ae21a849ee008e7
0ia8xrpmqyrdnvt,page_view,2026-08-20 12:58:44.018Z,"{""from"": ""/de/discourse"", ""to"": ""/de/questions/3o2fj1znev0krvz/proposals/question""}",2026-08-20 12:58:43.993Z,3o2fj1znev0krvz,,,2026-08-20 12:58:44.018Z,de13859e1d6aea12
x8m75dt6vd002ie,page_view,2026-08-20 12:58:46.637Z,"{""from"": ""/de/questions/3o2fj1znev0krvz/proposals/question"", ""to"": ""/de/questions/3o2fj1znev0krvz/proposals/ideas""}",2026-08-20 12:58:46.616Z,3o2fj1znev0krvz,,,2026-08-20 12:58:46.637Z,de13859e1d6aea12
cf2gwzfncfqqj5w,proposal_view,2026-08-20 12:58:55.792Z,,2026-08-20 12:58:55.763Z,3o2fj1znev0krvz,,35vcx46mtetnk82,2026-08-20 12:58:55.792Z,de13859e1d6aea12
yqdvcyyt34bn59v,page_view,2026-08-20 12:59:09.091Z,"{""from"": ""/de/questions/3o2fj1znev0krvz/proposals/ideas"", ""to"": ""/de/discourse""}",2026-08-20 12:59:07.975Z,3o2fj1znev0krvz,,,2026-08-20 12:59:09.091Z,de13859e1d6aea12
s3l5msup6ngou7o,proposal_view,2026-08-20 13:00:13.976Z,,2026-08-20 13:00:14.676Z,3o2fj1znev0krvz,,uv9s9bhv4lnav3n,2026-08-20 13:00:13.976Z,4ae21a849ee008e7
9v7yhsahechp0jj,tab_switch,2026-08-20 13:03:13.596Z,"{""state"": ""visible""}",2026-08-20 13:03:14.133Z,,,,2026-08-20 13:03:13.596Z,4ae21a849ee008e7
151xzevn1dvmaam,page_view,2026-08-20 13:12:35.234Z,"{""from"": ""/de/questions/3o2fj1znev0krvz/proposals/subscriptions"", ""to"": ""/de/questions/3o2fj1znev0krvz/proposals/subscriptions""}",2026-08-20 13:12:35.252Z,3o2fj1znev0krvz,,,2026-08-20 13:12:35.234Z,407be8b01d4ce342
vpfgzx8hjkvy2wa,page_view,2026-08-20 13:12:35.819Z,"{""from"": ""/de/questions/3o2fj1znev0krvz/proposals/subscriptions"", ""to"": ""/de/questions/3o2fj1znev0krvz/proposals/ideas""}",2026-08-20 13:12:35.834Z,3o2fj1znev0krvz,,,2026-08-20 13:12:35.819Z,407be8b01d4ce342
og7s7iqq04bdsy4,proposal_view,2026-08-20 13:12:38.578Z,,2026-08-20 13:12:38.593Z,3o2fj1znev0krvz,,uv9s9bhv4lnav3n,2026-08-20 13:12:38.578Z,407be8b01d4ce342
rme7qjxwtvvphix,tab_switch,2026-08-20 13:16:41.059Z,"{""state"": ""visible""}",2026-08-20 13:16:41.748Z,,,,2026-08-20 13:16:41.059Z,4ae21a849ee008e7
anuwnk2ezcyormm,page_view,2026-08-20 13:16:45.296Z,"{""from"": ""/de/questions/3o2fj1znev0krvz/proposals/ideas"", ""to"": ""/de/discourse""}",2026-08-20 13:16:46.074Z,3o2fj1znev0krvz,,,2026-08-20 13:16:45.296Z,4ae21a849ee008e7
i702ej8mv3xx067,tab_switch,2026-08-20 13:29:29.515Z,"{""state"": ""visible""}",2026-08-20 13:29:30.215Z,,,,2026-08-20 13:29:29.515Z,4ae21a849ee008e7
aieu6x5rd0dy639,page_view,2026-08-20 13:29:33.655Z,"{""from"": ""/de/discourse"", ""to"": ""/de/questions/3o2fj1znev0krvz/proposals/question""}",2026-08-20 13:29:34.398Z,3o2fj1znev0krvz,,,2026-08-20 13:29:33.655Z,4ae21a849ee008e7
97pw20mhw2cuurh,subscribe,2026-08-20 13:29:49.570Z,,2026-08-20 13:29:49.568Z,3o2fj1znev0krvz,,uv9s9bhv4lnav3n,2026-08-20 13:29:49.570Z,4ae21a849ee008e7
a91pvy0q8pz4yfr,subscribe,2026-08-20 13:29:52.997Z,,2026-08-20 13:29:52.996Z,3o2fj1znev0krvz,,y9eb6fxeu3zpepy,2026-08-20 13:29:52.997Z,4ae21a849ee008e7
x31xb7a1puy2wdb,subscribe,2026-08-20 13:29:55.364Z,,2026-08-20 13:29:55.363Z,3o2fj1znev0krvz,,gjnpljxyyh1y1fv,2026-08-20 13:29:55.364Z,4ae21a849ee008e7
mihslusv5f5k7py,subscribe,2026-08-20 13:29:57.223Z,,2026-08-20 13:29:57.222Z,3o2fj1znev0krvz,,px3acjduduouqz6,2026-08-20 13:29:57.223Z,4ae21a849ee008e7
lbflovxdi9ojk7h,subscribe,2026-08-20 13:30:03.004Z,,2026-08-20 13:30:03.002Z,3o2fj1znev0krvz,,nra27jcg8g8vvq8,2026-08-20 13:30:03.004Z,4ae21a849ee008e7
xjnwyhcxpsm81h2,unsubscribe,2026-08-20 13:30:05.246Z,,2026-08-20 13:30:05.245Z,3o2fj1znev0krvz,,nra27jcg8g8vvq8,2026-08-20 13:30:05.246Z,4ae21a849ee008e7
h0d13fc3aj3tq5b,unsubscribe,2026-08-20 13:30:24.275Z,,2026-08-20 13:30:24.274Z,3o2fj1znev0krvz,,px3acjduduouqz6,2026-08-20 13:30:24.275Z,4ae21a849ee008e7
u9cenvcmaonjrkx,page_view,2026-08-20 13:30:28.943Z,"{""from"": ""/de/questions/3o2fj1znev0krvz/proposals/ballot"", ""to"": ""/de/questions/3o2fj1znev0krvz/proposals/question""}",2026-08-20 13:30:29.664Z,3o2fj1znev0krvz,,,2026-08-20 13:30:28.943Z,4ae21a849ee008e7
amgwzw77kx9h4r8,page_view,2026-08-20 13:30:31.894Z,"{""from"": ""/de/questions/3o2fj1znev0krvz/proposals/question"", ""to"": ""/de/discourse""}",2026-08-20 13:30:32.631Z,3o2fj1znev0krvz,,,2026-08-20 13:30:31.894Z,4ae21a849ee008e7
a7qu7mcnu2jynxr,page_view,2026-08-20 13:30:33.611Z,"{""from"": ""/de/discourse"", ""to"": ""/de/questions/76q0g006tjtp7gp/proposals/question""}",2026-08-20 13:30:34.340Z,76q0g006tjtp7gp,,,2026-08-20 13:30:33.611Z,4ae21a849ee008e7
gtpui7zssb2dgqz,page_view,2026-08-20 13:30:35.627Z,"{""from"": ""/de/questions/76q0g006tjtp7gp/proposals/question"", ""to"": ""/de/questions/76q0g006tjtp7gp/proposals/ideas""}",2026-08-20 13:30:36.349Z,76q0g006tjtp7gp,,,2026-08-20 13:30:35.627Z,4ae21a849ee008e7
lvs63uccyudmfz8,proposal_view,2026-08-20 13:30:40.313Z,,2026-08-20 13:30:41.046Z,76q0g006tjtp7gp,,bjld89h7ylwkjsy,2026-08-20 13:30:40.313Z,4ae21a849ee008e7
z152p398b3s43pz,proposal_view,2026-08-20 13:30:46.054Z,,2026-08-20 13:30:46.786Z,76q0g006tjtp7gp,,vixofkl1sb29k6z,2026-08-20 13:30:46.054Z,4ae21a849ee008e7
2tav7j85x2uru4u,subscribe,2026-08-20 13:30:49.385Z,,2026-08-20 13:30:49.384Z,76q0g006tjtp7gp,,vixofkl1sb29k6z,2026-08-20 13:30:49.385Z,4ae21a849ee008e7
hwssegpvr30iya4,page_view,2026-08-20 13:32:30.054Z,"{""from"": ""/de/discourse"", ""to"": ""/de/questions/3o2fj1znev0krvz/proposals/question""}",2026-08-20 13:32:30.130Z,3o2fj1znev0krvz,,,2026-08-20 13:32:30.054Z,de13859e1d6aea12
2d9x0sfkn2zqhwn,page_view,2026-08-20 13:32:33.470Z,"{""from"": ""/de/questions/3o2fj1znev0krvz/proposals/question"", ""to"": ""/de/discourse""}",2026-08-20 13:32:33.571Z,3o2fj1znev0krvz,,,2026-08-20 13:32:33.470Z,de13859e1d6aea12
tayts0xar0ibgqz,page_view,2026-08-20 13:32:36.229Z,"{""from"": ""/de/discourse"", ""to"": ""/de/questions/3o2fj1znev0krvz/proposals/question""}",2026-08-20 13:32:36.309Z,3o2fj1znev0krvz,,,2026-08-20 13:32:36.229Z,de13859e1d6aea12
algi4nv2wey8mea,page_view,2026-08-20 13:32:38.683Z,"{""from"": ""/de/questions/3o2fj1znev0krvz/proposals/question"", ""to"": ""/de/questions/3o2fj1znev0krvz/proposals/ideas""}",2026-08-20 13:32:38.753Z,3o2fj1znev0krvz,,,2026-08-20 13:32:38.683Z,de13859e1d6aea12
uaaqpqgki9paozh,proposal_view,2026-08-20 13:32:46.122Z,,2026-08-20 13:32:46.218Z,3o2fj1znev0krvz,,y9eb6fxeu3zpepy,2026-08-20 13:32:46.122Z,de13859e1d6aea12
hu8y2jz5or9nu5g,page_view,2026-08-20 13:32:58.948Z,"{""from"": ""/de/questions/3o2fj1znev0krvz/proposals/ballot"", ""to"": ""/de/questions/76q0g006tjtp7gp/proposals/question""}",2026-08-20 13:32:58.985Z,76q0g006tjtp7gp,,,2026-08-20 13:32:58.948Z,de13859e1d6aea12
m546nygyt1khkdn,page_view,2026-08-20 13:33:00.443Z,"{""from"": ""/de/questions/76q0g006tjtp7gp/proposals/question"", ""to"": ""/de/questions/76q0g006tjtp7gp/proposals/ideas""}",2026-08-20 13:33:00.522Z,76q0g006tjtp7gp,,,2026-08-20 13:33:00.443Z,de13859e1d6aea12
xypatbsc1udiy88,proposal_view,2026-08-20 13:33:03.148Z,,2026-08-20 13:33:03.228Z,76q0g006tjtp7gp,,yuk7erdsr4l9gbd,2026-08-20 13:33:03.148Z,de13859e1d6aea12
806g6ph08nr2n7s,unsubscribe,2026-08-20 13:33:24.834Z,,2026-08-20 13:33:24.833Z,76q0g006tjtp7gp,,yuk7erdsr4l9gbd,2026-08-20 13:33:24.834Z,de13859e1d6aea12
938teyn7hvjt0ag,proposal_view,2026-08-20 13:33:29.079Z,,2026-08-20 13:33:29.137Z,76q0g006tjtp7gp,,jm45hx8bajf99lv,2026-08-20 13:33:29.079Z,de13859e1d6aea12
qu4fi9uzro683gu,proposal_view,2026-08-20 13:33:31.647Z,,2026-08-20 13:33:31.669Z,76q0g006tjtp7gp,,z5ovabzo2syrqbj,2026-08-20 13:33:31.647Z,de13859e1d6aea12
j3avaav1z9unaot,proposal_view,2026-08-20 13:33:34.780Z,,2026-08-20 13:33:34.821Z,76q0g006tjtp7gp,,jm45hx8bajf99lv,2026-08-20 13:33:34.780Z,de13859e1d6aea12
is3e5khevnjwqys,proposal_view,2026-08-20 13:33:35.895Z,,2026-08-20 13:33:35.942Z,76q0g006tjtp7gp,,yuk7erdsr4l9gbd,2026-08-20 13:33:35.895Z,de13859e1d6aea12
xojermmk2bzbltr,page_view,2026-08-20 13:33:37.923Z,"{""from"": ""/de/questions/76q0g006tjtp7gp/proposals/ballot"", ""to"": ""/de/questions/76q0g006tjtp7gp/proposals/ballot""}",2026-08-20 13:33:37.959Z,76q0g006tjtp7gp,,,2026-08-20 13:33:37.923Z,de13859e1d6aea12
5evpl7qndbfzd3z,proposal_view,2026-08-20 13:33:39.165Z,,2026-08-20 13:33:39.227Z,76q0g006tjtp7gp,,vixofkl1sb29k6z,2026-08-20 13:33:39.165Z,de13859e1d6aea12
qb5jg33gywqt0si,page_view,2026-08-20 13:33:58.999Z,"{""from"": ""/de/questions/3o2fj1znev0krvz/proposals/ballot"", ""to"": ""/de/questions/3o2fj1znev0krvz/proposals/question""}",2026-08-20 13:33:58.918Z,3o2fj1znev0krvz,,,2026-08-20 13:33:58.999Z,407be8b01d4ce342
xjwwnqsquajz6mj,page_view,2026-08-20 13:33:59.234Z,"{""from"": ""/de/questions/3o2fj1znev0krvz/proposals/question"", ""to"": ""/de/questions/3o2fj1znev0krvz/proposals/question""}",2026-08-20 13:33:59.155Z,3o2fj1znev0krvz,,,2026-08-20 13:33:59.234Z,407be8b01d4ce342
e468rculcf3cqzq,page_view,2026-08-20 13:34:00.537Z,"{""from"": ""/de/questions/3o2fj1znev0krvz/proposals/question"", ""to"": ""/de/discourse""}",2026-08-20 13:34:00.459Z,3o2fj1znev0krvz,,,2026-08-20 13:34:00.537Z,407be8b01d4ce342
9kyf4ebboat221g,page_view,2026-08-20 13:34:07.944Z,"{""from"": ""/de/discourse"", ""to"": ""/de/questions/76q0g006tjtp7gp/proposals/question""}",2026-08-20 13:34:07.863Z,76q0g006tjtp7gp,,,2026-08-20 13:34:07.944Z,407be8b01d4ce342
ldw00gxh5gvel1e,proposal_view,2026-08-20 13:34:12.342Z,,2026-08-20 13:34:12.257Z,76q0g006tjtp7gp,,vixofkl1sb29k6z,2026-08-20 13:34:12.342Z,407be8b01d4ce342
ua7u4m45vqm2npa,proposal_view,2026-08-20 13:34:17.271Z,,2026-08-20 13:34:17.188Z,76q0g006tjtp7gp,,jm45hx8bajf99lv,2026-08-20 13:34:17.271Z,407be8b01d4ce342
hf3saz6laxzvgop,proposal_view,2026-08-20 13:34:27.773Z,,2026-08-20 13:34:27.689Z,76q0g006tjtp7gp,,vixofkl1sb29k6z,2026-08-20 13:34:27.773Z,407be8b01d4ce342
17pd644wun2czin,proposal_view,2026-08-20 13:34:40.892Z,,2026-08-20 13:34:40.807Z,76q0g006tjtp7gp,,bjld89h7ylwkjsy,2026-08-20 13:34:40.892Z,407be8b01d4ce342
ld5y3la0uqw890t,compare_add,2026-08-20 13:34:49.729Z,"{""pool_size"": 3}",2026-08-20 13:34:49.641Z,76q0g006tjtp7gp,,bjld89h7ylwkjsy,2026-08-20 13:34:49.729Z,407be8b01d4ce342
jwd704z2u8bfiro,page_view,2026-08-20 13:34:52.078Z,"{""from"": ""/de/questions/76q0g006tjtp7gp/proposals/ballot"", ""to"": ""/de/questions/76q0g006tjtp7gp/proposals/compare""}",2026-08-20 13:34:51.993Z,76q0g006tjtp7gp,,,2026-08-20 13:34:52.078Z,407be8b01d4ce342
ov860ovg69heuh9,subscribe,2026-08-20 13:36:01.485Z,,2026-08-20 13:36:01.484Z,76q0g006tjtp7gp,,bjld89h7ylwkjsy,2026-08-20 13:36:01.485Z,407be8b01d4ce342
s98xkzx78djuvjx,proposal_view,2026-08-20 13:36:02.353Z,,2026-08-20 13:36:02.261Z,76q0g006tjtp7gp,,bjld89h7ylwkjsy,2026-08-20 13:36:02.353Z,407be8b01d4ce342
opfpfx1842p16sp,proposal_view,2026-08-20 13:36:04.519Z,,2026-08-20 13:36:04.427Z,76q0g006tjtp7gp,,vixofkl1sb29k6z,2026-08-20 13:36:04.519Z,407be8b01d4ce342
vgf1hjpbw1kravq,page_view,2026-08-20 13:36:16.261Z,"{""from"": ""/de/questions/76q0g006tjtp7gp/proposals/ballot"", ""to"": ""/de/discourse""}",2026-08-20 13:36:16.173Z,76q0g006tjtp7gp,,,2026-08-20 13:36:16.261Z,407be8b01d4ce342
3s3smv7w1vyt7cm,page_view,2026-08-20 13:36:18.347Z,"{""from"": ""/de/discourse"", ""to"": ""/de/questions/3o2fj1znev0krvz/proposals/question""}",2026-08-20 13:36:18.258Z,3o2fj1znev0krvz,,,2026-08-20 13:36:18.347Z,407be8b01d4ce342
f52qz7i19lvlbgh,proposal_view,2026-08-20 13:36:23.868Z,,2026-08-20 13:36:23.771Z,76q0g006tjtp7gp,,bjld89h7ylwkjsy,2026-08-20 13:36:23.868Z,407be8b01d4ce342
gsvup5zwarjs0ar,proposal_view,2026-08-20 13:36:23.883Z,,2026-08-20 13:36:23.781Z,76q0g006tjtp7gp,,bjld89h7ylwkjsy,2026-08-20 13:36:23.883Z,407be8b01d4ce342
1nufwge751j9vxm,page_view,2026-08-20 13:36:24.014Z,"{""from"": ""/de/questions/76q0g006tjtp7gp/proposals/bjld89h7ylwkjsy"", ""to"": ""/de/questions/76q0g006tjtp7gp/proposals/compare""}",2026-08-20 13:36:23.928Z,76q0g006tjtp7gp,,,2026-08-20 13:36:24.014Z,407be8b01d4ce342
5ys45eqdmnq5n6p,page_view,2026-08-20 13:36:33.419Z,"{""from"": ""/de/questions/76q0g006tjtp7gp/proposals/compare"", ""to"": ""/de/questions/3o2fj1znev0krvz/proposals/question""}",2026-08-20 13:36:33.331Z,3o2fj1znev0krvz,,,2026-08-20 13:36:33.419Z,407be8b01d4ce342
31v27xixwgrgdch,page_view,2026-08-20 13:36:37.689Z,"{""from"": ""/de/questions/3o2fj1znev0krvz/proposals/question"", ""to"": ""/de/discourse""}",2026-08-20 13:36:37.600Z,3o2fj1znev0krvz,,,2026-08-20 13:36:37.689Z,407be8b01d4ce342
pltlxtn9ydllz2z,page_view,2026-08-20 13:36:40.691Z,"{""from"": ""/de/discourse"", ""to"": ""/de/questions/76q0g006tjtp7gp/proposals/question""}",2026-08-20 13:36:40.600Z,76q0g006tjtp7gp,,,2026-08-20 13:36:40.691Z,407be8b01d4ce342
f9fmei5fy73i7tw,page_view,2026-08-20 13:36:47.919Z,"{""from"": ""/de/questions/76q0g006tjtp7gp/proposals/question"", ""to"": ""/de/questions/3o2fj1znev0krvz/proposals/question""}",2026-08-20 13:36:47.826Z,3o2fj1znev0krvz,,,2026-08-20 13:36:47.919Z,407be8b01d4ce342
d9fic43b4jk2u23,page_view,2026-08-20 13:36:51.332Z,"{""from"": ""/de/questions/3o2fj1znev0krvz/proposals/question"", ""to"": ""/de/questions/3o2fj1znev0krvz/proposals/ideas""}",2026-08-20 13:36:51.238Z,3o2fj1znev0krvz,,,2026-08-20 13:36:51.332Z,407be8b01d4ce342
cz9q2yv15r8cozt,page_view,2026-08-20 13:41:43.043Z,"{""from"": ""/de/questions/3o2fj1znev0krvz/proposals/ideas"", ""to"": ""/de/questions/76q0g006tjtp7gp/proposals/question""}",2026-08-20 13:41:42.935Z,76q0g006tjtp7gp,,,2026-08-20 13:41:43.043Z,407be8b01d4ce342
2y9dmj66cp4s9so,page_view,2026-08-20 13:41:45.698Z,"{""from"": ""/de/questions/76q0g006tjtp7gp/proposals/subscriptions"", ""to"": ""/de/questions/76q0g006tjtp7gp/proposals/ideas""}",2026-08-20 13:41:45.589Z,76q0g006tjtp7gp,,,2026-08-20 13:41:45.698Z,407be8b01d4ce342
mln2hcvbeh2gjbu,page_view,2026-08-20 13:41:46.638Z,"{""from"": ""/de/questions/76q0g006tjtp7gp/proposals/ideas"", ""to"": ""/de/questions/76q0g006tjtp7gp/proposals/question""}",2026-08-20 13:41:46.531Z,76q0g006tjtp7gp,,,2026-08-20 13:41:46.638Z,407be8b01d4ce342
idhpp7hzi8oggvy,page_view,2026-08-20 13:41:47.262Z,"{""from"": ""/de/questions/76q0g006tjtp7gp/proposals/question"", ""to"": ""/de/questions/76q0g006tjtp7gp/proposals/ideas""}",2026-08-20 13:41:47.153Z,76q0g006tjtp7gp,,,2026-08-20 13:41:47.262Z,407be8b01d4ce342
fhh7sd5n6e8abxs,page_view,2026-08-20 13:41:53.777Z,"{""from"": ""/de/questions/76q0g006tjtp7gp/proposals/ballot"", ""to"": ""/de/questions/76q0g006tjtp7gp/proposals/question""}",2026-08-20 13:41:53.671Z,76q0g006tjtp7gp,,,2026-08-20 13:41:53.777Z,407be8b01d4ce342
i723rgdf60syry1,page_view,2026-08-20 13:41:56.798Z,"{""from"": ""/de/questions/76q0g006tjtp7gp/proposals/question"", ""to"": ""/de/discourse""}",2026-08-20 13:41:56.693Z,76q0g006tjtp7gp,,,2026-08-20 13:41:56.798Z,407be8b01d4ce342
3kkkut807qlx4tt,page_view,2026-08-20 13:42:01.793Z,"{""from"": ""/de/discourse"", ""to"": ""/de/questions/3o2fj1znev0krvz/proposals/question""}",2026-08-20 13:42:01.686Z,3o2fj1znev0krvz,,,2026-08-20 13:42:01.793Z,407be8b01d4ce342
gbhbr71l3ft4r1j,proposal_view,2026-08-20 13:42:14.211Z,,2026-08-20 13:42:14.099Z,3o2fj1znev0krvz,,uv9s9bhv4lnav3n,2026-08-20 13:42:14.211Z,407be8b01d4ce342
27b8tnojr9gzpmd,page_view,2026-08-20 13:42:25.723Z,"{""from"": ""/de/questions/3o2fj1znev0krvz/proposals/ballot"", ""to"": ""/de/questions/3o2fj1znev0krvz/proposals/question""}",2026-08-20 13:42:25.612Z,3o2fj1znev0krvz,,,2026-08-20 13:42:25.723Z,407be8b01d4ce342
97ri3xnr70z1s65,page_view,2026-08-20 19:45:36.322Z,"{""from"": ""/de/discourse"", ""to"": ""/de/questions/76q0g006tjtp7gp/proposals/question""}",2026-08-20 19:45:36.241Z,76q0g006tjtp7gp,,,2026-08-20 19:45:36.322Z,407be8b01d4ce342
ho8dqac3aqahvr2,page_view,2026-08-20 19:45:39.215Z,"{""from"": ""/de/questions/76q0g006tjtp7gp/proposals/question"", ""to"": ""/de/questions/76q0g006tjtp7gp/proposals/ideas""}",2026-08-20 19:45:39.125Z,76q0g006tjtp7gp,,,2026-08-20 19:45:39.215Z,407be8b01d4ce342
oju4mz5k00bh6hf,proposal_view,2026-08-20 19:45:42.563Z,,2026-08-20 19:45:42.475Z,76q0g006tjtp7gp,,vixofkl1sb29k6z,2026-08-20 19:45:42.563Z,407be8b01d4ce342
nj4eccil294hyor,proposal_view,2026-08-20 19:45:55.919Z,,2026-08-20 19:45:55.835Z,76q0g006tjtp7gp,,bjld89h7ylwkjsy,2026-08-20 19:45:55.919Z,407be8b01d4ce342
5scr6hipcfyw4hv,page_view,2026-08-20 19:46:00.912Z,"{""from"": ""/de/questions/76q0g006tjtp7gp/proposals/ballot"", ""to"": ""/de/questions/76q0g006tjtp7gp/proposals/question""}",2026-08-20 19:46:00.834Z,76q0g006tjtp7gp,,,2026-08-20 19:46:00.912Z,407be8b01d4ce342
93gfnbtd19moook,page_view,2026-08-20 19:46:03.946Z,"{""from"": ""/de/questions/76q0g006tjtp7gp/proposals/question"", ""to"": ""/de/questions/76q0g006tjtp7gp/proposals/ideas""}",2026-08-20 19:46:03.859Z,76q0g006tjtp7gp,,,2026-08-20 19:46:03.946Z,407be8b01d4ce342
z34jsnd8d2h9ji5,page_view,2026-08-21 06:19:30.657Z,"{""from"": ""/de/discourse"", ""to"": ""/de/questions/76q0g006tjtp7gp/proposals/question""}",2026-08-21 06:19:30.644Z,76q0g006tjtp7gp,,,2026-08-21 06:19:30.657Z,407be8b01d4ce342
ij578c2mo9pfess,proposal_view,2026-08-21 06:19:35.707Z,,2026-08-21 06:19:35.687Z,76q0g006tjtp7gp,,vixofkl1sb29k6z,2026-08-21 06:19:35.707Z,407be8b01d4ce342
kz408aaf0bbdzih,page_view,2026-08-21 06:19:43.147Z,"{""from"": ""/de/questions/76q0g006tjtp7gp/proposals/subscriptions"", ""to"": ""/de/questions/76q0g006tjtp7gp/proposals/ideas""}",2026-08-21 06:19:43.131Z,76q0g006tjtp7gp,,,2026-08-21 06:19:43.147Z,407be8b01d4ce342
c8zfzem26tdt2kn,proposal_view,2026-08-21 06:19:46.209Z,,2026-08-21 06:19:46.195Z,76q0g006tjtp7gp,,vixofkl1sb29k6z,2026-08-21 06:19:46.209Z,407be8b01d4ce342
ii70psn6cpbhopp,page_view,2026-08-21 06:19:50.993Z,"{""from"": ""/de/questions/76q0g006tjtp7gp/proposals/ballot"", ""to"": ""/de/questions/76q0g006tjtp7gp/proposals/question""}",2026-08-21 06:19:50.977Z,76q0g006tjtp7gp,,,2026-08-21 06:19:50.993Z,407be8b01d4ce342
1n2pm0rwb7fqo8b,page_view,2026-08-21 06:19:54.170Z,"{""from"": ""/de/questions/76q0g006tjtp7gp/proposals/question"", ""to"": ""/de/discourse""}",2026-08-21 06:19:54.157Z,76q0g006tjtp7gp,,,2026-08-21 06:19:54.170Z,407be8b01d4ce342
g8vj47fk1zq68fo,page_view,2026-08-21 06:19:58.592Z,"{""from"": ""/de/discourse"", ""to"": ""/de/questions/3o2fj1znev0krvz/proposals/question""}",2026-08-21 06:19:58.575Z,3o2fj1znev0krvz,,,2026-08-21 06:19:58.592Z,407be8b01d4ce342
w40g8ayerb96uu4,page_view,2026-08-21 06:20:00.276Z,"{""from"": ""/de/questions/3o2fj1znev0krvz/proposals/question"", ""to"": ""/de/questions/3o2fj1znev0krvz/proposals/ideas""}",2026-08-21 06:20:00.261Z,3o2fj1znev0krvz,,,2026-08-21 06:20:00.276Z,407be8b01d4ce342
l9dcsf6gite2jzy,page_view,2026-08-21 09:32:57.897Z,"{""from"": ""/de/discourse"", ""to"": ""/de/questions/3o2fj1znev0krvz/proposals/question""}",2026-08-21 09:32:57.871Z,3o2fj1znev0krvz,,,2026-08-21 09:32:57.897Z,407be8b01d4ce342
92hhzhb90bn7qf0,page_view,2026-08-21 09:33:11.514Z,"{""from"": ""/de/questions/3o2fj1znev0krvz/proposals/subscriptions"", ""to"": ""/de/questions/3o2fj1znev0krvz/proposals/ideas""}",2026-08-21 09:33:11.486Z,3o2fj1znev0krvz,,,2026-08-21 09:33:11.514Z,407be8b01d4ce342
ce5zv1jx01mvs87,page_view,2026-08-21 09:33:12.250Z,"{""from"": ""/de/questions/3o2fj1znev0krvz/proposals/ideas"", ""to"": ""/de/questions/3o2fj1znev0krvz/proposals/question""}",2026-08-21 09:33:12.222Z,3o2fj1znev0krvz,,,2026-08-21 09:33:12.250Z,407be8b01d4ce342
rxqj8blgjoi3lcd,proposal_view,2026-08-21 09:33:24.981Z,,2026-08-21 09:33:24.947Z,3o2fj1znev0krvz,,uv9s9bhv4lnav3n,2026-08-21 09:33:24.981Z,407be8b01d4ce342
08t3ri3003w2f9b,page_view,2026-08-21 09:33:33.198Z,"{""from"": ""/de/questions/3o2fj1znev0krvz/proposals/ballot"", ""to"": ""/de/questions/3o2fj1znev0krvz/proposals/ideas""}",2026-08-21 09:33:33.168Z,3o2fj1znev0krvz,,,2026-08-21 09:33:33.198Z,407be8b01d4ce342
603o9zosiaxpn0b,page_view,2026-08-21 09:33:34.212Z,"{""from"": ""/de/questions/3o2fj1znev0krvz/proposals/ideas"", ""to"": ""/de/questions/3o2fj1znev0krvz/proposals/ideas""}",2026-08-21 09:33:34.178Z,3o2fj1znev0krvz,,,2026-08-21 09:33:34.212Z,407be8b01d4ce342
fvya7gbx80eyddt,page_view,2026-08-21 09:33:35.043Z,"{""from"": ""/de/questions/3o2fj1znev0krvz/proposals/subscriptions"", ""to"": ""/de/questions/3o2fj1znev0krvz/proposals/ideas""}",2026-08-21 09:33:35.013Z,3o2fj1znev0krvz,,,2026-08-21 09:33:35.043Z,407be8b01d4ce342
m67a9097vkoo19u,page_view,2026-08-21 09:33:36.460Z,"{""from"": ""/de/questions/3o2fj1znev0krvz/proposals/ideas"", ""to"": ""/de/questions/3o2fj1znev0krvz/proposals/question""}",2026-08-21 09:33:36.432Z,3o2fj1znev0krvz,,,2026-08-21 09:33:36.460Z,407be8b01d4ce342
mv7w5qj48vvar9e,page_view,2026-08-21 09:33:42.847Z,"{""from"": ""/de/questions/3o2fj1znev0krvz/proposals/subscriptions"", ""to"": ""/de/questions/3o2fj1znev0krvz/proposals/subscriptions""}",2026-08-21 09:33:42.807Z,3o2fj1znev0krvz,,,2026-08-21 09:33:42.847Z,407be8b01d4ce342
l542zfsht3t8g1h,page_view,2026-08-21 20:40:40.020Z,"{""from"": ""/de/discourse"", ""to"": ""/de/questions/3o2fj1znev0krvz/proposals/question""}",2026-08-21 20:40:39.950Z,3o2fj1znev0krvz,,,2026-08-21 20:40:40.020Z,407be8b01d4ce342
jb9x5usfwkcelj3,page_view,2026-08-21 20:40:41.888Z,"{""from"": ""/de/questions/3o2fj1znev0krvz/proposals/question"", ""to"": ""/de/questions/3o2fj1znev0krvz/proposals/ideas""}",2026-08-21 20:40:41.854Z,3o2fj1znev0krvz,,,2026-08-21 20:40:41.888Z,407be8b01d4ce342
o93m7jx1ankc26s,proposal_view,2026-08-21 20:40:48.709Z,,2026-08-21 20:40:48.671Z,3o2fj1znev0krvz,,y9eb6fxeu3zpepy,2026-08-21 20:40:48.709Z,407be8b01d4ce342
hxiqkyve5ijdwvy,proposal_view,2026-08-21 20:40:52.886Z,,2026-08-21 20:40:52.864Z,3o2fj1znev0krvz,,35vcx46mtetnk82,2026-08-21 20:40:52.886Z,407be8b01d4ce342
03dv3ls9ni5pxck,proposal_view,2026-08-21 20:40:59.107Z,,2026-08-21 20:40:59.048Z,3o2fj1znev0krvz,,y9eb6fxeu3zpepy,2026-08-21 20:40:59.107Z,407be8b01d4ce342
qv310ic1zaropak,page_view,2026-08-21 23:23:55.442Z,"{""from"": ""/de/discourse"", ""to"": ""/de/questions/76q0g006tjtp7gp/proposals/question""}",2026-08-21 23:23:55.398Z,76q0g006tjtp7gp,,,2026-08-21 23:23:55.442Z,407be8b01d4ce342
erbt9yqwud1fnh6,proposal_view,2026-08-21 23:24:02.662Z,,2026-08-21 23:24:02.621Z,76q0g006tjtp7gp,,vixofkl1sb29k6z,2026-08-21 23:24:02.662Z,407be8b01d4ce342
s0t4vr4rp9ahhnf,proposal_view,2026-08-21 23:24:06.999Z,,2026-08-21 23:24:06.966Z,76q0g006tjtp7gp,,bjld89h7ylwkjsy,2026-08-21 23:24:06.999Z,407be8b01d4ce342
hxo46xxcip9ep59,page_view,2026-08-21 23:24:10.172Z,"{""from"": ""/de/questions/76q0g006tjtp7gp/proposals/ballot"", ""to"": ""/de/questions/76q0g006tjtp7gp/proposals/question""}",2026-08-21 23:24:10.145Z,76q0g006tjtp7gp,,,2026-08-21 23:24:10.172Z,407be8b01d4ce342
wt76g4y27bg6mdt,proposal_view,2026-08-21 23:24:11.929Z,,2026-08-21 23:24:11.901Z,76q0g006tjtp7gp,,bjld89h7ylwkjsy,2026-08-21 23:24:11.929Z,407be8b01d4ce342
u8p7s9cvwxqssqx,page_view,2026-08-22 06:42:38.219Z,"{""from"": ""/de/discourse"", ""to"": ""/de/questions/3o2fj1znev0krvz/proposals/question""}",2026-08-22 06:42:38.206Z,3o2fj1znev0krvz,,,2026-08-22 06:42:38.219Z,407be8b01d4ce342
6ez332t3021fx07,page_view,2026-08-22 10:14:18.228Z,"{""from"": ""/de/discourse"", ""to"": ""/de/questions/3o2fj1znev0krvz/proposals/question""}",2026-08-22 10:14:18.199Z,3o2fj1znev0krvz,,,2026-08-22 10:14:18.228Z,407be8b01d4ce342
3kdqkfc4g6131je,page_view,2026-08-22 10:15:41.374Z,"{""from"": ""/de/questions/3o2fj1znev0krvz/proposals/ballot"", ""to"": ""/de/questions/76q0g006tjtp7gp/proposals/question""}",2026-08-22 10:15:41.135Z,76q0g006tjtp7gp,,,2026-08-22 10:15:41.374Z,407be8b01d4ce342
wlu49z1kfem9va5,page_view,2026-08-22 10:15:43.084Z,"{""from"": ""/de/questions/76q0g006tjtp7gp/proposals/subscriptions"", ""to"": ""/de/questions/76q0g006tjtp7gp/proposals/ideas""}",2026-08-22 10:15:43.055Z,76q0g006tjtp7gp,,,2026-08-22 10:15:43.084Z,407be8b01d4ce342
e1u2o8cm9nkbsi9,page_view,2026-08-22 10:15:44.360Z,"{""from"": ""/de/questions/76q0g006tjtp7gp/proposals/ballot"", ""to"": ""/de/questions/76q0g006tjtp7gp/proposals/ballot""}",2026-08-22 10:15:44.328Z,76q0g006tjtp7gp,,,2026-08-22 10:15:44.359Z,407be8b01d4ce342
afjk83s8rmb2r3d,page_view,2026-08-22 12:10:22.449Z,"{""from"": ""/de/discourse"", ""to"": ""/de/questions/3o2fj1znev0krvz/proposals/question""}",2026-08-22 12:10:22.339Z,3o2fj1znev0krvz,,,2026-08-22 12:10:22.449Z,407be8b01d4ce342
fdpqt9yvkcw8opx,proposal_view,2026-08-22 12:10:27.108Z,,2026-08-22 12:10:26.996Z,3o2fj1znev0krvz,,35vcx46mtetnk82,2026-08-22 12:10:27.108Z,407be8b01d4ce342
x53pyraom4s5cw4,proposal_view,2026-08-22 12:10:34.163Z,,2026-08-22 12:10:34.062Z,3o2fj1znev0krvz,,n8luy5w1pc5olz4,2026-08-22 12:10:34.163Z,407be8b01d4ce342
eclbrsed5hfwmeh,proposal_view,2026-08-22 12:10:38.739Z,,2026-08-22 12:10:38.639Z,3o2fj1znev0krvz,,m5vq0q540kenhen,2026-08-22 12:10:38.739Z,407be8b01d4ce342
aguicqfl0to76rc,proposal_view,2026-08-22 12:10:49.440Z,,2026-08-22 12:10:49.355Z,3o2fj1znev0krvz,,35vcx46mtetnk82,2026-08-22 12:10:49.440Z,407be8b01d4ce342
3ri09n80lx98q95,proposal_view,2026-08-22 12:18:03.650Z,,2026-08-22 12:18:03.577Z,3o2fj1znev0krvz,,uv9s9bhv4lnav3n,2026-08-22 12:18:03.650Z,407be8b01d4ce342
n937hvacpm34xcn,page_view,2026-08-22 12:18:05.482Z,"{""from"": ""/de/questions/3o2fj1znev0krvz/proposals/subscriptions"", ""to"": ""/de/questions/3o2fj1znev0krvz/proposals/subscriptions""}",2026-08-22 12:18:05.398Z,3o2fj1znev0krvz,,,2026-08-22 12:18:05.482Z,407be8b01d4ce342
ffl9f36du11p39k,page_view,2026-08-22 12:18:10.382Z,"{""from"": ""/de/questions/3o2fj1znev0krvz/proposals/subscriptions"", ""to"": ""/de/questions/3o2fj1znev0krvz/proposals/subscriptions""}",2026-08-22 12:18:10.294Z,3o2fj1znev0krvz,,,2026-08-22 12:18:10.382Z,407be8b01d4ce342
lurryqxoty6221c,page_view,2026-08-22 12:18:11.016Z,"{""from"": ""/de/questions/3o2fj1znev0krvz/proposals/subscriptions"", ""to"": ""/de/questions/3o2fj1znev0krvz/proposals/ideas""}",2026-08-22 12:18:10.938Z,3o2fj1znev0krvz,,,2026-08-22 12:18:11.016Z,407be8b01d4ce342
s47gb3pdroj0u0r,page_view,2026-08-22 12:26:30.503Z,"{""from"": ""/de/questions/3o2fj1znev0krvz/proposals/ballot"", ""to"": ""/de/questions/3o2fj1znev0krvz/proposals/ballot""}",2026-08-22 12:26:30.424Z,3o2fj1znev0krvz,,,2026-08-22 12:26:30.503Z,407be8b01d4ce342
5xa3ipufsz05hie,page_view,2026-08-22 12:26:31.123Z,"{""from"": ""/de/questions/3o2fj1znev0krvz/proposals/ballot"", ""to"": ""/de/questions/3o2fj1znev0krvz/proposals/ideas""}",2026-08-22 12:26:31.052Z,3o2fj1znev0krvz,,,2026-08-22 12:26:31.123Z,407be8b01d4ce342
o0s5jdjnsv3jxeu,page_view,2026-08-22 12:28:40.472Z,"{""from"": ""/de/questions/3o2fj1znev0krvz/proposals/ballot"", ""to"": ""/de/questions/3o2fj1znev0krvz/proposals/ballot""}",2026-08-22 12:28:40.395Z,3o2fj1znev0krvz,,,2026-08-22 12:28:40.472Z,407be8b01d4ce342
hice9jinm3j9iiw,page_view,2026-08-22 12:28:42.451Z,"{""from"": ""/de/questions/3o2fj1znev0krvz/proposals/ballot"", ""to"": ""/de/questions/3o2fj1znev0krvz/proposals/question""}",2026-08-22 12:28:42.380Z,3o2fj1znev0krvz,,,2026-08-22 12:28:42.451Z,407be8b01d4ce342
pgjhwhojkvnfske,page_view,2026-08-22 12:28:42.653Z,"{""from"": ""/de/questions/3o2fj1znev0krvz/proposals/question"", ""to"": ""/de/questions/3o2fj1znev0krvz/proposals/question""}",2026-08-22 12:28:42.583Z,3o2fj1znev0krvz,,,2026-08-22 12:28:42.653Z,407be8b01d4ce342
mrfy8lm83zzhsvs,proposal_view,2026-08-22 12:29:00.299Z,,2026-08-22 12:29:00.218Z,3o2fj1znev0krvz,,uv9s9bhv4lnav3n,2026-08-22 12:29:00.299Z,407be8b01d4ce342
bcu0g62qbld5kga,proposal_view,2026-08-22 12:30:36.019Z,,2026-08-22 12:30:35.944Z,3o2fj1znev0krvz,,y9eb6fxeu3zpepy,2026-08-22 12:30:36.019Z,407be8b01d4ce342
weg05t1dpfqc68b,proposal_view,2026-08-22 12:30:41.537Z,,2026-08-22 12:30:41.454Z,3o2fj1znev0krvz,,y9eb6fxeu3zpepy,2026-08-22 12:30:41.537Z,407be8b01d4ce342
luga53nl9dtp751,proposal_view,2026-08-22 12:31:18.172Z,,2026-08-22 12:31:18.101Z,3o2fj1znev0krvz,,35vcx46mtetnk82,2026-08-22 12:31:18.172Z,407be8b01d4ce342
r7lbzwuu1u1wb8o,feed_filter_change,2026-08-22 12:32:26.167Z,"{""selectedLabelId"": null, ""sortMode"": ""Newest""}",2026-08-22 12:32:26.128Z,,,,2026-08-22 12:32:26.167Z,b209c2355deb9852
cdl51dlz3gbtx3k,session_start,2026-08-22 12:32:26.173Z,"{""isMobile"": true, ""screenHeight"": 650, ""screenWidth"": 384, ""userAgent"": ""Mozilla/5.0 (Linux; Android 10; K) AppleWebKit/537.36 (KHTML, like Gecko) SamsungBrowser/29.0 Chrome/136.0.0.0 Mobile Safari/537.36""}",2026-08-22 12:32:26.134Z,,,,2026-08-22 12:32:26.173Z,b209c2355deb9852
tzjwch5vj9j8svu,page_view,2026-08-22 12:32:26.174Z,"{""to"": ""/de/questions/3o2fj1znev0krvz/proposals/ideas""}",2026-08-22 12:32:26.136Z,3o2fj1znev0krvz,,,2026-08-22 12:32:26.174Z,b209c2355deb9852
yh68fx3ov4y6urh,page_view,2026-08-22 12:36:32.316Z,"{""from"": ""/de/login"", ""to"": ""/de/invite/nar2qPkbndY8uU064clwv1hDoz3lqopY""}",2026-08-22 12:36:32.905Z,,,,2026-08-22 12:36:32.316Z,ee5e4e5bfc419bad
wf8zyergnyp49us,page_view,2026-08-22 12:36:34.781Z,"{""from"": ""/de/invite/nar2qPkbndY8uU064clwv1hDoz3lqopY"", ""to"": ""/de/invite/nar2qPkbndY8uU064clwv1hDoz3lqopY""}",2026-08-22 12:36:35.359Z,,,,2026-08-22 12:36:34.781Z,ee5e4e5bfc419bad
loy9diim2lthqal,page_view,2026-08-22 12:36:37.553Z,"{""from"": ""/de/invite/nar2qPkbndY8uU064clwv1hDoz3lqopY"", ""to"": ""/de/invite/nar2qPkbndY8uU064clwv1hDoz3lqopY""}",2026-08-22 12:36:38.120Z,,,,2026-08-22 12:36:37.553Z,ee5e4e5bfc419bad
6vmhs2a1nxxmnpr,page_view,2026-08-22 12:36:40.779Z,"{""from"": ""/de/invite/nar2qPkbndY8uU064clwv1hDoz3lqopY"", ""to"": ""/de/invite/nar2qPkbndY8uU064clwv1hDoz3lqopY""}",2026-08-22 12:36:41.352Z,,,,2026-08-22 12:36:40.779Z,ee5e4e5bfc419bad
dyq9iujnfr50g4c,page_view,2026-08-22 12:36:41.687Z,"{""from"": ""/de/invite/nar2qPkbndY8uU064clwv1hDoz3lqopY"", ""to"": ""/de/invite/nar2qPkbndY8uU064clwv1hDoz3lqopY""}",2026-08-22 12:36:42.256Z,,,,2026-08-22 12:36:41.687Z,ee5e4e5bfc419bad
btqxkvguay9oa18,page_view,2026-08-22 12:36:42.189Z,"{""from"": ""/de/invite/nar2qPkbndY8uU064clwv1hDoz3lqopY"", ""to"": ""/de/invite/nar2qPkbndY8uU064clwv1hDoz3lqopY""}",2026-08-22 12:36:42.760Z,,,,2026-08-22 12:36:42.189Z,ee5e4e5bfc419bad
me5o3lvkirdipm8,notification_panel_open,2026-08-22 12:36:46.440Z,"{""unread_count"": 13}",2026-08-22 12:36:47.030Z,,,,2026-08-22 12:36:46.440Z,ee5e4e5bfc419bad
e5d7ygxuwau8dxr,notification_panel_open,2026-08-22 12:36:52.920Z,"{""unread_count"": 12}",2026-08-22 12:36:53.509Z,,,,2026-08-22 12:36:52.920Z,ee5e4e5bfc419bad
kllmxaal53ovgjj,notification_panel_click,2026-08-22 12:36:52.925Z,"{""event_type"": ""phase_ending_soon"", ""title"": ""Schliesst in wenigen Stunden \u26a1"", ""url"": ""/questions/76q0g006tjtp7gp/proposals/question""}",2026-08-22 12:36:52.924Z,,,l1j5pqlilhhr4ha,2026-08-22 12:36:52.925Z,ee5e4e5bfc419bad
a2xiox6xytwebhd,page_view,2026-08-22 12:36:53.209Z,"{""from"": ""/de/invite/nar2qPkbndY8uU064clwv1hDoz3lqopY"", ""to"": ""/de/questions/76q0g006tjtp7gp/proposals/question""}",2026-08-22 12:36:53.800Z,76q0g006tjtp7gp,,,2026-08-22 12:36:53.209Z,ee5e4e5bfc419bad
wxvonmutikzlsl5,notification_panel_open,2026-08-22 12:37:21.947Z,"{""unread_count"": 12}",2026-08-22 12:37:22.535Z,,,,2026-08-22 12:37:21.947Z,ee5e4e5bfc419bad
8ls9v3kfkucqtw5,notification_panel_open,2026-08-22 12:37:23.912Z,"{""unread_count"": 11}",2026-08-22 12:37:24.501Z,,,,2026-08-22 12:37:23.912Z,ee5e4e5bfc419bad
a4xd2gv62d5aoal,notification_panel_click,2026-08-22 12:37:23.913Z,"{""event_type"": ""phase_ending_soon"", ""title"": ""Schliesst in wenigen Stunden \u26a1"", ""url"": ""/questions/3o2fj1znev0krvz/proposals/question""}",2026-08-22 12:37:23.912Z,,,akklg5ct67o0mpb,2026-08-22 12:37:23.913Z,ee5e4e5bfc419bad
6y1jjel4gaz7nxy,page_view,2026-08-22 12:37:24.038Z,"{""from"": ""/de/questions/76q0g006tjtp7gp/proposals/question"", ""to"": ""/de/questions/3o2fj1znev0krvz/proposals/question""}",2026-08-22 12:37:24.619Z,3o2fj1znev0krvz,,,2026-08-22 12:37:24.038Z,ee5e4e5bfc419bad
r1eg0vjvceo31tt,feed_filter_change,2026-08-22 12:37:31.296Z,"{""selectedLabelId"": null, ""sortMode"": ""Newest""}",2026-08-22 12:37:31.889Z,,,,2026-08-22 12:37:31.296Z,ee5e4e5bfc419bad
1btbotpmg1yeoy2,page_view,2026-08-22 12:37:31.343Z,"{""from"": ""/de/questions/3o2fj1znev0krvz/proposals/question"", ""to"": ""/de/questions/3o2fj1znev0krvz/proposals/ideas""}",2026-08-22 12:37:31.936Z,3o2fj1znev0krvz,,,2026-08-22 12:37:31.343Z,ee5e4e5bfc419bad
d88eq6ib11vv6gi,proposal_view,2026-08-22 12:37:58.846Z,,2026-08-22 12:37:59.436Z,3o2fj1znev0krvz,,uv9s9bhv4lnav3n,2026-08-22 12:37:58.846Z,ee5e4e5bfc419bad
4c8fcclsfolksd9,proposal_view,2026-08-22 12:39:00.097Z,,2026-08-22 12:39:00.685Z,3o2fj1znev0krvz,,y9eb6fxeu3zpepy,2026-08-22 12:39:00.097Z,ee5e4e5bfc419bad
v3v7cvwk03ex6fr,proposal_view,2026-08-22 12:39:36.308Z,,2026-08-22 12:39:36.899Z,3o2fj1znev0krvz,,gjnpljxyyh1y1fv,2026-08-22 12:39:36.308Z,ee5e4e5bfc419bad
enq9liunba9zatg,proposal_view,2026-08-22 12:40:19.628Z,,2026-08-22 12:40:20.217Z,3o2fj1znev0krvz,,2w5teh1hty0mznr,2026-08-22 12:40:19.628Z,ee5e4e5bfc419bad
fu7rtxx0jfur3gj,proposal_view,2026-08-22 12:40:29.907Z,,2026-08-22 12:40:30.498Z,3o2fj1znev0krvz,,creod2dm6xewo2s,2026-08-22 12:40:29.907Z,ee5e4e5bfc419bad
vahp9a594trs4pq,tab_switch,2026-08-22 12:44:38.463Z,"{""state"": ""visible""}",2026-08-22 12:44:38.156Z,,,,2026-08-22 12:44:38.463Z,b209c2355deb9852
ogvd000csvxfr2u,proposal_view,2026-08-22 12:44:42.036Z,,2026-08-22 12:44:41.986Z,3o2fj1znev0krvz,,nra27jcg8g8vvq8,2026-08-22 12:44:42.036Z,b209c2355deb9852
9gjqm4duqphjjxa,proposal_view,2026-08-22 12:44:46.575Z,,2026-08-22 12:44:46.526Z,3o2fj1znev0krvz,,35vcx46mtetnk82,2026-08-22 12:44:46.575Z,b209c2355deb9852
vaq3r3t38l4vys1,tab_switch,2026-08-22 17:00:06.287Z,"{""state"": ""visible""}",2026-08-22 17:00:06.973Z,,,,2026-08-22 17:00:06.287Z,ee5e4e5bfc419bad
ph0r3qlhasu6gec,tab_switch,2026-08-22 19:50:24.109Z,"{""state"": ""visible""}",2026-08-22 19:50:26.062Z,,,,2026-08-22 19:50:24.109Z,4ae21a849ee008e7
tyht15j3hbj2s29,page_view,2026-08-22 19:50:24.366Z,"{""from"": ""/de/questions/76q0g006tjtp7gp/proposals/ideas"", ""to"": ""/de/questions/76q0g006tjtp7gp/proposals/question""}",2026-08-22 19:50:26.356Z,76q0g006tjtp7gp,,,2026-08-22 19:50:24.366Z,4ae21a849ee008e7
1xw6kz8547e1jkv,page_view,2026-08-22 19:50:53.009Z,"{""from"": ""/de/questions/76q0g006tjtp7gp/proposals/ballot"", ""to"": ""/de/questions/76q0g006tjtp7gp/proposals/question""}",2026-08-22 19:50:54.975Z,76q0g006tjtp7gp,,,2026-08-22 19:50:53.009Z,4ae21a849ee008e7
1vyq48ig8qf2wf1,compare_remove,2026-08-22 19:51:17.719Z,"{""pool_size"": 1}",2026-08-22 19:51:19.709Z,,,vixofkl1sb29k6z,2026-08-22 19:51:17.719Z,4ae21a849ee008e7
qdvh6dj9toi41we,compare_add,2026-08-22 19:51:18.784Z,"{""pool_size"": 2}",2026-08-22 19:51:20.776Z,76q0g006tjtp7gp,,vixofkl1sb29k6z,2026-08-22 19:51:18.784Z,4ae21a849ee008e7
vk83z37abo88slp,ballot_submit,2026-08-22 19:51:23.542Z,"{""is_update"": false, ""ranks_count"": 1}",2026-08-22 19:51:23.542Z,76q0g006tjtp7gp,,,2026-08-22 19:51:23.542Z,4ae21a849ee008e7
leb2lq9vht0o3o4,page_view,2026-08-22 19:51:27.091Z,"{""from"": ""/de/questions/76q0g006tjtp7gp/proposals/ballot"", ""to"": ""/de/discourse""}",2026-08-22 19:51:29.082Z,76q0g006tjtp7gp,,,2026-08-22 19:51:27.091Z,4ae21a849ee008e7
rzc00osb3w0vmqw,page_view,2026-08-22 19:51:31.087Z,"{""from"": ""/de/discourse"", ""to"": ""/de/questions/3o2fj1znev0krvz/proposals/question""}",2026-08-22 19:51:33.077Z,3o2fj1znev0krvz,,,2026-08-22 19:51:31.087Z,4ae21a849ee008e7
soapg0e6549kwyt,ballot_submit,2026-08-22 19:52:48.315Z,"{""is_update"": false, ""ranks_count"": 6}",2026-08-22 19:52:48.314Z,3o2fj1znev0krvz,,,2026-08-22 19:52:48.315Z,4ae21a849ee008e7
abx14wmgh7iym0n,notification_panel_open,2026-08-22 19:53:14.126Z,"{""unread_count"": 14}",2026-08-22 19:53:16.117Z,,,,2026-08-22 19:53:14.126Z,4ae21a849ee008e7
a3ct70xtj6fid5p,session_start,2026-08-22 19:53:43.045Z,"{""isMobile"": false, ""screenHeight"": 752, ""screenWidth"": 1355, ""userAgent"": ""Mozilla/5.0 (Windows NT 10.0; Win64; x64) AppleWebKit/537.36 (KHTML, like Gecko) Chrome/151.0.0.0 Safari/537.36""}",2026-08-22 19:53:43.796Z,,,,2026-08-22 19:53:43.045Z,ee5e4e5bfc419bad
na5tm4sohmuve39,page_view,2026-08-22 19:53:43.046Z,"{""to"": ""/de/invite/nar2qPkbndY8uU064clwv1hDoz3lqopY""}",2026-08-22 19:53:43.803Z,,,,2026-08-22 19:53:43.046Z,ee5e4e5bfc419bad
m00wwo2161qm74o,page_view,2026-08-22 19:53:46.143Z,"{""from"": ""/de/invite/nar2qPkbndY8uU064clwv1hDoz3lqopY"", ""to"": ""/de/invite/nar2qPkbndY8uU064clwv1hDoz3lqopY""}",2026-08-22 19:53:46.881Z,,,,2026-08-22 19:53:46.143Z,ee5e4e5bfc419bad
nhxuswuuxtay1vl,page_view,2026-08-22 19:53:51.435Z,"{""from"": ""/de/invite/nar2qPkbndY8uU064clwv1hDoz3lqopY"", ""to"": ""/de/invite/nar2qPkbndY8uU064clwv1hDoz3lqopY""}",2026-08-22 19:53:52.171Z,,,,2026-08-22 19:53:51.435Z,ee5e4e5bfc419bad
wmjhw2rpx1o5g09,page_view,2026-08-22 19:53:53.224Z,"{""from"": ""/de/invite/nar2qPkbndY8uU064clwv1hDoz3lqopY"", ""to"": ""/de/discourse""}",2026-08-22 19:53:53.980Z,,,,2026-08-22 19:53:53.224Z,ee5e4e5bfc419bad
k98m4ufvb8hwhok,page_view,2026-08-22 19:53:59.778Z,"{""from"": ""/de/discourse"", ""to"": ""/de/questions/3o2fj1znev0krvz/proposals/question""}",2026-08-22 19:54:00.530Z,3o2fj1znev0krvz,,,2026-08-22 19:53:59.778Z,ee5e4e5bfc419bad
v9lumfa1o42j631,ballot_submit,2026-08-22 19:55:33.625Z,"{""is_update"": false, ""ranks_count"": 6}",2026-08-22 19:55:33.624Z,3o2fj1znev0krvz,,,2026-08-22 19:55:33.625Z,ee5e4e5bfc419bad
8rmf1qol1ytmtp4,page_view,2026-08-22 19:55:45.185Z,"{""from"": ""/de/questions/3o2fj1znev0krvz/proposals/ballot"", ""to"": ""/de/discourse""}",2026-08-22 19:55:45.941Z,3o2fj1znev0krvz,,,2026-08-22 19:55:45.185Z,ee5e4e5bfc419bad
49vvpbp0q7q0ts5,page_view,2026-08-22 19:55:48.384Z,"{""from"": ""/de/discourse"", ""to"": ""/de/questions/76q0g006tjtp7gp/proposals/question""}",2026-08-22 19:55:49.133Z,76q0g006tjtp7gp,,,2026-08-22 19:55:48.384Z,ee5e4e5bfc419bad
2akfaqvob5vvy86,ballot_submit,2026-08-22 19:56:06.692Z,"{""is_update"": false, ""ranks_count"": 1}",2026-08-22 19:56:06.691Z,76q0g006tjtp7gp,,,2026-08-22 19:56:06.692Z,ee5e4e5bfc419bad
7ubelapakahiyyg,page_view,2026-08-22 22:01:50.956Z,"{""from"": ""/de/discourse"", ""to"": ""/de/questions/3o2fj1znev0krvz/proposals/question""}",2026-08-22 22:01:50.931Z,3o2fj1znev0krvz,,,2026-08-22 22:01:50.956Z,407be8b01d4ce342
ik2dskqmeyn9ln0,proposal_view,2026-08-22 22:02:00.427Z,,2026-08-22 22:02:00.386Z,3o2fj1znev0krvz,,nra27jcg8g8vvq8,2026-08-22 22:02:00.427Z,407be8b01d4ce342
gnt221xvii6uyg7,proposal_view,2026-08-22 22:02:00.430Z,,2026-08-22 22:02:00.393Z,3o2fj1znev0krvz,,nra27jcg8g8vvq8,2026-08-22 22:02:00.430Z,407be8b01d4ce342
puxaoy14c7tr0l4,page_view,2026-08-22 22:02:00.433Z,"{""from"": ""/de/questions/3o2fj1znev0krvz/proposals/ballot"", ""to"": ""/de/questions/3o2fj1znev0krvz/proposals/nra27jcg8g8vvq8""}",2026-08-22 22:02:00.394Z,3o2fj1znev0krvz,,,2026-08-22 22:02:00.433Z,407be8b01d4ce342
m8n8u0sef4zj5qf,proposal_view,2026-08-22 22:02:39.360Z,,2026-08-22 22:02:39.330Z,3o2fj1znev0krvz,,uv9s9bhv4lnav3n,2026-08-22 22:02:39.360Z,407be8b01d4ce342
tsbd3hi4hl52y0f,page_view,2026-08-22 22:02:39.374Z,"{""from"": ""/de/questions/3o2fj1znev0krvz/proposals/ballot"", ""to"": ""/de/questions/3o2fj1znev0krvz/proposals/uv9s9bhv4lnav3n""}",2026-08-22 22:02:39.340Z,3o2fj1znev0krvz,,,2026-08-22 22:02:39.374Z,407be8b01d4ce342
4khll5n78hcbdn2,proposal_view,2026-08-22 22:02:39.375Z,,2026-08-22 22:02:39.339Z,3o2fj1znev0krvz,,uv9s9bhv4lnav3n,2026-08-22 22:02:39.375Z,407be8b01d4ce342
85bmm8topjqx5mx,ballot_submit,2026-08-22 22:03:35.067Z,"{""is_update"": false, ""ranks_count"": 6}",2026-08-22 22:03:35.065Z,3o2fj1znev0krvz,,,2026-08-22 22:03:35.067Z,407be8b01d4ce342
q2t3dehuoe0qalg,page_view,2026-08-22 22:03:37.430Z,"{""from"": ""/de/questions/3o2fj1znev0krvz/proposals/ballot"", ""to"": ""/de/questions/3o2fj1znev0krvz/proposals/question""}",2026-08-22 22:03:37.403Z,3o2fj1znev0krvz,,,2026-08-22 22:03:37.430Z,407be8b01d4ce342
1s78p9etmi5nrhi,page_view,2026-08-22 22:03:47.930Z,"{""from"": ""/de/questions/3o2fj1znev0krvz/proposals/question"", ""to"": ""/questions/3o2fj1znev0krvz/proposals/question""}",2026-08-22 22:03:47.902Z,3o2fj1znev0krvz,,,2026-08-22 22:03:47.930Z,407be8b01d4ce342
8xkbf59cl0lvde5,page_view,2026-08-22 22:03:48.004Z,"{""from"": ""/questions/3o2fj1znev0krvz/proposals/question"", ""to"": ""/de/questions/3o2fj1znev0krvz/proposals/question""}",2026-08-22 22:03:47.977Z,3o2fj1znev0krvz,,,2026-08-22 22:03:48.004Z,407be8b01d4ce342
jqtflxeje3bnd65,page_view,2026-08-22 22:03:51.565Z,"{""from"": ""/de/questions/3o2fj1znev0krvz/proposals/question"", ""to"": ""/de/questions/76q0g006tjtp7gp/proposals/question""}",2026-08-22 22:03:51.536Z,76q0g006tjtp7gp,,,2026-08-22 22:03:51.565Z,407be8b01d4ce342
fhw552muud00o5r,ballot_submit,2026-08-22 22:04:01.798Z,"{""is_update"": false, ""ranks_count"": 1}",2026-08-22 22:04:01.798Z,76q0g006tjtp7gp,,,2026-08-22 22:04:01.798Z,407be8b01d4ce342
9y8r083ua7fijun,page_view,2026-08-22 22:04:08.740Z,"{""from"": ""/de/questions/76q0g006tjtp7gp/proposals/ballot"", ""to"": ""/de/questions/76q0g006tjtp7gp/proposals/question""}",2026-08-22 22:04:08.710Z,76q0g006tjtp7gp,,,2026-08-22 22:04:08.740Z,407be8b01d4ce342
14a30c5ntzbeeks,proposal_view,2026-08-22 22:04:10.355Z,,2026-08-22 22:04:10.321Z,76q0g006tjtp7gp,,vixofkl1sb29k6z,2026-08-22 22:04:10.355Z,407be8b01d4ce342
kfq3mj6xzvyiric,page_view,2026-08-22 22:04:10.362Z,"{""from"": ""/de/questions/76q0g006tjtp7gp/proposals/ballot"", ""to"": ""/de/questions/76q0g006tjtp7gp/proposals/vixofkl1sb29k6z""}",2026-08-22 22:04:10.331Z,76q0g006tjtp7gp,,,2026-08-22 22:04:10.362Z,407be8b01d4ce342
hpvlo8lamfycw0k,proposal_view,2026-08-22 22:04:10.366Z,,2026-08-22 22:04:10.330Z,76q0g006tjtp7gp,,vixofkl1sb29k6z,2026-08-22 22:04:10.366Z,407be8b01d4ce342
w00o2haqhwrpled,proposal_view,2026-08-22 22:04:18.212Z,,2026-08-22 22:04:18.182Z,76q0g006tjtp7gp,,bjld89h7ylwkjsy,2026-08-22 22:04:18.212Z,407be8b01d4ce342
1k55fkyjlu1ibnj,proposal_view,2026-08-22 22:04:26.059Z,,2026-08-22 22:04:26.023Z,76q0g006tjtp7gp,,vixofkl1sb29k6z,2026-08-22 22:04:26.059Z,407be8b01d4ce342
kgx5h8gd6q6x483,page_view,2026-08-22 22:04:30.275Z,"{""from"": ""/de/questions/76q0g006tjtp7gp/proposals/ballot"", ""to"": ""/de/questions/76q0g006tjtp7gp/proposals/question""}",2026-08-22 22:04:30.247Z,76q0g006tjtp7gp,,,2026-08-22 22:04:30.275Z,407be8b01d4ce342
mud44rfawhum96l,page_view,2026-08-22 22:04:38.554Z,"{""from"": ""/de/questions/76q0g006tjtp7gp/proposals/ballot"", ""to"": ""/de/questions/76q0g006tjtp7gp/proposals/ballot""}",2026-08-22 22:04:38.520Z,76q0g006tjtp7gp,,,2026-08-22 22:04:38.554Z,407be8b01d4ce342
phl78ve08bqyqzs,page_view,2026-08-22 22:04:39.847Z,"{""from"": ""/de/questions/76q0g006tjtp7gp/proposals/ballot"", ""to"": ""/de/questions/76q0g006tjtp7gp/proposals/question""}",2026-08-22 22:04:39.819Z,76q0g006tjtp7gp,,,2026-08-22 22:04:39.847Z,407be8b01d4ce342
s7fyv3gafdw4sw8,page_view,2026-08-22 22:04:40.027Z,"{""from"": ""/de/questions/76q0g006tjtp7gp/proposals/question"", ""to"": ""/de/questions/76q0g006tjtp7gp/proposals/question""}",2026-08-22 22:04:39.996Z,76q0g006tjtp7gp,,,2026-08-22 22:04:40.027Z,407be8b01d4ce342
qhv92mcpksfwdsn,proposal_view,2026-08-22 22:04:42.699Z,,2026-08-22 22:04:42.494Z,3o2fj1znev0krvz,,uv9s9bhv4lnav3n,2026-08-22 22:04:42.699Z,407be8b01d4ce342
pl52zq2e6xly1mp,proposal_view,2026-08-22 22:04:42.704Z,,2026-08-22 22:04:42.504Z,3o2fj1znev0krvz,,uv9s9bhv4lnav3n,2026-08-22 22:04:42.704Z,407be8b01d4ce342
1dqu91xuhxru7ec,page_view,2026-08-22 22:04:42.713Z,"{""from"": ""/de/questions/76q0g006tjtp7gp/proposals/question"", ""to"": ""/de/questions/3o2fj1znev0krvz/proposals/uv9s9bhv4lnav3n""}",2026-08-22 22:04:42.506Z,3o2fj1znev0krvz,,,2026-08-22 22:04:42.713Z,407be8b01d4ce342
etwuqhwa6tm5d63,tab_switch,2026-08-22 22:36:47.060Z,"{""state"": ""visible""}",2026-08-22 22:36:49.088Z,,,,2026-08-22 22:36:47.060Z,4ae21a849ee008e7
6vvmjc1pquy1eyo,proposal_view,2026-08-23 07:18:10.329Z,,2026-08-23 07:18:10.316Z,3o2fj1znev0krvz,,y9eb6fxeu3zpepy,2026-08-23 07:18:10.329Z,407be8b01d4ce342
1vyr9k4d8tsdhzq,proposal_view,2026-08-23 07:18:10.341Z,,2026-08-23 07:18:10.326Z,3o2fj1znev0krvz,,y9eb6fxeu3zpepy,2026-08-23 07:18:10.341Z,407be8b01d4ce342
g2z8ket2y5staxf,page_view,2026-08-23 07:18:10.345Z,"{""from"": ""/de/discourse"", ""to"": ""/de/questions/3o2fj1znev0krvz/proposals/y9eb6fxeu3zpepy""}",2026-08-23 07:18:10.334Z,3o2fj1znev0krvz,,,2026-08-23 07:18:10.345Z,407be8b01d4ce342
a3vpysuts42e58e,page_view,2026-08-23 07:18:18.619Z,"{""from"": ""/de/questions/3o2fj1znev0krvz/proposals/ballot"", ""to"": ""/de/questions/3o2fj1znev0krvz/proposals/question""}",2026-08-23 07:18:18.605Z,3o2fj1znev0krvz,,,2026-08-23 07:18:18.619Z,407be8b01d4ce342
scoexzm02m9ruh3,proposal_view,2026-08-23 07:27:40.831Z,,2026-08-23 07:27:40.816Z,76q0g006tjtp7gp,,vixofkl1sb29k6z,2026-08-23 07:27:40.831Z,407be8b01d4ce342
kd9rqpa81k9naa0,proposal_view,2026-08-23 07:27:40.840Z,,2026-08-23 07:27:40.826Z,76q0g006tjtp7gp,,vixofkl1sb29k6z,2026-08-23 07:27:40.840Z,407be8b01d4ce342
7ykbkfxjox2qarl,page_view,2026-08-23 07:27:40.854Z,"{""from"": ""/de/questions/3o2fj1znev0krvz/proposals/question"", ""to"": ""/de/questions/76q0g006tjtp7gp/proposals/vixofkl1sb29k6z""}",2026-08-23 07:27:40.830Z,76q0g006tjtp7gp,,,2026-08-23 07:27:40.854Z,407be8b01d4ce342
zrrj4h6z5tpp047,page_view,2026-08-23 08:55:53.537Z,"{""from"": ""/de/questions/76q0g006tjtp7gp/proposals/ballot"", ""to"": ""/de/questions/76q0g006tjtp7gp/proposals/ballot""}",2026-08-23 08:55:53.471Z,76q0g006tjtp7gp,,,2026-08-23 08:55:53.537Z,407be8b01d4ce342
vgd525sd4hr9id8,page_view,2026-08-23 08:55:54.178Z,"{""from"": ""/de/questions/76q0g006tjtp7gp/proposals/ballot"", ""to"": ""/de/questions/76q0g006tjtp7gp/proposals/question""}",2026-08-23 08:55:54.123Z,76q0g006tjtp7gp,,,2026-08-23 08:55:54.178Z,407be8b01d4ce342
baiexj0ileo24mw,page_view,2026-08-23 08:55:55.989Z,"{""from"": ""/de/questions/76q0g006tjtp7gp/proposals/question"", ""to"": ""/de/discourse""}",2026-08-23 08:55:55.933Z,76q0g006tjtp7gp,,,2026-08-23 08:55:55.989Z,407be8b01d4ce342
53ytl16aevnt00s,page_view,2026-08-23 08:58:13.673Z,"{""from"": ""/de/discourse"", ""to"": ""/de/discourse""}",2026-08-23 08:58:13.607Z,76q0g006tjtp7gp,,,2026-08-23 08:58:13.673Z,407be8b01d4ce342
ngtknd0gxkww4qx,page_view,2026-08-23 08:58:14.643Z,"{""from"": ""/de/discourse"", ""to"": ""/de/questions/3o2fj1znev0krvz/proposals/question""}",2026-08-23 08:58:14.587Z,3o2fj1znev0krvz,,,2026-08-23 08:58:14.643Z,407be8b01d4ce342
s9awuwiogvhqz1g,page_view,2026-08-23 08:58:17.546Z,"{""from"": ""/de/questions/3o2fj1znev0krvz/proposals/ballot"", ""to"": ""/de/questions/3o2fj1znev0krvz/proposals/ballot""}",2026-08-23 08:58:17.483Z,3o2fj1znev0krvz,,,2026-08-23 08:58:17.546Z,407be8b01d4ce342
t2tib2i6t12vgnz,proposal_view,2026-08-23 08:58:19.423Z,,2026-08-23 08:58:19.366Z,3o2fj1znev0krvz,,y9eb6fxeu3zpepy,2026-08-23 08:58:19.423Z,407be8b01d4ce342
liebyoh16mhaffn,proposal_view,2026-08-23 08:58:19.434Z,,2026-08-23 08:58:19.376Z,3o2fj1znev0krvz,,y9eb6fxeu3zpepy,2026-08-23 08:58:19.434Z,407be8b01d4ce342
tp33y3w2hjafyuo,page_view,2026-08-23 08:58:19.440Z,"{""from"": ""/de/questions/3o2fj1znev0krvz/proposals/ballot"", ""to"": ""/de/questions/3o2fj1znev0krvz/proposals/y9eb6fxeu3zpepy""}",2026-08-23 08:58:19.377Z,3o2fj1znev0krvz,,,2026-08-23 08:58:19.440Z,407be8b01d4ce342
cqy6kcp3zv0yp1t,page_view,2026-08-23 13:40:59.454Z,"{""from"": ""/de/discourse"", ""to"": ""/de/questions/3o2fj1znev0krvz/proposals/question""}",2026-08-23 13:40:59.438Z,3o2fj1znev0krvz,,,2026-08-23 13:40:59.454Z,de13859e1d6aea12
umy07t75xn7qgoj,proposal_view,2026-08-23 13:41:14.692Z,,2026-08-23 13:41:14.680Z,3o2fj1znev0krvz,,y9eb6fxeu3zpepy,2026-08-23 13:41:14.692Z,de13859e1d6aea12
xyei24vkmsued15,proposal_view,2026-08-23 13:41:14.699Z,,2026-08-23 13:41:14.687Z,3o2fj1znev0krvz,,y9eb6fxeu3zpepy,2026-08-23 13:41:14.699Z,de13859e1d6aea12
lcis58d0uw8el9k,page_view,2026-08-23 13:41:14.708Z,"{""to"": ""/de/questions/3o2fj1znev0krvz/proposals/y9eb6fxeu3zpepy""}",2026-08-23 13:41:14.700Z,3o2fj1znev0krvz,,,2026-08-23 13:41:14.708Z,de13859e1d6aea12
xzlg1gpp3ovfo9g,proposal_view,2026-08-23 13:42:04.765Z,,2026-08-23 13:42:04.734Z,3o2fj1znev0krvz,,y9eb6fxeu3zpepy,2026-08-23 13:42:04.765Z,de13859e1d6aea12
zm1z8w0um5uldmc,proposal_view,2026-08-23 13:42:04.766Z,,2026-08-23 13:42:04.739Z,3o2fj1znev0krvz,,y9eb6fxeu3zpepy,2026-08-23 13:42:04.766Z,de13859e1d6aea12
3lwsvi1oor70hs3,page_view,2026-08-23 13:42:04.767Z,"{""to"": ""/questions/3o2fj1znev0krvz/proposals/y9eb6fxeu3zpepy""}",2026-08-23 13:42:04.748Z,3o2fj1znev0krvz,,,2026-08-23 13:42:04.767Z,de13859e1d6aea12
l6205bvpvrc1wni,proposal_view,2026-08-23 13:42:12.332Z,,2026-08-23 13:42:12.322Z,3o2fj1znev0krvz,,y9eb6fxeu3zpepy,2026-08-23 13:42:12.332Z,de13859e1d6aea12
xy7yzokp305dn7x,page_view,2026-08-23 13:42:12.342Z,"{""from"": ""/questions/3o2fj1znev0krvz/proposals/ballot"", ""to"": ""/questions/3o2fj1znev0krvz/proposals/y9eb6fxeu3zpepy""}",2026-08-23 13:42:12.328Z,3o2fj1znev0krvz,,,2026-08-23 13:42:12.342Z,de13859e1d6aea12
gp37sz88x9nu4pe,proposal_view,2026-08-23 13:42:12.344Z,,2026-08-23 13:42:12.325Z,3o2fj1znev0krvz,,y9eb6fxeu3zpepy,2026-08-23 13:42:12.344Z,de13859e1d6aea12
6ahu2vm0t23la11,page_view,2026-08-23 14:21:38.998Z,"{""to"": ""/questions/76q0g006tjtp7gp/proposals/question""}",2026-08-23 14:21:38.985Z,76q0g006tjtp7gp,,,2026-08-23 14:21:38.998Z,de13859e1d6aea12
aqqjvfltzgxo62k,tab_switch,2026-08-23 15:33:33.847Z,"{""state"": ""visible""}",2026-08-23 15:33:33.274Z,,,,2026-08-23 15:33:33.847Z,4ae21a849ee008e7
6y0l02o3hvjgpn2,tab_switch,2026-08-23 15:37:53.509Z,"{""state"": ""visible""}",2026-08-23 15:37:53.264Z,,,,2026-08-23 15:37:53.509Z,4ae21a849ee008e7
dsav2hf4eib4wy4,tab_switch,2026-08-23 15:38:21.823Z,"{""state"": ""visible""}",2026-08-23 15:38:21.775Z,,,,2026-08-23 15:38:21.823Z,4ae21a849ee008e7
3alipm2kjkkea91,tab_switch,2026-08-23 15:42:36.784Z,"{""state"": ""visible""}",2026-08-23 15:42:36.685Z,,,,2026-08-23 15:42:36.784Z,4ae21a849ee008e7
ssmrjqlosb348f2,page_view,2026-08-23 18:25:51.991Z,"{""from"": ""/de/discourse"", ""to"": ""/de/questions/76q0g006tjtp7gp/proposals/question""}",2026-08-23 18:25:51.923Z,76q0g006tjtp7gp,,,2026-08-23 18:25:51.991Z,407be8b01d4ce342
otwbfgqdghth3ey,page_view,2026-08-23 18:26:11.495Z,"{""from"": ""/de/questions/76q0g006tjtp7gp/proposals/ballot"", ""to"": ""/de/questions/76q0g006tjtp7gp/proposals/question""}",2026-08-23 18:26:11.426Z,76q0g006tjtp7gp,,,2026-08-23 18:26:11.495Z,407be8b01d4ce342
x8qvbl3rtwcjvn5,page_view,2026-08-23 21:09:30.331Z,"{""from"": ""/de/discourse"", ""to"": ""/de/questions/3o2fj1znev0krvz/proposals/question""}",2026-08-23 21:09:30.271Z,3o2fj1znev0krvz,,,2026-08-23 21:09:30.331Z,407be8b01d4ce342
ruf2jhc9x7p5h31,ballot_submit,2026-08-23 21:10:07.518Z,"{""is_update"": true, ""ranks_count"": 6}",2026-08-23 21:10:07.517Z,3o2fj1znev0krvz,,,2026-08-23 21:10:07.518Z,407be8b01d4ce342
vbo511n5vxkyagy,page_view,2026-08-23 21:10:09.143Z,"{""from"": ""/de/questions/3o2fj1znev0krvz/proposals/ballot"", ""to"": ""/de/questions/3o2fj1znev0krvz/proposals/question""}",2026-08-23 21:10:09.082Z,3o2fj1znev0krvz,,,2026-08-23 21:10:09.143Z,407be8b01d4ce342
gku73e4dh8mzeze,tab_switch,2026-08-23 22:04:29.200Z,"{""state"": ""visible""}",2026-08-23 22:04:29.129Z,,,,2026-08-23 22:04:29.200Z,4ae21a849ee008e7
nuywi92f7hl8jlt,proposal_view,2026-08-24 04:49:07.919Z,,2026-08-24 04:49:07.914Z,3o2fj1znev0krvz,,35vcx46mtetnk82,2026-08-24 04:49:07.919Z,b209c2355deb9852
psqkh01nu0fjtd3,proposal_view,2026-08-24 04:49:07.931Z,,2026-08-24 04:49:07.933Z,3o2fj1znev0krvz,,35vcx46mtetnk82,2026-08-24 04:49:07.931Z,b209c2355deb9852
chnul0cwr3wrkpl,session_start,2026-08-24 04:49:07.935Z,"{""isMobile"": true, ""screenHeight"": 0, ""screenWidth"": 0, ""userAgent"": ""Mozilla/5.0 (Linux; Android 10; K) AppleWebKit/537.36 (KHTML, like Gecko) SamsungBrowser/30.0 Chrome/143.0.0.0 Mobile Safari/537.36""}",2026-08-24 04:49:07.940Z,,,,2026-08-24 04:49:07.935Z,b209c2355deb9852
ej13ffwrpmp1rm6,page_view,2026-08-24 04:49:07.941Z,"{""to"": ""/de/questions/3o2fj1znev0krvz/proposals/35vcx46mtetnk82""}",2026-08-24 04:49:07.943Z,3o2fj1znev0krvz,,,2026-08-24 04:49:07.941Z,b209c2355deb9852
4mg8fc3ad5ze61h,page_view,2026-08-24 06:52:08.090Z,"{""from"": ""/de/discourse"", ""to"": ""/de/questions/3o2fj1znev0krvz/proposals/question""}",2026-08-24 06:52:08.072Z,3o2fj1znev0krvz,,,2026-08-24 06:52:08.090Z,407be8b01d4ce342
hewd6uocafj5s0p,page_view,2026-08-24 06:52:13.496Z,"{""from"": ""/de/questions/3o2fj1znev0krvz/proposals/ballot"", ""to"": ""/de/questions/3o2fj1znev0krvz/proposals/question""}",2026-08-24 06:52:13.476Z,3o2fj1znev0krvz,,,2026-08-24 06:52:13.496Z,407be8b01d4ce342
9jt9wok6tk8eyxz,page_view,2026-08-24 06:52:16.130Z,"{""from"": ""/de/questions/3o2fj1znev0krvz/proposals/ballot"", ""to"": ""/de/questions/3o2fj1znev0krvz/proposals/question""}",2026-08-24 06:52:16.110Z,3o2fj1znev0krvz,,,2026-08-24 06:52:16.130Z,407be8b01d4ce342
24of7trj3drb0t9,page_view,2026-08-24 06:52:16.845Z,"{""from"": ""/de/questions/3o2fj1znev0krvz/proposals/question"", ""to"": ""/de/discourse""}",2026-08-24 06:52:16.826Z,3o2fj1znev0krvz,,,2026-08-24 06:52:16.845Z,407be8b01d4ce342
frckx06s9my22pe,page_view,2026-08-24 06:52:18.551Z,"{""from"": ""/de/discourse"", ""to"": ""/de/questions/76q0g006tjtp7gp/proposals/question""}",2026-08-24 06:52:18.533Z,76q0g006tjtp7gp,,,2026-08-24 06:52:18.551Z,407be8b01d4ce342
q6whnnjibht0122,page_view,2026-08-24 08:45:23.902Z,"{""from"": ""/de/login"", ""to"": ""/de/discourse""}",2026-08-24 08:45:22.706Z,,,,2026-08-24 08:45:23.902Z,4ae21a849ee008e7
6905bcum1ttz7df,proposal_view,2026-08-24 12:17:14.382Z,,2026-08-24 12:17:14.270Z,3o2fj1znev0krvz,,35vcx46mtetnk82,2026-08-24 12:17:14.382Z,b209c2355deb9852
l8flf35lckavvjc,proposal_view,2026-08-24 12:17:14.387Z,,2026-08-24 12:17:14.281Z,3o2fj1znev0krvz,,35vcx46mtetnk82,2026-08-24 12:17:14.387Z,b209c2355deb9852
ygrgz0bywt0w255,session_start,2026-08-24 12:17:14.408Z,"{""isMobile"": true, ""screenHeight"": 0, ""screenWidth"": 0, ""userAgent"": ""Mozilla/5.0 (Linux; Android 10; K) AppleWebKit/537.36 (KHTML, like Gecko) SamsungBrowser/30.0 Chrome/143.0.0.0 Mobile Safari/537.36""}",2026-08-24 12:17:14.286Z,,,,2026-08-24 12:17:14.408Z,b209c2355deb9852
m838469dpo81ei4,page_view,2026-08-24 12:17:14.413Z,"{""to"": ""/de/questions/3o2fj1znev0krvz/proposals/35vcx46mtetnk82""}",2026-08-24 12:17:14.288Z,3o2fj1znev0krvz,,,2026-08-24 12:17:14.413Z,b209c2355deb9852
0il7yait18vr6ju,page_view,2026-08-24 12:26:26.880Z,"{""from"": ""/de/discourse"", ""to"": ""/de/questions/3o2fj1znev0krvz/proposals/question""}",2026-08-24 12:26:26.804Z,3o2fj1znev0krvz,,,2026-08-24 12:26:26.880Z,407be8b01d4ce342
rt6hnnjwcm1nytj,proposal_view,2026-08-24 12:26:50.425Z,,2026-08-24 12:26:50.320Z,3o2fj1znev0krvz,,y9eb6fxeu3zpepy,2026-08-24 12:26:50.425Z,407be8b01d4ce342
7t1wuypcvq4nq1z,proposal_view,2026-08-24 12:26:50.426Z,,2026-08-24 12:26:50.330Z,3o2fj1znev0krvz,,y9eb6fxeu3zpepy,2026-08-24 12:26:50.426Z,407be8b01d4ce342
n8fx4pnv41t4glf,page_view,2026-08-24 12:26:50.437Z,"{""from"": ""/de/questions/3o2fj1znev0krvz/proposals/ballot"", ""to"": ""/de/questions/3o2fj1znev0krvz/proposals/y9eb6fxeu3zpepy""}",2026-08-24 12:26:50.331Z,3o2fj1znev0krvz,,,2026-08-24 12:26:50.437Z,407be8b01d4ce342
mypoo6cxml7sjgu,proposal_view,2026-08-24 12:26:56.964Z,,2026-08-24 12:26:56.905Z,3o2fj1znev0krvz,,n8luy5w1pc5olz4,2026-08-24 12:26:56.964Z,407be8b01d4ce342
h5psfc0xeue7cp6,proposal_view,2026-08-24 12:27:03.774Z,,2026-08-24 12:27:03.716Z,3o2fj1znev0krvz,,m5vq0q540kenhen,2026-08-24 12:27:03.774Z,407be8b01d4ce342
vagwgxjw2aqaush,page_view,2026-08-24 12:27:08.544Z,"{""from"": ""/de/questions/3o2fj1znev0krvz/proposals/y9eb6fxeu3zpepy"", ""to"": ""/de/questions/3o2fj1znev0krvz/proposals/compare""}",2026-08-24 12:27:08.490Z,3o2fj1znev0krvz,,,2026-08-24 12:27:08.544Z,407be8b01d4ce342
1k6dp4zh3cqssjw,page_view,2026-08-24 12:27:12.601Z,"{""from"": ""/de/questions/3o2fj1znev0krvz/proposals/compare"", ""to"": ""/de/questions/3o2fj1znev0krvz/proposals/y9eb6fxeu3zpepy""}",2026-08-24 12:27:12.499Z,3o2fj1znev0krvz,,,2026-08-24 12:27:12.601Z,407be8b01d4ce342
fmlmij8vuoup8sd,proposal_view,2026-08-24 12:27:12.605Z,,2026-08-24 12:27:12.494Z,3o2fj1znev0krvz,,m5vq0q540kenhen,2026-08-24 12:27:12.605Z,407be8b01d4ce342
aq8etz73nblnr2f,proposal_view,2026-08-24 12:27:12.607Z,,2026-08-24 12:27:12.485Z,3o2fj1znev0krvz,,y9eb6fxeu3zpepy,2026-08-24 12:27:12.607Z,407be8b01d4ce342
zh2fzj0pixsw093,proposal_view,2026-08-24 12:27:15.540Z,,2026-08-24 12:27:15.404Z,3o2fj1znev0krvz,,cu6kgkeod5v8oxj,2026-08-24 12:27:15.540Z,407be8b01d4ce342
5zomh0c1qopidr5,proposal_view,2026-08-24 12:27:19.470Z,,2026-08-24 12:27:19.348Z,3o2fj1znev0krvz,,35vcx46mtetnk82,2026-08-24 12:27:19.470Z,407be8b01d4ce342
jtliru4wyzubow2,page_view,2026-08-24 15:46:31.493Z,"{""from"": ""/discourse"", ""to"": ""/questions/76q0g006tjtp7gp/proposals/question""}",2026-08-24 15:46:31.476Z,76q0g006tjtp7gp,,,2026-08-24 15:46:31.493Z,de13859e1d6aea12
lxh0dct0tm5sgab,page_view,2026-08-24 15:46:34.949Z,"{""from"": ""/questions/76q0g006tjtp7gp/proposals/ballot"", ""to"": ""/questions/76q0g006tjtp7gp/proposals/question""}",2026-08-24 15:46:34.904Z,76q0g006tjtp7gp,,,2026-08-24 15:46:34.949Z,de13859e1d6aea12
y1jp2ncljusrkfw,page_view,2026-08-24 16:28:20.618Z,"{""from"": ""/de/questions/3o2fj1znev0krvz/proposals/ballot"", ""to"": ""/de/questions/3o2fj1znev0krvz/proposals/question""}",2026-08-24 16:28:20.509Z,3o2fj1znev0krvz,,,2026-08-24 16:28:20.618Z,407be8b01d4ce342
8r8awx7ojcm8qn3,tab_switch,2026-08-24 17:47:22.108Z,"{""state"": ""visible""}",2026-08-24 17:47:24.207Z,,,,2026-08-24 17:47:22.108Z,ee5e4e5bfc419bad
x56n7msz0e9dj6j,page_view,2026-08-24 17:47:37.138Z,"{""from"": ""/de/questions/76q0g006tjtp7gp/proposals/ballot"", ""to"": ""/de/discourse""}",2026-08-24 17:47:39.240Z,76q0g006tjtp7gp,,,2026-08-24 17:47:37.138Z,ee5e4e5bfc419bad
mofs7nb6pwm9blz,page_view,2026-08-24 21:41:22.810Z,"{""from"": ""/de/discourse"", ""to"": ""/de/questions/3o2fj1znev0krvz/proposals/question""}",2026-08-24 21:41:22.794Z,3o2fj1znev0krvz,,,2026-08-24 21:41:22.810Z,407be8b01d4ce342
kwtau5vsw5v1exb,page_view,2026-08-25 06:24:02.338Z,"{""from"": ""/de/questions/3o2fj1znev0krvz/proposals/ballot"", ""to"": ""/de/questions/76q0g006tjtp7gp/proposals/question""}",2026-08-25 06:24:02.323Z,76q0g006tjtp7gp,,,2026-08-25 06:24:02.338Z,407be8b01d4ce342
tne3swa54m4nm8f,page_view,2026-08-25 06:24:05.691Z,"{""from"": ""/de/questions/76q0g006tjtp7gp/proposals/ballot"", ""to"": ""/de/questions/76q0g006tjtp7gp/proposals/question""}",2026-08-25 06:24:05.676Z,76q0g006tjtp7gp,,,2026-08-25 06:24:05.691Z,407be8b01d4ce342
fuxx5jdtctaef8i,page_view,2026-08-25 08:18:10.110Z,"{""from"": ""/de/discourse"", ""to"": ""/de/questions/3o2fj1znev0krvz/proposals/question""}",2026-08-25 08:18:10.015Z,3o2fj1znev0krvz,,,2026-08-25 08:18:10.110Z,407be8b01d4ce342
1adot8raur051bb,proposal_view,2026-08-25 08:18:13.256Z,,2026-08-25 08:18:13.157Z,3o2fj1znev0krvz,,y9eb6fxeu3zpepy,2026-08-25 08:18:13.256Z,407be8b01d4ce342
1mniqh40udjyhhi,page_view,2026-08-25 08:18:13.276Z,"{""from"": ""/de/questions/3o2fj1znev0krvz/proposals/ballot"", ""to"": ""/de/questions/3o2fj1znev0krvz/proposals/y9eb6fxeu3zpepy""}",2026-08-25 08:18:13.168Z,3o2fj1znev0krvz,,,2026-08-25 08:18:13.276Z,407be8b01d4ce342
srikfarlnfyvx8a,proposal_view,2026-08-25 08:18:13.279Z,,2026-08-25 08:18:13.167Z,3o2fj1znev0krvz,,y9eb6fxeu3zpepy,2026-08-25 08:18:13.279Z,407be8b01d4ce342
3gj8rcs8edhqyxr,page_view,2026-08-25 12:15:07.553Z,"{""from"": ""/de/questions/3o2fj1znev0krvz/proposals/ballot"", ""to"": ""/de/questions/3o2fj1znev0krvz/proposals/question""}",2026-08-25 12:15:07.566Z,3o2fj1znev0krvz,,,2026-08-25 12:15:07.553Z,407be8b01d4ce342
icrsepktgjamme4,page_view,2026-08-25 12:15:12.056Z,"{""from"": ""/de/questions/3o2fj1znev0krvz/proposals/question"", ""to"": ""/de/questions/76q0g006tjtp7gp/proposals/question""}",2026-08-25 12:15:12.069Z,76q0g006tjtp7gp,,,2026-08-25 12:15:12.056Z,407be8b01d4ce342
a0w48an89592jj4,page_view,2026-08-25 12:15:16.323Z,"{""from"": ""/de/questions/76q0g006tjtp7gp/proposals/question"", ""to"": ""/de/groups/m5obm8bp0rbq043""}",2026-08-25 12:15:16.339Z,76q0g006tjtp7gp,,,2026-08-25 12:15:16.323Z,407be8b01d4ce342
uyedyuktajnjipk,page_view,2026-08-25 12:17:26.377Z,"{""from"": ""/de/groups/m5obm8bp0rbq043"", ""to"": ""/de/post-study-survey""}",2026-08-25 12:17:26.393Z,76q0g006tjtp7gp,,,2026-08-25 12:17:26.377Z,407be8b01d4ce342
mvhl9cpjzp6ouwu,page_view,2026-08-25 13:27:49.441Z,"{""from"": ""/discourse"", ""to"": ""/questions/3o2fj1znev0krvz/proposals/question""}",2026-08-25 13:27:49.424Z,3o2fj1znev0krvz,,,2026-08-25 13:27:49.441Z,de13859e1d6aea12
evqsw6efuyi7lvn,page_view,2026-08-25 13:27:50.745Z,"{""from"": ""/questions/3o2fj1znev0krvz/proposals/question"", ""to"": ""/questions/3o2fj1znev0krvz/proposals/results""}",2026-08-25 13:27:50.728Z,3o2fj1znev0krvz,,,2026-08-25 13:27:50.745Z,de13859e1d6aea12
b62j79tutm1ne20,page_view,2026-08-25 13:28:17.386Z,"{""from"": ""/questions/3o2fj1znev0krvz/proposals/results"", ""to"": ""/discourse""}",2026-08-25 13:28:17.339Z,3o2fj1znev0krvz,,,2026-08-25 13:28:17.386Z,de13859e1d6aea12
cf21ek1z2eogt3a,page_view,2026-08-25 13:28:19.424Z,"{""from"": ""/discourse"", ""to"": ""/questions/76q0g006tjtp7gp/proposals/question""}",2026-08-25 13:28:19.390Z,76q0g006tjtp7gp,,,2026-08-25 13:28:19.424Z,de13859e1d6aea12
ojtk6tk1c8o5d8d,page_view,2026-08-25 13:28:21.249Z,"{""from"": ""/questions/76q0g006tjtp7gp/proposals/question"", ""to"": ""/questions/76q0g006tjtp7gp/proposals/results""}",2026-08-25 13:28:21.217Z,76q0g006tjtp7gp,,,2026-08-25 13:28:21.249Z,de13859e1d6aea12
c4fq2af561qjjly,proposal_view,2026-08-25 13:28:38.030Z,,2026-08-25 13:28:38.007Z,76q0g006tjtp7gp,,vixofkl1sb29k6z,2026-08-25 13:28:38.030Z,de13859e1d6aea12
73cm3vxxaq09vmx,proposal_view,2026-08-25 13:28:38.049Z,,2026-08-25 13:28:38.022Z,76q0g006tjtp7gp,,vixofkl1sb29k6z,2026-08-25 13:28:38.049Z,de13859e1d6aea12
v9iyin75ux3d071,page_view,2026-08-25 13:28:38.086Z,"{""from"": ""/questions/76q0g006tjtp7gp/proposals/results"", ""to"": ""/questions/76q0g006tjtp7gp/proposals/vixofkl1sb29k6z""}",2026-08-25 13:28:38.037Z,76q0g006tjtp7gp,,,2026-08-25 13:28:38.086Z,de13859e1d6aea12
271ql9d05z2aa0s,page_view,2026-08-25 13:28:40.353Z,"{""from"": ""/questions/76q0g006tjtp7gp/proposals/vixofkl1sb29k6z"", ""to"": ""/questions/76q0g006tjtp7gp/proposals/results""}",2026-08-25 13:28:40.338Z,76q0g006tjtp7gp,,,2026-08-25 13:28:40.353Z,de13859e1d6aea12
8jsiteq8a71m0hp,page_view,2026-08-25 13:29:44.521Z,"{""from"": ""/questions/76q0g006tjtp7gp/proposals/results"", ""to"": ""/admin""}",2026-08-25 13:29:44.485Z,76q0g006tjtp7gp,,,2026-08-25 13:29:44.521Z,de13859e1d6aea12
frk9z03fxxn7x3y,page_view,2026-08-25 13:29:46.286Z,"{""from"": ""/admin"", ""to"": ""/post-study-survey""}",2026-08-25 13:29:46.258Z,76q0g006tjtp7gp,,,2026-08-25 13:29:46.286Z,de13859e1d6aea12
jtkepftkkmt3vlm,page_view,2026-08-25 13:32:20.265Z,"{""from"": ""/post-study-survey"", ""to"": ""/questions/3o2fj1znev0krvz/proposals/question""}",2026-08-25 13:32:20.252Z,3o2fj1znev0krvz,,,2026-08-25 13:32:20.265Z,de13859e1d6aea12
7gl9fapidctp4g8,page_view,2026-08-25 13:32:23.406Z,"{""from"": ""/questions/3o2fj1znev0krvz/proposals/question"", ""to"": ""/questions/3o2fj1znev0krvz/proposals/results""}",2026-08-25 13:32:23.373Z,3o2fj1znev0krvz,,,2026-08-25 13:32:23.406Z,de13859e1d6aea12
w0m8zppfq8mm3ni,page_view,2026-08-25 13:32:30.265Z,"{""from"": ""/de/login"", ""to"": ""/de/discourse""}",2026-08-25 13:32:30.186Z,,,,2026-08-25 13:32:30.265Z,b209c2355deb9852
zj9o5yx4aapsn9g,proposal_view,2026-08-25 13:32:30.625Z,,2026-08-25 13:32:30.606Z,3o2fj1znev0krvz,,y9eb6fxeu3zpepy,2026-08-25 13:32:30.625Z,de13859e1d6aea12
luiany2uvfhocrw,proposal_view,2026-08-25 13:32:30.633Z,,2026-08-25 13:32:30.621Z,3o2fj1znev0krvz,,y9eb6fxeu3zpepy,2026-08-25 13:32:30.633Z,de13859e1d6aea12
s5ysj11tftdd8zf,page_view,2026-08-25 13:32:30.649Z,"{""from"": ""/questions/3o2fj1znev0krvz/proposals/results"", ""to"": ""/questions/3o2fj1znev0krvz/proposals/y9eb6fxeu3zpepy""}",2026-08-25 13:32:30.637Z,3o2fj1znev0krvz,,,2026-08-25 13:32:30.649Z,de13859e1d6aea12
igg228pyx61opk3,session_start,2026-08-25 13:32:32.894Z,"{""isMobile"": true, ""screenHeight"": 650, ""screenWidth"": 384, ""userAgent"": ""Mozilla/5.0 (Linux; Android 10; K) AppleWebKit/537.36 (KHTML, like Gecko) SamsungBrowser/30.0 Chrome/143.0.0.0 Mobile Safari/537.36""}",2026-08-25 13:32:32.816Z,,,,2026-08-25 13:32:32.894Z,b209c2355deb9852
i8dvsyg0in1rllv,page_view,2026-08-25 13:32:32.896Z,"{""to"": ""/de/discourse""}",2026-08-25 13:32:32.816Z,,,,2026-08-25 13:32:32.896Z,b209c2355deb9852
j47a4taemyquyx0,page_view,2026-08-25 13:32:35.149Z,"{""from"": ""/questions/3o2fj1znev0krvz/proposals/y9eb6fxeu3zpepy"", ""to"": ""/questions/3o2fj1znev0krvz/proposals/results""}",2026-08-25 13:32:35.126Z,3o2fj1znev0krvz,,,2026-08-25 13:32:35.149Z,de13859e1d6aea12
flzfo369kzbsi8z,notification_panel_open,2026-08-25 13:32:38.857Z,"{""unread_count"": 13}",2026-08-25 13:32:38.751Z,,,,2026-08-25 13:32:38.857Z,b209c2355deb9852
6zbizjb8phtqxjd,notification_panel_open,2026-08-25 13:32:40.517Z,"{""unread_count"": 12}",2026-08-25 13:32:40.432Z,,,,2026-08-25 13:32:40.517Z,b209c2355deb9852
fvbbqxt284ax5ey,notification_panel_click,2026-08-25 13:32:40.522Z,"{""event_type"": ""phase_ending_soon"", ""title"": ""Letzte Chance zur Abstimmung! \ud83c\udfc1"", ""url"": ""/questions/3o2fj1znev0krvz/proposals/question""}",2026-08-25 13:32:40.521Z,,,7mtpqcn270o5hcp,2026-08-25 13:32:40.522Z,b209c2355deb9852
l7zqshu4ec7b8qw,page_view,2026-08-25 13:32:40.751Z,"{""from"": ""/de/discourse"", ""to"": ""/de/questions/3o2fj1znev0krvz/proposals/question""}",2026-08-25 13:32:40.674Z,3o2fj1znev0krvz,,,2026-08-25 13:32:40.751Z,b209c2355deb9852
02ly0ckwzng8muz,tab_switch,2026-08-25 13:32:59.990Z,"{""state"": ""visible""}",2026-08-25 13:32:59.891Z,,,,2026-08-25 13:32:59.990Z,b209c2355deb9852
jfl0khagq9ycr7w,page_view,2026-08-25 13:33:04.933Z,"{""from"": ""/de/login"", ""to"": ""/de/discourse""}",2026-08-25 13:33:04.860Z,,,,2026-08-25 13:33:04.933Z,b209c2355deb9852
nikxd2yx3bdiqpj,notification_panel_open,2026-08-25 13:33:09.422Z,"{""unread_count"": 12}",2026-08-25 13:33:09.336Z,,,,2026-08-25 13:33:09.422Z,b209c2355deb9852
0rnyepaesfs38rr,proposal_view,2026-08-25 13:33:15.696Z,,2026-08-25 13:33:15.677Z,3o2fj1znev0krvz,,y9eb6fxeu3zpepy,2026-08-25 13:33:15.696Z,de13859e1d6aea12
ua5b5kctkgw3i8c,proposal_view,2026-08-25 13:33:15.709Z,,2026-08-25 13:33:15.684Z,3o2fj1znev0krvz,,y9eb6fxeu3zpepy,2026-08-25 13:33:15.709Z,de13859e1d6aea12
s20pp5l3t0yql9o,page_view,2026-08-25 13:33:15.738Z,"{""from"": ""/questions/3o2fj1znev0krvz/proposals/results"", ""to"": ""/questions/3o2fj1znev0krvz/proposals/y9eb6fxeu3zpepy""}",2026-08-25 13:33:15.710Z,3o2fj1znev0krvz,,,2026-08-25 13:33:15.738Z,de13859e1d6aea12
e15t3zwepl3cwtm,notification_panel_open,2026-08-25 13:33:16.713Z,"{""unread_count"": 11}",2026-08-25 13:33:16.637Z,,,,2026-08-25 13:33:16.713Z,b209c2355deb9852
dlvelor74vx5y14,notification_panel_click,2026-08-25 13:33:16.722Z,"{""event_type"": ""phase_ending_soon"", ""title"": ""Letzte Chance zur Abstimmung! \ud83c\udfc1"", ""url"": ""/questions/76q0g006tjtp7gp/proposals/question""}",2026-08-25 13:33:16.720Z,,,r5mk3x28h33vyua,2026-08-25 13:33:16.722Z,b209c2355deb9852
1a1d9dec3i5b6n7,page_view,2026-08-25 13:33:16.948Z,"{""from"": ""/de/discourse"", ""to"": ""/de/questions/76q0g006tjtp7gp/proposals/question""}",2026-08-25 13:33:16.858Z,76q0g006tjtp7gp,,,2026-08-25 13:33:16.948Z,b209c2355deb9852
dqghmj064bjzej5,proposal_view,2026-08-25 13:33:17.821Z,,2026-08-25 13:33:17.796Z,3o2fj1znev0krvz,,35vcx46mtetnk82,2026-08-25 13:33:17.821Z,de13859e1d6aea12
v7ah1axtpdg61tj,page_view,2026-08-25 13:33:19.429Z,"{""from"": ""/de/questions/76q0g006tjtp7gp/proposals/question"", ""to"": ""/de/questions/76q0g006tjtp7gp/proposals/results""}",2026-08-25 13:33:19.355Z,76q0g006tjtp7gp,,,2026-08-25 13:33:19.429Z,b209c2355deb9852
83fcxscipfk1vvb,page_view,2026-08-25 13:33:30.726Z,"{""from"": ""/questions/3o2fj1znev0krvz/proposals/y9eb6fxeu3zpepy"", ""to"": ""/questions/76q0g006tjtp7gp/proposals/question""}",2026-08-25 13:33:30.691Z,76q0g006tjtp7gp,,,2026-08-25 13:33:30.726Z,de13859e1d6aea12
6r19xh9gy6mvlqf,page_view,2026-08-25 13:33:32.037Z,"{""from"": ""/questions/76q0g006tjtp7gp/proposals/question"", ""to"": ""/questions/76q0g006tjtp7gp/proposals/results""}",2026-08-25 13:33:32.010Z,76q0g006tjtp7gp,,,2026-08-25 13:33:32.037Z,de13859e1d6aea12
t031eb9hcuiy03l,proposal_view,2026-08-25 13:33:34.089Z,,2026-08-25 13:33:34.074Z,76q0g006tjtp7gp,,vixofkl1sb29k6z,2026-08-25 13:33:34.089Z,de13859e1d6aea12
5ndj7vwu9mg4dfh,proposal_view,2026-08-25 13:33:34.104Z,,2026-08-25 13:33:34.085Z,76q0g006tjtp7gp,,vixofkl1sb29k6z,2026-08-25 13:33:34.104Z,de13859e1d6aea12
7269lkcr7xpgeiq,page_view,2026-08-25 13:33:34.113Z,"{""from"": ""/questions/76q0g006tjtp7gp/proposals/results"", ""to"": ""/questions/76q0g006tjtp7gp/proposals/vixofkl1sb29k6z""}",2026-08-25 13:33:34.100Z,76q0g006tjtp7gp,,,2026-08-25 13:33:34.113Z,de13859e1d6aea12
z387rpvfab6fn2a,page_view,2026-08-25 13:33:38.144Z,"{""from"": ""/questions/76q0g006tjtp7gp/proposals/vixofkl1sb29k6z"", ""to"": ""/questions/76q0g006tjtp7gp/proposals/results""}",2026-08-25 13:33:38.110Z,76q0g006tjtp7gp,,,2026-08-25 13:33:38.144Z,de13859e1d6aea12
99tnvh9gz3ivmv6,page_view,2026-08-25 13:33:39.990Z,"{""from"": ""/questions/76q0g006tjtp7gp/proposals/results"", ""to"": ""/groups""}",2026-08-25 13:33:39.975Z,76q0g006tjtp7gp,,,2026-08-25 13:33:39.990Z,de13859e1d6aea12
ny7k6c1fide0c99,page_view,2026-08-25 13:33:47.211Z,"{""from"": ""/groups"", ""to"": ""/questions/3o2fj1znev0krvz/proposals/question""}",2026-08-25 13:33:47.179Z,3o2fj1znev0krvz,,,2026-08-25 13:33:47.211Z,de13859e1d6aea12
9g7uugpyf9meqlf,tab_switch,2026-08-25 13:35:21.322Z,"{""state"": ""visible""}",2026-08-25 13:35:21.160Z,,,,2026-08-25 13:35:21.322Z,b209c2355deb9852
9ozgu18rs2qlljl,page_view,2026-08-25 13:35:25.256Z,"{""from"": ""/de/login"", ""to"": ""/de/discourse""}",2026-08-25 13:35:25.165Z,,,,2026-08-25 13:35:25.256Z,b209c2355deb9852
ib4eo6lgt7v2mrl,page_view,2026-08-25 13:35:27.907Z,"{""to"": ""/de/discourse""}",2026-08-25 13:35:27.821Z,,,,2026-08-25 13:35:27.907Z,b209c2355deb9852
vj3xrs8l5ct2toe,session_start,2026-08-25 13:35:27.915Z,"{""isMobile"": true, ""screenHeight"": 650, ""screenWidth"": 384, ""userAgent"": ""Mozilla/5.0 (Linux; Android 10; K) AppleWebKit/537.36 (KHTML, like Gecko) SamsungBrowser/30.0 Chrome/143.0.0.0 Mobile Safari/537.36""}",2026-08-25 13:35:27.820Z,,,,2026-08-25 13:35:27.915Z,b209c2355deb9852
2eorz2jfl4ngv9j,page_view,2026-08-25 14:25:15.618Z,"{""from"": ""/de/login"", ""to"": ""/de/discourse""}",2026-08-25 14:25:15.421Z,,,,2026-08-25 14:25:15.618Z,6a6cecc209785885
s4ot1xlw77ntd0k,page_view,2026-08-25 14:25:22.377Z,"{""from"": ""/de/discourse"", ""to"": ""/de/questions/3o2fj1znev0krvz/proposals/question""}",2026-08-25 14:25:22.233Z,3o2fj1znev0krvz,,,2026-08-25 14:25:22.377Z,6a6cecc209785885
cn0q3sr8m4fw0xs,proposal_view,2026-08-25 14:25:31.604Z,,2026-08-25 14:25:31.383Z,3o2fj1znev0krvz,,y9eb6fxeu3zpepy,2026-08-25 14:25:31.604Z,6a6cecc209785885
yrjgv0rq2b9t2cp,proposal_view,2026-08-25 14:25:31.607Z,,2026-08-25 14:25:31.378Z,3o2fj1znev0krvz,,y9eb6fxeu3zpepy,2026-08-25 14:25:31.607Z,6a6cecc209785885
y95bqrltizxbiln,page_view,2026-08-25 14:25:31.607Z,"{""from"": ""/de/questions/3o2fj1znev0krvz/proposals/question"", ""to"": ""/de/questions/3o2fj1znev0krvz/proposals/y9eb6fxeu3zpepy""}",2026-08-25 14:25:31.426Z,3o2fj1znev0krvz,,,2026-08-25 14:25:31.607Z,6a6cecc209785885
pcug4wxurrc62ii,proposal_view,2026-08-25 14:25:37.207Z,,2026-08-25 14:25:37.026Z,3o2fj1znev0krvz,,m5vq0q540kenhen,2026-08-25 14:25:37.207Z,6a6cecc209785885
579pu5rfi92u33u,proposal_view,2026-08-25 14:25:43.287Z,,2026-08-25 14:25:43.079Z,3o2fj1znev0krvz,,n8luy5w1pc5olz4,2026-08-25 14:25:43.287Z,6a6cecc209785885
o52vivg3w8gvfjl,proposal_view,2026-08-25 14:25:50.480Z,,2026-08-25 14:25:50.367Z,3o2fj1znev0krvz,,m5vq0q540kenhen,2026-08-25 14:25:50.480Z,6a6cecc209785885
pi1m2nz666p39dx,proposal_view,2026-08-25 14:26:02.758Z,,2026-08-25 14:26:02.647Z,3o2fj1znev0krvz,,626n317m1w4j7lo,2026-08-25 14:26:02.758Z,6a6cecc209785885
tgkuohwnvuhvpbk,proposal_view,2026-08-25 14:26:19.519Z,,2026-08-25 14:26:19.373Z,3o2fj1znev0krvz,,eesc7p17sxod25m,2026-08-25 14:26:19.519Z,6a6cecc209785885
lcr34g95hpkzkuv,proposal_view,2026-08-25 14:26:22.460Z,,2026-08-25 14:26:22.259Z,3o2fj1znev0krvz,,rgjhcdyr8kdvxyz,2026-08-25 14:26:22.460Z,6a6cecc209785885
ihn9vzk3ch6yo5k,proposal_view,2026-08-25 14:26:32.381Z,,2026-08-25 14:26:32.225Z,3o2fj1znev0krvz,,px3acjduduouqz6,2026-08-25 14:26:32.381Z,6a6cecc209785885
zq5g4m963qigmtr,proposal_view,2026-08-25 14:26:38.688Z,,2026-08-25 14:26:38.611Z,3o2fj1znev0krvz,,eesc7p17sxod25m,2026-08-25 14:26:38.688Z,6a6cecc209785885
wgh8a7j3qmiffmn,proposal_view,2026-08-25 14:26:43.718Z,,2026-08-25 14:26:43.636Z,3o2fj1znev0krvz,,626n317m1w4j7lo,2026-08-25 14:26:43.718Z,6a6cecc209785885
yojjiu88o0nnrh0,proposal_view,2026-08-25 14:26:52.744Z,,2026-08-25 14:26:52.565Z,3o2fj1znev0krvz,,cu6kgkeod5v8oxj,2026-08-25 14:26:52.744Z,6a6cecc209785885
3ur3z8o2zuhj1mp,proposal_view,2026-08-25 14:27:03.488Z,,2026-08-25 14:27:03.322Z,3o2fj1znev0krvz,,y9eb6fxeu3zpepy,2026-08-25 14:27:03.488Z,6a6cecc209785885
lejtthanrj4jg0h,proposal_view,2026-08-25 14:27:05.929Z,,2026-08-25 14:27:05.780Z,3o2fj1znev0krvz,,2k4q9z9tfrakikx,2026-08-25 14:27:05.929Z,6a6cecc209785885
5ihxcx5k9rss19i,proposal_view,2026-08-25 14:27:25.790Z,,2026-08-25 14:27:25.634Z,3o2fj1znev0krvz,,y9eb6fxeu3zpepy,2026-08-25 14:27:25.790Z,6a6cecc209785885
yhfuzsp1lohn6f5,proposal_view,2026-08-25 14:27:36.715Z,,2026-08-25 14:27:36.539Z,3o2fj1znev0krvz,,35vcx46mtetnk82,2026-08-25 14:27:36.715Z,6a6cecc209785885
x5o24bhty8z95lg,proposal_view,2026-08-25 14:28:03.262Z,,2026-08-25 14:28:01.930Z,3o2fj1znev0krvz,,nra27jcg8g8vvq8,2026-08-25 14:28:03.262Z,6a6cecc209785885
8c6uj7f29dvg23r,proposal_view,2026-08-25 14:28:11.632Z,,2026-08-25 14:28:11.488Z,3o2fj1znev0krvz,,35vcx46mtetnk82,2026-08-25 14:28:11.632Z,6a6cecc209785885
mzhapd5rfuyk2tl,proposal_view,2026-08-25 14:28:21.406Z,,2026-08-25 14:28:20.792Z,3o2fj1znev0krvz,,nra27jcg8g8vvq8,2026-08-25 14:28:21.406Z,6a6cecc209785885
2q0xbqdf9xuv1q4,proposal_view,2026-08-25 14:28:22.610Z,,2026-08-25 14:28:22.396Z,3o2fj1znev0krvz,,35vcx46mtetnk82,2026-08-25 14:28:22.610Z,6a6cecc209785885
z89n8pjww5w7q3k,page_view,2026-08-25 14:28:25.180Z,"{""from"": ""/de/questions/3o2fj1znev0krvz/proposals/y9eb6fxeu3zpepy"", ""to"": ""/de/discourse""}",2026-08-25 14:28:25.005Z,3o2fj1znev0krvz,,,2026-08-25 14:28:25.180Z,6a6cecc209785885
p8myhxu07uhgoub,page_view,2026-08-25 14:28:29.212Z,"{""from"": ""/de/discourse"", ""to"": ""/de/questions/76q0g006tjtp7gp/proposals/question""}",2026-08-25 14:28:28.615Z,76q0g006tjtp7gp,,,2026-08-25 14:28:29.212Z,6a6cecc209785885
9p8cai4rtf0mxbg,page_view,2026-08-25 14:28:34.777Z,"{""from"": ""/de/questions/76q0g006tjtp7gp/proposals/question"", ""to"": ""/de/questions/76q0g006tjtp7gp/proposals/results""}",2026-08-25 14:28:34.612Z,76q0g006tjtp7gp,,,2026-08-25 14:28:34.777Z,6a6cecc209785885
5e1ami74tqx279o,page_view,2026-08-25 14:28:34.924Z,"{""from"": ""/de/questions/76q0g006tjtp7gp/proposals/results"", ""to"": ""/de/questions/76q0g006tjtp7gp/proposals/results""}",2026-08-25 14:28:34.804Z,76q0g006tjtp7gp,,,2026-08-25 14:28:34.924Z,6a6cecc209785885
6g1ha8q4vsj6js4,page_view,2026-08-25 14:29:14.045Z,"{""from"": ""/de/questions/76q0g006tjtp7gp/proposals/results"", ""to"": ""/de/questions/76q0g006tjtp7gp/proposals/question""}",2026-08-25 14:29:13.929Z,76q0g006tjtp7gp,,,2026-08-25 14:29:14.045Z,6a6cecc209785885
qi8v846biyxfv3p,page_view,2026-08-25 14:29:17.186Z,"{""from"": ""/de/questions/76q0g006tjtp7gp/proposals/question"", ""to"": ""/de/groups/m5obm8bp0rbq043""}",2026-08-25 14:29:16.885Z,76q0g006tjtp7gp,,,2026-08-25 14:29:17.186Z,6a6cecc209785885
9hn4nmua5aii97r,page_view,2026-08-25 14:29:21.218Z,"{""from"": ""/de/groups/m5obm8bp0rbq043"", ""to"": ""/de/questions/3o2fj1znev0krvz""}",2026-08-25 14:29:21.070Z,3o2fj1znev0krvz,,,2026-08-25 14:29:21.218Z,6a6cecc209785885
unr3g2fw2r9gw1d,page_view,2026-08-25 14:29:23.599Z,"{""from"": ""/de/questions/3o2fj1znev0krvz"", ""to"": ""/de/questions/3o2fj1znev0krvz/proposals/question""}",2026-08-25 14:29:23.448Z,3o2fj1znev0krvz,,,2026-08-25 14:29:23.599Z,6a6cecc209785885
h25apd3jnqfgvz1,page_view,2026-08-25 14:29:32.534Z,"{""from"": ""/de/questions/3o2fj1znev0krvz/proposals/question"", ""to"": ""/de/questions/3o2fj1znev0krvz/proposals/results""}",2026-08-25 14:29:32.428Z,3o2fj1znev0krvz,,,2026-08-25 14:29:32.534Z,6a6cecc209785885
n64vmqov4y8s80w,proposal_view,2026-08-25 14:29:42.743Z,,2026-08-25 14:29:42.659Z,3o2fj1znev0krvz,,gjnpljxyyh1y1fv,2026-08-25 14:29:42.743Z,6a6cecc209785885
i7s41zfsrqcnzr6,page_view,2026-08-25 14:29:42.762Z,"{""from"": ""/de/questions/3o2fj1znev0krvz/proposals/results"", ""to"": ""/de/questions/3o2fj1znev0krvz/proposals/gjnpljxyyh1y1fv""}",2026-08-25 14:29:42.694Z,3o2fj1znev0krvz,,,2026-08-25 14:29:42.762Z,6a6cecc209785885
3fdnp3qgk2yvau7,proposal_view,2026-08-25 14:29:42.761Z,,2026-08-25 14:29:42.662Z,3o2fj1znev0krvz,,gjnpljxyyh1y1fv,2026-08-25 14:29:42.761Z,6a6cecc209785885
2gg78gs5u4tcvdn,tab_switch,2026-08-25 14:30:10.761Z,"{""state"": ""visible""}",2026-08-25 14:30:10.668Z,,,,2026-08-25 14:30:10.761Z,6a6cecc209785885
uh10yhx3rx6oeip,tab_switch,2026-08-25 14:30:27.928Z,"{""state"": ""visible""}",2026-08-25 14:30:27.828Z,,,,2026-08-25 14:30:27.928Z,6a6cecc209785885
i1ozof33me8vf49,proposal_view,2026-08-25 14:30:39.307Z,,2026-08-25 14:30:39.227Z,3o2fj1znev0krvz,,m0zn817n9g4w07p,2026-08-25 14:30:39.307Z,6a6cecc209785885
8xv5qan5ituhw02,proposal_view,2026-08-25 14:30:50.489Z,,2026-08-25 14:30:50.332Z,3o2fj1znev0krvz,,vee7zdpty5ijljm,2026-08-25 14:30:50.489Z,6a6cecc209785885
reb2n4c9jvrkaim,proposal_view,2026-08-25 14:31:13.163Z,,2026-08-25 14:31:13.068Z,3o2fj1znev0krvz,,d8last7n0bdbqme,2026-08-25 14:31:13.163Z,6a6cecc209785885
j7ksaeh81n6rp5m,proposal_view,2026-08-25 14:31:15.623Z,,2026-08-25 14:31:15.384Z,3o2fj1znev0krvz,,vee7zdpty5ijljm,2026-08-25 14:31:15.623Z,6a6cecc209785885
avr4iktun78gv9p,proposal_view,2026-08-25 14:31:17.713Z,,2026-08-25 14:31:17.554Z,3o2fj1znev0krvz,,d8last7n0bdbqme,2026-08-25 14:31:17.713Z,6a6cecc209785885
k4d7ppbhlegnxq3,proposal_view,2026-08-25 14:31:40.270Z,,2026-08-25 14:31:40.109Z,3o2fj1znev0krvz,,usjpvaq5nnvjl9w,2026-08-25 14:31:40.270Z,6a6cecc209785885
e1qzjm3413hbaqq,proposal_view,2026-08-25 14:31:50.664Z,,2026-08-25 14:31:50.498Z,3o2fj1znev0krvz,,creod2dm6xewo2s,2026-08-25 14:31:50.664Z,6a6cecc209785885
zdotmyzqfvnyx1b,tab_switch,2026-08-25 14:32:08.509Z,"{""state"": ""visible""}",2026-08-25 14:32:08.414Z,,,,2026-08-25 14:32:08.509Z,6a6cecc209785885
s6dxmknu6wgsrdv,tab_switch,2026-08-25 15:09:45.761Z,"{""state"": ""visible""}",2026-08-25 15:09:46.760Z,,,,2026-08-25 15:09:45.761Z,4ae21a849ee008e7
txe8xnmfp2kegem,page_view,2026-08-25 15:09:46.515Z,"{""from"": ""/de/questions/3o2fj1znev0krvz/proposals/ballot"", ""to"": ""/de/questions/3o2fj1znev0krvz/proposals/results""}",2026-08-25 15:09:47.633Z,3o2fj1znev0krvz,,,2026-08-25 15:09:46.515Z,4ae21a849ee008e7
0m1g7ylye20yigh,page_view,2026-08-25 15:10:24.122Z,"{""from"": ""/de/questions/3o2fj1znev0krvz/proposals/results"", ""to"": ""/de/discourse""}",2026-08-25 15:10:25.240Z,3o2fj1znev0krvz,,,2026-08-25 15:10:24.122Z,4ae21a849ee008e7
jpxcgfwlwnuyuid,page_view,2026-08-25 15:10:29.015Z,"{""from"": ""/de/discourse"", ""to"": ""/de/questions/76q0g006tjtp7gp/proposals/question""}",2026-08-25 15:10:30.134Z,76q0g006tjtp7gp,,,2026-08-25 15:10:29.015Z,4ae21a849ee008e7
lfpc2qr6up8m5cb,page_view,2026-08-25 15:10:31.089Z,"{""from"": ""/de/questions/76q0g006tjtp7gp/proposals/question"", ""to"": ""/de/questions/76q0g006tjtp7gp/proposals/results""}",2026-08-25 15:10:32.188Z,76q0g006tjtp7gp,,,2026-08-25 15:10:31.089Z,4ae21a849ee008e7
gh512u5i5a8b50l,page_view,2026-08-25 15:10:47.083Z,"{""from"": ""/de/questions/76q0g006tjtp7gp/proposals/results"", ""to"": ""/de/questions/76q0g006tjtp7gp/proposals/question""}",2026-08-25 15:10:48.178Z,76q0g006tjtp7gp,,,2026-08-25 15:10:47.083Z,4ae21a849ee008e7
zsklhbybyzxxvnk,page_view,2026-08-25 15:10:51.969Z,"{""from"": ""/de/questions/76q0g006tjtp7gp/proposals/question"", ""to"": ""/de/post-study-survey""}",2026-08-25 15:10:53.088Z,76q0g006tjtp7gp,,,2026-08-25 15:10:51.969Z,4ae21a849ee008e7
o5giowhn0byw1iu,tab_switch,2026-08-25 15:24:52.073Z,"{""state"": ""visible""}",2026-08-25 15:24:53.107Z,,,,2026-08-25 15:24:52.073Z,4ae21a849ee008e7
m029crtnb4hv0ex,tab_switch,2026-08-25 15:38:02.006Z,"{""state"": ""visible""}",2026-08-25 15:38:03.082Z,,,,2026-08-25 15:38:02.006Z,4ae21a849ee008e7
joeljudekuuz9jg,tab_switch,2026-08-25 15:46:49.436Z,"{""state"": ""visible""}",2026-08-25 15:46:50.475Z,,,,2026-08-25 15:46:49.436Z,4ae21a849ee008e7
anyx6t2pd2o5vxc,page_view,2026-08-25 19:31:23.723Z,"{""from"": ""/groups/m5obm8bp0rbq043"", ""to"": ""/questions/3o2fj1znev0krvz""}",2026-08-25 19:31:23.699Z,3o2fj1znev0krvz,,,2026-08-25 19:31:23.723Z,de13859e1d6aea12
h34wmmq1yb96ver,page_view,2026-08-25 19:31:24.968Z,"{""from"": ""/questions/3o2fj1znev0krvz"", ""to"": ""/questions/3o2fj1znev0krvz/proposals/question""}",2026-08-25 19:31:24.954Z,3o2fj1znev0krvz,,,2026-08-25 19:31:24.968Z,de13859e1d6aea12
lfq5rn93fb96lx0,page_view,2026-08-25 19:31:47.740Z,"{""from"": ""/questions/3o2fj1znev0krvz/proposals/question"", ""to"": ""/questions/3o2fj1znev0krvz/proposals/results""}",2026-08-25 19:31:47.724Z,3o2fj1znev0krvz,,,2026-08-25 19:31:47.740Z,de13859e1d6aea12
s4tagjvx2apmisa,proposal_view,2026-08-25 19:31:49.860Z,,2026-08-25 19:31:49.843Z,3o2fj1znev0krvz,,y9eb6fxeu3zpepy,2026-08-25 19:31:49.860Z,de13859e1d6aea12
7kha71b1kg18lh4,proposal_view,2026-08-25 19:31:49.875Z,,2026-08-25 19:31:49.861Z,3o2fj1znev0krvz,,y9eb6fxeu3zpepy,2026-08-25 19:31:49.875Z,de13859e1d6aea12
coukdk4o16d7a95,page_view,2026-08-25 19:31:49.906Z,"{""from"": ""/questions/3o2fj1znev0krvz/proposals/results"", ""to"": ""/questions/3o2fj1znev0krvz/proposals/y9eb6fxeu3zpepy""}",2026-08-25 19:31:49.897Z,3o2fj1znev0krvz,,,2026-08-25 19:31:49.906Z,de13859e1d6aea12
0l43p7ntk35159m,proposal_view,2026-08-25 19:31:54.505Z,,2026-08-25 19:31:54.481Z,3o2fj1znev0krvz,,n8luy5w1pc5olz4,2026-08-25 19:31:54.505Z,de13859e1d6aea12
27nqs3s4gblvtog,proposal_view,2026-08-25 19:32:02.702Z,,2026-08-25 19:32:02.644Z,3o2fj1znev0krvz,,m5vq0q540kenhen,2026-08-25 19:32:02.702Z,de13859e1d6aea12
pwufr7llpgo00b7,proposal_view,2026-08-25 19:32:06.232Z,,2026-08-25 19:32:06.146Z,3o2fj1znev0krvz,,cu6kgkeod5v8oxj,2026-08-25 19:32:06.232Z,de13859e1d6aea12
n3cj1b3ytdm07tc,proposal_view,2026-08-25 19:32:07.286Z,,2026-08-25 19:32:07.245Z,3o2fj1znev0krvz,,y9eb6fxeu3zpepy,2026-08-25 19:32:07.286Z,de13859e1d6aea12
alqf8wlbt4f7bam,proposal_view,2026-08-25 19:32:08.342Z,,2026-08-25 19:32:08.302Z,3o2fj1znev0krvz,,35vcx46mtetnk82,2026-08-25 19:32:08.342Z,de13859e1d6aea12
pfb8pcdhl0ow4lc,proposal_view,2026-08-25 19:32:27.744Z,,2026-08-25 19:32:27.705Z,3o2fj1znev0krvz,,y9eb6fxeu3zpepy,2026-08-25 19:32:27.744Z,de13859e1d6aea12
keqigicjwmqmdh4,proposal_view,2026-08-25 19:32:30.917Z,,2026-08-25 19:32:30.860Z,3o2fj1znev0krvz,,cu6kgkeod5v8oxj,2026-08-25 19:32:30.917Z,de13859e1d6aea12
2ky1useduzaecyc,proposal_view,2026-08-25 19:32:31.617Z,,2026-08-25 19:32:31.557Z,3o2fj1znev0krvz,,m5vq0q540kenhen,2026-08-25 19:32:31.617Z,de13859e1d6aea12
zj22h2nhmtzl6dl,proposal_view,2026-08-25 19:32:32.158Z,,2026-08-25 19:32:32.118Z,3o2fj1znev0krvz,,n8luy5w1pc5olz4,2026-08-25 19:32:32.158Z,de13859e1d6aea12
rva7fvs6e27qyek,proposal_view,2026-08-25 19:32:32.720Z,,2026-08-25 19:32:32.689Z,3o2fj1znev0krvz,,y9eb6fxeu3zpepy,2026-08-25 19:32:32.720Z,de13859e1d6aea12
8mqbrwbevig9on5,page_view,2026-08-25 19:32:33.347Z,"{""from"": ""/questions/3o2fj1znev0krvz/proposals/y9eb6fxeu3zpepy"", ""to"": ""/questions/3o2fj1znev0krvz/proposals/results""}",2026-08-25 19:32:33.330Z,3o2fj1znev0krvz,,,2026-08-25 19:32:33.347Z,de13859e1d6aea12
26et3sfc8vuduls,page_view,2026-08-25 19:32:34.686Z,"{""from"": ""/questions/3o2fj1znev0krvz/proposals/results"", ""to"": ""/questions/3o2fj1znev0krvz/proposals/results""}",2026-08-25 19:32:34.637Z,3o2fj1znev0krvz,,,2026-08-25 19:32:34.686Z,de13859e1d6aea12
4a0v7mvxmb18jkv,page_view,2026-08-25 20:58:15.256Z,"{""from"": ""/de/login"", ""to"": ""/de/discourse""}",2026-08-25 20:58:13.841Z,,,,2026-08-25 20:58:15.256Z,4ae21a849ee008e7
fm6eqyadc8sh1nu,page_view,2026-08-25 20:58:23.572Z,"{""from"": ""/de/discourse"", ""to"": ""/de/post-study-survey""}",2026-08-25 20:58:22.156Z,,,,2026-08-25 20:58:23.572Z,4ae21a849ee008e7
ni2pyjn00hldcrt,page_view,2026-08-25 21:00:03.786Z,"{""from"": ""/de/login"", ""to"": ""/de/discourse""}",2026-08-25 21:00:04.203Z,,,,2026-08-25 21:00:03.786Z,ee5e4e5bfc419bad
hbdfchs7aeycy2c,page_view,2026-08-25 21:00:15.735Z,"{""from"": ""/de/discourse"", ""to"": ""/de/questions/3o2fj1znev0krvz/proposals/question""}",2026-08-25 21:00:16.163Z,3o2fj1znev0krvz,,,2026-08-25 21:00:15.735Z,ee5e4e5bfc419bad
fjvjywpbn49ew2u,page_view,2026-08-25 21:00:30.795Z,"{""from"": ""/de/questions/3o2fj1znev0krvz/proposals/question"", ""to"": ""/de/questions/3o2fj1znev0krvz/proposals/results""}",2026-08-25 21:00:31.245Z,3o2fj1znev0krvz,,,2026-08-25 21:00:30.795Z,ee5e4e5bfc419bad
x2vlj3htqskluyz,page_view,2026-08-25 21:00:46.138Z,"{""from"": ""/de/questions/3o2fj1znev0krvz/proposals/results"", ""to"": ""/de/questions/3o2fj1znev0krvz/proposals/question""}",2026-08-25 21:00:46.587Z,3o2fj1znev0krvz,,,2026-08-25 21:00:46.138Z,ee5e4e5bfc419bad
5ejw58vckf7i2rk,page_view,2026-08-25 21:00:48.662Z,"{""from"": ""/de/questions/3o2fj1znev0krvz/proposals/question"", ""to"": ""/de/discourse""}",2026-08-25 21:00:49.112Z,3o2fj1znev0krvz,,,2026-08-25 21:00:48.662Z,ee5e4e5bfc419bad
2yfwaw0ly73mue3,page_view,2026-08-25 21:00:58.421Z,"{""from"": ""/de/discourse"", ""to"": ""/de/post-study-survey""}",2026-08-25 21:00:58.860Z,3o2fj1znev0krvz,,,2026-08-25 21:00:58.421Z,ee5e4e5bfc419bad
5aubh9kyeaw2cx5,tab_switch,2026-08-25 21:04:11.118Z,"{""state"": ""visible""}",2026-08-25 21:04:11.483Z,,,,2026-08-25 21:04:11.118Z,ee5e4e5bfc419bad
r0cmvqqco1sk8bq,tab_switch,2026-08-25 21:04:22.023Z,"{""state"": ""visible""}",2026-08-25 21:04:20.527Z,,,,2026-08-25 21:04:22.023Z,4ae21a849ee008e7
fdc8dnk0dpjlnnv,tab_switch,2026-08-25 21:09:24.714Z,"{""state"": ""visible""}",2026-08-25 21:09:23.211Z,,,,2026-08-25 21:09:24.714Z,4ae21a849ee008e7
9uvqbs1hqcf3nej,page_view,2026-08-26 06:00:12.418Z,"{""from"": ""/de/discourse"", ""to"": ""/de/questions/3o2fj1znev0krvz/proposals/question""}",2026-08-26 06:00:13.682Z,3o2fj1znev0krvz,,,2026-08-26 06:00:12.418Z,cc3304ea9b75a00f
ly1ik5fwf66jnuy,page_view,2026-08-26 06:00:24.539Z,"{""from"": ""/de/questions/3o2fj1znev0krvz/proposals/question"", ""to"": ""/de/questions/3o2fj1znev0krvz/proposals/results""}",2026-08-26 06:00:25.808Z,3o2fj1znev0krvz,,,2026-08-26 06:00:24.539Z,cc3304ea9b75a00f
yx723t97lij3ksu,proposal_view,2026-08-26 06:02:24.423Z,,2026-08-26 06:02:25.692Z,3o2fj1znev0krvz,,y9eb6fxeu3zpepy,2026-08-26 06:02:24.423Z,cc3304ea9b75a00f
pvqq5s5d80a0x1k,proposal_view,2026-08-26 06:02:24.443Z,,2026-08-26 06:02:25.708Z,3o2fj1znev0krvz,,y9eb6fxeu3zpepy,2026-08-26 06:02:24.443Z,cc3304ea9b75a00f
9o8d0fryopinfh6,page_view,2026-08-26 06:02:24.480Z,"{""from"": ""/de/questions/3o2fj1znev0krvz/proposals/results"", ""to"": ""/de/questions/3o2fj1znev0krvz/proposals/y9eb6fxeu3zpepy""}",2026-08-26 06:02:25.754Z,3o2fj1znev0krvz,,,2026-08-26 06:02:24.480Z,cc3304ea9b75a00f
bgl3bdbtskbhon5,page_view,2026-08-26 06:02:26.650Z,"{""from"": ""/de/questions/3o2fj1znev0krvz/proposals/y9eb6fxeu3zpepy"", ""to"": ""/de/questions/3o2fj1znev0krvz/proposals/results""}",2026-08-26 06:02:27.919Z,3o2fj1znev0krvz,,,2026-08-26 06:02:26.650Z,cc3304ea9b75a00f
xcnhj869qi1crg7,page_view,2026-08-26 06:02:30.307Z,"{""from"": ""/de/questions/3o2fj1znev0krvz/proposals/results"", ""to"": ""/de/questions/3o2fj1znev0krvz/proposals/question""}",2026-08-26 06:02:31.559Z,3o2fj1znev0krvz,,,2026-08-26 06:02:30.307Z,cc3304ea9b75a00f
9ydturjy2etebjc,page_view,2026-08-26 06:02:39.464Z,"{""from"": ""/de/questions/3o2fj1znev0krvz/proposals/question"", ""to"": ""/de/post-study-survey""}",2026-08-26 06:02:40.744Z,3o2fj1znev0krvz,,,2026-08-26 06:02:39.464Z,cc3304ea9b75a00f
e2e5lwcv33zz6ir,page_view,2026-08-26 07:38:10.539Z,"{""from"": ""/de/discourse"", ""to"": ""/de/questions/3o2fj1znev0krvz/proposals/question""}",2026-08-26 07:38:10.547Z,3o2fj1znev0krvz,,,2026-08-26 07:38:10.539Z,407be8b01d4ce342
wv30820kp84q3uq,page_view,2026-08-26 07:38:11.383Z,"{""from"": ""/de/questions/3o2fj1znev0krvz/proposals/question"", ""to"": ""/de/questions/3o2fj1znev0krvz/proposals/results""}",2026-08-26 07:38:11.391Z,3o2fj1znev0krvz,,,2026-08-26 07:38:11.383Z,407be8b01d4ce342
4cmpzcgavglfj2e,page_view,2026-08-26 07:38:22.832Z,"{""from"": ""/de/questions/3o2fj1znev0krvz/proposals/results"", ""to"": ""/de/questions/3o2fj1znev0krvz/proposals/results""}",2026-08-26 07:38:22.835Z,3o2fj1znev0krvz,,,2026-08-26 07:38:22.832Z,407be8b01d4ce342
3futpf3ew9iv0el,page_view,2026-08-26 07:38:23.996Z,"{""from"": ""/de/questions/3o2fj1znev0krvz/proposals/results"", ""to"": ""/de/questions/3o2fj1znev0krvz/proposals/question""}",2026-08-26 07:38:24.004Z,3o2fj1znev0krvz,,,2026-08-26 07:38:23.996Z,407be8b01d4ce342
utcsw0m61m5fzc1,page_view,2026-08-26 09:43:34.688Z,"{""from"": ""/discourse"", ""to"": ""/questions/3o2fj1znev0krvz/proposals/question""}",2026-08-26 09:43:34.662Z,3o2fj1znev0krvz,,,2026-08-26 09:43:34.688Z,3e36e627a64bac27
i0v0swmabp7ryqa,page_view,2026-08-26 09:43:36.991Z,"{""from"": ""/questions/3o2fj1znev0krvz/proposals/question"", ""to"": ""/questions/3o2fj1znev0krvz/proposals/results""}",2026-08-26 09:43:36.956Z,3o2fj1znev0krvz,,,2026-08-26 09:43:36.991Z,3e36e627a64bac27
bnn95xy0hzkwt7y,page_view,2026-08-26 09:43:43.551Z,"{""from"": ""/questions/3o2fj1znev0krvz/proposals/results"", ""to"": ""/questions/3o2fj1znev0krvz/proposals/y9eb6fxeu3zpepy""}",2026-08-26 09:43:43.517Z,3o2fj1znev0krvz,,,2026-08-26 09:43:43.551Z,3e36e627a64bac27
8wq19z005h1fl4b,proposal_view,2026-08-26 09:43:43.553Z,,2026-08-26 09:43:43.507Z,3o2fj1znev0krvz,,y9eb6fxeu3zpepy,2026-08-26 09:43:43.553Z,3e36e627a64bac27
815ti6riohgc20m,proposal_view,2026-08-26 09:43:43.567Z,,2026-08-26 09:43:43.516Z,3o2fj1znev0krvz,,y9eb6fxeu3zpepy,2026-08-26 09:43:43.567Z,3e36e627a64bac27
028avi78lcftrlk,page_view,2026-08-26 11:35:27.626Z,"{""from"": ""/de/login"", ""to"": ""/de/discourse""}",2026-08-26 11:35:27.562Z,,,,2026-08-26 11:35:27.626Z,4ae21a849ee008e7
yos3kfke1t029b7,page_view,2026-08-26 11:35:31.563Z,"{""from"": ""/de/discourse"", ""to"": ""/de/post-study-survey""}",2026-08-26 11:35:31.481Z,,,,2026-08-26 11:35:31.563Z,4ae21a849ee008e7
ep20gpa0m8gr8dw,page_view,2026-08-26 11:41:15.101Z,"{""from"": ""/de/post-study-survey"", ""to"": ""/de/discourse""}",2026-08-26 11:41:15.011Z,,,,2026-08-26 11:41:15.101Z,4ae21a849ee008e7
2t944foyxfm0ztw,page_view,2026-08-26 11:41:19.096Z,"{""from"": ""/de/discourse"", ""to"": ""/de/questions/3o2fj1znev0krvz/proposals/question""}",2026-08-26 11:41:19.034Z,3o2fj1znev0krvz,,,2026-08-26 11:41:19.096Z,4ae21a849ee008e7
v28b6bj4wfluoby,page_view,2026-08-26 11:41:21.451Z,"{""from"": ""/de/questions/3o2fj1znev0krvz/proposals/question"", ""to"": ""/de/questions/3o2fj1znev0krvz/proposals/results""}",2026-08-26 11:41:21.388Z,3o2fj1znev0krvz,,,2026-08-26 11:41:21.451Z,4ae21a849ee008e7
u99efxfspskgv7c,notification_panel_open,2026-08-26 11:41:41.797Z,"{""unread_count"": 18}",2026-08-26 11:41:41.730Z,,,,2026-08-26 11:41:41.797Z,4ae21a849ee008e7
t3x4sqo2thpzzm1,tab_switch,2026-08-26 11:44:38.897Z,"{""state"": ""visible""}",2026-08-26 11:44:38.706Z,,,,2026-08-26 11:44:38.897Z,4ae21a849ee008e7
k3lo9z5tfg2kswd,page_view,2026-08-26 12:26:59.497Z,"{""from"": ""/de/discourse"", ""to"": ""/de/questions/3o2fj1znev0krvz/proposals/question""}",2026-08-26 12:26:59.429Z,3o2fj1znev0krvz,,,2026-08-26 12:26:59.497Z,407be8b01d4ce342
xl5o1ukdldqnj8d,page_view,2026-08-26 12:27:00.659Z,"{""from"": ""/de/questions/3o2fj1znev0krvz/proposals/question"", ""to"": ""/de/questions/3o2fj1znev0krvz/proposals/results""}",2026-08-26 12:27:00.592Z,3o2fj1znev0krvz,,,2026-08-26 12:27:00.659Z,407be8b01d4ce342
j6752a0m65x69rg,proposal_view,2026-08-26 12:27:11.812Z,,2026-08-26 12:27:11.743Z,3o2fj1znev0krvz,,gjnpljxyyh1y1fv,2026-08-26 12:27:11.812Z,407be8b01d4ce342
j1mrbp33fgdbqwh,page_view,2026-08-26 12:27:11.823Z,"{""from"": ""/de/questions/3o2fj1znev0krvz/proposals/results"", ""to"": ""/de/questions/3o2fj1znev0krvz/proposals/gjnpljxyyh1y1fv""}",2026-08-26 12:27:11.752Z,3o2fj1znev0krvz,,,2026-08-26 12:27:11.823Z,407be8b01d4ce342
gjzqw6dqgk7c5mh,proposal_view,2026-08-26 12:27:11.824Z,,2026-08-26 12:27:11.751Z,3o2fj1znev0krvz,,gjnpljxyyh1y1fv,2026-08-26 12:27:11.824Z,407be8b01d4ce342
s3gbqn3x7nk69dp,page_view,2026-08-26 12:27:21.372Z,"{""from"": ""/de/questions/3o2fj1znev0krvz/proposals/gjnpljxyyh1y1fv"", ""to"": ""/de/questions/3o2fj1znev0krvz/proposals/results""}",2026-08-26 12:27:21.303Z,3o2fj1znev0krvz,,,2026-08-26 12:27:21.372Z,407be8b01d4ce342
nmiquzbgp4cwzb9,proposal_view,2026-08-26 12:27:28.558Z,,2026-08-26 12:27:28.488Z,3o2fj1znev0krvz,,px3acjduduouqz6,2026-08-26 12:27:28.558Z,407be8b01d4ce342
juympwzyobvlvzg,proposal_view,2026-08-26 12:27:28.568Z,,2026-08-26 12:27:28.498Z,3o2fj1znev0krvz,,px3acjduduouqz6,2026-08-26 12:27:28.568Z,407be8b01d4ce342
hgok5hw0vmk5yr6,page_view,2026-08-26 12:27:28.571Z,"{""from"": ""/de/questions/3o2fj1znev0krvz/proposals/results"", ""to"": ""/de/questions/3o2fj1znev0krvz/proposals/px3acjduduouqz6""}",2026-08-26 12:27:28.499Z,3o2fj1znev0krvz,,,2026-08-26 12:27:28.571Z,407be8b01d4ce342
6jqy29jzihoorno,page_view,2026-08-26 12:27:32.920Z,"{""from"": ""/de/questions/3o2fj1znev0krvz/proposals/px3acjduduouqz6"", ""to"": ""/de/questions/3o2fj1znev0krvz/proposals/results""}",2026-08-26 12:27:32.852Z,3o2fj1znev0krvz,,,2026-08-26 12:27:32.920Z,407be8b01d4ce342
itlfhayjh367904,page_view,2026-08-26 12:27:39.561Z,"{""from"": ""/de/questions/3o2fj1znev0krvz/proposals/results"", ""to"": ""/de/questions/3o2fj1znev0krvz/proposals/results""}",2026-08-26 12:27:39.486Z,3o2fj1znev0krvz,,,2026-08-26 12:27:39.561Z,407be8b01d4ce342
6ngzoz5ann9vr6c,page_view,2026-08-26 12:27:40.335Z,"{""from"": ""/de/questions/3o2fj1znev0krvz/proposals/results"", ""to"": ""/de/questions/3o2fj1znev0krvz/proposals/question""}",2026-08-26 12:27:40.267Z,3o2fj1znev0krvz,,,2026-08-26 12:27:40.335Z,407be8b01d4ce342
3iy8gbsou1y4hbl,page_view,2026-08-26 12:27:41.147Z,"{""from"": ""/de/questions/3o2fj1znev0krvz/proposals/question"", ""to"": ""/de/questions/3o2fj1znev0krvz/proposals/results""}",2026-08-26 12:27:41.077Z,3o2fj1znev0krvz,,,2026-08-26 12:27:41.147Z,407be8b01d4ce342
igznd7eomw3h8rw,page_view,2026-08-26 12:27:47.059Z,"{""from"": ""/de/questions/3o2fj1znev0krvz/proposals/results"", ""to"": ""/de/questions/3o2fj1znev0krvz/proposals/question""}",2026-08-26 12:27:46.991Z,3o2fj1znev0krvz,,,2026-08-26 12:27:47.059Z,407be8b01d4ce342
49t720dtuu2u6xj,page_view,2026-08-26 12:27:48.884Z,"{""from"": ""/de/questions/3o2fj1znev0krvz/proposals/question"", ""to"": ""/de/groups/m5obm8bp0rbq043""}",2026-08-26 12:27:48.816Z,3o2fj1znev0krvz,,,2026-08-26 12:27:48.884Z,407be8b01d4ce342
u4k1j7iqnyudt1o,page_view,2026-08-26 12:27:52.308Z,"{""from"": ""/de/groups/m5obm8bp0rbq043"", ""to"": ""/de/questions/3o2fj1znev0krvz/proposals/question""}",2026-08-26 12:27:52.240Z,3o2fj1znev0krvz,,,2026-08-26 12:27:52.308Z,407be8b01d4ce342
vjmex2911kdttbp,page_view,2026-08-26 12:27:53.819Z,"{""from"": ""/de/questions/3o2fj1znev0krvz/proposals/question"", ""to"": ""/de/questions/3o2fj1znev0krvz/proposals/results""}",2026-08-26 12:27:53.752Z,3o2fj1znev0krvz,,,2026-08-26 12:27:53.818Z,407be8b01d4ce342
ryjwv7ylbtqj2b4,page_view,2026-08-26 12:27:55.043Z,"{""from"": ""/de/questions/3o2fj1znev0krvz/proposals/results"", ""to"": ""/de/questions/3o2fj1znev0krvz/proposals/results""}",2026-08-26 12:27:54.971Z,3o2fj1znev0krvz,,,2026-08-26 12:27:55.043Z,407be8b01d4ce342
qkq35pjrsclab5i,page_view,2026-08-26 12:27:55.333Z,"{""from"": ""/de/questions/3o2fj1znev0krvz/proposals/results"", ""to"": ""/de/questions/3o2fj1znev0krvz/proposals/question""}",2026-08-26 12:27:55.263Z,3o2fj1znev0krvz,,,2026-08-26 12:27:55.333Z,407be8b01d4ce342
dfy06qpyho2xyo7,session_start,2026-08-26 16:23:15.001Z,"{""isMobile"": true, ""screenHeight"": 687, ""screenWidth"": 372, ""userAgent"": ""Mozilla/5.0 (Linux; Android 10; K) AppleWebKit/537.36 (KHTML, like Gecko) Chrome/151.0.0.0 Mobile Safari/537.36""}",2026-08-26 16:23:15.394Z,,,,2026-08-26 16:23:15.001Z,ee5e4e5bfc419bad
8giqp5jle2e91gi,page_view,2026-08-26 16:23:15.005Z,"{""to"": ""/de/post-study-survey""}",2026-08-26 16:23:15.398Z,,,,2026-08-26 16:23:15.005Z,ee5e4e5bfc419bad
laojrft4z7nh1ek,page_view,2026-08-26 18:58:07.150Z,"{""from"": ""/de/login"", ""to"": ""/de/invite/nar2qPkbndY8uU064clwv1hDoz3lqopY""}",2026-08-26 18:58:07.465Z,,,,2026-08-26 18:58:07.150Z,35a5f57f8816142e
eomph520c47pkhy,page_view,2026-08-26 18:58:13.156Z,"{""from"": ""/de/invite/nar2qPkbndY8uU064clwv1hDoz3lqopY"", ""to"": ""/de/invite/nar2qPkbndY8uU064clwv1hDoz3lqopY""}",2026-08-26 18:58:13.454Z,,,,2026-08-26 18:58:13.156Z,35a5f57f8816142e
xxucq3uwe0fj76i,page_view,2026-08-26 18:58:22.306Z,"{""from"": ""/de/invite/nar2qPkbndY8uU064clwv1hDoz3lqopY"", ""to"": ""/de/invite/nar2qPkbndY8uU064clwv1hDoz3lqopY""}",2026-08-26 18:58:22.605Z,,,,2026-08-26 18:58:22.306Z,35a5f57f8816142e
zh5tyf0niohs8ew,page_view,2026-08-26 18:58:23.942Z,"{""from"": ""/de/invite/nar2qPkbndY8uU064clwv1hDoz3lqopY"", ""to"": ""/de/invite/nar2qPkbndY8uU064clwv1hDoz3lqopY""}",2026-08-26 18:58:24.244Z,,,,2026-08-26 18:58:23.942Z,35a5f57f8816142e
cwju4meflpg3i4t,page_view,2026-08-26 18:58:26.723Z,"{""from"": ""/de/invite/nar2qPkbndY8uU064clwv1hDoz3lqopY"", ""to"": ""/de/invite/nar2qPkbndY8uU064clwv1hDoz3lqopY""}",2026-08-26 18:58:27.028Z,,,,2026-08-26 18:58:26.723Z,35a5f57f8816142e
vuqtil3iqi6q1vb,page_view,2026-08-26 18:58:34.687Z,"{""from"": ""/de/invite/nar2qPkbndY8uU064clwv1hDoz3lqopY"", ""to"": ""/de/post-study-survey""}",2026-08-26 18:58:34.962Z,,,,2026-08-26 18:58:34.687Z,35a5f57f8816142e
6oj5m0r80oh9udc,page_view,2026-08-26 19:04:25.650Z,"{""from"": ""/de/post-study-survey"", ""to"": ""/de/discourse""}",2026-08-26 19:04:25.970Z,,,,2026-08-26 19:04:25.650Z,35a5f57f8816142e
brouzf6o4cw072o,page_view,2026-08-26 19:04:32.671Z,"{""from"": ""/de/discourse"", ""to"": ""/de/questions/3o2fj1znev0krvz/proposals/question""}",2026-08-26 19:04:32.991Z,3o2fj1znev0krvz,,,2026-08-26 19:04:32.671Z,35a5f57f8816142e
eiirrb582vtt4bn,page_view,2026-08-26 19:04:37.884Z,"{""from"": ""/de/questions/3o2fj1znev0krvz/proposals/question"", ""to"": ""/de/questions/3o2fj1znev0krvz/proposals/results""}",2026-08-26 19:04:38.205Z,3o2fj1znev0krvz,,,2026-08-26 19:04:37.884Z,35a5f57f8816142e
ziphvwvbyaokc0i,page_view,2026-08-26 19:05:41.546Z,"{""from"": ""/de/questions/3o2fj1znev0krvz/proposals/results"", ""to"": ""/de/questions/3o2fj1znev0krvz/proposals/question""}",2026-08-26 19:05:41.868Z,3o2fj1znev0krvz,,,2026-08-26 19:05:41.546Z,35a5f57f8816142e
utqjghqsmx4fym3,page_view,2026-08-26 19:05:45.409Z,"{""from"": ""/de/questions/3o2fj1znev0krvz/proposals/question"", ""to"": ""/de/discourse""}",2026-08-26 19:05:45.731Z,3o2fj1znev0krvz,,,2026-08-26 19:05:45.409Z,35a5f57f8816142e
v82gg6dycjyzcbu,page_view,2026-08-26 19:05:49.095Z,"{""from"": ""/de/discourse"", ""to"": ""/de/questions/76q0g006tjtp7gp/proposals/question""}",2026-08-26 19:05:49.415Z,76q0g006tjtp7gp,,,2026-08-26 19:05:49.095Z,35a5f57f8816142e
q4cphnz7vnn3xpe,page_view,2026-08-26 19:05:52.731Z,"{""from"": ""/de/questions/76q0g006tjtp7gp/proposals/question"", ""to"": ""/de/questions/76q0g006tjtp7gp/proposals/results""}",2026-08-26 19:05:53.049Z,76q0g006tjtp7gp,,,2026-08-26 19:05:52.731Z,35a5f57f8816142e
aanln8doncgh2ta,page_view,2026-08-26 19:06:58.540Z,"{""from"": ""/de/questions/76q0g006tjtp7gp/proposals/results"", ""to"": ""/de/questions/76q0g006tjtp7gp/proposals/question""}",2026-08-26 19:06:58.862Z,76q0g006tjtp7gp,,,2026-08-26 19:06:58.540Z,35a5f57f8816142e
bixjtsbhlgnso8p,page_view,2026-08-26 19:06:59.772Z,"{""from"": ""/de/questions/76q0g006tjtp7gp/proposals/question"", ""to"": ""/de/discourse""}",2026-08-26 19:07:00.087Z,76q0g006tjtp7gp,,,2026-08-26 19:06:59.772Z,35a5f57f8816142e
gvuripnl3o3m0km,page_view,2026-08-26 19:07:00.686Z,"{""from"": ""/de/discourse"", ""to"": ""/de/post-study-survey""}",2026-08-26 19:07:01.007Z,76q0g006tjtp7gp,,,2026-08-26 19:07:00.686Z,35a5f57f8816142e
1tc6426vxfuxm3v,page_view,2026-08-26 19:07:01.264Z,"{""from"": ""/de/post-study-survey"", ""to"": ""/de/invite/nar2qPkbndY8uU064clwv1hDoz3lqopY""}",2026-08-26 19:07:01.586Z,76q0g006tjtp7gp,,,2026-08-26 19:07:01.264Z,35a5f57f8816142e
32mtku2ecryhiis,page_view,2026-08-26 19:07:01.854Z,"{""from"": ""/de/invite/nar2qPkbndY8uU064clwv1hDoz3lqopY"", ""to"": ""/de/discourse""}",2026-08-26 19:07:02.176Z,76q0g006tjtp7gp,,,2026-08-26 19:07:01.854Z,35a5f57f8816142e
kfl5vnvscxeixtn,page_view,2026-08-26 19:07:02.505Z,"{""from"": ""/de/discourse"", ""to"": ""/de/invite/nar2qPkbndY8uU064clwv1hDoz3lqopY""}",2026-08-26 19:07:02.825Z,76q0g006tjtp7gp,,,2026-08-26 19:07:02.505Z,35a5f57f8816142e
5pl3ejqfq8qwqc2,page_view,2026-08-27 11:24:59.997Z,"{""from"": ""/de/discourse"", ""to"": ""/de/questions/3o2fj1znev0krvz/proposals/question""}",2026-08-27 11:24:59.982Z,3o2fj1znev0krvz,,,2026-08-27 11:24:59.997Z,407be8b01d4ce342
v835iy1owe85a42,proposal_view,2026-08-27 11:25:03.345Z,,2026-08-27 11:25:03.328Z,3o2fj1znev0krvz,,y9eb6fxeu3zpepy,2026-08-27 11:25:03.345Z,407be8b01d4ce342
mga6x4eoaqwdebz,proposal_view,2026-08-27 11:25:03.372Z,,2026-08-27 11:25:03.338Z,3o2fj1znev0krvz,,y9eb6fxeu3zpepy,2026-08-27 11:25:03.372Z,407be8b01d4ce342
wyz4rkmfvpz4ytd,page_view,2026-08-27 11:25:03.375Z,"{""from"": ""/de/questions/3o2fj1znev0krvz/proposals/question"", ""to"": ""/de/questions/3o2fj1znev0krvz/proposals/y9eb6fxeu3zpepy""}",2026-08-27 11:25:03.339Z,3o2fj1znev0krvz,,,2026-08-27 11:25:03.375Z,407be8b01d4ce342
h1aavu8dhieqv7e,page_view,2026-08-27 11:25:03.671Z,"{""from"": ""/de/questions/3o2fj1znev0krvz/proposals/y9eb6fxeu3zpepy"", ""to"": ""/de/questions/3o2fj1znev0krvz/proposals/results""}",2026-08-27 11:25:03.657Z,3o2fj1znev0krvz,,,2026-08-27 11:25:03.671Z,407be8b01d4ce342
86hev5znjcvotd6,page_view,2026-08-27 11:25:18.858Z,"{""from"": ""/de/questions/3o2fj1znev0krvz/proposals/results"", ""to"": ""/de/questions/3o2fj1znev0krvz/proposals/question""}",2026-08-27 11:25:18.843Z,3o2fj1znev0krvz,,,2026-08-27 11:25:18.858Z,407be8b01d4ce342
jwvvgu6xox5ncjq,page_view,2026-08-27 11:25:20.100Z,"{""from"": ""/de/questions/3o2fj1znev0krvz/proposals/question"", ""to"": ""/de/questions/3o2fj1znev0krvz/proposals/question""}",2026-08-27 11:25:20.081Z,3o2fj1znev0krvz,,,2026-08-27 11:25:20.100Z,407be8b01d4ce342
no4akgtqst76urx,page_view,2026-08-27 11:25:20.617Z,"{""from"": ""/de/questions/3o2fj1znev0krvz/proposals/question"", ""to"": ""/de/questions/3o2fj1znev0krvz/proposals/question""}",2026-08-27 11:25:20.596Z,3o2fj1znev0krvz,,,2026-08-27 11:25:20.617Z,407be8b01d4ce342
7trg1rkbp449sx7,page_view,2026-08-27 11:25:21.284Z,"{""from"": ""/de/questions/3o2fj1znev0krvz/proposals/question"", ""to"": ""/de/questions/3o2fj1znev0krvz/proposals/results""}",2026-08-27 11:25:21.268Z,3o2fj1znev0krvz,,,2026-08-27 11:25:21.284Z,407be8b01d4ce342
mj4t3nky631l69f,page_view,2026-08-27 11:25:22.168Z,"{""from"": ""/de/questions/3o2fj1znev0krvz/proposals/results"", ""to"": ""/de/questions/3o2fj1znev0krvz/proposals/question""}",2026-08-27 11:25:22.152Z,3o2fj1znev0krvz,,,2026-08-27 11:25:22.168Z,407be8b01d4ce342
tshnn3rj5l3x178,page_view,2026-08-27 11:25:22.451Z,"{""from"": ""/de/questions/3o2fj1znev0krvz/proposals/question"", ""to"": ""/de/questions/3o2fj1znev0krvz/proposals/question""}",2026-08-27 11:25:22.432Z,3o2fj1znev0krvz,,,2026-08-27 11:25:22.451Z,407be8b01d4ce342
6p7l8d27rvhwj68,page_view,2026-08-27 11:25:22.764Z,"{""from"": ""/de/questions/3o2fj1znev0krvz/proposals/question"", ""to"": ""/de/questions/3o2fj1znev0krvz/proposals/results""}",2026-08-27 11:25:22.750Z,3o2fj1znev0krvz,,,2026-08-27 11:25:22.764Z,407be8b01d4ce342
8lt5nqq6omxltir,page_view,2026-08-27 11:25:23.399Z,"{""from"": ""/de/questions/3o2fj1znev0krvz/proposals/results"", ""to"": ""/de/questions/3o2fj1znev0krvz/proposals/question""}",2026-08-27 11:25:23.383Z,3o2fj1znev0krvz,,,2026-08-27 11:25:23.399Z,407be8b01d4ce342
8ldiyw89x9prasb,page_view,2026-08-27 11:25:23.930Z,"{""from"": ""/de/questions/3o2fj1znev0krvz/proposals/question"", ""to"": ""/de/questions/3o2fj1znev0krvz/proposals/results""}",2026-08-27 11:25:23.915Z,3o2fj1znev0krvz,,,2026-08-27 11:25:23.930Z,407be8b01d4ce342
fwri5jpp2jjt9oh,proposal_view,2026-08-27 11:25:24.945Z,,2026-08-27 11:25:24.928Z,3o2fj1znev0krvz,,y9eb6fxeu3zpepy,2026-08-27 11:25:24.945Z,407be8b01d4ce342
i08wecas0eppgl1,proposal_view,2026-08-27 11:25:24.961Z,,2026-08-27 11:25:24.938Z,3o2fj1znev0krvz,,y9eb6fxeu3zpepy,2026-08-27 11:25:24.961Z,407be8b01d4ce342
s3gbeawdivrr7ar,page_view,2026-08-27 11:25:24.962Z,"{""from"": ""/de/questions/3o2fj1znev0krvz/proposals/results"", ""to"": ""/de/questions/3o2fj1znev0krvz/proposals/y9eb6fxeu3zpepy""}",2026-08-27 11:25:24.939Z,3o2fj1znev0krvz,,,2026-08-27 11:25:24.962Z,407be8b01d4ce342
h8x0u2n9hz5kufe,page_view,2026-08-27 11:25:25.654Z,"{""from"": ""/de/questions/3o2fj1znev0krvz/proposals/y9eb6fxeu3zpepy"", ""to"": ""/de/questions/3o2fj1znev0krvz/proposals/question""}",2026-08-27 11:25:25.639Z,3o2fj1znev0krvz,,,2026-08-27 11:25:25.654Z,407be8b01d4ce342
xni56qrlajabmi8,page_view,2026-08-27 11:25:26.465Z,"{""from"": ""/de/questions/3o2fj1znev0krvz/proposals/question"", ""to"": ""/de/discourse""}",2026-08-27 11:25:26.451Z,3o2fj1znev0krvz,,,2026-08-27 11:25:26.465Z,407be8b01d4ce342
6lha7f0o8pmuwb7,page_view,2026-08-28 12:22:11.437Z,"{""from"": ""/de/discourse"", ""to"": ""/de/questions/76q0g006tjtp7gp/proposals/question""}",2026-08-28 12:22:11.287Z,76q0g006tjtp7gp,,,2026-08-28 12:22:11.437Z,407be8b01d4ce342
k19ysv11yjvnxxt,page_view,2026-08-28 12:22:12.753Z,"{""from"": ""/de/questions/76q0g006tjtp7gp/proposals/question"", ""to"": ""/de/questions/76q0g006tjtp7gp/proposals/results""}",2026-08-28 12:22:12.562Z,76q0g006tjtp7gp,,,2026-08-28 12:22:12.753Z,407be8b01d4ce342
xftyiimcnloi832,page_view,2026-08-28 12:22:15.704Z,"{""from"": ""/de/questions/76q0g006tjtp7gp/proposals/results"", ""to"": ""/de/questions/76q0g006tjtp7gp/proposals/results""}",2026-08-28 12:22:15.507Z,76q0g006tjtp7gp,,,2026-08-28 12:22:15.704Z,407be8b01d4ce342
s7nm6i8cydbt74q,page_view,2026-08-28 12:22:16.708Z,"{""from"": ""/de/questions/76q0g006tjtp7gp/proposals/results"", ""to"": ""/de/questions/76q0g006tjtp7gp/proposals/question""}",2026-08-28 12:22:16.562Z,76q0g006tjtp7gp,,,2026-08-28 12:22:16.708Z,407be8b01d4ce342
kguyml8fes6tybr,page_view,2026-08-28 12:22:18.033Z,"{""from"": ""/de/questions/76q0g006tjtp7gp/proposals/question"", ""to"": ""/de/questions/76q0g006tjtp7gp/proposals/question""}",2026-08-28 12:22:17.858Z,76q0g006tjtp7gp,,,2026-08-28 12:22:18.033Z,407be8b01d4ce342
is57s806xaxxg6p,page_view,2026-08-28 12:22:18.675Z,"{""from"": ""/de/questions/76q0g006tjtp7gp/proposals/question"", ""to"": ""/de/questions/76q0g006tjtp7gp/proposals/results""}",2026-08-28 12:22:18.534Z,76q0g006tjtp7gp,,,2026-08-28 12:22:18.675Z,407be8b01d4ce342
w1zihp90uqzevah,page_view,2026-08-28 12:22:19.841Z,"{""from"": ""/de/questions/76q0g006tjtp7gp/proposals/results"", ""to"": ""/de/questions/76q0g006tjtp7gp/proposals/question""}",2026-08-28 12:22:19.691Z,76q0g006tjtp7gp,,,2026-08-28 12:22:19.841Z,407be8b01d4ce342
nk1avdt87ku5v59,page_view,2026-08-28 12:22:20.194Z,"{""from"": ""/de/questions/76q0g006tjtp7gp/proposals/question"", ""to"": ""/de/questions/76q0g006tjtp7gp/proposals/question""}",2026-08-28 12:22:19.989Z,76q0g006tjtp7gp,,,2026-08-28 12:22:20.194Z,407be8b01d4ce342
7d8k8yszfhzu0te,page_view,2026-08-28 15:36:27.939Z,"{""from"": ""/de/discourse"", ""to"": ""/de/questions/3o2fj1znev0krvz/proposals/question""}",2026-08-28 15:36:27.910Z,3o2fj1znev0krvz,,,2026-08-28 15:36:27.939Z,407be8b01d4ce342
85e34x9pn4q23z0,page_view,2026-08-28 15:36:32.242Z,"{""from"": ""/de/questions/3o2fj1znev0krvz/proposals/question"", ""to"": ""/de/questions/3o2fj1znev0krvz/proposals/results""}",2026-08-28 15:36:32.204Z,3o2fj1znev0krvz,,,2026-08-28 15:36:32.242Z,407be8b01d4ce342
9i7ojwp1ow44z6r,proposal_view,2026-08-28 15:36:34.583Z,,2026-08-28 15:36:34.526Z,3o2fj1znev0krvz,,y9eb6fxeu3zpepy,2026-08-28 15:36:34.583Z,407be8b01d4ce342
2zkau4c1qsifhzc,proposal_view,2026-08-28 15:36:34.594Z,,2026-08-28 15:36:34.536Z,3o2fj1znev0krvz,,y9eb6fxeu3zpepy,2026-08-28 15:36:34.594Z,407be8b01d4ce342
pzgn781myhshi1e,page_view,2026-08-28 15:36:34.600Z,"{""from"": ""/de/questions/3o2fj1znev0krvz/proposals/results"", ""to"": ""/de/questions/3o2fj1znev0krvz/proposals/y9eb6fxeu3zpepy""}",2026-08-28 15:36:34.537Z,3o2fj1znev0krvz,,,2026-08-28 15:36:34.600Z,407be8b01d4ce342
7s875f256xsiyft,page_view,2026-08-28 16:04:32.254Z,"{""from"": ""/de/questions/3o2fj1znev0krvz/proposals/question"", ""to"": ""/de/questions/3o2fj1znev0krvz/proposals/results""}",2026-08-28 16:04:32.192Z,3o2fj1znev0krvz,,,2026-08-28 16:04:32.254Z,407be8b01d4ce342
j8hfgjyrdsxw29n,page_view,2026-08-28 16:04:32.609Z,"{""from"": ""/de/questions/3o2fj1znev0krvz/proposals/results"", ""to"": ""/de/questions/3o2fj1znev0krvz/proposals/question""}",2026-08-28 16:04:32.538Z,3o2fj1znev0krvz,,,2026-08-28 16:04:32.609Z,407be8b01d4ce342
incvviuw58bv9vo,page_view,2026-08-28 16:04:32.807Z,"{""from"": ""/de/questions/3o2fj1znev0krvz/proposals/question"", ""to"": ""/de/questions/3o2fj1znev0krvz/proposals/question""}",2026-08-28 16:04:32.755Z,3o2fj1znev0krvz,,,2026-08-28 16:04:32.807Z,407be8b01d4ce342
8uztekkb49mycge,page_view,2026-08-28 16:04:33.381Z,"{""from"": ""/de/questions/3o2fj1znev0krvz/proposals/question"", ""to"": ""/de/questions/3o2fj1znev0krvz/proposals/question""}",2026-08-28 16:04:33.275Z,3o2fj1znev0krvz,,,2026-08-28 16:04:33.381Z,407be8b01d4ce342
sqo99xw5m2dq77s,page_view,2026-08-28 16:04:33.777Z,"{""from"": ""/de/questions/3o2fj1znev0krvz/proposals/question"", ""to"": ""/de/questions/3o2fj1znev0krvz/proposals/question""}",2026-08-28 16:04:33.681Z,3o2fj1znev0krvz,,,2026-08-28 16:04:33.777Z,407be8b01d4ce342
mvwfef3lde5o7p2,page_view,2026-08-28 16:04:35.014Z,"{""from"": ""/de/questions/3o2fj1znev0krvz/proposals/question"", ""to"": ""/de/discourse""}",2026-08-28 16:04:34.973Z,3o2fj1znev0krvz,,,2026-08-28 16:04:35.014Z,407be8b01d4ce342
14zg3ujsgw5zbln,page_view,2026-08-28 16:05:32.926Z,"{""from"": ""/de/discourse"", ""to"": ""/de/questions/3o2fj1znev0krvz/proposals/question""}",2026-08-28 16:05:32.904Z,3o2fj1znev0krvz,,,2026-08-28 16:05:32.926Z,407be8b01d4ce342
hh4elc3nwh2rowm,page_view,2026-08-28 16:05:33.959Z,"{""from"": ""/de/questions/3o2fj1znev0krvz/proposals/question"", ""to"": ""/de/questions/3o2fj1znev0krvz/proposals/results""}",2026-08-28 16:05:33.907Z,3o2fj1znev0krvz,,,2026-08-28 16:05:33.959Z,407be8b01d4ce342
5iu5pem10y7mgrl,proposal_view,2026-08-28 16:05:36.110Z,,2026-08-28 16:05:36.059Z,3o2fj1znev0krvz,,y9eb6fxeu3zpepy,2026-08-28 16:05:36.110Z,407be8b01d4ce342
opo26w9lgkruf7j,proposal_view,2026-08-28 16:05:36.128Z,,2026-08-28 16:05:36.069Z,3o2fj1znev0krvz,,y9eb6fxeu3zpepy,2026-08-28 16:05:36.128Z,407be8b01d4ce342
qjssmzi96wa6dfa,page_view,2026-08-28 16:05:36.128Z,"{""from"": ""/de/questions/3o2fj1znev0krvz/proposals/results"", ""to"": ""/de/questions/3o2fj1znev0krvz/proposals/y9eb6fxeu3zpepy""}",2026-08-28 16:05:36.070Z,3o2fj1znev0krvz,,,2026-08-28 16:05:36.128Z,407be8b01d4ce342
a7km6h3i0h2ci2x,proposal_view,2026-08-28 16:05:40.215Z,,2026-08-28 16:05:40.190Z,3o2fj1znev0krvz,,n8luy5w1pc5olz4,2026-08-28 16:05:40.215Z,407be8b01d4ce342
qtrc5dt31tsfnrf,proposal_view,2026-08-28 16:05:51.826Z,,2026-08-28 16:05:51.791Z,3o2fj1znev0krvz,,m5vq0q540kenhen,2026-08-28 16:05:51.826Z,407be8b01d4ce342
47d917kx9uwz0op,proposal_view,2026-08-28 16:06:25.326Z,,2026-08-28 16:06:25.290Z,3o2fj1znev0krvz,,35vcx46mtetnk82,2026-08-28 16:06:25.326Z,407be8b01d4ce342
k5yeo8x5b0sgpag,page_view,2026-08-28 16:06:35.165Z,"{""from"": ""/de/questions/3o2fj1znev0krvz/proposals/y9eb6fxeu3zpepy"", ""to"": ""/de/questions/3o2fj1znev0krvz/proposals/results""}",2026-08-28 16:06:35.112Z,3o2fj1znev0krvz,,,2026-08-28 16:06:35.165Z,407be8b01d4ce342
z6gjff8eeowr3ac,page_view,2026-08-28 16:06:45.504Z,"{""from"": ""/de/questions/3o2fj1znev0krvz/proposals/results"", ""to"": ""/de/questions/3o2fj1znev0krvz/proposals/question""}",2026-08-28 16:06:45.453Z,3o2fj1znev0krvz,,,2026-08-28 16:06:45.504Z,407be8b01d4ce342
3cxnxgpsdzve50a,page_view,2026-08-30 13:22:34.609Z,"{""from"": ""/de/discourse"", ""to"": ""/de/questions/3o2fj1znev0krvz/proposals/question""}",2026-08-30 13:22:34.523Z,3o2fj1znev0krvz,,,2026-08-30 13:22:34.609Z,407be8b01d4ce342
msshgmo4885c42j,page_view,2026-08-30 13:22:35.469Z,"{""from"": ""/de/questions/3o2fj1znev0krvz/proposals/question"", ""to"": ""/de/questions/3o2fj1znev0krvz/proposals/results""}",2026-08-30 13:22:35.411Z,3o2fj1znev0krvz,,,2026-08-30 13:22:35.469Z,407be8b01d4ce342
4z6934zcq8qzu1z,page_view,2026-08-30 13:27:09.116Z,"{""from"": ""/de/login"", ""to"": ""/de/discourse""}",2026-08-30 13:27:09.012Z,,,,2026-08-30 13:27:09.116Z,b209c2355deb9852
j1sb6jbk7oq7seu,notification_panel_open,2026-08-30 13:27:12.564Z,"{""unread_count"": 11}",2026-08-30 13:27:12.471Z,,,,2026-08-30 13:27:12.564Z,b209c2355deb9852
5rejogfshddvtp1,notification_panel_open,2026-08-30 13:27:13.750Z,"{""unread_count"": 10}",2026-08-30 13:27:13.643Z,,,,2026-08-30 13:27:13.750Z,b209c2355deb9852
6c8x2t50gba5b9n,notification_panel_click,2026-08-30 13:27:13.757Z,"{""event_type"": ""phase_halfway"", ""title"": ""Abstimmung zur H\u00e4lfte \ud83d\uddf3\ufe0f"", ""url"": ""/questions/3o2fj1znev0krvz/proposals/question""}",2026-08-30 13:27:13.756Z,,,1mlh2a91g4iunsi,2026-08-30 13:27:13.757Z,b209c2355deb9852
2bti0wt20vttqs6,page_view,2026-08-30 13:27:13.963Z,"{""from"": ""/de/discourse"", ""to"": ""/de/questions/3o2fj1znev0krvz/proposals/question""}",2026-08-30 13:27:13.884Z,3o2fj1znev0krvz,,,2026-08-30 13:27:13.963Z,b209c2355deb9852
mpckxjhay3bi82y,page_view,2026-08-30 13:27:23.197Z,"{""from"": ""/de/questions/3o2fj1znev0krvz/proposals/question"", ""to"": ""/de/questions/3o2fj1znev0krvz/proposals/question""}",2026-08-30 13:27:23.119Z,3o2fj1znev0krvz,,,2026-08-30 13:27:23.197Z,b209c2355deb9852
tzg7ao0by4rty2a,notification_panel_open,2026-08-30 13:27:23.884Z,"{""unread_count"": 10}",2026-08-30 13:27:23.796Z,,,,2026-08-30 13:27:23.884Z,b209c2355deb9852
4liyn9jadidloju,notification_panel_open,2026-08-30 13:27:28.140Z,"{""unread_count"": 9}",2026-08-30 13:27:28.042Z,,,,2026-08-30 13:27:28.140Z,b209c2355deb9852
4uvwmik1se05wek,notification_panel_click,2026-08-30 13:27:28.141Z,"{""event_type"": ""phase_halfway"", ""title"": ""Abstimmung zur H\u00e4lfte \ud83d\uddf3\ufe0f"", ""url"": ""/questions/76q0g006tjtp7gp/proposals/question""}",2026-08-30 13:27:28.139Z,,,omo5an070wii98u,2026-08-30 13:27:28.141Z,b209c2355deb9852
34leoi8bl5lw656,page_view,2026-08-30 13:27:28.298Z,"{""from"": ""/de/questions/3o2fj1znev0krvz/proposals/question"", ""to"": ""/de/questions/76q0g006tjtp7gp/proposals/question""}",2026-08-30 13:27:28.216Z,76q0g006tjtp7gp,,,2026-08-30 13:27:28.298Z,b209c2355deb9852
yuk0xwmtp75iaur,page_view,2026-08-30 13:27:29.629Z,"{""from"": ""/de/questions/76q0g006tjtp7gp/proposals/question"", ""to"": ""/de/questions/76q0g006tjtp7gp/proposals/results""}",2026-08-30 13:27:29.536Z,76q0g006tjtp7gp,,,2026-08-30 13:27:29.629Z,b209c2355deb9852
giy9f1kp6k641gb,page_view,2026-08-30 13:27:31.998Z,"{""from"": ""/de/questions/76q0g006tjtp7gp/proposals/results"", ""to"": ""/de/questions/76q0g006tjtp7gp/proposals/results""}",2026-08-30 13:27:31.913Z,76q0g006tjtp7gp,,,2026-08-30 13:27:31.998Z,b209c2355deb9852
syki41w90rbzrn2,compare_open,2026-08-30 13:27:34.767Z,"{""pool_size"": 4, ""proposal_ids"": [""jm45hx8bajf99lv"", ""vixofkl1sb29k6z"", ""35vcx46mtetnk82"", ""nra27jcg8g8vvq8""]}",2026-08-30 13:27:34.665Z,,,,2026-08-30 13:27:34.767Z,b209c2355deb9852
febk4uvohw0xze2,page_view,2026-08-30 13:27:34.888Z,"{""from"": ""/de/questions/76q0g006tjtp7gp/proposals/compare"", ""to"": ""/de/questions/76q0g006tjtp7gp/proposals/results""}",2026-08-30 13:27:34.804Z,76q0g006tjtp7gp,,,2026-08-30 13:27:34.888Z,b209c2355deb9852
b6whw3dos8fz9p1,notification_panel_open,2026-08-30 13:27:37.303Z,"{""unread_count"": 9}",2026-08-30 13:27:37.214Z,,,,2026-08-30 13:27:37.303Z,b209c2355deb9852
s3uys8do0gci8dw,notification_panel_open,2026-08-30 13:27:39.115Z,"{""unread_count"": 8}",2026-08-30 13:27:39.022Z,,,,2026-08-30 13:27:39.115Z,b209c2355deb9852
8iuv5echu9e84fm,notification_panel_click,2026-08-30 13:27:39.120Z,"{""event_type"": ""phase_change"", ""title"": ""Jetzt abstimmen \ud83d\uddf3\ufe0f"", ""url"": ""/questions/3o2fj1znev0krvz/proposals/question""}",2026-08-30 13:27:39.118Z,,,tbiqg42nf5060lt,2026-08-30 13:27:39.120Z,b209c2355deb9852
4jvpdj9w9mblc98,page_view,2026-08-30 13:27:39.297Z,"{""from"": ""/de/questions/76q0g006tjtp7gp/proposals/results"", ""to"": ""/de/questions/3o2fj1znev0krvz/proposals/question""}",2026-08-30 13:27:39.216Z,3o2fj1znev0krvz,,,2026-08-30 13:27:39.297Z,b209c2355deb9852
r3fxfdecptntvr6,page_view,2026-08-30 13:27:40.868Z,"{""from"": ""/de/questions/3o2fj1znev0krvz/proposals/question"", ""to"": ""/de/questions/3o2fj1znev0krvz/proposals/results""}",2026-08-30 13:27:40.782Z,3o2fj1znev0krvz,,,2026-08-30 13:27:40.868Z,b209c2355deb9852
9vzvdrdq73opvm0,notification_panel_open,2026-08-30 13:27:41.682Z,"{""unread_count"": 8}",2026-08-30 13:27:41.598Z,,,,2026-08-30 13:27:41.682Z,b209c2355deb9852
30nwa057v2apysp,notification_panel_open,2026-08-30 13:27:42.753Z,"{""unread_count"": 7}",2026-08-30 13:27:42.673Z,,,,2026-08-30 13:27:42.753Z,b209c2355deb9852
tcg87mvtpobb3yi,notification_panel_click,2026-08-30 13:27:42.761Z,"{""event_type"": ""ballot_entry"", ""title"": ""Auf der Abstimmungsliste! \ud83c\udfaf"", ""url"": ""/questions/3o2fj1znev0krvz/proposals/uv9s9bhv4lnav3n""}",2026-08-30 13:27:42.760Z,,,cbg37061xlj4cg8,2026-08-30 13:27:42.761Z,b209c2355deb9852
q5yotqq7q6mra0z,proposal_view,2026-08-30 13:27:42.905Z,,2026-08-30 13:27:42.824Z,3o2fj1znev0krvz,,uv9s9bhv4lnav3n,2026-08-30 13:27:42.905Z,b209c2355deb9852
kqdjjgls5kwz0s9,proposal_view,2026-08-30 13:27:42.912Z,,2026-08-30 13:27:42.828Z,3o2fj1znev0krvz,,uv9s9bhv4lnav3n,2026-08-30 13:27:42.912Z,b209c2355deb9852
tftwz7hkicvvffx,page_view,2026-08-30 13:27:42.921Z,"{""from"": ""/de/questions/3o2fj1znev0krvz/proposals/results"", ""to"": ""/de/questions/3o2fj1znev0krvz/proposals/uv9s9bhv4lnav3n""}",2026-08-30 13:27:42.831Z,3o2fj1znev0krvz,,,2026-08-30 13:27:42.921Z,b209c2355deb9852
sweeiyht6yrwccq,notification_panel_open,2026-08-30 13:28:01.428Z,"{""unread_count"": 7}",2026-08-30 13:28:01.335Z,,,,2026-08-30 13:28:01.428Z,b209c2355deb9852
s89223w4bx6ck4f,notification_panel_click,2026-08-30 13:28:10.487Z,"{""event_type"": ""phase_ending_soon"", ""title"": ""Schliesst in wenigen Stunden \u26a1"", ""url"": ""/questions/3o2fj1znev0krvz/proposals/question""}",2026-08-30 13:28:10.485Z,,,ik90agbo7zbugct,2026-08-30 13:28:10.487Z,b209c2355deb9852
c2luu17vw40g59n,notification_panel_open,2026-08-30 13:28:10.491Z,"{""unread_count"": 6}",2026-08-30 13:28:10.400Z,,,,2026-08-30 13:28:10.491Z,b209c2355deb9852
r1dytkhg667qcfm,page_view,2026-08-30 13:28:10.626Z,"{""from"": ""/de/questions/3o2fj1znev0krvz/proposals/uv9s9bhv4lnav3n"", ""to"": ""/de/questions/3o2fj1znev0krvz/proposals/question""}",2026-08-30 13:28:10.541Z,3o2fj1znev0krvz,,,2026-08-30 13:28:10.626Z,b209c2355deb9852
r20nvnnsnkf3btp,tab_switch,2026-08-30 13:28:25.014Z,"{""state"": ""visible""}",2026-08-30 13:28:24.906Z,,,,2026-08-30 13:28:25.014Z,b209c2355deb9852
gty973n68jylfvv,page_view,2026-08-30 13:28:29.133Z,"{""from"": ""/de/login"", ""to"": ""/de/discourse""}",2026-08-30 13:28:29.041Z,,,,2026-08-30 13:28:29.133Z,b209c2355deb9852
nz8mysszxx1q692,page_view,2026-08-30 13:28:33.276Z,"{""from"": ""/de/discourse"", ""to"": ""/de/post-study-survey""}",2026-08-30 13:28:33.194Z,,,,2026-08-30 13:28:33.276Z,b209c2355deb9852
67mluxj5ydiscag,session_start,2026-08-30 16:37:20.770Z,"{""isMobile"": false, ""screenHeight"": 791, ""screenWidth"": 1427, ""userAgent"": ""Mozilla/5.0 (Windows NT 10.0; Win64; x64) AppleWebKit/537.36 (KHTML, like Gecko) Chrome/152.0.0.0 Safari/537.36""}",2026-08-30 16:37:21.338Z,,,,2026-08-30 16:37:20.770Z,4ae21a849ee008e7
c2ap8f389paubhb,page_view,2026-08-30 16:37:20.783Z,"{""to"": ""/de/post-study-survey""}",2026-08-30 16:37:21.366Z,,,,2026-08-30 16:37:20.783Z,4ae21a849ee008e7
hme68zxu6is6gj8,tab_switch,2026-08-30 16:38:10.560Z,"{""state"": ""visible""}",2026-08-30 16:38:11.092Z,,,,2026-08-30 16:38:10.560Z,4ae21a849ee008e7
9bna4h5esy1do1w,page_view,2026-09-02 16:54:12.617Z,"{""from"": ""/de/discourse"", ""to"": ""/de/questions/3o2fj1znev0krvz/proposals/question""}",2026-09-02 16:54:12.471Z,3o2fj1znev0krvz,,,2026-09-02 16:54:12.617Z,407be8b01d4ce342
u18c1fr1pwq07b4,page_view,2026-09-02 16:54:13.783Z,"{""from"": ""/de/questions/3o2fj1znev0krvz/proposals/question"", ""to"": ""/de/questions/3o2fj1znev0krvz/proposals/results""}",2026-09-02 16:54:13.758Z,3o2fj1znev0krvz,,,2026-09-02 16:54:13.783Z,407be8b01d4ce342
g603gvvmdiifi8k,page_view,2026-09-02 16:54:14.105Z,"{""from"": ""/de/questions/3o2fj1znev0krvz/proposals/results"", ""to"": ""/de/questions/3o2fj1znev0krvz/proposals/results""}",2026-09-02 16:54:14.078Z,3o2fj1znev0krvz,,,2026-09-02 16:54:14.105Z,407be8b01d4ce342
4wdzdk68dwr4wbq,proposal_view,2026-09-02 16:54:16.407Z,,2026-09-02 16:54:16.376Z,3o2fj1znev0krvz,,y9eb6fxeu3zpepy,2026-09-02 16:54:16.407Z,407be8b01d4ce342
202ljoukukgs9eo,proposal_view,2026-09-02 16:54:16.428Z,,2026-09-02 16:54:16.386Z,3o2fj1znev0krvz,,y9eb6fxeu3zpepy,2026-09-02 16:54:16.428Z,407be8b01d4ce342
klo6k1ynh7ev3yj,page_view,2026-09-02 16:54:16.429Z,"{""from"": ""/de/questions/3o2fj1znev0krvz/proposals/results"", ""to"": ""/de/questions/3o2fj1znev0krvz/proposals/y9eb6fxeu3zpepy""}",2026-09-02 16:54:16.387Z,3o2fj1znev0krvz,,,2026-09-02 16:54:16.429Z,407be8b01d4ce342
e540lnd3axw4kd7,page_view,2026-09-02 16:54:18.842Z,"{""from"": ""/de/questions/3o2fj1znev0krvz/proposals/y9eb6fxeu3zpepy"", ""to"": ""/de/questions/3o2fj1znev0krvz/proposals/results""}",2026-09-02 16:54:18.818Z,3o2fj1znev0krvz,,,2026-09-02 16:54:18.842Z,407be8b01d4ce342
9rtpusxtimb4byj,page_view,2026-09-03 11:04:08.774Z,"{""from"": ""/de/discourse"", ""to"": ""/de/questions/76q0g006tjtp7gp/proposals/question""}",2026-09-03 11:04:08.731Z,76q0g006tjtp7gp,,,2026-09-03 11:04:08.774Z,407be8b01d4ce342
rls999xggtgsepc,page_view,2026-09-03 11:04:12.591Z,"{""from"": ""/de/questions/76q0g006tjtp7gp/proposals/question"", ""to"": ""/de/questions/76q0g006tjtp7gp/proposals/results""}",2026-09-03 11:04:12.502Z,76q0g006tjtp7gp,,,2026-09-03 11:04:12.591Z,407be8b01d4ce342
wtttsrdytaznda6,page_view,2026-09-03 11:04:13.349Z,"{""from"": ""/de/questions/76q0g006tjtp7gp/proposals/results"", ""to"": ""/de/questions/76q0g006tjtp7gp/proposals/question""}",2026-09-03 11:04:13.301Z,76q0g006tjtp7gp,,,2026-09-03 11:04:13.349Z,407be8b01d4ce342
t08w8t1m29d1qid,page_view,2026-09-03 11:04:14.629Z,"{""from"": ""/de/questions/76q0g006tjtp7gp/proposals/question"", ""to"": ""/de/discourse""}",2026-09-03 11:04:14.577Z,76q0g006tjtp7gp,,,2026-09-03 11:04:14.629Z,407be8b01d4ce342
qv9e0hnepvxpwef,session_start,2026-09-03 16:05:28.978Z,"{""isMobile"": true, ""screenHeight"": 650, ""screenWidth"": 384, ""userAgent"": ""Mozilla/5.0 (Linux; Android 10; K) AppleWebKit/537.36 (KHTML, like Gecko) SamsungBrowser/30.0 Chrome/143.0.0.0 Mobile Safari/537.36""}",2026-09-03 16:05:28.947Z,,,,2026-09-03 16:05:28.978Z,b209c2355deb9852
f25k8c6grdruphd,page_view,2026-09-03 16:05:28.980Z,"{""to"": ""/de/questions/3o2fj1znev0krvz/proposals/question""}",2026-09-03 16:05:28.949Z,3o2fj1znev0krvz,,,2026-09-03 16:05:28.980Z,b209c2355deb9852
j9vbrhd4i3cv1t3,page_view,2026-09-10 12:05:10.770Z,"{""from"": ""/discourse"", ""to"": ""/questions/3o2fj1znev0krvz/proposals/question""}",2026-09-10 12:05:10.752Z,3o2fj1znev0krvz,,,2026-09-10 12:05:10.770Z,de13859e1d6aea12
bscn3rysme9ehwy,page_view,2026-09-10 12:05:12.029Z,"{""from"": ""/questions/3o2fj1znev0krvz/proposals/question"", ""to"": ""/questions/3o2fj1znev0krvz/proposals/results""}",2026-09-10 12:05:12.015Z,3o2fj1znev0krvz,,,2026-09-10 12:05:12.029Z,de13859e1d6aea12
a2hvwebzm3o2zbg,proposal_view,2026-09-10 12:05:14.059Z,,2026-09-10 12:05:14.046Z,3o2fj1znev0krvz,,y9eb6fxeu3zpepy,2026-09-10 12:05:14.059Z,de13859e1d6aea12
ty5uac7niveianb,proposal_view,2026-09-10 12:05:14.067Z,,2026-09-10 12:05:14.053Z,3o2fj1znev0krvz,,y9eb6fxeu3zpepy,2026-09-10 12:05:14.067Z,de13859e1d6aea12
pb93dpmjfglfzp4,page_view,2026-09-10 12:05:14.082Z,"{""from"": ""/questions/3o2fj1znev0krvz/proposals/results"", ""to"": ""/questions/3o2fj1znev0krvz/proposals/y9eb6fxeu3zpepy""}",2026-09-10 12:05:14.063Z,3o2fj1znev0krvz,,,2026-09-10 12:05:14.082Z,de13859e1d6aea12
lnwcteqctw1bhml,page_view,2026-09-10 12:06:16.346Z,"{""from"": ""/questions/3o2fj1znev0krvz/proposals/y9eb6fxeu3zpepy"", ""to"": ""/questions/3o2fj1znev0krvz/proposals/results""}",2026-09-10 12:06:16.332Z,3o2fj1znev0krvz,,,2026-09-10 12:06:16.346Z,de13859e1d6aea12
5an6axai32ewx3m,page_view,2026-09-10 12:06:18.454Z,"{""from"": ""/questions/3o2fj1znev0krvz/proposals/results"", ""to"": ""/questions/3o2fj1znev0krvz/proposals/question""}",2026-09-10 12:06:18.428Z,3o2fj1znev0krvz,,,2026-09-10 12:06:18.454Z,de13859e1d6aea12
xni9ng22tpol1vf,page_view,2026-09-10 12:06:24.042Z,"{""from"": ""/questions/3o2fj1znev0krvz/proposals/question"", ""to"": ""/questions/3o2fj1znev0krvz/proposals/results""}",2026-09-10 12:06:24.019Z,3o2fj1znev0krvz,,,2026-09-10 12:06:24.042Z,de13859e1d6aea12
udukkfx1uth65y7,proposal_view,2026-09-10 12:06:33.710Z,,2026-09-10 12:06:33.694Z,3o2fj1znev0krvz,,y9eb6fxeu3zpepy,2026-09-10 12:06:33.710Z,de13859e1d6aea12
hn2sokjkpap78lh,proposal_view,2026-09-10 12:06:33.719Z,,2026-09-10 12:06:33.700Z,3o2fj1znev0krvz,,y9eb6fxeu3zpepy,2026-09-10 12:06:33.719Z,de13859e1d6aea12
04fdkv6kejxxsyv,page_view,2026-09-10 12:06:33.740Z,"{""from"": ""/questions/3o2fj1znev0krvz/proposals/results"", ""to"": ""/questions/3o2fj1znev0krvz/proposals/y9eb6fxeu3zpepy""}",2026-09-10 12:06:33.720Z,3o2fj1znev0krvz,,,2026-09-10 12:06:33.740Z,de13859e1d6aea12
8d13u3gdwn3on5t,proposal_view,2026-09-10 12:07:08.436Z,,2026-09-10 12:07:08.408Z,3o2fj1znev0krvz,,35vcx46mtetnk82,2026-09-10 12:07:08.436Z,de13859e1d6aea12
s2byyqiz2qc0nv8,proposal_view,2026-09-10 12:07:12.870Z,,2026-09-10 12:07:12.848Z,3o2fj1znev0krvz,,626n317m1w4j7lo,2026-09-10 12:07:12.870Z,de13859e1d6aea12
5jcvdfmo829645w,proposal_view,2026-09-10 12:07:16.405Z,,2026-09-10 12:07:16.375Z,3o2fj1znev0krvz,,rgjhcdyr8kdvxyz,2026-09-10 12:07:16.405Z,de13859e1d6aea12
4d681r4szuzcumw,proposal_view,2026-09-10 12:07:17.726Z,,2026-09-10 12:07:17.703Z,3o2fj1znev0krvz,,px3acjduduouqz6,2026-09-10 12:07:17.726Z,de13859e1d6aea12
wkukuvbtqqf22zq,proposal_view,2026-09-10 12:07:19.418Z,,2026-09-10 12:07:19.381Z,3o2fj1znev0krvz,,rgjhcdyr8kdvxyz,2026-09-10 12:07:19.418Z,de13859e1d6aea12
ra4lsdibaf5e79q,proposal_view,2026-09-10 12:07:21.052Z,,2026-09-10 12:07:21.030Z,3o2fj1znev0krvz,,px3acjduduouqz6,2026-09-10 12:07:21.052Z,de13859e1d6aea12
4zxkuhxbkqfgihu,proposal_view,2026-09-10 12:07:22.745Z,,2026-09-10 12:07:22.720Z,3o2fj1znev0krvz,,eesc7p17sxod25m,2026-09-10 12:07:22.745Z,de13859e1d6aea12
iizn5k3n2ibtjql,proposal_view,2026-09-10 12:07:24.159Z,,2026-09-10 12:07:24.139Z,3o2fj1znev0krvz,,626n317m1w4j7lo,2026-09-10 12:07:24.159Z,de13859e1d6aea12
n3ib6phzia69ujv,proposal_view,2026-09-10 12:07:30.002Z,,2026-09-10 12:07:29.987Z,3o2fj1znev0krvz,,px3acjduduouqz6,2026-09-10 12:07:30.002Z,de13859e1d6aea12
94djlthz6ktmo7f,proposal_view,2026-09-10 12:07:32.671Z,,2026-09-10 12:07:32.645Z,3o2fj1znev0krvz,,eesc7p17sxod25m,2026-09-10 12:07:32.671Z,de13859e1d6aea12
60wgw5basnv8chx,proposal_view,2026-09-10 12:07:35.280Z,,2026-09-10 12:07:35.262Z,3o2fj1znev0krvz,,626n317m1w4j7lo,2026-09-10 12:07:35.280Z,de13859e1d6aea12
hltvsj72ullegp2,page_view,2026-09-10 12:07:37.319Z,"{""from"": ""/questions/3o2fj1znev0krvz/proposals/compare"", ""to"": ""/questions/3o2fj1znev0krvz/proposals/results""}",2026-09-10 12:07:37.287Z,3o2fj1znev0krvz,,,2026-09-10 12:07:37.319Z,de13859e1d6aea12
tha9lv44u42qav1,proposal_view,2026-09-10 12:07:40.391Z,,2026-09-10 12:07:40.372Z,3o2fj1znev0krvz,,y9eb6fxeu3zpepy,2026-09-10 12:07:40.391Z,de13859e1d6aea12
z03zchw25vjaxzk,proposal_view,2026-09-10 12:07:40.400Z,,2026-09-10 12:07:40.381Z,3o2fj1znev0krvz,,626n317m1w4j7lo,2026-09-10 12:07:40.400Z,de13859e1d6aea12
fhrhhazc960rl3s,page_view,2026-09-10 12:07:40.405Z,"{""from"": ""/questions/3o2fj1znev0krvz/proposals/results"", ""to"": ""/questions/3o2fj1znev0krvz/proposals/y9eb6fxeu3zpepy""}",2026-09-10 12:07:40.395Z,3o2fj1znev0krvz,,,2026-09-10 12:07:40.405Z,de13859e1d6aea12
xx21ei6bg0b8uf1,page_view,2026-09-10 12:07:44.831Z,"{""from"": ""/questions/3o2fj1znev0krvz/proposals/compare"", ""to"": ""/questions/3o2fj1znev0krvz/proposals/results""}",2026-09-10 12:07:44.810Z,3o2fj1znev0krvz,,,2026-09-10 12:07:44.831Z,de13859e1d6aea12
fopx7ruovdpuaep,proposal_view,2026-09-10 12:07:47.508Z,,2026-09-10 12:07:47.489Z,3o2fj1znev0krvz,,y9eb6fxeu3zpepy,2026-09-10 12:07:47.508Z,de13859e1d6aea12
90yd26l8m38ws3u,proposal_view,2026-09-10 12:07:47.514Z,,2026-09-10 12:07:47.497Z,3o2fj1znev0krvz,,626n317m1w4j7lo,2026-09-10 12:07:47.514Z,de13859e1d6aea12
eliub9oy1gyxpt0,page_view,2026-09-10 12:07:47.522Z,"{""from"": ""/questions/3o2fj1znev0krvz/proposals/results"", ""to"": ""/questions/3o2fj1znev0krvz/proposals/y9eb6fxeu3zpepy""}",2026-09-10 12:07:47.510Z,3o2fj1znev0krvz,,,2026-09-10 12:07:47.522Z,de13859e1d6aea12
npxyqx5r1rhoyfm,proposal_view,2026-09-10 12:08:04.775Z,,2026-09-10 12:08:04.748Z,3o2fj1znev0krvz,,m5vq0q540kenhen,2026-09-10 12:08:04.775Z,de13859e1d6aea12
m9vbxmdrd4ks435,proposal_view,2026-09-10 12:08:08.488Z,,2026-09-10 12:08:08.466Z,3o2fj1znev0krvz,,y9eb6fxeu3zpepy,2026-09-10 12:08:08.488Z,de13859e1d6aea12
r5qp8mkfarch83v,proposal_view,2026-09-10 12:08:36.843Z,,2026-09-10 12:08:36.826Z,3o2fj1znev0krvz,,35vcx46mtetnk82,2026-09-10 12:08:36.843Z,de13859e1d6aea12
4a3lzpwuh7h5gg0,proposal_view,2026-09-10 12:08:39.587Z,,2026-09-10 12:08:39.563Z,3o2fj1znev0krvz,,y9eb6fxeu3zpepy,2026-09-10 12:08:39.587Z,de13859e1d6aea12
02k5awnpskdfl0b,proposal_view,2026-09-10 12:08:40.169Z,,2026-09-10 12:08:40.152Z,3o2fj1znev0krvz,,m5vq0q540kenhen,2026-09-10 12:08:40.169Z,de13859e1d6aea12
qryvtbgyumqf002,proposal_view,2026-09-10 12:08:44.204Z,,2026-09-10 12:08:44.173Z,3o2fj1znev0krvz,,626n317m1w4j7lo,2026-09-10 12:08:44.204Z,de13859e1d6aea12
ka2fj3d091qnqp2,proposal_view,2026-09-10 12:08:46.366Z,,2026-09-10 12:08:46.350Z,3o2fj1znev0krvz,,eesc7p17sxod25m,2026-09-10 12:08:46.366Z,de13859e1d6aea12
gbdb8w6zgsbt370,proposal_view,2026-09-10 12:08:46.905Z,,2026-09-10 12:08:46.876Z,3o2fj1znev0krvz,,px3acjduduouqz6,2026-09-10 12:08:46.905Z,de13859e1d6aea12
dmsj5sr5uc5rfsf,proposal_view,2026-09-10 12:08:47.402Z,,2026-09-10 12:08:47.385Z,3o2fj1znev0krvz,,626n317m1w4j7lo,2026-09-10 12:08:47.402Z,de13859e1d6aea12
4cgtmz0mni1a5rn,proposal_view,2026-09-10 12:08:47.574Z,,2026-09-10 12:08:47.554Z,3o2fj1znev0krvz,,eesc7p17sxod25m,2026-09-10 12:08:47.574Z,de13859e1d6aea12
zn91h8fkx7niklo,proposal_view,2026-09-10 12:08:48.038Z,,2026-09-10 12:08:48.010Z,3o2fj1znev0krvz,,px3acjduduouqz6,2026-09-10 12:08:48.038Z,de13859e1d6aea12
hekbd57fmhkm4hj,proposal_view,2026-09-10 12:08:48.337Z,,2026-09-10 12:08:48.306Z,3o2fj1znev0krvz,,rgjhcdyr8kdvxyz,2026-09-10 12:08:48.337Z,de13859e1d6aea12
5rvfko38cipjxyr,proposal_view,2026-09-10 12:08:48.548Z,,2026-09-10 12:08:48.517Z,3o2fj1znev0krvz,,px3acjduduouqz6,2026-09-10 12:08:48.548Z,de13859e1d6aea12
zu67he41t8dca32,proposal_view,2026-09-10 12:08:48.816Z,,2026-09-10 12:08:48.789Z,3o2fj1znev0krvz,,rgjhcdyr8kdvxyz,2026-09-10 12:08:48.816Z,de13859e1d6aea12
0gt693okzwi9eq6,proposal_view,2026-09-10 12:08:49.114Z,,2026-09-10 12:08:49.102Z,3o2fj1znev0krvz,,626n317m1w4j7lo,2026-09-10 12:08:49.114Z,de13859e1d6aea12
1s16hhd9833o6e6,proposal_view,2026-09-10 12:08:49.428Z,,2026-09-10 12:08:49.403Z,3o2fj1znev0krvz,,35vcx46mtetnk82,2026-09-10 12:08:49.428Z,de13859e1d6aea12
e9l5v0t8syx05ht,proposal_view,2026-09-10 12:08:49.919Z,,2026-09-10 12:08:49.898Z,3o2fj1znev0krvz,,y9eb6fxeu3zpepy,2026-09-10 12:08:49.919Z,de13859e1d6aea12
halt7s99z8x4u34,page_view,2026-09-10 12:08:50.416Z,"{""from"": ""/questions/3o2fj1znev0krvz/proposals/y9eb6fxeu3zpepy"", ""to"": ""/questions/3o2fj1znev0krvz/proposals/results""}",2026-09-10 12:08:50.406Z,3o2fj1znev0krvz,,,2026-09-10 12:08:50.416Z,de13859e1d6aea12
jazcflx4abx1rw1,page_view,2026-09-11 11:13:29.976Z,"{""from"": ""/discourse"", ""to"": ""/questions/3o2fj1znev0krvz/proposals/question""}",2026-09-11 11:13:29.983Z,3o2fj1znev0krvz,,,2026-09-11 11:13:29.976Z,de13859e1d6aea12
z6mrnp7uioqurmn,page_view,2026-09-11 11:13:31.222Z,"{""from"": ""/questions/3o2fj1znev0krvz/proposals/question"", ""to"": ""/questions/3o2fj1znev0krvz/proposals/results""}",2026-09-11 11:13:31.225Z,3o2fj1znev0krvz,,,2026-09-11 11:13:31.222Z,de13859e1d6aea12
xl5mbqsdgf9fdml,proposal_view,2026-09-11 11:13:33.196Z,,2026-09-11 11:13:33.204Z,3o2fj1znev0krvz,,y9eb6fxeu3zpepy,2026-09-11 11:13:33.196Z,de13859e1d6aea12
xo7l4ww67s40qld,proposal_view,2026-09-11 11:13:33.210Z,,2026-09-11 11:13:33.214Z,3o2fj1znev0krvz,,y9eb6fxeu3zpepy,2026-09-11 11:13:33.210Z,de13859e1d6aea12
nejgs2e35wwflw6,page_view,2026-09-11 11:13:33.225Z,"{""from"": ""/questions/3o2fj1znev0krvz/proposals/results"", ""to"": ""/questions/3o2fj1znev0krvz/proposals/y9eb6fxeu3zpepy""}",2026-09-11 11:13:33.228Z,3o2fj1znev0krvz,,,2026-09-11 11:13:33.225Z,de13859e1d6aea12
qkf73h5ggb5modj,proposal_view,2026-09-11 11:13:58.916Z,,2026-09-11 11:13:58.913Z,3o2fj1znev0krvz,,y9eb6fxeu3zpepy,2026-09-11 11:13:58.916Z,de13859e1d6aea12
2izfkrdj3jda7jq,proposal_view,2026-09-11 11:13:58.929Z,,2026-09-11 11:13:58.933Z,3o2fj1znev0krvz,,y9eb6fxeu3zpepy,2026-09-11 11:13:58.929Z,de13859e1d6aea12
67thu6rrurgy8p9,page_view,2026-09-11 11:13:58.954Z,"{""to"": ""/questions/3o2fj1znev0krvz/proposals/y9eb6fxeu3zpepy""}",2026-09-11 11:13:58.957Z,3o2fj1znev0krvz,,,2026-09-11 11:13:58.954Z,de13859e1d6aea12
qsex6iazsntscpz,proposal_view,2026-09-11 11:14:01.951Z,,2026-09-11 11:14:01.953Z,3o2fj1znev0krvz,,y9eb6fxeu3zpepy,2026-09-11 11:14:01.951Z,de13859e1d6aea12
6ode7u5z8awawn9,proposal_view,2026-09-11 11:14:01.964Z,,2026-09-11 11:14:01.963Z,3o2fj1znev0krvz,,y9eb6fxeu3zpepy,2026-09-11 11:14:01.964Z,de13859e1d6aea12
v40w47ixane2xus,page_view,2026-09-11 11:14:01.978Z,"{""to"": ""/questions/3o2fj1znev0krvz/proposals/y9eb6fxeu3zpepy""}",2026-09-11 11:14:01.981Z,3o2fj1znev0krvz,,,2026-09-11 11:14:01.978Z,de13859e1d6aea12
48t4vtnc4wuqnvu,proposal_view,2026-09-11 11:14:04.462Z,,2026-09-11 11:14:04.460Z,3o2fj1znev0krvz,,y9eb6fxeu3zpepy,2026-09-11 11:14:04.462Z,de13859e1d6aea12
ogyqc63j7ap1abu,proposal_view,2026-09-11 11:14:04.479Z,,2026-09-11 11:14:04.477Z,3o2fj1znev0krvz,,y9eb6fxeu3zpepy,2026-09-11 11:14:04.479Z,de13859e1d6aea12
w1tsfvx1alleqyt,page_view,2026-09-11 11:14:04.491Z,"{""to"": ""/questions/3o2fj1znev0krvz/proposals/y9eb6fxeu3zpepy""}",2026-09-11 11:14:04.497Z,3o2fj1znev0krvz,,,2026-09-11 11:14:04.491Z,de13859e1d6aea12
zpoyy9nucej6pox,page_view,2026-09-11 11:50:48.961Z,"{""from"": ""/questions/3o2fj1znev0krvz/proposals/results"", ""to"": ""/questions/3o2fj1znev0krvz/proposals/question""}",2026-09-11 11:50:48.913Z,3o2fj1znev0krvz,,,2026-09-11 11:50:48.961Z,de13859e1d6aea12
f7p7xb2bgj3156s,page_view,2026-09-11 13:08:40.952Z,"{""from"": ""/questions/3o2fj1znev0krvz/proposals/question"", ""to"": ""/discourse""}",2026-09-11 13:08:40.919Z,3o2fj1znev0krvz,,,2026-09-11 13:08:40.952Z,de13859e1d6aea12
ya9lwggogyrpvar,page_view,2026-09-13 15:00:08.511Z,"{""from"": ""/discourse"", ""to"": ""/questions/3o2fj1znev0krvz/proposals/question""}",2026-09-13 15:00:08.496Z,3o2fj1znev0krvz,,,2026-09-13 15:00:08.511Z,de13859e1d6aea12
2dmvwmghuknkfey,page_view,2026-09-13 15:00:10.640Z,"{""from"": ""/questions/3o2fj1znev0krvz/proposals/question"", ""to"": ""/questions/3o2fj1znev0krvz/proposals/results""}",2026-09-13 15:00:10.620Z,3o2fj1znev0krvz,,,2026-09-13 15:00:10.640Z,de13859e1d6aea12
iynn54xxhktwxpj,page_view,2026-09-13 15:18:07.806Z,"{""from"": ""/questions/3o2fj1znev0krvz/proposals/results"", ""to"": ""/questions/3o2fj1znev0krvz/proposals/question""}",2026-09-13 15:18:07.773Z,3o2fj1znev0krvz,,,2026-09-13 15:18:07.806Z,de13859e1d6aea12
q4lmd1e7u6hgr6f,page_view,2026-09-13 15:18:09.956Z,"{""from"": ""/questions/3o2fj1znev0krvz/proposals/question"", ""to"": ""/questions/3o2fj1znev0krvz/proposals/results""}",2026-09-13 15:18:09.912Z,3o2fj1znev0krvz,,,2026-09-13 15:18:09.955Z,de13859e1d6aea12
fw7idvtjta67gtl,proposal_view,2026-09-13 15:18:16.076Z,,2026-09-13 15:18:16.053Z,3o2fj1znev0krvz,,y9eb6fxeu3zpepy,2026-09-13 15:18:16.076Z,de13859e1d6aea12
o8hlmzrjujf4vm7,page_view,2026-09-13 15:18:16.087Z,"{""from"": ""/questions/3o2fj1znev0krvz/proposals/results"", ""to"": ""/questions/3o2fj1znev0krvz/proposals/y9eb6fxeu3zpepy""}",2026-09-13 15:18:16.067Z,3o2fj1znev0krvz,,,2026-09-13 15:18:16.087Z,de13859e1d6aea12
i9gh7q77lsow1sm,proposal_view,2026-09-13 15:18:16.091Z,,2026-09-13 15:18:16.058Z,3o2fj1znev0krvz,,y9eb6fxeu3zpepy,2026-09-13 15:18:16.091Z,de13859e1d6aea12
i6170j9zygxbin2,proposal_view,2026-09-13 15:18:36.283Z,,2026-09-13 15:18:36.260Z,3o2fj1znev0krvz,,y9eb6fxeu3zpepy,2026-09-13 15:18:36.283Z,de13859e1d6aea12
hyh0nxoaiqrb8i1,proposal_view,2026-09-13 15:18:36.289Z,,2026-09-13 15:18:36.266Z,3o2fj1znev0krvz,,y9eb6fxeu3zpepy,2026-09-13 15:18:36.289Z,de13859e1d6aea12
161ll2tby5devzy,page_view,2026-09-13 15:18:36.293Z,"{""to"": ""/questions/3o2fj1znev0krvz/proposals/y9eb6fxeu3zpepy""}",2026-09-13 15:18:36.273Z,3o2fj1znev0krvz,,,2026-09-13 15:18:36.293Z,de13859e1d6aea12
tfwb2h82ntb6gc9,proposal_view,2026-09-13 15:26:08.319Z,,2026-09-13 15:26:08.291Z,3o2fj1znev0krvz,,y9eb6fxeu3zpepy,2026-09-13 15:26:08.319Z,de13859e1d6aea12
g6idlnx987ivfp2,proposal_view,2026-09-13 15:26:08.322Z,,2026-09-13 15:26:08.286Z,3o2fj1znev0krvz,,y9eb6fxeu3zpepy,2026-09-13 15:26:08.322Z,de13859e1d6aea12
a4ouimmy1ojqqkp,page_view,2026-09-13 15:26:08.330Z,"{""from"": ""/questions/3o2fj1znev0krvz/proposals/results"", ""to"": ""/questions/3o2fj1znev0krvz/proposals/y9eb6fxeu3zpepy""}",2026-09-13 15:26:08.302Z,3o2fj1znev0krvz,,,2026-09-13 15:26:08.330Z,de13859e1d6aea12
f1ytd6bzfr4t0u5,proposal_view,2026-09-13 15:26:11.434Z,,2026-09-13 15:26:11.400Z,3o2fj1znev0krvz,,35vcx46mtetnk82,2026-09-13 15:26:11.434Z,de13859e1d6aea12
06au3tly5esrqm8,proposal_view,2026-09-13 15:54:50.730Z,,2026-09-13 15:54:50.708Z,3o2fj1znev0krvz,,35vcx46mtetnk82,2026-09-13 15:54:50.730Z,de13859e1d6aea12
ms2ekimt9o0i2a2,proposal_view,2026-09-13 15:54:50.736Z,,2026-09-13 15:54:50.714Z,3o2fj1znev0krvz,,35vcx46mtetnk82,2026-09-13 15:54:50.736Z,de13859e1d6aea12
znqczavvsrvbw2w,page_view,2026-09-13 15:54:50.749Z,"{""to"": ""/questions/3o2fj1znev0krvz/proposals/35vcx46mtetnk82""}",2026-09-13 15:54:50.724Z,3o2fj1znev0krvz,,,2026-09-13 15:54:50.749Z,de13859e1d6aea12
6w9oslhh1ahzs1b,proposal_view,2026-09-13 16:12:53.056Z,,2026-09-13 16:12:53.027Z,3o2fj1znev0krvz,,y9eb6fxeu3zpepy,2026-09-13 16:12:53.056Z,de13859e1d6aea12
8uhgl91l7j3jyov,page_view,2026-09-13 16:12:53.062Z,"{""from"": ""/questions/3o2fj1znev0krvz/proposals/35vcx46mtetnk82"", ""to"": ""/questions/3o2fj1znev0krvz/proposals/y9eb6fxeu3zpepy""}",2026-09-13 16:12:53.038Z,3o2fj1znev0krvz,,,2026-09-13 16:12:53.062Z,de13859e1d6aea12
qumnfm54anv25wr,proposal_view,2026-09-13 16:12:53.067Z,,2026-09-13 16:12:53.034Z,3o2fj1znev0krvz,,y9eb6fxeu3zpepy,2026-09-13 16:12:53.067Z,de13859e1d6aea12
qu2wzxjtlseo8ay,page_view,2026-09-13 16:12:58.136Z,"{""from"": ""/questions/3o2fj1znev0krvz/proposals/results"", ""to"": ""/discourse""}",2026-09-13 16:12:58.108Z,3o2fj1znev0krvz,,,2026-09-13 16:12:58.136Z,de13859e1d6aea12
gsn6xzo5ogh0qg5,page_view,2026-09-13 16:12:59.684Z,"{""from"": ""/discourse"", ""to"": ""/questions/3o2fj1znev0krvz/proposals/question""}",2026-09-13 16:12:59.638Z,3o2fj1znev0krvz,,,2026-09-13 16:12:59.684Z,de13859e1d6aea12
43ih9fmtx9oh3jx,page_view,2026-09-13 16:13:02.585Z,"{""from"": ""/questions/3o2fj1znev0krvz/proposals/question"", ""to"": ""/groups/m5obm8bp0rbq043""}",2026-09-13 16:13:02.558Z,3o2fj1znev0krvz,,,2026-09-13 16:13:02.585Z,de13859e1d6aea12
dqve8fc9nx4c2vd,page_view,2026-09-13 16:23:24.592Z,"{""from"": ""/groups/m5obm8bp0rbq043"", ""to"": ""/post-study-survey""}",2026-09-13 16:23:24.517Z,3o2fj1znev0krvz,,,2026-09-13 16:23:24.592Z,de13859e1d6aea12
znpe7wza21to88c,page_view,2026-09-14 10:29:51.895Z,"{""from"": ""/post-study-survey"", ""to"": ""/discourse""}",2026-09-14 10:29:51.841Z,3o2fj1znev0krvz,,,2026-09-14 10:29:51.895Z,de13859e1d6aea12
12qe8gxr7a6r30c,page_view,2026-09-14 10:31:05.169Z,"{""from"": ""/discourse"", ""to"": ""/questions/3o2fj1znev0krvz/proposals/question""}",2026-09-14 10:31:05.096Z,3o2fj1znev0krvz,,,2026-09-14 10:31:05.169Z,de13859e1d6aea12
ppvjn16gikoz246,page_view,2026-09-14 10:31:12.581Z,"{""from"": ""/questions/3o2fj1znev0krvz/proposals/question"", ""to"": ""/questions/3o2fj1znev0krvz/proposals/results""}",2026-09-14 10:31:12.562Z,3o2fj1znev0krvz,,,2026-09-14 10:31:12.581Z,de13859e1d6aea12
cjjtna6wp6md8z6,proposal_view,2026-09-14 10:31:14.782Z,,2026-09-14 10:31:14.753Z,3o2fj1znev0krvz,,y9eb6fxeu3zpepy,2026-09-14 10:31:14.782Z,de13859e1d6aea12
v5u9u116horf8us,proposal_view,2026-09-14 10:31:14.803Z,,2026-09-14 10:31:14.775Z,3o2fj1znev0krvz,,y9eb6fxeu3zpepy,2026-09-14 10:31:14.803Z,de13859e1d6aea12
05jl3nicp771a2q,page_view,2026-09-14 10:31:14.823Z,"{""from"": ""/questions/3o2fj1znev0krvz/proposals/results"", ""to"": ""/questions/3o2fj1znev0krvz/proposals/y9eb6fxeu3zpepy""}",2026-09-14 10:31:14.803Z,3o2fj1znev0krvz,,,2026-09-14 10:31:14.823Z,de13859e1d6aea12
wzmkay5mwgk24ih,proposal_view,2026-09-14 10:31:40.284Z,,2026-09-14 10:31:40.240Z,3o2fj1znev0krvz,,y9eb6fxeu3zpepy,2026-09-14 10:31:40.284Z,de13859e1d6aea12
9zyzydvpi93d6zx,proposal_view,2026-09-14 10:31:40.300Z,,2026-09-14 10:31:40.270Z,3o2fj1znev0krvz,,y9eb6fxeu3zpepy,2026-09-14 10:31:40.300Z,de13859e1d6aea12
ba9lf59z5th9pbt,page_view,2026-09-14 10:31:40.337Z,"{""from"": ""/questions/3o2fj1znev0krvz/proposals/results"", ""to"": ""/questions/3o2fj1znev0krvz/proposals/y9eb6fxeu3zpepy""}",2026-09-14 10:31:40.316Z,3o2fj1znev0krvz,,,2026-09-14 10:31:40.337Z,de13859e1d6aea12
5zj42800tjvb0di,proposal_view,2026-09-16 13:44:01.522Z,,2026-09-16 13:44:01.389Z,3o2fj1znev0krvz,,y9eb6fxeu3zpepy,2026-09-16 13:44:01.522Z,de13859e1d6aea12
i8ar866zfkcksbe,proposal_view,2026-09-16 13:44:01.522Z,,2026-09-16 13:44:01.410Z,3o2fj1znev0krvz,,y9eb6fxeu3zpepy,2026-09-16 13:44:01.522Z,de13859e1d6aea12
y7mdwngq2etk37c,page_view,2026-09-16 13:44:01.518Z,"{""to"": ""/questions/3o2fj1znev0krvz/proposals/y9eb6fxeu3zpepy""}",2026-09-16 13:44:01.452Z,3o2fj1znev0krvz,,,2026-09-16 13:44:01.518Z,de13859e1d6aea12
