id,created,event_type,payload_json,reference_id,status,updated,user
u9csqi6ztqajipp,2026-08-08 13:22:10.317Z,proposal_remixed,"{""title"": ""Deine Idee wurde geremixt \ud83d\udca1"", ""body"": ""\""Solidarit\u00e4tsnetzwerk\"" wurde aus deiner Idee erstellt."", ""data"": {""url"": ""/questions/76q0g006tjtp7gp/proposals/xtsnw7ypbsms4jl""}}",l6ue0ntwy9qo9p6_xtsnw7ypbsms4jl,actioned,2026-08-08 16:13:13.200Z,407be8b01d4ce342
ufc2tw6g074qhsn,2026-08-09 13:20:49.371Z,proposal_remixed,"{""title"": ""Deine Idee wurde geremixt \ud83d\udca1"", ""body"": ""\""Nutzen von pumpipumpe.ch als Datenbank was wo vorhanden ist\"" wurde aus deiner Idee erstellt."", ""data"": {""url"": ""/questions/3o2fj1znev0krvz/proposals/d8last7n0bdbqme""}}",vee7zdpty5ijljm_d8last7n0bdbqme,pending,2026-08-09 13:20:49.371Z,6a6cecc209785885
pknnkyzanejj784,2026-08-09 13:20:49.453Z,vote_migration,"{""title"": ""Neuer Remix verf\u00fcgbar \ud83c\udf3f"", ""body"": ""Eine neue Version von \""Nutzen von pumpipumpe.ch als Datenbank was wo vorhanden ist\"" ist verf\u00fcgbar. Vergleiche die \u00c4nderungen."", ""data"": {""url"": ""/questions/3o2fj1znev0krvz/proposals/d8last7n0bdbqme?action=compare""}}",vee7zdpty5ijljm_d8last7n0bdbqme,actioned,2026-08-09 21:59:17.719Z,407be8b01d4ce342
2w0g4h528ejv2xq,2026-08-12 15:24:49.347Z,proposal_remixed,"{""title"": ""Deine Idee wurde geremixt \ud83d\udca1"", ""body"": ""\""Solidarit\u00e4tsnetzwerk\"" wurde aus deiner Idee erstellt."", ""data"": {""url"": ""/questions/76q0g006tjtp7gp/proposals/z5ovabzo2syrqbj""}}",xtsnw7ypbsms4jl_z5ovabzo2syrqbj,pending,2026-08-12 15:24:49.347Z,6a6cecc209785885
zhlzid4r2y16m77,2026-08-12 15:26:01.638Z,proposal_remixed,"{""title"": ""Deine Idee wurde geremixt \ud83d\udca1"", ""body"": ""\""Solidarit\u00e4tsnetzwerk\"" wurde aus deiner Idee erstellt."", ""data"": {""url"": ""/questions/76q0g006tjtp7gp/proposals/yuk7erdsr4l9gbd""}}",xtsnw7ypbsms4jl_yuk7erdsr4l9gbd,pending,2026-08-12 15:26:01.638Z,6a6cecc209785885
g9hdhkjdt0e5yt1,2026-08-13 13:25:00.006Z,phase_halfway,"{""title"": ""Diskussion zur H\u00e4lfte \u23f3"", ""body"": ""\u201eWie definieren wir das WG-Netz und ihre Rolle in Winterthur?\"" ist zur H\u00e4lfte der Diskussionsphase. Teile deine Ideen, bevor die Zeit abl\u00e4uft!"", ""data"": {""url"": ""/questions/76q0g006tjtp7gp/proposals/question""}}",76q0g006tjtp7gp_AnswerSearch_phase_halfway,actioned,2026-08-13 21:53:39.646Z,de13859e1d6aea12
y0zj5y1vyqvpzqd,2026-08-13 13:25:00.009Z,phase_halfway,"{""title"": ""Diskussion zur H\u00e4lfte \u23f3"", ""body"": ""\u201eWie definieren wir das WG-Netz und ihre Rolle in Winterthur?\"" ist zur H\u00e4lfte der Diskussionsphase. Teile deine Ideen, bevor die Zeit abl\u00e4uft!"", ""data"": {""url"": ""/questions/76q0g006tjtp7gp/proposals/question""}}",76q0g006tjtp7gp_AnswerSearch_phase_halfway,pending,2026-08-13 13:25:00.009Z,2c2aed88e0c41752
917h6vmngwqd0u1,2026-08-13 13:25:00.010Z,phase_halfway,"{""title"": ""Diskussion zur H\u00e4lfte \u23f3"", ""body"": ""\u201eWie definieren wir das WG-Netz und ihre Rolle in Winterthur?\"" ist zur H\u00e4lfte der Diskussionsphase. Teile deine Ideen, bevor die Zeit abl\u00e4uft!"", ""data"": {""url"": ""/questions/76q0g006tjtp7gp/proposals/question""}}",76q0g006tjtp7gp_AnswerSearch_phase_halfway,actioned,2026-08-13 15:01:41.621Z,407be8b01d4ce342
0zcjnx6vih25ka2,2026-08-13 13:25:00.012Z,phase_halfway,"{""title"": ""Diskussion zur H\u00e4lfte \u23f3"", ""body"": ""\u201eWie definieren wir das WG-Netz und ihre Rolle in Winterthur?\"" ist zur H\u00e4lfte der Diskussionsphase. Teile deine Ideen, bevor die Zeit abl\u00e4uft!"", ""data"": {""url"": ""/questions/76q0g006tjtp7gp/proposals/question""}}",76q0g006tjtp7gp_AnswerSearch_phase_halfway,pending,2026-08-13 13:25:00.012Z,6a6cecc209785885
w5q9spsl4meflr2,2026-08-13 13:25:00.014Z,phase_halfway,"{""title"": ""Diskussion zur H\u00e4lfte \u23f3"", ""body"": ""\u201eWie definieren wir das WG-Netz und ihre Rolle in Winterthur?\"" ist zur H\u00e4lfte der Diskussionsphase. Teile deine Ideen, bevor die Zeit abl\u00e4uft!"", ""data"": {""url"": ""/questions/76q0g006tjtp7gp/proposals/question""}}",76q0g006tjtp7gp_AnswerSearch_phase_halfway,actioned,2026-08-14 10:31:57.763Z,216bb226ec191993
l3ostfvwjllqi92,2026-08-13 13:25:00.015Z,phase_halfway,"{""title"": ""Discussion halfway through \u23f3"", ""body"": ""\""Wie definieren wir das WG-Netz und ihre Rolle in Winterthur?\"" is halfway through the discussion phase. Share your ideas before time runs out!"", ""data"": {""url"": ""/questions/76q0g006tjtp7gp/proposals/question""}}",76q0g006tjtp7gp_AnswerSearch_phase_halfway,actioned,2026-08-16 10:10:12.446Z,3e36e627a64bac27
2wi6s86wirs50de,2026-08-13 13:25:00.017Z,phase_halfway,"{""title"": ""Diskussion zur H\u00e4lfte \u23f3"", ""body"": ""\u201eWie definieren wir das WG-Netz und ihre Rolle in Winterthur?\"" ist zur H\u00e4lfte der Diskussionsphase. Teile deine Ideen, bevor die Zeit abl\u00e4uft!"", ""data"": {""url"": ""/questions/76q0g006tjtp7gp/proposals/question""}}",76q0g006tjtp7gp_AnswerSearch_phase_halfway,pending,2026-08-13 13:25:00.017Z,6a4af8b5c50c45a9
4b54pv55x3y0vab,2026-08-13 13:25:00.272Z,phase_halfway,"{""title"": ""Diskussion zur H\u00e4lfte \u23f3"", ""body"": ""\u201eWie k\u00f6nnen wir Material, R\u00e4ume und Ressourcen \u00fcber WGs hinweg effizient teilen und lagern?\"" ist zur H\u00e4lfte der Diskussionsphase. Teile deine Ideen, bevor die Zeit abl\u00e4uft!"", ""data"": {""url"": ""/questions/3o2fj1znev0krvz/proposals/question""}}",3o2fj1znev0krvz_AnswerSearch_phase_halfway,actioned,2026-08-13 21:53:42.676Z,de13859e1d6aea12
zndiyt0wa9g166k,2026-08-13 13:25:00.273Z,phase_halfway,"{""title"": ""Diskussion zur H\u00e4lfte \u23f3"", ""body"": ""\u201eWie k\u00f6nnen wir Material, R\u00e4ume und Ressourcen \u00fcber WGs hinweg effizient teilen und lagern?\"" ist zur H\u00e4lfte der Diskussionsphase. Teile deine Ideen, bevor die Zeit abl\u00e4uft!"", ""data"": {""url"": ""/questions/3o2fj1znev0krvz/proposals/question""}}",3o2fj1znev0krvz_AnswerSearch_phase_halfway,pending,2026-08-13 13:25:00.273Z,2c2aed88e0c41752
rv2azfo6hczva96,2026-08-13 13:25:00.275Z,phase_halfway,"{""title"": ""Diskussion zur H\u00e4lfte \u23f3"", ""body"": ""\u201eWie k\u00f6nnen wir Material, R\u00e4ume und Ressourcen \u00fcber WGs hinweg effizient teilen und lagern?\"" ist zur H\u00e4lfte der Diskussionsphase. Teile deine Ideen, bevor die Zeit abl\u00e4uft!"", ""data"": {""url"": ""/questions/3o2fj1znev0krvz/proposals/question""}}",3o2fj1znev0krvz_AnswerSearch_phase_halfway,actioned,2026-08-13 15:00:58.727Z,407be8b01d4ce342
stdibpcop3j5te6,2026-08-13 13:25:00.277Z,phase_halfway,"{""title"": ""Diskussion zur H\u00e4lfte \u23f3"", ""body"": ""\u201eWie k\u00f6nnen wir Material, R\u00e4ume und Ressourcen \u00fcber WGs hinweg effizient teilen und lagern?\"" ist zur H\u00e4lfte der Diskussionsphase. Teile deine Ideen, bevor die Zeit abl\u00e4uft!"", ""data"": {""url"": ""/questions/3o2fj1znev0krvz/proposals/question""}}",3o2fj1znev0krvz_AnswerSearch_phase_halfway,pending,2026-08-13 13:25:00.277Z,6a6cecc209785885
v78q1njick6gbc9,2026-08-13 13:25:00.278Z,phase_halfway,"{""title"": ""Diskussion zur H\u00e4lfte \u23f3"", ""body"": ""\u201eWie k\u00f6nnen wir Material, R\u00e4ume und Ressourcen \u00fcber WGs hinweg effizient teilen und lagern?\"" ist zur H\u00e4lfte der Diskussionsphase. Teile deine Ideen, bevor die Zeit abl\u00e4uft!"", ""data"": {""url"": ""/questions/3o2fj1znev0krvz/proposals/question""}}",3o2fj1znev0krvz_AnswerSearch_phase_halfway,actioned,2026-08-14 10:31:54.884Z,216bb226ec191993
e94ldazsdzahx6p,2026-08-13 13:25:00.280Z,phase_halfway,"{""title"": ""Discussion halfway through \u23f3"", ""body"": ""\""Wie k\u00f6nnen wir Material, R\u00e4ume und Ressourcen \u00fcber WGs hinweg effizient teilen und lagern?\"" is halfway through the discussion phase. Share your ideas before time runs out!"", ""data"": {""url"": ""/questions/3o2fj1znev0krvz/proposals/question""}}",3o2fj1znev0krvz_AnswerSearch_phase_halfway,pending,2026-08-13 13:25:00.280Z,3e36e627a64bac27
sf281uvc7nknkf4,2026-08-13 13:25:00.281Z,phase_halfway,"{""title"": ""Diskussion zur H\u00e4lfte \u23f3"", ""body"": ""\u201eWie k\u00f6nnen wir Material, R\u00e4ume und Ressourcen \u00fcber WGs hinweg effizient teilen und lagern?\"" ist zur H\u00e4lfte der Diskussionsphase. Teile deine Ideen, bevor die Zeit abl\u00e4uft!"", ""data"": {""url"": ""/questions/3o2fj1znev0krvz/proposals/question""}}",3o2fj1znev0krvz_AnswerSearch_phase_halfway,pending,2026-08-13 13:25:00.281Z,6a4af8b5c50c45a9
vx3dcsq3yhklenf,2026-08-14 09:17:20.961Z,proposal_remixed,"{""title"": ""Deine Idee wurde geremixt \ud83d\udca1"", ""body"": ""\""Im Material-Chat fragen, wenn jemensch was braucht\"" wurde aus deiner Idee erstellt."", ""data"": {""url"": ""/questions/3o2fj1znev0krvz/proposals/px3acjduduouqz6""}}",rgjhcdyr8kdvxyz_px3acjduduouqz6,actioned,2026-08-14 13:36:21.761Z,216bb226ec191993
h0vwkpmho34fyqy,2026-08-14 09:17:20.965Z,vote_migration,"{""title"": ""Neuer Remix verf\u00fcgbar \ud83c\udf3f"", ""body"": ""Eine neue Version von \""Im Material-Chat fragen, wenn jemensch was braucht\"" ist verf\u00fcgbar. Vergleiche die \u00c4nderungen."", ""data"": {""url"": ""/questions/3o2fj1znev0krvz/proposals/px3acjduduouqz6?action=compare""}}",rgjhcdyr8kdvxyz_px3acjduduouqz6,actioned,2026-08-14 15:49:30.191Z,407be8b01d4ce342
irv7h3j19v4txlp,2026-08-14 09:21:22.303Z,proposal_remixed,"{""title"": ""Deine Idee wurde geremixt \ud83d\udca1"", ""body"": ""\""Eigenes Tool/Excel Sheet f\u00fcr das WG-Netz Material erstellen\"" wurde aus deiner Idee erstellt."", ""data"": {""url"": ""/questions/3o2fj1znev0krvz/proposals/wyx4lc9o5ebp473""}}",i7chbqu0hf4kc4s_wyx4lc9o5ebp473,actioned,2026-08-14 10:31:45.248Z,216bb226ec191993
vgen8dbiehuprt7,2026-08-14 09:25:22.092Z,proposal_remixed,"{""title"": ""Deine Idee wurde geremixt \ud83d\udca1"", ""body"": ""\""Nutzen von pumpipumpe.ch als Datenbank was wo vorhanden ist\"" wurde aus deiner Idee erstellt."", ""data"": {""url"": ""/questions/3o2fj1znev0krvz/proposals/usjpvaq5nnvjl9w""}}",d8last7n0bdbqme_usjpvaq5nnvjl9w,actioned,2026-08-14 13:35:49.312Z,216bb226ec191993
ol8o6cqdmfrx533,2026-08-14 09:25:22.095Z,vote_migration,"{""title"": ""Neuer Remix verf\u00fcgbar \ud83c\udf3f"", ""body"": ""Eine neue Version von \""Nutzen von pumpipumpe.ch als Datenbank was wo vorhanden ist\"" ist verf\u00fcgbar. Vergleiche die \u00c4nderungen."", ""data"": {""url"": ""/questions/3o2fj1znev0krvz/proposals/usjpvaq5nnvjl9w?action=compare""}}",d8last7n0bdbqme_usjpvaq5nnvjl9w,actioned,2026-08-14 15:48:41.923Z,407be8b01d4ce342
r8haggtmvapsule,2026-08-14 09:37:40.881Z,proposal_remixed,"{""title"": ""Deine Idee wurde geremixt \ud83d\udca1"", ""body"": ""\""Solidarit\u00e4tsnetzwerk\"" wurde aus deiner Idee erstellt."", ""data"": {""url"": ""/questions/76q0g006tjtp7gp/proposals/8mnhz0jpnllu7jd""}}",z5ovabzo2syrqbj_8mnhz0jpnllu7jd,actioned,2026-08-14 10:31:41.073Z,216bb226ec191993
bztv25bj4a55qvh,2026-08-14 10:44:09.938Z,proposal_remixed,"{""title"": ""Deine Idee wurde geremixt \ud83d\udca1"", ""body"": ""\""Wo lagern wir was?\"" wurde aus deiner Idee erstellt."", ""data"": {""url"": ""/questions/3o2fj1znev0krvz/proposals/m5vq0q540kenhen""}}",n8luy5w1pc5olz4_m5vq0q540kenhen,actioned,2026-08-14 13:36:18.406Z,216bb226ec191993
p74f81mquytk6qu,2026-08-14 12:15:09.547Z,proposal_remixed,"{""title"": ""Deine Idee wurde geremixt \ud83d\udca1"", ""body"": ""\""Solidarit\u00e4tsnetzwerk\"" wurde aus deiner Idee erstellt."", ""data"": {""url"": ""/questions/76q0g006tjtp7gp/proposals/jm45hx8bajf99lv""}}",yuk7erdsr4l9gbd_jm45hx8bajf99lv,actioned,2026-08-14 13:36:05.484Z,216bb226ec191993
6s44wttt4u55773,2026-08-14 12:15:09.551Z,vote_migration,"{""title"": ""Neuer Remix verf\u00fcgbar \ud83c\udf3f"", ""body"": ""Eine neue Version von \""Solidarit\u00e4tsnetzwerk\"" ist verf\u00fcgbar. Vergleiche die \u00c4nderungen."", ""data"": {""url"": ""/questions/76q0g006tjtp7gp/proposals/jm45hx8bajf99lv?action=compare""}}",yuk7erdsr4l9gbd_jm45hx8bajf99lv,actioned,2026-08-14 15:45:00.978Z,de13859e1d6aea12
xjmdzic73lyx7g0,2026-08-14 12:15:09.554Z,vote_migration,"{""title"": ""Neuer Remix verf\u00fcgbar \ud83c\udf3f"", ""body"": ""Eine neue Version von \""Solidarit\u00e4tsnetzwerk\"" ist verf\u00fcgbar. Vergleiche die \u00c4nderungen."", ""data"": {""url"": ""/questions/76q0g006tjtp7gp/proposals/jm45hx8bajf99lv?action=compare""}}",yuk7erdsr4l9gbd_jm45hx8bajf99lv,actioned,2026-08-14 15:47:50.218Z,407be8b01d4ce342
v4hh7ryk8i8nz5i,2026-08-14 12:26:46.305Z,proposal_remixed,"{""title"": ""Deine Idee wurde geremixt \ud83d\udca1"", ""body"": ""\""Im Material-Chat fragen, wenn jemensch was braucht\"" wurde aus deiner Idee erstellt."", ""data"": {""url"": ""/questions/3o2fj1znev0krvz/proposals/eesc7p17sxod25m""}}",px3acjduduouqz6_eesc7p17sxod25m,actioned,2026-08-18 19:04:43.623Z,35a5f57f8816142e
3mn3r26dhvj1j0f,2026-08-14 13:16:22.826Z,proposal_remixed,"{""title"": ""Deine Idee wurde geremixt \ud83d\udca1"", ""body"": ""\""ausleih.app nutzen\"" wurde aus deiner Idee erstellt."", ""data"": {""url"": ""/questions/3o2fj1znev0krvz/proposals/m0zn817n9g4w07p""}}",2w5teh1hty0mznr_m0zn817n9g4w07p,pending,2026-08-14 13:16:22.826Z,ee5e4e5bfc419bad
4qav5r5lbwfw77y,2026-08-14 13:18:23.474Z,proposal_remixed,"{""title"": ""Deine Idee wurde geremixt \ud83d\udca1"", ""body"": ""\""ausleih.app nutzen\"" wurde aus deiner Idee erstellt."", ""data"": {""url"": ""/questions/3o2fj1znev0krvz/proposals/gjnpljxyyh1y1fv""}}",2w5teh1hty0mznr_gjnpljxyyh1y1fv,pending,2026-08-14 13:18:23.474Z,ee5e4e5bfc419bad
0n4mmi8fb6mjp2q,2026-08-14 13:33:28.779Z,proposal_remixed,"{""title"": ""Deine Idee wurde geremixt \ud83d\udca1"", ""body"": ""\""Wo lagern wir was?\"" wurde aus deiner Idee erstellt."", ""data"": {""url"": ""/questions/3o2fj1znev0krvz/proposals/626n317m1w4j7lo""}}",m5vq0q540kenhen_626n317m1w4j7lo,pending,2026-08-14 13:33:28.779Z,ee5e4e5bfc419bad
p7c0703f7fq07uv,2026-08-14 13:33:55.118Z,proposal_remixed,"{""title"": ""Deine Idee wurde geremixt \ud83d\udca1"", ""body"": ""\""Wo lagern wir was?\"" wurde aus deiner Idee erstellt."", ""data"": {""url"": ""/questions/3o2fj1znev0krvz/proposals/ehi9fzgit9bcjwx""}}",m5vq0q540kenhen_ehi9fzgit9bcjwx,pending,2026-08-14 13:33:55.118Z,ee5e4e5bfc419bad
4emuan557wbcrjb,2026-08-16 14:50:47.973Z,proposal_remixed,"{""title"": ""Deine Idee wurde geremixt \ud83d\udca1"", ""body"": ""\""Wo lagern wir was?\"" wurde aus deiner Idee erstellt."", ""data"": {""url"": ""/questions/3o2fj1znev0krvz/proposals/cu6kgkeod5v8oxj""}}",m5vq0q540kenhen_cu6kgkeod5v8oxj,pending,2026-08-16 14:50:47.973Z,ee5e4e5bfc419bad
w8p2c1ih1ervhwj,2026-08-17 14:56:01.020Z,proposal_remixed,"{""title"": ""Deine Idee wurde geremixt \ud83d\udca1"", ""body"": ""\""Solidarit\u00e4tsnetzwerk\"" wurde aus deiner Idee erstellt."", ""data"": {""url"": ""/questions/76q0g006tjtp7gp/proposals/vixofkl1sb29k6z""}}",jm45hx8bajf99lv_vixofkl1sb29k6z,pending,2026-08-17 14:56:01.020Z,762fef61cd09705e
pj02l7heuia8p2e,2026-08-19 13:25:00.009Z,phase_ending_soon,"{""title"": ""Diskussion endet bald \ud83d\udd14"", ""body"": ""Weniger als 24 Stunden, um zu \u201eWie definieren wir das WG-Netz und ihre Rolle in Winterthur?\"" beizutragen. F\u00fcge jetzt Ideen hinzu oder verbessere sie!"", ""data"": {""url"": ""/questions/76q0g006tjtp7gp/proposals/question""}}",76q0g006tjtp7gp_AnswerSearch_phase_ending_soon,actioned,2026-08-20 13:32:58.785Z,de13859e1d6aea12
azz5bjd425kkx3j,2026-08-19 13:25:00.012Z,phase_ending_soon,"{""title"": ""Diskussion endet bald \ud83d\udd14"", ""body"": ""Weniger als 24 Stunden, um zu \u201eWie definieren wir das WG-Netz und ihre Rolle in Winterthur?\"" beizutragen. F\u00fcge jetzt Ideen hinzu oder verbessere sie!"", ""data"": {""url"": ""/questions/76q0g006tjtp7gp/proposals/question""}}",76q0g006tjtp7gp_AnswerSearch_phase_ending_soon,pending,2026-08-19 13:25:00.012Z,2c2aed88e0c41752
tuy6oxkhvomg0o2,2026-08-19 13:25:00.014Z,phase_ending_soon,"{""title"": ""Diskussion endet bald \ud83d\udd14"", ""body"": ""Weniger als 24 Stunden, um zu \u201eWie definieren wir das WG-Netz und ihre Rolle in Winterthur?\"" beizutragen. F\u00fcge jetzt Ideen hinzu oder verbessere sie!"", ""data"": {""url"": ""/questions/76q0g006tjtp7gp/proposals/question""}}",76q0g006tjtp7gp_AnswerSearch_phase_ending_soon,actioned,2026-08-19 15:23:56.876Z,407be8b01d4ce342
4r21uqznr6quesh,2026-08-19 13:25:00.017Z,phase_ending_soon,"{""title"": ""Diskussion endet bald \ud83d\udd14"", ""body"": ""Weniger als 24 Stunden, um zu \u201eWie definieren wir das WG-Netz und ihre Rolle in Winterthur?\"" beizutragen. F\u00fcge jetzt Ideen hinzu oder verbessere sie!"", ""data"": {""url"": ""/questions/76q0g006tjtp7gp/proposals/question""}}",76q0g006tjtp7gp_AnswerSearch_phase_ending_soon,pending,2026-08-19 13:25:00.017Z,6a6cecc209785885
ujjw62weesjy2bz,2026-08-19 13:25:00.018Z,phase_ending_soon,"{""title"": ""Diskussion endet bald \ud83d\udd14"", ""body"": ""Weniger als 24 Stunden, um zu \u201eWie definieren wir das WG-Netz und ihre Rolle in Winterthur?\"" beizutragen. F\u00fcge jetzt Ideen hinzu oder verbessere sie!"", ""data"": {""url"": ""/questions/76q0g006tjtp7gp/proposals/question""}}",76q0g006tjtp7gp_AnswerSearch_phase_ending_soon,pending,2026-08-19 13:25:00.018Z,216bb226ec191993
2kfbq4ybum6l3s4,2026-08-19 13:25:00.019Z,phase_ending_soon,"{""title"": ""Discussion ending soon \ud83d\udd14"", ""body"": ""Less than 24 hours left to contribute to \""Wie definieren wir das WG-Netz und ihre Rolle in Winterthur?\"". Add or improve ideas now!"", ""data"": {""url"": ""/questions/76q0g006tjtp7gp/proposals/question""}}",76q0g006tjtp7gp_AnswerSearch_phase_ending_soon,pending,2026-08-19 13:25:00.019Z,3e36e627a64bac27
1srlakq1yn7qlx6,2026-08-19 13:25:00.021Z,phase_ending_soon,"{""title"": ""Diskussion endet bald \ud83d\udd14"", ""body"": ""Weniger als 24 Stunden, um zu \u201eWie definieren wir das WG-Netz und ihre Rolle in Winterthur?\"" beizutragen. F\u00fcge jetzt Ideen hinzu oder verbessere sie!"", ""data"": {""url"": ""/questions/76q0g006tjtp7gp/proposals/question""}}",76q0g006tjtp7gp_AnswerSearch_phase_ending_soon,pending,2026-08-19 13:25:00.021Z,6a4af8b5c50c45a9
4wx23mqg15su8n8,2026-08-19 13:25:00.022Z,phase_ending_soon,"{""title"": ""Diskussion endet bald \ud83d\udd14"", ""body"": ""Weniger als 24 Stunden, um zu \u201eWie definieren wir das WG-Netz und ihre Rolle in Winterthur?\"" beizutragen. F\u00fcge jetzt Ideen hinzu oder verbessere sie!"", ""data"": {""url"": ""/questions/76q0g006tjtp7gp/proposals/question""}}",76q0g006tjtp7gp_AnswerSearch_phase_ending_soon,pending,2026-08-19 13:25:00.022Z,35a5f57f8816142e
09eza90u4w8cljm,2026-08-19 13:25:00.023Z,phase_ending_soon,"{""title"": ""Diskussion endet bald \ud83d\udd14"", ""body"": ""Weniger als 24 Stunden, um zu \u201eWie definieren wir das WG-Netz und ihre Rolle in Winterthur?\"" beizutragen. F\u00fcge jetzt Ideen hinzu oder verbessere sie!"", ""data"": {""url"": ""/questions/76q0g006tjtp7gp/proposals/question""}}",76q0g006tjtp7gp_AnswerSearch_phase_ending_soon,pending,2026-08-19 13:25:00.023Z,ee5e4e5bfc419bad
nfkn40sfm7155xh,2026-08-19 13:25:00.024Z,phase_ending_soon,"{""title"": ""Diskussion endet bald \ud83d\udd14"", ""body"": ""Weniger als 24 Stunden, um zu \u201eWie definieren wir das WG-Netz und ihre Rolle in Winterthur?\"" beizutragen. F\u00fcge jetzt Ideen hinzu oder verbessere sie!"", ""data"": {""url"": ""/questions/76q0g006tjtp7gp/proposals/question""}}",76q0g006tjtp7gp_AnswerSearch_phase_ending_soon,pending,2026-08-19 13:25:00.024Z,762fef61cd09705e
ctjurk9oy1dxr1a,2026-08-19 13:25:00.026Z,phase_ending_soon,"{""title"": ""Diskussion endet bald \ud83d\udd14"", ""body"": ""Weniger als 24 Stunden, um zu \u201eWie definieren wir das WG-Netz und ihre Rolle in Winterthur?\"" beizutragen. F\u00fcge jetzt Ideen hinzu oder verbessere sie!"", ""data"": {""url"": ""/questions/76q0g006tjtp7gp/proposals/question""}}",76q0g006tjtp7gp_AnswerSearch_phase_ending_soon,pending,2026-08-19 13:25:00.026Z,b5234477b29af758
b6p5l06pjm844mu,2026-08-19 13:25:00.027Z,phase_ending_soon,"{""title"": ""Diskussion endet bald \ud83d\udd14"", ""body"": ""Weniger als 24 Stunden, um zu \u201eWie definieren wir das WG-Netz und ihre Rolle in Winterthur?\"" beizutragen. F\u00fcge jetzt Ideen hinzu oder verbessere sie!"", ""data"": {""url"": ""/questions/76q0g006tjtp7gp/proposals/question""}}",76q0g006tjtp7gp_AnswerSearch_phase_ending_soon,pending,2026-08-19 13:25:00.027Z,9b6849405eda0dbd
v7a9wp9uz4yxyha,2026-08-19 13:25:00.028Z,phase_ending_soon,"{""title"": ""Diskussion endet bald \ud83d\udd14"", ""body"": ""Weniger als 24 Stunden, um zu \u201eWie definieren wir das WG-Netz und ihre Rolle in Winterthur?\"" beizutragen. F\u00fcge jetzt Ideen hinzu oder verbessere sie!"", ""data"": {""url"": ""/questions/76q0g006tjtp7gp/proposals/question""}}",76q0g006tjtp7gp_AnswerSearch_phase_ending_soon,pending,2026-08-19 13:25:00.028Z,7c575f07d0147059
11ayeoza0dw0faw,2026-08-19 13:25:00.029Z,phase_ending_soon,"{""title"": ""Diskussion endet bald \ud83d\udd14"", ""body"": ""Weniger als 24 Stunden, um zu \u201eWie definieren wir das WG-Netz und ihre Rolle in Winterthur?\"" beizutragen. F\u00fcge jetzt Ideen hinzu oder verbessere sie!"", ""data"": {""url"": ""/questions/76q0g006tjtp7gp/proposals/question""}}",76q0g006tjtp7gp_AnswerSearch_phase_ending_soon,pending,2026-08-19 13:25:00.029Z,4ae21a849ee008e7
ybj3dmsxg9i2sdi,2026-08-19 13:25:00.030Z,phase_ending_soon,"{""title"": ""Discussion ending soon \ud83d\udd14"", ""body"": ""Less than 24 hours left to contribute to \""Wie definieren wir das WG-Netz und ihre Rolle in Winterthur?\"". Add or improve ideas now!"", ""data"": {""url"": ""/questions/76q0g006tjtp7gp/proposals/question""}}",76q0g006tjtp7gp_AnswerSearch_phase_ending_soon,pending,2026-08-19 13:25:00.030Z,a656e6eac2dca9c8
yqjudyyp2cji5u1,2026-08-19 13:25:00.031Z,phase_ending_soon,"{""title"": ""Diskussion endet bald \ud83d\udd14"", ""body"": ""Weniger als 24 Stunden, um zu \u201eWie definieren wir das WG-Netz und ihre Rolle in Winterthur?\"" beizutragen. F\u00fcge jetzt Ideen hinzu oder verbessere sie!"", ""data"": {""url"": ""/questions/76q0g006tjtp7gp/proposals/question""}}",76q0g006tjtp7gp_AnswerSearch_phase_ending_soon,actioned,2026-08-20 10:22:57.718Z,b209c2355deb9852
owy7o0ud6ii1avq,2026-08-19 13:25:00.368Z,phase_ending_soon,"{""title"": ""Diskussion endet bald \ud83d\udd14"", ""body"": ""Weniger als 24 Stunden, um zu \u201eWie k\u00f6nnen wir Material, R\u00e4ume und Ressourcen \u00fcber WGs hinweg effizient teilen und lagern?\"" beizutragen. F\u00fcge jetzt Ideen hinzu oder verbessere sie!"", ""data"": {""url"": ""/questions/3o2fj1znev0krvz/proposals/question""}}",3o2fj1znev0krvz_AnswerSearch_phase_ending_soon,actioned,2026-08-20 12:58:43.793Z,de13859e1d6aea12
jqms7y526he0sjv,2026-08-19 13:25:00.370Z,phase_ending_soon,"{""title"": ""Diskussion endet bald \ud83d\udd14"", ""body"": ""Weniger als 24 Stunden, um zu \u201eWie k\u00f6nnen wir Material, R\u00e4ume und Ressourcen \u00fcber WGs hinweg effizient teilen und lagern?\"" beizutragen. F\u00fcge jetzt Ideen hinzu oder verbessere sie!"", ""data"": {""url"": ""/questions/3o2fj1znev0krvz/proposals/question""}}",3o2fj1znev0krvz_AnswerSearch_phase_ending_soon,pending,2026-08-19 13:25:00.370Z,2c2aed88e0c41752
3w3chv77iitlm4p,2026-08-19 13:25:00.371Z,phase_ending_soon,"{""title"": ""Diskussion endet bald \ud83d\udd14"", ""body"": ""Weniger als 24 Stunden, um zu \u201eWie k\u00f6nnen wir Material, R\u00e4ume und Ressourcen \u00fcber WGs hinweg effizient teilen und lagern?\"" beizutragen. F\u00fcge jetzt Ideen hinzu oder verbessere sie!"", ""data"": {""url"": ""/questions/3o2fj1znev0krvz/proposals/question""}}",3o2fj1znev0krvz_AnswerSearch_phase_ending_soon,actioned,2026-08-19 15:23:44.059Z,407be8b01d4ce342
5302sxkf6aa4du4,2026-08-19 13:25:00.372Z,phase_ending_soon,"{""title"": ""Diskussion endet bald \ud83d\udd14"", ""body"": ""Weniger als 24 Stunden, um zu \u201eWie k\u00f6nnen wir Material, R\u00e4ume und Ressourcen \u00fcber WGs hinweg effizient teilen und lagern?\"" beizutragen. F\u00fcge jetzt Ideen hinzu oder verbessere sie!"", ""data"": {""url"": ""/questions/3o2fj1znev0krvz/proposals/question""}}",3o2fj1znev0krvz_AnswerSearch_phase_ending_soon,pending,2026-08-19 13:25:00.372Z,6a6cecc209785885
tg84c2h2pmieb12,2026-08-19 13:25:00.374Z,phase_ending_soon,"{""title"": ""Diskussion endet bald \ud83d\udd14"", ""body"": ""Weniger als 24 Stunden, um zu \u201eWie k\u00f6nnen wir Material, R\u00e4ume und Ressourcen \u00fcber WGs hinweg effizient teilen und lagern?\"" beizutragen. F\u00fcge jetzt Ideen hinzu oder verbessere sie!"", ""data"": {""url"": ""/questions/3o2fj1znev0krvz/proposals/question""}}",3o2fj1znev0krvz_AnswerSearch_phase_ending_soon,pending,2026-08-19 13:25:00.374Z,216bb226ec191993
s0pq9ub48v2ouqy,2026-08-19 13:25:00.375Z,phase_ending_soon,"{""title"": ""Discussion ending soon \ud83d\udd14"", ""body"": ""Less than 24 hours left to contribute to \""Wie k\u00f6nnen wir Material, R\u00e4ume und Ressourcen \u00fcber WGs hinweg effizient teilen und lagern?\"". Add or improve ideas now!"", ""data"": {""url"": ""/questions/3o2fj1znev0krvz/proposals/question""}}",3o2fj1znev0krvz_AnswerSearch_phase_ending_soon,pending,2026-08-19 13:25:00.375Z,3e36e627a64bac27
flvgmmcw5n97kmr,2026-08-19 13:25:00.376Z,phase_ending_soon,"{""title"": ""Diskussion endet bald \ud83d\udd14"", ""body"": ""Weniger als 24 Stunden, um zu \u201eWie k\u00f6nnen wir Material, R\u00e4ume und Ressourcen \u00fcber WGs hinweg effizient teilen und lagern?\"" beizutragen. F\u00fcge jetzt Ideen hinzu oder verbessere sie!"", ""data"": {""url"": ""/questions/3o2fj1znev0krvz/proposals/question""}}",3o2fj1znev0krvz_AnswerSearch_phase_ending_soon,pending,2026-08-19 13:25:00.376Z,6a4af8b5c50c45a9
8v1ksj1tlpn18dn,2026-08-19 13:25:00.377Z,phase_ending_soon,"{""title"": ""Diskussion endet bald \ud83d\udd14"", ""body"": ""Weniger als 24 Stunden, um zu \u201eWie k\u00f6nnen wir Material, R\u00e4ume und Ressourcen \u00fcber WGs hinweg effizient teilen und lagern?\"" beizutragen. F\u00fcge jetzt Ideen hinzu oder verbessere sie!"", ""data"": {""url"": ""/questions/3o2fj1znev0krvz/proposals/question""}}",3o2fj1znev0krvz_AnswerSearch_phase_ending_soon,pending,2026-08-19 13:25:00.377Z,35a5f57f8816142e
6n1ziu9mge886o0,2026-08-19 13:25:00.379Z,phase_ending_soon,"{""title"": ""Diskussion endet bald \ud83d\udd14"", ""body"": ""Weniger als 24 Stunden, um zu \u201eWie k\u00f6nnen wir Material, R\u00e4ume und Ressourcen \u00fcber WGs hinweg effizient teilen und lagern?\"" beizutragen. F\u00fcge jetzt Ideen hinzu oder verbessere sie!"", ""data"": {""url"": ""/questions/3o2fj1znev0krvz/proposals/question""}}",3o2fj1znev0krvz_AnswerSearch_phase_ending_soon,pending,2026-08-19 13:25:00.379Z,ee5e4e5bfc419bad
24wgo8p9aaf1g7u,2026-08-19 13:25:00.380Z,phase_ending_soon,"{""title"": ""Diskussion endet bald \ud83d\udd14"", ""body"": ""Weniger als 24 Stunden, um zu \u201eWie k\u00f6nnen wir Material, R\u00e4ume und Ressourcen \u00fcber WGs hinweg effizient teilen und lagern?\"" beizutragen. F\u00fcge jetzt Ideen hinzu oder verbessere sie!"", ""data"": {""url"": ""/questions/3o2fj1znev0krvz/proposals/question""}}",3o2fj1znev0krvz_AnswerSearch_phase_ending_soon,pending,2026-08-19 13:25:00.380Z,762fef61cd09705e
pf3k8j9xkjor9r0,2026-08-19 13:25:00.381Z,phase_ending_soon,"{""title"": ""Diskussion endet bald \ud83d\udd14"", ""body"": ""Weniger als 24 Stunden, um zu \u201eWie k\u00f6nnen wir Material, R\u00e4ume und Ressourcen \u00fcber WGs hinweg effizient teilen und lagern?\"" beizutragen. F\u00fcge jetzt Ideen hinzu oder verbessere sie!"", ""data"": {""url"": ""/questions/3o2fj1znev0krvz/proposals/question""}}",3o2fj1znev0krvz_AnswerSearch_phase_ending_soon,pending,2026-08-19 13:25:00.381Z,b5234477b29af758
myyfotcobucjhw6,2026-08-19 13:25:00.382Z,phase_ending_soon,"{""title"": ""Diskussion endet bald \ud83d\udd14"", ""body"": ""Weniger als 24 Stunden, um zu \u201eWie k\u00f6nnen wir Material, R\u00e4ume und Ressourcen \u00fcber WGs hinweg effizient teilen und lagern?\"" beizutragen. F\u00fcge jetzt Ideen hinzu oder verbessere sie!"", ""data"": {""url"": ""/questions/3o2fj1znev0krvz/proposals/question""}}",3o2fj1znev0krvz_AnswerSearch_phase_ending_soon,pending,2026-08-19 13:25:00.382Z,9b6849405eda0dbd
35x8rtbzyeod4ov,2026-08-19 13:25:00.383Z,phase_ending_soon,"{""title"": ""Diskussion endet bald \ud83d\udd14"", ""body"": ""Weniger als 24 Stunden, um zu \u201eWie k\u00f6nnen wir Material, R\u00e4ume und Ressourcen \u00fcber WGs hinweg effizient teilen und lagern?\"" beizutragen. F\u00fcge jetzt Ideen hinzu oder verbessere sie!"", ""data"": {""url"": ""/questions/3o2fj1znev0krvz/proposals/question""}}",3o2fj1znev0krvz_AnswerSearch_phase_ending_soon,pending,2026-08-19 13:25:00.383Z,7c575f07d0147059
4gh2fpqopbbwb4z,2026-08-19 13:25:00.383Z,phase_ending_soon,"{""title"": ""Diskussion endet bald \ud83d\udd14"", ""body"": ""Weniger als 24 Stunden, um zu \u201eWie k\u00f6nnen wir Material, R\u00e4ume und Ressourcen \u00fcber WGs hinweg effizient teilen und lagern?\"" beizutragen. F\u00fcge jetzt Ideen hinzu oder verbessere sie!"", ""data"": {""url"": ""/questions/3o2fj1znev0krvz/proposals/question""}}",3o2fj1znev0krvz_AnswerSearch_phase_ending_soon,pending,2026-08-19 13:25:00.383Z,4ae21a849ee008e7
j2720awvf9nxzt4,2026-08-19 13:25:00.384Z,phase_ending_soon,"{""title"": ""Discussion ending soon \ud83d\udd14"", ""body"": ""Less than 24 hours left to contribute to \""Wie k\u00f6nnen wir Material, R\u00e4ume und Ressourcen \u00fcber WGs hinweg effizient teilen und lagern?\"". Add or improve ideas now!"", ""data"": {""url"": ""/questions/3o2fj1znev0krvz/proposals/question""}}",3o2fj1znev0krvz_AnswerSearch_phase_ending_soon,pending,2026-08-19 13:25:00.384Z,a656e6eac2dca9c8
p0hsihofi7y6jbw,2026-08-19 13:25:00.385Z,phase_ending_soon,"{""title"": ""Diskussion endet bald \ud83d\udd14"", ""body"": ""Weniger als 24 Stunden, um zu \u201eWie k\u00f6nnen wir Material, R\u00e4ume und Ressourcen \u00fcber WGs hinweg effizient teilen und lagern?\"" beizutragen. F\u00fcge jetzt Ideen hinzu oder verbessere sie!"", ""data"": {""url"": ""/questions/3o2fj1znev0krvz/proposals/question""}}",3o2fj1znev0krvz_AnswerSearch_phase_ending_soon,actioned,2026-08-20 06:56:24.251Z,b209c2355deb9852
w5av4g1imhq6gxu,2026-08-20 11:03:34.478Z,vote_migration,"{""title"": ""Neuer Remix verf\u00fcgbar \ud83c\udf3f"", ""body"": ""Eine neue Version von \""Material AG Verwaltet Erfassung von Orten und Mat\"" ist verf\u00fcgbar. Vergleiche die \u00c4nderungen."", ""data"": {""url"": ""/questions/3o2fj1znev0krvz/proposals/35vcx46mtetnk82?action=compare""}}",y9eb6fxeu3zpepy_35vcx46mtetnk82,pending,2026-08-20 11:03:34.478Z,cc3304ea9b75a00f
6qqn509mnwh16v1,2026-08-20 12:54:07.542Z,proposal_remixed,"{""title"": ""Deine Idee wurde geremixt \ud83d\udca1"", ""body"": ""\""Solidarit\u00e4tsnetzwerk\"" wurde aus deiner Idee erstellt."", ""data"": {""url"": ""/questions/76q0g006tjtp7gp/proposals/bjld89h7ylwkjsy""}}",vixofkl1sb29k6z_bjld89h7ylwkjsy,pending,2026-08-20 12:54:07.542Z,216bb226ec191993
57bpucggotng9pd,2026-08-20 12:54:07.547Z,vote_migration,"{""title"": ""Neuer Remix verf\u00fcgbar \ud83c\udf3f"", ""body"": ""Eine neue Version von \""Solidarit\u00e4tsnetzwerk\"" ist verf\u00fcgbar. Vergleiche die \u00c4nderungen."", ""data"": {""url"": ""/questions/76q0g006tjtp7gp/proposals/bjld89h7ylwkjsy?action=compare""}}",vixofkl1sb29k6z_bjld89h7ylwkjsy,actioned,2026-08-20 13:36:23.709Z,407be8b01d4ce342
4f7arxgyqk3gl6g,2026-08-20 13:22:00.009Z,phase_change,"{""title"": ""Bald geschlossen \u23f3"", ""body"": ""\""Wie definieren wir das WG-Netz und ihre Rolle in Winterthur?\"" geht in die Abschlussphase. Lege deine Unterst\u00fctzung fest."", ""data"": {""url"": ""/questions/76q0g006tjtp7gp/proposals/question""}}",76q0g006tjtp7gp_Closing,dismissed,2026-08-23 14:22:04.422Z,de13859e1d6aea12
txqawvkedt47kb8,2026-08-20 13:22:00.011Z,phase_change,"{""title"": ""Bald geschlossen \u23f3"", ""body"": ""\""Wie definieren wir das WG-Netz und ihre Rolle in Winterthur?\"" geht in die Abschlussphase. Lege deine Unterst\u00fctzung fest."", ""data"": {""url"": ""/questions/76q0g006tjtp7gp/proposals/question""}}",76q0g006tjtp7gp_Closing,pending,2026-08-20 13:22:00.011Z,2c2aed88e0c41752
u0jz7a4lydf4tda,2026-08-20 13:22:00.012Z,phase_change,"{""title"": ""Bald geschlossen \u23f3"", ""body"": ""\""Wie definieren wir das WG-Netz und ihre Rolle in Winterthur?\"" geht in die Abschlussphase. Lege deine Unterst\u00fctzung fest."", ""data"": {""url"": ""/questions/76q0g006tjtp7gp/proposals/question""}}",76q0g006tjtp7gp_Closing,actioned,2026-08-20 13:41:42.492Z,407be8b01d4ce342
td6wto0r20k9r6e,2026-08-20 13:22:00.014Z,phase_change,"{""title"": ""Bald geschlossen \u23f3"", ""body"": ""\""Wie definieren wir das WG-Netz und ihre Rolle in Winterthur?\"" geht in die Abschlussphase. Lege deine Unterst\u00fctzung fest."", ""data"": {""url"": ""/questions/76q0g006tjtp7gp/proposals/question""}}",76q0g006tjtp7gp_Closing,pending,2026-08-20 13:22:00.014Z,6a6cecc209785885
lztmzw2qza5o2gn,2026-08-20 13:22:00.015Z,phase_change,"{""title"": ""Bald geschlossen \u23f3"", ""body"": ""\""Wie definieren wir das WG-Netz und ihre Rolle in Winterthur?\"" geht in die Abschlussphase. Lege deine Unterst\u00fctzung fest."", ""data"": {""url"": ""/questions/76q0g006tjtp7gp/proposals/question""}}",76q0g006tjtp7gp_Closing,pending,2026-08-20 13:22:00.015Z,216bb226ec191993
tzsh37pkqc5u2vr,2026-08-20 13:22:00.016Z,phase_change,"{""title"": ""Closing soon \u23f3"", ""body"": ""\""Wie definieren wir das WG-Netz und ihre Rolle in Winterthur?\"" is entering the closing window. Finalize your support."", ""data"": {""url"": ""/questions/76q0g006tjtp7gp/proposals/question""}}",76q0g006tjtp7gp_Closing,pending,2026-08-20 13:22:00.016Z,3e36e627a64bac27
n7dnh6mny5x5q20,2026-08-20 13:22:00.017Z,phase_change,"{""title"": ""Bald geschlossen \u23f3"", ""body"": ""\""Wie definieren wir das WG-Netz und ihre Rolle in Winterthur?\"" geht in die Abschlussphase. Lege deine Unterst\u00fctzung fest."", ""data"": {""url"": ""/questions/76q0g006tjtp7gp/proposals/question""}}",76q0g006tjtp7gp_Closing,pending,2026-08-20 13:22:00.017Z,6a4af8b5c50c45a9
223khjijvc04yjw,2026-08-20 13:22:00.018Z,phase_change,"{""title"": ""Bald geschlossen \u23f3"", ""body"": ""\""Wie definieren wir das WG-Netz und ihre Rolle in Winterthur?\"" geht in die Abschlussphase. Lege deine Unterst\u00fctzung fest."", ""data"": {""url"": ""/questions/76q0g006tjtp7gp/proposals/question""}}",76q0g006tjtp7gp_Closing,pending,2026-08-20 13:22:00.018Z,35a5f57f8816142e
9p8hhv3kgqo1u1p,2026-08-20 13:22:00.020Z,phase_change,"{""title"": ""Bald geschlossen \u23f3"", ""body"": ""\""Wie definieren wir das WG-Netz und ihre Rolle in Winterthur?\"" geht in die Abschlussphase. Lege deine Unterst\u00fctzung fest."", ""data"": {""url"": ""/questions/76q0g006tjtp7gp/proposals/question""}}",76q0g006tjtp7gp_Closing,pending,2026-08-20 13:22:00.020Z,ee5e4e5bfc419bad
x2lfwbmyshj5m2l,2026-08-20 13:22:00.021Z,phase_change,"{""title"": ""Bald geschlossen \u23f3"", ""body"": ""\""Wie definieren wir das WG-Netz und ihre Rolle in Winterthur?\"" geht in die Abschlussphase. Lege deine Unterst\u00fctzung fest."", ""data"": {""url"": ""/questions/76q0g006tjtp7gp/proposals/question""}}",76q0g006tjtp7gp_Closing,pending,2026-08-20 13:22:00.021Z,762fef61cd09705e
1ai94pfzulwod9z,2026-08-20 13:22:00.022Z,phase_change,"{""title"": ""Bald geschlossen \u23f3"", ""body"": ""\""Wie definieren wir das WG-Netz und ihre Rolle in Winterthur?\"" geht in die Abschlussphase. Lege deine Unterst\u00fctzung fest."", ""data"": {""url"": ""/questions/76q0g006tjtp7gp/proposals/question""}}",76q0g006tjtp7gp_Closing,pending,2026-08-20 13:22:00.022Z,b5234477b29af758
q1034tr8v68r4wx,2026-08-20 13:22:00.023Z,phase_change,"{""title"": ""Bald geschlossen \u23f3"", ""body"": ""\""Wie definieren wir das WG-Netz und ihre Rolle in Winterthur?\"" geht in die Abschlussphase. Lege deine Unterst\u00fctzung fest."", ""data"": {""url"": ""/questions/76q0g006tjtp7gp/proposals/question""}}",76q0g006tjtp7gp_Closing,pending,2026-08-20 13:22:00.023Z,9b6849405eda0dbd
ii4bq58pjjnfqd9,2026-08-20 13:22:00.024Z,phase_change,"{""title"": ""Bald geschlossen \u23f3"", ""body"": ""\""Wie definieren wir das WG-Netz und ihre Rolle in Winterthur?\"" geht in die Abschlussphase. Lege deine Unterst\u00fctzung fest."", ""data"": {""url"": ""/questions/76q0g006tjtp7gp/proposals/question""}}",76q0g006tjtp7gp_Closing,pending,2026-08-20 13:22:00.024Z,7c575f07d0147059
h4pzbagt9r7x806,2026-08-20 13:22:00.025Z,phase_change,"{""title"": ""Bald geschlossen \u23f3"", ""body"": ""\""Wie definieren wir das WG-Netz und ihre Rolle in Winterthur?\"" geht in die Abschlussphase. Lege deine Unterst\u00fctzung fest."", ""data"": {""url"": ""/questions/76q0g006tjtp7gp/proposals/question""}}",76q0g006tjtp7gp_Closing,pending,2026-08-20 13:22:00.025Z,4ae21a849ee008e7
c8kkjbvpovnkpmg,2026-08-20 13:22:00.026Z,phase_change,"{""title"": ""Closing soon \u23f3"", ""body"": ""\""Wie definieren wir das WG-Netz und ihre Rolle in Winterthur?\"" is entering the closing window. Finalize your support."", ""data"": {""url"": ""/questions/76q0g006tjtp7gp/proposals/question""}}",76q0g006tjtp7gp_Closing,pending,2026-08-20 13:22:00.026Z,a656e6eac2dca9c8
mftkmgs0dhq6bi9,2026-08-20 13:22:00.026Z,phase_change,"{""title"": ""Bald geschlossen \u23f3"", ""body"": ""\""Wie definieren wir das WG-Netz und ihre Rolle in Winterthur?\"" geht in die Abschlussphase. Lege deine Unterst\u00fctzung fest."", ""data"": {""url"": ""/questions/76q0g006tjtp7gp/proposals/question""}}",76q0g006tjtp7gp_Closing,pending,2026-08-20 13:22:00.026Z,b209c2355deb9852
rzizlg64awn7wqn,2026-08-20 13:22:00.027Z,phase_change,"{""title"": ""Bald geschlossen \u23f3"", ""body"": ""\""Wie definieren wir das WG-Netz und ihre Rolle in Winterthur?\"" geht in die Abschlussphase. Lege deine Unterst\u00fctzung fest."", ""data"": {""url"": ""/questions/76q0g006tjtp7gp/proposals/question""}}",76q0g006tjtp7gp_Closing,pending,2026-08-20 13:22:00.027Z,cc3304ea9b75a00f
luh0fxz7njeboot,2026-08-20 13:22:00.356Z,phase_change,"{""title"": ""Bald geschlossen \u23f3"", ""body"": ""\""Wie k\u00f6nnen wir Material, R\u00e4ume und Ressourcen \u00fcber WGs hinweg effizient teilen und lagern?\"" geht in die Abschlussphase. Lege deine Unterst\u00fctzung fest."", ""data"": {""url"": ""/questions/3o2fj1znev0krvz/proposals/question""}}",3o2fj1znev0krvz_Closing,dismissed,2026-08-23 14:22:04.259Z,de13859e1d6aea12
237xhtz6qtqwqub,2026-08-20 13:22:00.357Z,phase_change,"{""title"": ""Bald geschlossen \u23f3"", ""body"": ""\""Wie k\u00f6nnen wir Material, R\u00e4ume und Ressourcen \u00fcber WGs hinweg effizient teilen und lagern?\"" geht in die Abschlussphase. Lege deine Unterst\u00fctzung fest."", ""data"": {""url"": ""/questions/3o2fj1znev0krvz/proposals/question""}}",3o2fj1znev0krvz_Closing,pending,2026-08-20 13:22:00.357Z,2c2aed88e0c41752
wonc85uf9veqq3i,2026-08-20 13:22:00.358Z,phase_change,"{""title"": ""Bald geschlossen \u23f3"", ""body"": ""\""Wie k\u00f6nnen wir Material, R\u00e4ume und Ressourcen \u00fcber WGs hinweg effizient teilen und lagern?\"" geht in die Abschlussphase. Lege deine Unterst\u00fctzung fest."", ""data"": {""url"": ""/questions/3o2fj1znev0krvz/proposals/question""}}",3o2fj1znev0krvz_Closing,actioned,2026-08-20 13:36:47.826Z,407be8b01d4ce342
hdblc75ctgxxa0a,2026-08-20 13:22:00.359Z,phase_change,"{""title"": ""Bald geschlossen \u23f3"", ""body"": ""\""Wie k\u00f6nnen wir Material, R\u00e4ume und Ressourcen \u00fcber WGs hinweg effizient teilen und lagern?\"" geht in die Abschlussphase. Lege deine Unterst\u00fctzung fest."", ""data"": {""url"": ""/questions/3o2fj1znev0krvz/proposals/question""}}",3o2fj1znev0krvz_Closing,pending,2026-08-20 13:22:00.359Z,6a6cecc209785885
htc5vpzy95vf7z3,2026-08-20 13:22:00.360Z,phase_change,"{""title"": ""Bald geschlossen \u23f3"", ""body"": ""\""Wie k\u00f6nnen wir Material, R\u00e4ume und Ressourcen \u00fcber WGs hinweg effizient teilen und lagern?\"" geht in die Abschlussphase. Lege deine Unterst\u00fctzung fest."", ""data"": {""url"": ""/questions/3o2fj1znev0krvz/proposals/question""}}",3o2fj1znev0krvz_Closing,pending,2026-08-20 13:22:00.360Z,216bb226ec191993
i590uchmjiqwify,2026-08-20 13:22:00.360Z,phase_change,"{""title"": ""Closing soon \u23f3"", ""body"": ""\""Wie k\u00f6nnen wir Material, R\u00e4ume und Ressourcen \u00fcber WGs hinweg effizient teilen und lagern?\"" is entering the closing window. Finalize your support."", ""data"": {""url"": ""/questions/3o2fj1znev0krvz/proposals/question""}}",3o2fj1znev0krvz_Closing,pending,2026-08-20 13:22:00.360Z,3e36e627a64bac27
qxs36c4cs88uzwu,2026-08-20 13:22:00.361Z,phase_change,"{""title"": ""Bald geschlossen \u23f3"", ""body"": ""\""Wie k\u00f6nnen wir Material, R\u00e4ume und Ressourcen \u00fcber WGs hinweg effizient teilen und lagern?\"" geht in die Abschlussphase. Lege deine Unterst\u00fctzung fest."", ""data"": {""url"": ""/questions/3o2fj1znev0krvz/proposals/question""}}",3o2fj1znev0krvz_Closing,pending,2026-08-20 13:22:00.361Z,6a4af8b5c50c45a9
egi1mj4g7ve2z66,2026-08-20 13:22:00.362Z,phase_change,"{""title"": ""Bald geschlossen \u23f3"", ""body"": ""\""Wie k\u00f6nnen wir Material, R\u00e4ume und Ressourcen \u00fcber WGs hinweg effizient teilen und lagern?\"" geht in die Abschlussphase. Lege deine Unterst\u00fctzung fest."", ""data"": {""url"": ""/questions/3o2fj1znev0krvz/proposals/question""}}",3o2fj1znev0krvz_Closing,pending,2026-08-20 13:22:00.362Z,35a5f57f8816142e
bdmdsagq1d5gcf7,2026-08-20 13:22:00.363Z,phase_change,"{""title"": ""Bald geschlossen \u23f3"", ""body"": ""\""Wie k\u00f6nnen wir Material, R\u00e4ume und Ressourcen \u00fcber WGs hinweg effizient teilen und lagern?\"" geht in die Abschlussphase. Lege deine Unterst\u00fctzung fest."", ""data"": {""url"": ""/questions/3o2fj1znev0krvz/proposals/question""}}",3o2fj1znev0krvz_Closing,pending,2026-08-20 13:22:00.363Z,ee5e4e5bfc419bad
8bu4uh3ipw9dm6w,2026-08-20 13:22:00.364Z,phase_change,"{""title"": ""Bald geschlossen \u23f3"", ""body"": ""\""Wie k\u00f6nnen wir Material, R\u00e4ume und Ressourcen \u00fcber WGs hinweg effizient teilen und lagern?\"" geht in die Abschlussphase. Lege deine Unterst\u00fctzung fest."", ""data"": {""url"": ""/questions/3o2fj1znev0krvz/proposals/question""}}",3o2fj1znev0krvz_Closing,pending,2026-08-20 13:22:00.364Z,762fef61cd09705e
38dqwy5j36i60bv,2026-08-20 13:22:00.364Z,phase_change,"{""title"": ""Bald geschlossen \u23f3"", ""body"": ""\""Wie k\u00f6nnen wir Material, R\u00e4ume und Ressourcen \u00fcber WGs hinweg effizient teilen und lagern?\"" geht in die Abschlussphase. Lege deine Unterst\u00fctzung fest."", ""data"": {""url"": ""/questions/3o2fj1znev0krvz/proposals/question""}}",3o2fj1znev0krvz_Closing,pending,2026-08-20 13:22:00.364Z,b5234477b29af758
4e9q7abdw233fag,2026-08-20 13:22:00.365Z,phase_change,"{""title"": ""Bald geschlossen \u23f3"", ""body"": ""\""Wie k\u00f6nnen wir Material, R\u00e4ume und Ressourcen \u00fcber WGs hinweg effizient teilen und lagern?\"" geht in die Abschlussphase. Lege deine Unterst\u00fctzung fest."", ""data"": {""url"": ""/questions/3o2fj1znev0krvz/proposals/question""}}",3o2fj1znev0krvz_Closing,pending,2026-08-20 13:22:00.365Z,9b6849405eda0dbd
hswjb8a9d2q6uor,2026-08-20 13:22:00.366Z,phase_change,"{""title"": ""Bald geschlossen \u23f3"", ""body"": ""\""Wie k\u00f6nnen wir Material, R\u00e4ume und Ressourcen \u00fcber WGs hinweg effizient teilen und lagern?\"" geht in die Abschlussphase. Lege deine Unterst\u00fctzung fest."", ""data"": {""url"": ""/questions/3o2fj1znev0krvz/proposals/question""}}",3o2fj1znev0krvz_Closing,pending,2026-08-20 13:22:00.366Z,7c575f07d0147059
tax3le0ixifdf8k,2026-08-20 13:22:00.366Z,phase_change,"{""title"": ""Bald geschlossen \u23f3"", ""body"": ""\""Wie k\u00f6nnen wir Material, R\u00e4ume und Ressourcen \u00fcber WGs hinweg effizient teilen und lagern?\"" geht in die Abschlussphase. Lege deine Unterst\u00fctzung fest."", ""data"": {""url"": ""/questions/3o2fj1znev0krvz/proposals/question""}}",3o2fj1znev0krvz_Closing,pending,2026-08-20 13:22:00.366Z,4ae21a849ee008e7
vzy6pn35sjir1r4,2026-08-20 13:22:00.367Z,phase_change,"{""title"": ""Closing soon \u23f3"", ""body"": ""\""Wie k\u00f6nnen wir Material, R\u00e4ume und Ressourcen \u00fcber WGs hinweg effizient teilen und lagern?\"" is entering the closing window. Finalize your support."", ""data"": {""url"": ""/questions/3o2fj1znev0krvz/proposals/question""}}",3o2fj1znev0krvz_Closing,pending,2026-08-20 13:22:00.367Z,a656e6eac2dca9c8
ytvyaui88gw7wqd,2026-08-20 13:22:00.368Z,phase_change,"{""title"": ""Bald geschlossen \u23f3"", ""body"": ""\""Wie k\u00f6nnen wir Material, R\u00e4ume und Ressourcen \u00fcber WGs hinweg effizient teilen und lagern?\"" geht in die Abschlussphase. Lege deine Unterst\u00fctzung fest."", ""data"": {""url"": ""/questions/3o2fj1znev0krvz/proposals/question""}}",3o2fj1znev0krvz_Closing,pending,2026-08-20 13:22:00.368Z,b209c2355deb9852
8ja32toywvy6qwd,2026-08-20 13:22:00.369Z,phase_change,"{""title"": ""Bald geschlossen \u23f3"", ""body"": ""\""Wie k\u00f6nnen wir Material, R\u00e4ume und Ressourcen \u00fcber WGs hinweg effizient teilen und lagern?\"" geht in die Abschlussphase. Lege deine Unterst\u00fctzung fest."", ""data"": {""url"": ""/questions/3o2fj1znev0krvz/proposals/question""}}",3o2fj1znev0krvz_Closing,pending,2026-08-20 13:22:00.369Z,cc3304ea9b75a00f
yki7kjzxfnd4q8n,2026-08-21 13:25:00.012Z,phase_halfway,"{""title"": ""Abschlussphase zur H\u00e4lfte \u23f0"", ""body"": ""Die Abschlussphase f\u00fcr \u201eWie definieren wir das WG-Netz und ihre Rolle in Winterthur?\"" ist zur H\u00e4lfte vorbei. Lege jetzt deine Unterst\u00fctzung fest!"", ""data"": {""url"": ""/questions/76q0g006tjtp7gp/proposals/question""}}",76q0g006tjtp7gp_Closing_phase_halfway,dismissed,2026-08-23 14:22:03.900Z,de13859e1d6aea12
x0ap70oi8agh9gd,2026-08-21 13:25:00.014Z,phase_halfway,"{""title"": ""Abschlussphase zur H\u00e4lfte \u23f0"", ""body"": ""Die Abschlussphase f\u00fcr \u201eWie definieren wir das WG-Netz und ihre Rolle in Winterthur?\"" ist zur H\u00e4lfte vorbei. Lege jetzt deine Unterst\u00fctzung fest!"", ""data"": {""url"": ""/questions/76q0g006tjtp7gp/proposals/question""}}",76q0g006tjtp7gp_Closing_phase_halfway,pending,2026-08-21 13:25:00.014Z,2c2aed88e0c41752
086tnlnu8aurisg,2026-08-21 13:25:00.015Z,phase_halfway,"{""title"": ""Abschlussphase zur H\u00e4lfte \u23f0"", ""body"": ""Die Abschlussphase f\u00fcr \u201eWie definieren wir das WG-Netz und ihre Rolle in Winterthur?\"" ist zur H\u00e4lfte vorbei. Lege jetzt deine Unterst\u00fctzung fest!"", ""data"": {""url"": ""/questions/76q0g006tjtp7gp/proposals/question""}}",76q0g006tjtp7gp_Closing_phase_halfway,actioned,2026-08-21 23:23:55.294Z,407be8b01d4ce342
43060jheklgap6m,2026-08-21 13:25:00.018Z,phase_halfway,"{""title"": ""Abschlussphase zur H\u00e4lfte \u23f0"", ""body"": ""Die Abschlussphase f\u00fcr \u201eWie definieren wir das WG-Netz und ihre Rolle in Winterthur?\"" ist zur H\u00e4lfte vorbei. Lege jetzt deine Unterst\u00fctzung fest!"", ""data"": {""url"": ""/questions/76q0g006tjtp7gp/proposals/question""}}",76q0g006tjtp7gp_Closing_phase_halfway,pending,2026-08-21 13:25:00.018Z,6a6cecc209785885
jx32eo9s4aje5bc,2026-08-21 13:25:00.019Z,phase_halfway,"{""title"": ""Abschlussphase zur H\u00e4lfte \u23f0"", ""body"": ""Die Abschlussphase f\u00fcr \u201eWie definieren wir das WG-Netz und ihre Rolle in Winterthur?\"" ist zur H\u00e4lfte vorbei. Lege jetzt deine Unterst\u00fctzung fest!"", ""data"": {""url"": ""/questions/76q0g006tjtp7gp/proposals/question""}}",76q0g006tjtp7gp_Closing_phase_halfway,pending,2026-08-21 13:25:00.019Z,216bb226ec191993
16mdxzbgrkc8yih,2026-08-21 13:25:00.021Z,phase_halfway,"{""title"": ""Closing window half over \u23f0"", ""body"": ""The closing window for \""Wie definieren wir das WG-Netz und ihre Rolle in Winterthur?\"" is half over. Finalize your support now!"", ""data"": {""url"": ""/questions/76q0g006tjtp7gp/proposals/question""}}",76q0g006tjtp7gp_Closing_phase_halfway,pending,2026-08-21 13:25:00.021Z,3e36e627a64bac27
dmgwu2fmyum837y,2026-08-21 13:25:00.023Z,phase_halfway,"{""title"": ""Abschlussphase zur H\u00e4lfte \u23f0"", ""body"": ""Die Abschlussphase f\u00fcr \u201eWie definieren wir das WG-Netz und ihre Rolle in Winterthur?\"" ist zur H\u00e4lfte vorbei. Lege jetzt deine Unterst\u00fctzung fest!"", ""data"": {""url"": ""/questions/76q0g006tjtp7gp/proposals/question""}}",76q0g006tjtp7gp_Closing_phase_halfway,pending,2026-08-21 13:25:00.023Z,6a4af8b5c50c45a9
srfeb3wgaxnk8d0,2026-08-21 13:25:00.025Z,phase_halfway,"{""title"": ""Abschlussphase zur H\u00e4lfte \u23f0"", ""body"": ""Die Abschlussphase f\u00fcr \u201eWie definieren wir das WG-Netz und ihre Rolle in Winterthur?\"" ist zur H\u00e4lfte vorbei. Lege jetzt deine Unterst\u00fctzung fest!"", ""data"": {""url"": ""/questions/76q0g006tjtp7gp/proposals/question""}}",76q0g006tjtp7gp_Closing_phase_halfway,pending,2026-08-21 13:25:00.025Z,35a5f57f8816142e
r63ru9e8gaph8m7,2026-08-21 13:25:00.027Z,phase_halfway,"{""title"": ""Abschlussphase zur H\u00e4lfte \u23f0"", ""body"": ""Die Abschlussphase f\u00fcr \u201eWie definieren wir das WG-Netz und ihre Rolle in Winterthur?\"" ist zur H\u00e4lfte vorbei. Lege jetzt deine Unterst\u00fctzung fest!"", ""data"": {""url"": ""/questions/76q0g006tjtp7gp/proposals/question""}}",76q0g006tjtp7gp_Closing_phase_halfway,pending,2026-08-21 13:25:00.027Z,ee5e4e5bfc419bad
kcz2345rb3hdgsm,2026-08-21 13:25:00.028Z,phase_halfway,"{""title"": ""Abschlussphase zur H\u00e4lfte \u23f0"", ""body"": ""Die Abschlussphase f\u00fcr \u201eWie definieren wir das WG-Netz und ihre Rolle in Winterthur?\"" ist zur H\u00e4lfte vorbei. Lege jetzt deine Unterst\u00fctzung fest!"", ""data"": {""url"": ""/questions/76q0g006tjtp7gp/proposals/question""}}",76q0g006tjtp7gp_Closing_phase_halfway,pending,2026-08-21 13:25:00.028Z,762fef61cd09705e
ls99unedjeasoup,2026-08-21 13:25:00.029Z,phase_halfway,"{""title"": ""Abschlussphase zur H\u00e4lfte \u23f0"", ""body"": ""Die Abschlussphase f\u00fcr \u201eWie definieren wir das WG-Netz und ihre Rolle in Winterthur?\"" ist zur H\u00e4lfte vorbei. Lege jetzt deine Unterst\u00fctzung fest!"", ""data"": {""url"": ""/questions/76q0g006tjtp7gp/proposals/question""}}",76q0g006tjtp7gp_Closing_phase_halfway,pending,2026-08-21 13:25:00.029Z,b5234477b29af758
ofsa8sy6onbyssi,2026-08-21 13:25:00.031Z,phase_halfway,"{""title"": ""Abschlussphase zur H\u00e4lfte \u23f0"", ""body"": ""Die Abschlussphase f\u00fcr \u201eWie definieren wir das WG-Netz und ihre Rolle in Winterthur?\"" ist zur H\u00e4lfte vorbei. Lege jetzt deine Unterst\u00fctzung fest!"", ""data"": {""url"": ""/questions/76q0g006tjtp7gp/proposals/question""}}",76q0g006tjtp7gp_Closing_phase_halfway,pending,2026-08-21 13:25:00.031Z,9b6849405eda0dbd
d7xe98iw57pb124,2026-08-21 13:25:00.032Z,phase_halfway,"{""title"": ""Abschlussphase zur H\u00e4lfte \u23f0"", ""body"": ""Die Abschlussphase f\u00fcr \u201eWie definieren wir das WG-Netz und ihre Rolle in Winterthur?\"" ist zur H\u00e4lfte vorbei. Lege jetzt deine Unterst\u00fctzung fest!"", ""data"": {""url"": ""/questions/76q0g006tjtp7gp/proposals/question""}}",76q0g006tjtp7gp_Closing_phase_halfway,pending,2026-08-21 13:25:00.032Z,7c575f07d0147059
8e2da6mdsscvyn1,2026-08-21 13:25:00.033Z,phase_halfway,"{""title"": ""Abschlussphase zur H\u00e4lfte \u23f0"", ""body"": ""Die Abschlussphase f\u00fcr \u201eWie definieren wir das WG-Netz und ihre Rolle in Winterthur?\"" ist zur H\u00e4lfte vorbei. Lege jetzt deine Unterst\u00fctzung fest!"", ""data"": {""url"": ""/questions/76q0g006tjtp7gp/proposals/question""}}",76q0g006tjtp7gp_Closing_phase_halfway,pending,2026-08-21 13:25:00.033Z,4ae21a849ee008e7
04jucmviqm9tws4,2026-08-21 13:25:00.034Z,phase_halfway,"{""title"": ""Closing window half over \u23f0"", ""body"": ""The closing window for \""Wie definieren wir das WG-Netz und ihre Rolle in Winterthur?\"" is half over. Finalize your support now!"", ""data"": {""url"": ""/questions/76q0g006tjtp7gp/proposals/question""}}",76q0g006tjtp7gp_Closing_phase_halfway,pending,2026-08-21 13:25:00.034Z,a656e6eac2dca9c8
jcq3snlgeukdbdk,2026-08-21 13:25:00.034Z,phase_halfway,"{""title"": ""Abschlussphase zur H\u00e4lfte \u23f0"", ""body"": ""Die Abschlussphase f\u00fcr \u201eWie definieren wir das WG-Netz und ihre Rolle in Winterthur?\"" ist zur H\u00e4lfte vorbei. Lege jetzt deine Unterst\u00fctzung fest!"", ""data"": {""url"": ""/questions/76q0g006tjtp7gp/proposals/question""}}",76q0g006tjtp7gp_Closing_phase_halfway,pending,2026-08-21 13:25:00.034Z,b209c2355deb9852
vhh07yc9o7v6o18,2026-08-21 13:25:00.035Z,phase_halfway,"{""title"": ""Abschlussphase zur H\u00e4lfte \u23f0"", ""body"": ""Die Abschlussphase f\u00fcr \u201eWie definieren wir das WG-Netz und ihre Rolle in Winterthur?\"" ist zur H\u00e4lfte vorbei. Lege jetzt deine Unterst\u00fctzung fest!"", ""data"": {""url"": ""/questions/76q0g006tjtp7gp/proposals/question""}}",76q0g006tjtp7gp_Closing_phase_halfway,pending,2026-08-21 13:25:00.035Z,cc3304ea9b75a00f
bghm4ep0287r7yw,2026-08-21 13:25:00.319Z,phase_halfway,"{""title"": ""Abschlussphase zur H\u00e4lfte \u23f0"", ""body"": ""Die Abschlussphase f\u00fcr \u201eWie k\u00f6nnen wir Material, R\u00e4ume und Ressourcen \u00fcber WGs hinweg effizient teilen und lagern?\"" ist zur H\u00e4lfte vorbei. Lege jetzt deine Unterst\u00fctzung fest!"", ""data"": {""url"": ""/questions/3o2fj1znev0krvz/proposals/question""}}",3o2fj1znev0krvz_Closing_phase_halfway,dismissed,2026-08-23 14:22:02.921Z,de13859e1d6aea12
c7af2v4udu3kb82,2026-08-21 13:25:00.321Z,phase_halfway,"{""title"": ""Abschlussphase zur H\u00e4lfte \u23f0"", ""body"": ""Die Abschlussphase f\u00fcr \u201eWie k\u00f6nnen wir Material, R\u00e4ume und Ressourcen \u00fcber WGs hinweg effizient teilen und lagern?\"" ist zur H\u00e4lfte vorbei. Lege jetzt deine Unterst\u00fctzung fest!"", ""data"": {""url"": ""/questions/3o2fj1znev0krvz/proposals/question""}}",3o2fj1znev0krvz_Closing_phase_halfway,pending,2026-08-21 13:25:00.321Z,2c2aed88e0c41752
7ykyjpilui5i8bi,2026-08-21 13:25:00.322Z,phase_halfway,"{""title"": ""Abschlussphase zur H\u00e4lfte \u23f0"", ""body"": ""Die Abschlussphase f\u00fcr \u201eWie k\u00f6nnen wir Material, R\u00e4ume und Ressourcen \u00fcber WGs hinweg effizient teilen und lagern?\"" ist zur H\u00e4lfte vorbei. Lege jetzt deine Unterst\u00fctzung fest!"", ""data"": {""url"": ""/questions/3o2fj1znev0krvz/proposals/question""}}",3o2fj1znev0krvz_Closing_phase_halfway,actioned,2026-08-21 20:40:39.692Z,407be8b01d4ce342
cn0iidfldgi122u,2026-08-21 13:25:00.324Z,phase_halfway,"{""title"": ""Abschlussphase zur H\u00e4lfte \u23f0"", ""body"": ""Die Abschlussphase f\u00fcr \u201eWie k\u00f6nnen wir Material, R\u00e4ume und Ressourcen \u00fcber WGs hinweg effizient teilen und lagern?\"" ist zur H\u00e4lfte vorbei. Lege jetzt deine Unterst\u00fctzung fest!"", ""data"": {""url"": ""/questions/3o2fj1znev0krvz/proposals/question""}}",3o2fj1znev0krvz_Closing_phase_halfway,pending,2026-08-21 13:25:00.324Z,6a6cecc209785885
olv5nkxbl59mwp0,2026-08-21 13:25:00.325Z,phase_halfway,"{""title"": ""Abschlussphase zur H\u00e4lfte \u23f0"", ""body"": ""Die Abschlussphase f\u00fcr \u201eWie k\u00f6nnen wir Material, R\u00e4ume und Ressourcen \u00fcber WGs hinweg effizient teilen und lagern?\"" ist zur H\u00e4lfte vorbei. Lege jetzt deine Unterst\u00fctzung fest!"", ""data"": {""url"": ""/questions/3o2fj1znev0krvz/proposals/question""}}",3o2fj1znev0krvz_Closing_phase_halfway,pending,2026-08-21 13:25:00.325Z,216bb226ec191993
d6tvlzm2pj4k4oc,2026-08-21 13:25:00.326Z,phase_halfway,"{""title"": ""Closing window half over \u23f0"", ""body"": ""The closing window for \""Wie k\u00f6nnen wir Material, R\u00e4ume und Ressourcen \u00fcber WGs hinweg effizient teilen und lagern?\"" is half over. Finalize your support now!"", ""data"": {""url"": ""/questions/3o2fj1znev0krvz/proposals/question""}}",3o2fj1znev0krvz_Closing_phase_halfway,pending,2026-08-21 13:25:00.326Z,3e36e627a64bac27
gcdcdiwiewtxta0,2026-08-21 13:25:00.327Z,phase_halfway,"{""title"": ""Abschlussphase zur H\u00e4lfte \u23f0"", ""body"": ""Die Abschlussphase f\u00fcr \u201eWie k\u00f6nnen wir Material, R\u00e4ume und Ressourcen \u00fcber WGs hinweg effizient teilen und lagern?\"" ist zur H\u00e4lfte vorbei. Lege jetzt deine Unterst\u00fctzung fest!"", ""data"": {""url"": ""/questions/3o2fj1znev0krvz/proposals/question""}}",3o2fj1znev0krvz_Closing_phase_halfway,pending,2026-08-21 13:25:00.327Z,6a4af8b5c50c45a9
sh2ca11okgefxoy,2026-08-21 13:25:00.328Z,phase_halfway,"{""title"": ""Abschlussphase zur H\u00e4lfte \u23f0"", ""body"": ""Die Abschlussphase f\u00fcr \u201eWie k\u00f6nnen wir Material, R\u00e4ume und Ressourcen \u00fcber WGs hinweg effizient teilen und lagern?\"" ist zur H\u00e4lfte vorbei. Lege jetzt deine Unterst\u00fctzung fest!"", ""data"": {""url"": ""/questions/3o2fj1znev0krvz/proposals/question""}}",3o2fj1znev0krvz_Closing_phase_halfway,pending,2026-08-21 13:25:00.328Z,35a5f57f8816142e
8zfk04w2y57et09,2026-08-21 13:25:00.329Z,phase_halfway,"{""title"": ""Abschlussphase zur H\u00e4lfte \u23f0"", ""body"": ""Die Abschlussphase f\u00fcr \u201eWie k\u00f6nnen wir Material, R\u00e4ume und Ressourcen \u00fcber WGs hinweg effizient teilen und lagern?\"" ist zur H\u00e4lfte vorbei. Lege jetzt deine Unterst\u00fctzung fest!"", ""data"": {""url"": ""/questions/3o2fj1znev0krvz/proposals/question""}}",3o2fj1znev0krvz_Closing_phase_halfway,pending,2026-08-21 13:25:00.329Z,ee5e4e5bfc419bad
ewdu7rrm6dsl6vq,2026-08-21 13:25:00.330Z,phase_halfway,"{""title"": ""Abschlussphase zur H\u00e4lfte \u23f0"", ""body"": ""Die Abschlussphase f\u00fcr \u201eWie k\u00f6nnen wir Material, R\u00e4ume und Ressourcen \u00fcber WGs hinweg effizient teilen und lagern?\"" ist zur H\u00e4lfte vorbei. Lege jetzt deine Unterst\u00fctzung fest!"", ""data"": {""url"": ""/questions/3o2fj1znev0krvz/proposals/question""}}",3o2fj1znev0krvz_Closing_phase_halfway,pending,2026-08-21 13:25:00.330Z,762fef61cd09705e
2ny3gd66jjmwzw4,2026-08-21 13:25:00.331Z,phase_halfway,"{""title"": ""Abschlussphase zur H\u00e4lfte \u23f0"", ""body"": ""Die Abschlussphase f\u00fcr \u201eWie k\u00f6nnen wir Material, R\u00e4ume und Ressourcen \u00fcber WGs hinweg effizient teilen und lagern?\"" ist zur H\u00e4lfte vorbei. Lege jetzt deine Unterst\u00fctzung fest!"", ""data"": {""url"": ""/questions/3o2fj1znev0krvz/proposals/question""}}",3o2fj1znev0krvz_Closing_phase_halfway,pending,2026-08-21 13:25:00.331Z,b5234477b29af758
erdj4uh09ujd7ds,2026-08-21 13:25:00.332Z,phase_halfway,"{""title"": ""Abschlussphase zur H\u00e4lfte \u23f0"", ""body"": ""Die Abschlussphase f\u00fcr \u201eWie k\u00f6nnen wir Material, R\u00e4ume und Ressourcen \u00fcber WGs hinweg effizient teilen und lagern?\"" ist zur H\u00e4lfte vorbei. Lege jetzt deine Unterst\u00fctzung fest!"", ""data"": {""url"": ""/questions/3o2fj1znev0krvz/proposals/question""}}",3o2fj1znev0krvz_Closing_phase_halfway,pending,2026-08-21 13:25:00.332Z,9b6849405eda0dbd
w0l8077siq37bii,2026-08-21 13:25:00.333Z,phase_halfway,"{""title"": ""Abschlussphase zur H\u00e4lfte \u23f0"", ""body"": ""Die Abschlussphase f\u00fcr \u201eWie k\u00f6nnen wir Material, R\u00e4ume und Ressourcen \u00fcber WGs hinweg effizient teilen und lagern?\"" ist zur H\u00e4lfte vorbei. Lege jetzt deine Unterst\u00fctzung fest!"", ""data"": {""url"": ""/questions/3o2fj1znev0krvz/proposals/question""}}",3o2fj1znev0krvz_Closing_phase_halfway,pending,2026-08-21 13:25:00.333Z,7c575f07d0147059
ubi4dtk8hg362uj,2026-08-21 13:25:00.334Z,phase_halfway,"{""title"": ""Abschlussphase zur H\u00e4lfte \u23f0"", ""body"": ""Die Abschlussphase f\u00fcr \u201eWie k\u00f6nnen wir Material, R\u00e4ume und Ressourcen \u00fcber WGs hinweg effizient teilen und lagern?\"" ist zur H\u00e4lfte vorbei. Lege jetzt deine Unterst\u00fctzung fest!"", ""data"": {""url"": ""/questions/3o2fj1znev0krvz/proposals/question""}}",3o2fj1znev0krvz_Closing_phase_halfway,pending,2026-08-21 13:25:00.334Z,4ae21a849ee008e7
r7wu5uu0m1dsx90,2026-08-21 13:25:00.335Z,phase_halfway,"{""title"": ""Closing window half over \u23f0"", ""body"": ""The closing window for \""Wie k\u00f6nnen wir Material, R\u00e4ume und Ressourcen \u00fcber WGs hinweg effizient teilen und lagern?\"" is half over. Finalize your support now!"", ""data"": {""url"": ""/questions/3o2fj1znev0krvz/proposals/question""}}",3o2fj1znev0krvz_Closing_phase_halfway,pending,2026-08-21 13:25:00.335Z,a656e6eac2dca9c8
lp5wfj0u292but5,2026-08-21 13:25:00.336Z,phase_halfway,"{""title"": ""Abschlussphase zur H\u00e4lfte \u23f0"", ""body"": ""Die Abschlussphase f\u00fcr \u201eWie k\u00f6nnen wir Material, R\u00e4ume und Ressourcen \u00fcber WGs hinweg effizient teilen und lagern?\"" ist zur H\u00e4lfte vorbei. Lege jetzt deine Unterst\u00fctzung fest!"", ""data"": {""url"": ""/questions/3o2fj1znev0krvz/proposals/question""}}",3o2fj1znev0krvz_Closing_phase_halfway,pending,2026-08-21 13:25:00.336Z,b209c2355deb9852
etfl7s2u2yhsc7a,2026-08-21 13:25:00.337Z,phase_halfway,"{""title"": ""Abschlussphase zur H\u00e4lfte \u23f0"", ""body"": ""Die Abschlussphase f\u00fcr \u201eWie k\u00f6nnen wir Material, R\u00e4ume und Ressourcen \u00fcber WGs hinweg effizient teilen und lagern?\"" ist zur H\u00e4lfte vorbei. Lege jetzt deine Unterst\u00fctzung fest!"", ""data"": {""url"": ""/questions/3o2fj1znev0krvz/proposals/question""}}",3o2fj1znev0krvz_Closing_phase_halfway,pending,2026-08-21 13:25:00.337Z,cc3304ea9b75a00f
38ptqyhvgg7txf5,2026-08-22 07:25:00.009Z,phase_ending_soon,"{""title"": ""Schliesst in wenigen Stunden \u26a1"", ""body"": ""\u201eWie definieren wir das WG-Netz und ihre Rolle in Winterthur?\"" schliesst bald. Stelle sicher, dass deine Unterst\u00fctzung steht!"", ""data"": {""url"": ""/questions/76q0g006tjtp7gp/proposals/question""}}",76q0g006tjtp7gp_Closing_phase_ending_soon,dismissed,2026-08-23 14:22:02.586Z,de13859e1d6aea12
9nh928tyxlto9ib,2026-08-22 07:25:00.012Z,phase_ending_soon,"{""title"": ""Schliesst in wenigen Stunden \u26a1"", ""body"": ""\u201eWie definieren wir das WG-Netz und ihre Rolle in Winterthur?\"" schliesst bald. Stelle sicher, dass deine Unterst\u00fctzung steht!"", ""data"": {""url"": ""/questions/76q0g006tjtp7gp/proposals/question""}}",76q0g006tjtp7gp_Closing_phase_ending_soon,pending,2026-08-22 07:25:00.012Z,2c2aed88e0c41752
jc9ir0y44b73tik,2026-08-22 07:25:00.014Z,phase_ending_soon,"{""title"": ""Schliesst in wenigen Stunden \u26a1"", ""body"": ""\u201eWie definieren wir das WG-Netz und ihre Rolle in Winterthur?\"" schliesst bald. Stelle sicher, dass deine Unterst\u00fctzung steht!"", ""data"": {""url"": ""/questions/76q0g006tjtp7gp/proposals/question""}}",76q0g006tjtp7gp_Closing_phase_ending_soon,actioned,2026-08-22 10:15:40.740Z,407be8b01d4ce342
hi2tym66s383g5m,2026-08-22 07:25:00.015Z,phase_ending_soon,"{""title"": ""Schliesst in wenigen Stunden \u26a1"", ""body"": ""\u201eWie definieren wir das WG-Netz und ihre Rolle in Winterthur?\"" schliesst bald. Stelle sicher, dass deine Unterst\u00fctzung steht!"", ""data"": {""url"": ""/questions/76q0g006tjtp7gp/proposals/question""}}",76q0g006tjtp7gp_Closing_phase_ending_soon,pending,2026-08-22 07:25:00.015Z,6a6cecc209785885
82zywr6aryjadm8,2026-08-22 07:25:00.016Z,phase_ending_soon,"{""title"": ""Schliesst in wenigen Stunden \u26a1"", ""body"": ""\u201eWie definieren wir das WG-Netz und ihre Rolle in Winterthur?\"" schliesst bald. Stelle sicher, dass deine Unterst\u00fctzung steht!"", ""data"": {""url"": ""/questions/76q0g006tjtp7gp/proposals/question""}}",76q0g006tjtp7gp_Closing_phase_ending_soon,pending,2026-08-22 07:25:00.016Z,216bb226ec191993
dcl72vqnt9nm0xd,2026-08-22 07:25:00.017Z,phase_ending_soon,"{""title"": ""Closing in a few hours \u26a1"", ""body"": ""\""Wie definieren wir das WG-Netz und ihre Rolle in Winterthur?\"" closes soon. Make sure your support is set!"", ""data"": {""url"": ""/questions/76q0g006tjtp7gp/proposals/question""}}",76q0g006tjtp7gp_Closing_phase_ending_soon,pending,2026-08-22 07:25:00.017Z,3e36e627a64bac27
6cgykbbx519mc9s,2026-08-22 07:25:00.018Z,phase_ending_soon,"{""title"": ""Schliesst in wenigen Stunden \u26a1"", ""body"": ""\u201eWie definieren wir das WG-Netz und ihre Rolle in Winterthur?\"" schliesst bald. Stelle sicher, dass deine Unterst\u00fctzung steht!"", ""data"": {""url"": ""/questions/76q0g006tjtp7gp/proposals/question""}}",76q0g006tjtp7gp_Closing_phase_ending_soon,pending,2026-08-22 07:25:00.018Z,6a4af8b5c50c45a9
rrx7rfi686lryhe,2026-08-22 07:25:00.018Z,phase_ending_soon,"{""title"": ""Schliesst in wenigen Stunden \u26a1"", ""body"": ""\u201eWie definieren wir das WG-Netz und ihre Rolle in Winterthur?\"" schliesst bald. Stelle sicher, dass deine Unterst\u00fctzung steht!"", ""data"": {""url"": ""/questions/76q0g006tjtp7gp/proposals/question""}}",76q0g006tjtp7gp_Closing_phase_ending_soon,pending,2026-08-22 07:25:00.018Z,35a5f57f8816142e
l1j5pqlilhhr4ha,2026-08-22 07:25:00.019Z,phase_ending_soon,"{""title"": ""Schliesst in wenigen Stunden \u26a1"", ""body"": ""\u201eWie definieren wir das WG-Netz und ihre Rolle in Winterthur?\"" schliesst bald. Stelle sicher, dass deine Unterst\u00fctzung steht!"", ""data"": {""url"": ""/questions/76q0g006tjtp7gp/proposals/question""}}",76q0g006tjtp7gp_Closing_phase_ending_soon,actioned,2026-08-22 12:36:52.923Z,ee5e4e5bfc419bad
mol5eemp56ibhhx,2026-08-22 07:25:00.020Z,phase_ending_soon,"{""title"": ""Schliesst in wenigen Stunden \u26a1"", ""body"": ""\u201eWie definieren wir das WG-Netz und ihre Rolle in Winterthur?\"" schliesst bald. Stelle sicher, dass deine Unterst\u00fctzung steht!"", ""data"": {""url"": ""/questions/76q0g006tjtp7gp/proposals/question""}}",76q0g006tjtp7gp_Closing_phase_ending_soon,pending,2026-08-22 07:25:00.020Z,762fef61cd09705e
2azpwzqsxcdnls1,2026-08-22 07:25:00.020Z,phase_ending_soon,"{""title"": ""Schliesst in wenigen Stunden \u26a1"", ""body"": ""\u201eWie definieren wir das WG-Netz und ihre Rolle in Winterthur?\"" schliesst bald. Stelle sicher, dass deine Unterst\u00fctzung steht!"", ""data"": {""url"": ""/questions/76q0g006tjtp7gp/proposals/question""}}",76q0g006tjtp7gp_Closing_phase_ending_soon,pending,2026-08-22 07:25:00.020Z,b5234477b29af758
p8ajfldd0m3brko,2026-08-22 07:25:00.021Z,phase_ending_soon,"{""title"": ""Schliesst in wenigen Stunden \u26a1"", ""body"": ""\u201eWie definieren wir das WG-Netz und ihre Rolle in Winterthur?\"" schliesst bald. Stelle sicher, dass deine Unterst\u00fctzung steht!"", ""data"": {""url"": ""/questions/76q0g006tjtp7gp/proposals/question""}}",76q0g006tjtp7gp_Closing_phase_ending_soon,pending,2026-08-22 07:25:00.021Z,9b6849405eda0dbd
cts9xjphx6sbgzu,2026-08-22 07:25:00.022Z,phase_ending_soon,"{""title"": ""Schliesst in wenigen Stunden \u26a1"", ""body"": ""\u201eWie definieren wir das WG-Netz und ihre Rolle in Winterthur?\"" schliesst bald. Stelle sicher, dass deine Unterst\u00fctzung steht!"", ""data"": {""url"": ""/questions/76q0g006tjtp7gp/proposals/question""}}",76q0g006tjtp7gp_Closing_phase_ending_soon,pending,2026-08-22 07:25:00.022Z,7c575f07d0147059
y8c4dx4ybfwg3vq,2026-08-22 07:25:00.023Z,phase_ending_soon,"{""title"": ""Schliesst in wenigen Stunden \u26a1"", ""body"": ""\u201eWie definieren wir das WG-Netz und ihre Rolle in Winterthur?\"" schliesst bald. Stelle sicher, dass deine Unterst\u00fctzung steht!"", ""data"": {""url"": ""/questions/76q0g006tjtp7gp/proposals/question""}}",76q0g006tjtp7gp_Closing_phase_ending_soon,pending,2026-08-22 07:25:00.023Z,4ae21a849ee008e7
t50rstyjn16earx,2026-08-22 07:25:00.024Z,phase_ending_soon,"{""title"": ""Closing in a few hours \u26a1"", ""body"": ""\""Wie definieren wir das WG-Netz und ihre Rolle in Winterthur?\"" closes soon. Make sure your support is set!"", ""data"": {""url"": ""/questions/76q0g006tjtp7gp/proposals/question""}}",76q0g006tjtp7gp_Closing_phase_ending_soon,pending,2026-08-22 07:25:00.024Z,a656e6eac2dca9c8
pteu5ni9kl7irwi,2026-08-22 07:25:00.025Z,phase_ending_soon,"{""title"": ""Schliesst in wenigen Stunden \u26a1"", ""body"": ""\u201eWie definieren wir das WG-Netz und ihre Rolle in Winterthur?\"" schliesst bald. Stelle sicher, dass deine Unterst\u00fctzung steht!"", ""data"": {""url"": ""/questions/76q0g006tjtp7gp/proposals/question""}}",76q0g006tjtp7gp_Closing_phase_ending_soon,pending,2026-08-22 07:25:00.025Z,b209c2355deb9852
id6q19hxo60197f,2026-08-22 07:25:00.027Z,phase_ending_soon,"{""title"": ""Schliesst in wenigen Stunden \u26a1"", ""body"": ""\u201eWie definieren wir das WG-Netz und ihre Rolle in Winterthur?\"" schliesst bald. Stelle sicher, dass deine Unterst\u00fctzung steht!"", ""data"": {""url"": ""/questions/76q0g006tjtp7gp/proposals/question""}}",76q0g006tjtp7gp_Closing_phase_ending_soon,pending,2026-08-22 07:25:00.027Z,cc3304ea9b75a00f
qum7yvspkl9b8p6,2026-08-22 07:25:00.323Z,phase_ending_soon,"{""title"": ""Schliesst in wenigen Stunden \u26a1"", ""body"": ""\u201eWie k\u00f6nnen wir Material, R\u00e4ume und Ressourcen \u00fcber WGs hinweg effizient teilen und lagern?\"" schliesst bald. Stelle sicher, dass deine Unterst\u00fctzung steht!"", ""data"": {""url"": ""/questions/3o2fj1znev0krvz/proposals/question""}}",3o2fj1znev0krvz_Closing_phase_ending_soon,dismissed,2026-08-23 14:22:02.392Z,de13859e1d6aea12
dmi1g83oj09no6u,2026-08-22 07:25:00.324Z,phase_ending_soon,"{""title"": ""Schliesst in wenigen Stunden \u26a1"", ""body"": ""\u201eWie k\u00f6nnen wir Material, R\u00e4ume und Ressourcen \u00fcber WGs hinweg effizient teilen und lagern?\"" schliesst bald. Stelle sicher, dass deine Unterst\u00fctzung steht!"", ""data"": {""url"": ""/questions/3o2fj1znev0krvz/proposals/question""}}",3o2fj1znev0krvz_Closing_phase_ending_soon,pending,2026-08-22 07:25:00.324Z,2c2aed88e0c41752
vw6kssibi87n3m3,2026-08-22 07:25:00.325Z,phase_ending_soon,"{""title"": ""Schliesst in wenigen Stunden \u26a1"", ""body"": ""\u201eWie k\u00f6nnen wir Material, R\u00e4ume und Ressourcen \u00fcber WGs hinweg effizient teilen und lagern?\"" schliesst bald. Stelle sicher, dass deine Unterst\u00fctzung steht!"", ""data"": {""url"": ""/questions/3o2fj1znev0krvz/proposals/question""}}",3o2fj1znev0krvz_Closing_phase_ending_soon,actioned,2026-08-22 10:14:18.072Z,407be8b01d4ce342
02kgwv624t2khha,2026-08-22 07:25:00.326Z,phase_ending_soon,"{""title"": ""Schliesst in wenigen Stunden \u26a1"", ""body"": ""\u201eWie k\u00f6nnen wir Material, R\u00e4ume und Ressourcen \u00fcber WGs hinweg effizient teilen und lagern?\"" schliesst bald. Stelle sicher, dass deine Unterst\u00fctzung steht!"", ""data"": {""url"": ""/questions/3o2fj1znev0krvz/proposals/question""}}",3o2fj1znev0krvz_Closing_phase_ending_soon,pending,2026-08-22 07:25:00.326Z,6a6cecc209785885
j6r56qmupo4l5vb,2026-08-22 07:25:00.327Z,phase_ending_soon,"{""title"": ""Schliesst in wenigen Stunden \u26a1"", ""body"": ""\u201eWie k\u00f6nnen wir Material, R\u00e4ume und Ressourcen \u00fcber WGs hinweg effizient teilen und lagern?\"" schliesst bald. Stelle sicher, dass deine Unterst\u00fctzung steht!"", ""data"": {""url"": ""/questions/3o2fj1znev0krvz/proposals/question""}}",3o2fj1znev0krvz_Closing_phase_ending_soon,pending,2026-08-22 07:25:00.327Z,216bb226ec191993
l05p6irmfcybn1g,2026-08-22 07:25:00.328Z,phase_ending_soon,"{""title"": ""Closing in a few hours \u26a1"", ""body"": ""\""Wie k\u00f6nnen wir Material, R\u00e4ume und Ressourcen \u00fcber WGs hinweg effizient teilen und lagern?\"" closes soon. Make sure your support is set!"", ""data"": {""url"": ""/questions/3o2fj1znev0krvz/proposals/question""}}",3o2fj1znev0krvz_Closing_phase_ending_soon,pending,2026-08-22 07:25:00.328Z,3e36e627a64bac27
yfd6ayp2jk7djyf,2026-08-22 07:25:00.328Z,phase_ending_soon,"{""title"": ""Schliesst in wenigen Stunden \u26a1"", ""body"": ""\u201eWie k\u00f6nnen wir Material, R\u00e4ume und Ressourcen \u00fcber WGs hinweg effizient teilen und lagern?\"" schliesst bald. Stelle sicher, dass deine Unterst\u00fctzung steht!"", ""data"": {""url"": ""/questions/3o2fj1znev0krvz/proposals/question""}}",3o2fj1znev0krvz_Closing_phase_ending_soon,pending,2026-08-22 07:25:00.328Z,6a4af8b5c50c45a9
s322gffmaga7c8j,2026-08-22 07:25:00.329Z,phase_ending_soon,"{""title"": ""Schliesst in wenigen Stunden \u26a1"", ""body"": ""\u201eWie k\u00f6nnen wir Material, R\u00e4ume und Ressourcen \u00fcber WGs hinweg effizient teilen und lagern?\"" schliesst bald. Stelle sicher, dass deine Unterst\u00fctzung steht!"", ""data"": {""url"": ""/questions/3o2fj1znev0krvz/proposals/question""}}",3o2fj1znev0krvz_Closing_phase_ending_soon,pending,2026-08-22 07:25:00.329Z,35a5f57f8816142e
akklg5ct67o0mpb,2026-08-22 07:25:00.330Z,phase_ending_soon,"{""title"": ""Schliesst in wenigen Stunden \u26a1"", ""body"": ""\u201eWie k\u00f6nnen wir Material, R\u00e4ume und Ressourcen \u00fcber WGs hinweg effizient teilen und lagern?\"" schliesst bald. Stelle sicher, dass deine Unterst\u00fctzung steht!"", ""data"": {""url"": ""/questions/3o2fj1znev0krvz/proposals/question""}}",3o2fj1znev0krvz_Closing_phase_ending_soon,actioned,2026-08-22 12:37:23.909Z,ee5e4e5bfc419bad
428pbl2xnb7279a,2026-08-22 07:25:00.331Z,phase_ending_soon,"{""title"": ""Schliesst in wenigen Stunden \u26a1"", ""body"": ""\u201eWie k\u00f6nnen wir Material, R\u00e4ume und Ressourcen \u00fcber WGs hinweg effizient teilen und lagern?\"" schliesst bald. Stelle sicher, dass deine Unterst\u00fctzung steht!"", ""data"": {""url"": ""/questions/3o2fj1znev0krvz/proposals/question""}}",3o2fj1znev0krvz_Closing_phase_ending_soon,pending,2026-08-22 07:25:00.331Z,762fef61cd09705e
knrqkrh1d7303hk,2026-08-22 07:25:00.332Z,phase_ending_soon,"{""title"": ""Schliesst in wenigen Stunden \u26a1"", ""body"": ""\u201eWie k\u00f6nnen wir Material, R\u00e4ume und Ressourcen \u00fcber WGs hinweg effizient teilen und lagern?\"" schliesst bald. Stelle sicher, dass deine Unterst\u00fctzung steht!"", ""data"": {""url"": ""/questions/3o2fj1znev0krvz/proposals/question""}}",3o2fj1znev0krvz_Closing_phase_ending_soon,pending,2026-08-22 07:25:00.332Z,b5234477b29af758
dkhkqz2z4umcx5x,2026-08-22 07:25:00.333Z,phase_ending_soon,"{""title"": ""Schliesst in wenigen Stunden \u26a1"", ""body"": ""\u201eWie k\u00f6nnen wir Material, R\u00e4ume und Ressourcen \u00fcber WGs hinweg effizient teilen und lagern?\"" schliesst bald. Stelle sicher, dass deine Unterst\u00fctzung steht!"", ""data"": {""url"": ""/questions/3o2fj1znev0krvz/proposals/question""}}",3o2fj1znev0krvz_Closing_phase_ending_soon,pending,2026-08-22 07:25:00.333Z,9b6849405eda0dbd
08zjspzwtl6clk4,2026-08-22 07:25:00.333Z,phase_ending_soon,"{""title"": ""Schliesst in wenigen Stunden \u26a1"", ""body"": ""\u201eWie k\u00f6nnen wir Material, R\u00e4ume und Ressourcen \u00fcber WGs hinweg effizient teilen und lagern?\"" schliesst bald. Stelle sicher, dass deine Unterst\u00fctzung steht!"", ""data"": {""url"": ""/questions/3o2fj1znev0krvz/proposals/question""}}",3o2fj1znev0krvz_Closing_phase_ending_soon,pending,2026-08-22 07:25:00.333Z,7c575f07d0147059
mndvntbtoac0f27,2026-08-22 07:25:00.334Z,phase_ending_soon,"{""title"": ""Schliesst in wenigen Stunden \u26a1"", ""body"": ""\u201eWie k\u00f6nnen wir Material, R\u00e4ume und Ressourcen \u00fcber WGs hinweg effizient teilen und lagern?\"" schliesst bald. Stelle sicher, dass deine Unterst\u00fctzung steht!"", ""data"": {""url"": ""/questions/3o2fj1znev0krvz/proposals/question""}}",3o2fj1znev0krvz_Closing_phase_ending_soon,pending,2026-08-22 07:25:00.334Z,4ae21a849ee008e7
v4tmh4iva8b9s0v,2026-08-22 07:25:00.335Z,phase_ending_soon,"{""title"": ""Closing in a few hours \u26a1"", ""body"": ""\""Wie k\u00f6nnen wir Material, R\u00e4ume und Ressourcen \u00fcber WGs hinweg effizient teilen und lagern?\"" closes soon. Make sure your support is set!"", ""data"": {""url"": ""/questions/3o2fj1znev0krvz/proposals/question""}}",3o2fj1znev0krvz_Closing_phase_ending_soon,pending,2026-08-22 07:25:00.335Z,a656e6eac2dca9c8
ik90agbo7zbugct,2026-08-22 07:25:00.336Z,phase_ending_soon,"{""title"": ""Schliesst in wenigen Stunden \u26a1"", ""body"": ""\u201eWie k\u00f6nnen wir Material, R\u00e4ume und Ressourcen \u00fcber WGs hinweg effizient teilen und lagern?\"" schliesst bald. Stelle sicher, dass deine Unterst\u00fctzung steht!"", ""data"": {""url"": ""/questions/3o2fj1znev0krvz/proposals/question""}}",3o2fj1znev0krvz_Closing_phase_ending_soon,actioned,2026-08-30 13:28:10.484Z,b209c2355deb9852
mbnlzlc9jrgoxqg,2026-08-22 07:25:00.337Z,phase_ending_soon,"{""title"": ""Schliesst in wenigen Stunden \u26a1"", ""body"": ""\u201eWie k\u00f6nnen wir Material, R\u00e4ume und Ressourcen \u00fcber WGs hinweg effizient teilen und lagern?\"" schliesst bald. Stelle sicher, dass deine Unterst\u00fctzung steht!"", ""data"": {""url"": ""/questions/3o2fj1znev0krvz/proposals/question""}}",3o2fj1znev0krvz_Closing_phase_ending_soon,pending,2026-08-22 07:25:00.337Z,cc3304ea9b75a00f
8hjzdzqylmq1d2n,2026-08-22 13:22:00.010Z,ballot_entry,"{""title"": ""Auf der Abstimmungsliste! \ud83c\udfaf"", ""body"": ""Eine Idee, die du unterst\u00fctzt (\""Solidarit\u00e4tsnetzwerk\""), hat es auf die Abstimmungsliste geschafft."", ""data"": {""url"": ""/questions/76q0g006tjtp7gp/proposals/vixofkl1sb29k6z""}}",vixofkl1sb29k6z,pending,2026-08-22 13:22:00.010Z,216bb226ec191993
wju7u0bzqqdrokq,2026-08-22 13:22:00.011Z,ballot_entry,"{""title"": ""Auf der Abstimmungsliste! \ud83c\udfaf"", ""body"": ""Eine Idee, die du unterst\u00fctzt (\""Solidarit\u00e4tsnetzwerk\""), hat es auf die Abstimmungsliste geschafft."", ""data"": {""url"": ""/questions/76q0g006tjtp7gp/proposals/vixofkl1sb29k6z""}}",vixofkl1sb29k6z,actioned,2026-08-23 07:27:40.661Z,407be8b01d4ce342
ayzwn70jw724w2c,2026-08-22 13:22:00.013Z,ballot_entry,"{""title"": ""Auf der Abstimmungsliste! \ud83c\udfaf"", ""body"": ""Eine Idee, die du unterst\u00fctzt (\""Solidarit\u00e4tsnetzwerk\""), hat es auf die Abstimmungsliste geschafft."", ""data"": {""url"": ""/questions/76q0g006tjtp7gp/proposals/vixofkl1sb29k6z""}}",vixofkl1sb29k6z,pending,2026-08-22 13:22:00.013Z,4ae21a849ee008e7
aoihrpfaauiaxvz,2026-08-22 13:22:00.021Z,phase_change,"{""title"": ""Jetzt abstimmen \ud83d\uddf3\ufe0f"", ""body"": ""Gib deine finale Stimme f\u00fcr \""Wie definieren wir das WG-Netz und ihre Rolle in Winterthur?\"" ab."", ""data"": {""url"": ""/questions/76q0g006tjtp7gp/proposals/question""}}",76q0g006tjtp7gp_Voting,actioned,2026-08-23 14:21:39.000Z,de13859e1d6aea12
s3vb14nurl3tyk0,2026-08-22 13:22:00.022Z,phase_change,"{""title"": ""Jetzt abstimmen \ud83d\uddf3\ufe0f"", ""body"": ""Gib deine finale Stimme f\u00fcr \""Wie definieren wir das WG-Netz und ihre Rolle in Winterthur?\"" ab."", ""data"": {""url"": ""/questions/76q0g006tjtp7gp/proposals/question""}}",76q0g006tjtp7gp_Voting,pending,2026-08-22 13:22:00.022Z,2c2aed88e0c41752
e91ssgzs4jx38y3,2026-08-22 13:22:00.023Z,phase_change,"{""title"": ""Jetzt abstimmen \ud83d\uddf3\ufe0f"", ""body"": ""Gib deine finale Stimme f\u00fcr \""Wie definieren wir das WG-Netz und ihre Rolle in Winterthur?\"" ab."", ""data"": {""url"": ""/questions/76q0g006tjtp7gp/proposals/question""}}",76q0g006tjtp7gp_Voting,actioned,2026-08-22 22:03:51.469Z,407be8b01d4ce342
1c69jci7gjvu9pw,2026-08-22 13:22:00.024Z,phase_change,"{""title"": ""Jetzt abstimmen \ud83d\uddf3\ufe0f"", ""body"": ""Gib deine finale Stimme f\u00fcr \""Wie definieren wir das WG-Netz und ihre Rolle in Winterthur?\"" ab."", ""data"": {""url"": ""/questions/76q0g006tjtp7gp/proposals/question""}}",76q0g006tjtp7gp_Voting,pending,2026-08-22 13:22:00.024Z,6a6cecc209785885
seuzczt3oq1b2it,2026-08-22 13:22:00.025Z,phase_change,"{""title"": ""Jetzt abstimmen \ud83d\uddf3\ufe0f"", ""body"": ""Gib deine finale Stimme f\u00fcr \""Wie definieren wir das WG-Netz und ihre Rolle in Winterthur?\"" ab."", ""data"": {""url"": ""/questions/76q0g006tjtp7gp/proposals/question""}}",76q0g006tjtp7gp_Voting,pending,2026-08-22 13:22:00.025Z,216bb226ec191993
aery1015gl0zt09,2026-08-22 13:22:00.025Z,phase_change,"{""title"": ""Vote now \ud83d\uddf3\ufe0f"", ""body"": ""Cast your final vote on \""Wie definieren wir das WG-Netz und ihre Rolle in Winterthur?\""."", ""data"": {""url"": ""/questions/76q0g006tjtp7gp/proposals/question""}}",76q0g006tjtp7gp_Voting,pending,2026-08-22 13:22:00.025Z,3e36e627a64bac27
2qxkf6a61lcij3p,2026-08-22 13:22:00.026Z,phase_change,"{""title"": ""Jetzt abstimmen \ud83d\uddf3\ufe0f"", ""body"": ""Gib deine finale Stimme f\u00fcr \""Wie definieren wir das WG-Netz und ihre Rolle in Winterthur?\"" ab."", ""data"": {""url"": ""/questions/76q0g006tjtp7gp/proposals/question""}}",76q0g006tjtp7gp_Voting,pending,2026-08-22 13:22:00.026Z,6a4af8b5c50c45a9
fwtcfocworophni,2026-08-22 13:22:00.027Z,phase_change,"{""title"": ""Jetzt abstimmen \ud83d\uddf3\ufe0f"", ""body"": ""Gib deine finale Stimme f\u00fcr \""Wie definieren wir das WG-Netz und ihre Rolle in Winterthur?\"" ab."", ""data"": {""url"": ""/questions/76q0g006tjtp7gp/proposals/question""}}",76q0g006tjtp7gp_Voting,pending,2026-08-22 13:22:00.027Z,35a5f57f8816142e
rf5lvo5eedytxtx,2026-08-22 13:22:00.028Z,phase_change,"{""title"": ""Jetzt abstimmen \ud83d\uddf3\ufe0f"", ""body"": ""Gib deine finale Stimme f\u00fcr \""Wie definieren wir das WG-Netz und ihre Rolle in Winterthur?\"" ab."", ""data"": {""url"": ""/questions/76q0g006tjtp7gp/proposals/question""}}",76q0g006tjtp7gp_Voting,pending,2026-08-22 13:22:00.028Z,ee5e4e5bfc419bad
h0ufjwxn6kybhl7,2026-08-22 13:22:00.028Z,phase_change,"{""title"": ""Jetzt abstimmen \ud83d\uddf3\ufe0f"", ""body"": ""Gib deine finale Stimme f\u00fcr \""Wie definieren wir das WG-Netz und ihre Rolle in Winterthur?\"" ab."", ""data"": {""url"": ""/questions/76q0g006tjtp7gp/proposals/question""}}",76q0g006tjtp7gp_Voting,pending,2026-08-22 13:22:00.028Z,762fef61cd09705e
ebdyvhilrignk53,2026-08-22 13:22:00.030Z,phase_change,"{""title"": ""Jetzt abstimmen \ud83d\uddf3\ufe0f"", ""body"": ""Gib deine finale Stimme f\u00fcr \""Wie definieren wir das WG-Netz und ihre Rolle in Winterthur?\"" ab."", ""data"": {""url"": ""/questions/76q0g006tjtp7gp/proposals/question""}}",76q0g006tjtp7gp_Voting,pending,2026-08-22 13:22:00.030Z,b5234477b29af758
kl1m5oq84692plj,2026-08-22 13:22:00.030Z,phase_change,"{""title"": ""Jetzt abstimmen \ud83d\uddf3\ufe0f"", ""body"": ""Gib deine finale Stimme f\u00fcr \""Wie definieren wir das WG-Netz und ihre Rolle in Winterthur?\"" ab."", ""data"": {""url"": ""/questions/76q0g006tjtp7gp/proposals/question""}}",76q0g006tjtp7gp_Voting,pending,2026-08-22 13:22:00.030Z,9b6849405eda0dbd
o7jyms95jcy18zu,2026-08-22 13:22:00.031Z,phase_change,"{""title"": ""Jetzt abstimmen \ud83d\uddf3\ufe0f"", ""body"": ""Gib deine finale Stimme f\u00fcr \""Wie definieren wir das WG-Netz und ihre Rolle in Winterthur?\"" ab."", ""data"": {""url"": ""/questions/76q0g006tjtp7gp/proposals/question""}}",76q0g006tjtp7gp_Voting,pending,2026-08-22 13:22:00.031Z,7c575f07d0147059
oattg2x21015sb3,2026-08-22 13:22:00.032Z,phase_change,"{""title"": ""Jetzt abstimmen \ud83d\uddf3\ufe0f"", ""body"": ""Gib deine finale Stimme f\u00fcr \""Wie definieren wir das WG-Netz und ihre Rolle in Winterthur?\"" ab."", ""data"": {""url"": ""/questions/76q0g006tjtp7gp/proposals/question""}}",76q0g006tjtp7gp_Voting,pending,2026-08-22 13:22:00.032Z,4ae21a849ee008e7
2ciyqwjs4hcr7hf,2026-08-22 13:22:00.032Z,phase_change,"{""title"": ""Vote now \ud83d\uddf3\ufe0f"", ""body"": ""Cast your final vote on \""Wie definieren wir das WG-Netz und ihre Rolle in Winterthur?\""."", ""data"": {""url"": ""/questions/76q0g006tjtp7gp/proposals/question""}}",76q0g006tjtp7gp_Voting,pending,2026-08-22 13:22:00.032Z,a656e6eac2dca9c8
cm64k8qxfs002en,2026-08-22 13:22:00.033Z,phase_change,"{""title"": ""Jetzt abstimmen \ud83d\uddf3\ufe0f"", ""body"": ""Gib deine finale Stimme f\u00fcr \""Wie definieren wir das WG-Netz und ihre Rolle in Winterthur?\"" ab."", ""data"": {""url"": ""/questions/76q0g006tjtp7gp/proposals/question""}}",76q0g006tjtp7gp_Voting,pending,2026-08-22 13:22:00.033Z,b209c2355deb9852
ltk7ejzpbrvb7fv,2026-08-22 13:22:00.034Z,phase_change,"{""title"": ""Jetzt abstimmen \ud83d\uddf3\ufe0f"", ""body"": ""Gib deine finale Stimme f\u00fcr \""Wie definieren wir das WG-Netz und ihre Rolle in Winterthur?\"" ab."", ""data"": {""url"": ""/questions/76q0g006tjtp7gp/proposals/question""}}",76q0g006tjtp7gp_Voting,pending,2026-08-22 13:22:00.034Z,cc3304ea9b75a00f
iv5wszcyickse59,2026-08-22 13:23:00.007Z,ballot_entry,"{""title"": ""Auf der Abstimmungsliste! \ud83c\udfaf"", ""body"": ""Eine Idee, die du unterst\u00fctzt (\""Nutzen von pumpipumpe.ch als Datenbank was wo vorhanden ist\""), hat es auf die Abstimmungsliste geschafft."", ""data"": {""url"": ""/questions/3o2fj1znev0krvz/proposals/vee7zdpty5ijljm""}}",vee7zdpty5ijljm,pending,2026-08-22 13:23:00.007Z,6a6cecc209785885
h36h0frd6zlm0se,2026-08-22 13:23:00.008Z,ballot_entry,"{""title"": ""Auf der Abstimmungsliste! \ud83c\udfaf"", ""body"": ""Eine Idee, die du unterst\u00fctzt (\""Nutzen von pumpipumpe.ch als Datenbank was wo vorhanden ist\""), hat es auf die Abstimmungsliste geschafft."", ""data"": {""url"": ""/questions/3o2fj1znev0krvz/proposals/vee7zdpty5ijljm""}}",vee7zdpty5ijljm,pending,2026-08-22 13:23:00.008Z,216bb226ec191993
iccmjghigytk72l,2026-08-22 13:23:00.011Z,ballot_entry,"{""title"": ""Auf der Abstimmungsliste! \ud83c\udfaf"", ""body"": ""Eine Idee, die du unterst\u00fctzt (\""Im Material-Chat fragen, wenn jemensch was braucht\""), hat es auf die Abstimmungsliste geschafft."", ""data"": {""url"": ""/questions/3o2fj1znev0krvz/proposals/px3acjduduouqz6""}}",px3acjduduouqz6,pending,2026-08-22 13:23:00.011Z,35a5f57f8816142e
a9uiyhwgh1waxie,2026-08-22 13:23:00.012Z,ballot_entry,"{""title"": ""Auf der Abstimmungsliste! \ud83c\udfaf"", ""body"": ""Eine Idee, die du unterst\u00fctzt (\""Im Material-Chat fragen, wenn jemensch was braucht\""), hat es auf die Abstimmungsliste geschafft."", ""data"": {""url"": ""/questions/3o2fj1znev0krvz/proposals/px3acjduduouqz6""}}",px3acjduduouqz6,pending,2026-08-22 13:23:00.012Z,762fef61cd09705e
gad0gk3i263mnl5,2026-08-22 13:23:00.015Z,ballot_entry,"{""title"": ""Auf der Abstimmungsliste! \ud83c\udfaf"", ""body"": ""Eine Idee, die du unterst\u00fctzt (\""ausleih.app nutzen\""), hat es auf die Abstimmungsliste geschafft."", ""data"": {""url"": ""/questions/3o2fj1znev0krvz/proposals/gjnpljxyyh1y1fv""}}",gjnpljxyyh1y1fv,pending,2026-08-22 13:23:00.015Z,216bb226ec191993
gv53o4a1xg6voxu,2026-08-22 13:23:00.016Z,ballot_entry,"{""title"": ""On the ballot! \ud83c\udfaf"", ""body"": ""An idea you support (\""ausleih.app nutzen\"") made it to the ballot."", ""data"": {""url"": ""/questions/3o2fj1znev0krvz/proposals/gjnpljxyyh1y1fv""}}",gjnpljxyyh1y1fv,pending,2026-08-22 13:23:00.016Z,a656e6eac2dca9c8
q24b59lsz7m2oeq,2026-08-22 13:23:00.017Z,ballot_entry,"{""title"": ""Auf der Abstimmungsliste! \ud83c\udfaf"", ""body"": ""Eine Idee, die du unterst\u00fctzt (\""ausleih.app nutzen\""), hat es auf die Abstimmungsliste geschafft."", ""data"": {""url"": ""/questions/3o2fj1znev0krvz/proposals/gjnpljxyyh1y1fv""}}",gjnpljxyyh1y1fv,pending,2026-08-22 13:23:00.017Z,4ae21a849ee008e7
8k2fqyl83u2dlte,2026-08-22 13:23:00.020Z,ballot_entry,"{""title"": ""Auf der Abstimmungsliste! \ud83c\udfaf"", ""body"": ""Eine Idee, die du unterst\u00fctzt (\""Material AG Verwaltet Erfassung von Orten und Mat\""), hat es auf die Abstimmungsliste geschafft."", ""data"": {""url"": ""/questions/3o2fj1znev0krvz/proposals/y9eb6fxeu3zpepy""}}",y9eb6fxeu3zpepy,actioned,2026-08-23 07:18:10.134Z,407be8b01d4ce342
wuwn32ys1x0rsi1,2026-08-22 13:23:00.021Z,ballot_entry,"{""title"": ""Auf der Abstimmungsliste! \ud83c\udfaf"", ""body"": ""Eine Idee, die du unterst\u00fctzt (\""Material AG Verwaltet Erfassung von Orten und Mat\""), hat es auf die Abstimmungsliste geschafft."", ""data"": {""url"": ""/questions/3o2fj1znev0krvz/proposals/y9eb6fxeu3zpepy""}}",y9eb6fxeu3zpepy,pending,2026-08-22 13:23:00.021Z,cc3304ea9b75a00f
fidf1ykqz0z7qns,2026-08-22 13:23:00.022Z,ballot_entry,"{""title"": ""Auf der Abstimmungsliste! \ud83c\udfaf"", ""body"": ""Eine Idee, die du unterst\u00fctzt (\""Material AG Verwaltet Erfassung von Orten und Mat\""), hat es auf die Abstimmungsliste geschafft."", ""data"": {""url"": ""/questions/3o2fj1znev0krvz/proposals/y9eb6fxeu3zpepy""}}",y9eb6fxeu3zpepy,pending,2026-08-22 13:23:00.022Z,4ae21a849ee008e7
vpdl11ow210srcw,2026-08-22 13:23:00.023Z,ballot_entry,"{""title"": ""On the ballot! \ud83c\udfaf"", ""body"": ""An idea you support (\""A structured table of items\"") made it to the ballot."", ""data"": {""url"": ""/questions/3o2fj1znev0krvz/proposals/nra27jcg8g8vvq8""}}",nra27jcg8g8vvq8,pending,2026-08-22 13:23:00.023Z,a656e6eac2dca9c8
u8shsdx95g9msoj,2026-08-22 13:23:00.024Z,ballot_entry,"{""title"": ""Auf der Abstimmungsliste! \ud83c\udfaf"", ""body"": ""Eine Idee, die du unterst\u00fctzt (\""A structured table of items\""), hat es auf die Abstimmungsliste geschafft."", ""data"": {""url"": ""/questions/3o2fj1znev0krvz/proposals/nra27jcg8g8vvq8""}}",nra27jcg8g8vvq8,pending,2026-08-22 13:23:00.024Z,cc3304ea9b75a00f
cbg37061xlj4cg8,2026-08-22 13:23:00.026Z,ballot_entry,"{""title"": ""Auf der Abstimmungsliste! \ud83c\udfaf"", ""body"": ""Eine Idee, die du unterst\u00fctzt (\""Zus\u00e4tzliche inputs\""), hat es auf die Abstimmungsliste geschafft."", ""data"": {""url"": ""/questions/3o2fj1znev0krvz/proposals/uv9s9bhv4lnav3n""}}",uv9s9bhv4lnav3n,actioned,2026-08-30 13:27:42.759Z,b209c2355deb9852
qeqz1cp5jnhru5o,2026-08-22 13:23:00.027Z,ballot_entry,"{""title"": ""Auf der Abstimmungsliste! \ud83c\udfaf"", ""body"": ""Eine Idee, die du unterst\u00fctzt (\""Zus\u00e4tzliche inputs\""), hat es auf die Abstimmungsliste geschafft."", ""data"": {""url"": ""/questions/3o2fj1znev0krvz/proposals/uv9s9bhv4lnav3n""}}",uv9s9bhv4lnav3n,actioned,2026-08-22 22:04:42.364Z,407be8b01d4ce342
2d0s3c74mzpxl96,2026-08-22 13:23:00.028Z,ballot_entry,"{""title"": ""Auf der Abstimmungsliste! \ud83c\udfaf"", ""body"": ""Eine Idee, die du unterst\u00fctzt (\""Zus\u00e4tzliche inputs\""), hat es auf die Abstimmungsliste geschafft."", ""data"": {""url"": ""/questions/3o2fj1znev0krvz/proposals/uv9s9bhv4lnav3n""}}",uv9s9bhv4lnav3n,pending,2026-08-22 13:23:00.028Z,4ae21a849ee008e7
lji4733gq7jtno0,2026-08-22 13:23:00.035Z,phase_change,"{""title"": ""Jetzt abstimmen \ud83d\uddf3\ufe0f"", ""body"": ""Gib deine finale Stimme f\u00fcr \""Wie k\u00f6nnen wir Material, R\u00e4ume und Ressourcen \u00fcber WGs hinweg effizient teilen und lagern?\"" ab."", ""data"": {""url"": ""/questions/3o2fj1znev0krvz/proposals/question""}}",3o2fj1znev0krvz_Voting,dismissed,2026-08-23 14:22:01.802Z,de13859e1d6aea12
dh4w6v3n9f42yzs,2026-08-22 13:23:00.036Z,phase_change,"{""title"": ""Jetzt abstimmen \ud83d\uddf3\ufe0f"", ""body"": ""Gib deine finale Stimme f\u00fcr \""Wie k\u00f6nnen wir Material, R\u00e4ume und Ressourcen \u00fcber WGs hinweg effizient teilen und lagern?\"" ab."", ""data"": {""url"": ""/questions/3o2fj1znev0krvz/proposals/question""}}",3o2fj1znev0krvz_Voting,pending,2026-08-22 13:23:00.036Z,2c2aed88e0c41752
tjjbdkc4o785o0t,2026-08-22 13:23:00.037Z,phase_change,"{""title"": ""Jetzt abstimmen \ud83d\uddf3\ufe0f"", ""body"": ""Gib deine finale Stimme f\u00fcr \""Wie k\u00f6nnen wir Material, R\u00e4ume und Ressourcen \u00fcber WGs hinweg effizient teilen und lagern?\"" ab."", ""data"": {""url"": ""/questions/3o2fj1znev0krvz/proposals/question""}}",3o2fj1znev0krvz_Voting,actioned,2026-08-22 22:03:47.903Z,407be8b01d4ce342
wlo18wzppq49izy,2026-08-22 13:23:00.037Z,phase_change,"{""title"": ""Jetzt abstimmen \ud83d\uddf3\ufe0f"", ""body"": ""Gib deine finale Stimme f\u00fcr \""Wie k\u00f6nnen wir Material, R\u00e4ume und Ressourcen \u00fcber WGs hinweg effizient teilen und lagern?\"" ab."", ""data"": {""url"": ""/questions/3o2fj1znev0krvz/proposals/question""}}",3o2fj1znev0krvz_Voting,pending,2026-08-22 13:23:00.037Z,6a6cecc209785885
4f8jw7adfwu7p6x,2026-08-22 13:23:00.038Z,phase_change,"{""title"": ""Jetzt abstimmen \ud83d\uddf3\ufe0f"", ""body"": ""Gib deine finale Stimme f\u00fcr \""Wie k\u00f6nnen wir Material, R\u00e4ume und Ressourcen \u00fcber WGs hinweg effizient teilen und lagern?\"" ab."", ""data"": {""url"": ""/questions/3o2fj1znev0krvz/proposals/question""}}",3o2fj1znev0krvz_Voting,pending,2026-08-22 13:23:00.038Z,216bb226ec191993
2tf66ldtaf6kehc,2026-08-22 13:23:00.039Z,phase_change,"{""title"": ""Vote now \ud83d\uddf3\ufe0f"", ""body"": ""Cast your final vote on \""Wie k\u00f6nnen wir Material, R\u00e4ume und Ressourcen \u00fcber WGs hinweg effizient teilen und lagern?\""."", ""data"": {""url"": ""/questions/3o2fj1znev0krvz/proposals/question""}}",3o2fj1znev0krvz_Voting,pending,2026-08-22 13:23:00.039Z,3e36e627a64bac27
7ik3hsdnrrslzit,2026-08-22 13:23:00.040Z,phase_change,"{""title"": ""Jetzt abstimmen \ud83d\uddf3\ufe0f"", ""body"": ""Gib deine finale Stimme f\u00fcr \""Wie k\u00f6nnen wir Material, R\u00e4ume und Ressourcen \u00fcber WGs hinweg effizient teilen und lagern?\"" ab."", ""data"": {""url"": ""/questions/3o2fj1znev0krvz/proposals/question""}}",3o2fj1znev0krvz_Voting,pending,2026-08-22 13:23:00.040Z,6a4af8b5c50c45a9
e7wdgemyw23yr4w,2026-08-22 13:23:00.041Z,phase_change,"{""title"": ""Jetzt abstimmen \ud83d\uddf3\ufe0f"", ""body"": ""Gib deine finale Stimme f\u00fcr \""Wie k\u00f6nnen wir Material, R\u00e4ume und Ressourcen \u00fcber WGs hinweg effizient teilen und lagern?\"" ab."", ""data"": {""url"": ""/questions/3o2fj1znev0krvz/proposals/question""}}",3o2fj1znev0krvz_Voting,pending,2026-08-22 13:23:00.041Z,35a5f57f8816142e
k3m0579ljcuonzd,2026-08-22 13:23:00.041Z,phase_change,"{""title"": ""Jetzt abstimmen \ud83d\uddf3\ufe0f"", ""body"": ""Gib deine finale Stimme f\u00fcr \""Wie k\u00f6nnen wir Material, R\u00e4ume und Ressourcen \u00fcber WGs hinweg effizient teilen und lagern?\"" ab."", ""data"": {""url"": ""/questions/3o2fj1znev0krvz/proposals/question""}}",3o2fj1znev0krvz_Voting,pending,2026-08-22 13:23:00.041Z,ee5e4e5bfc419bad
3wvj3bev14h7im3,2026-08-22 13:23:00.042Z,phase_change,"{""title"": ""Jetzt abstimmen \ud83d\uddf3\ufe0f"", ""body"": ""Gib deine finale Stimme f\u00fcr \""Wie k\u00f6nnen wir Material, R\u00e4ume und Ressourcen \u00fcber WGs hinweg effizient teilen und lagern?\"" ab."", ""data"": {""url"": ""/questions/3o2fj1znev0krvz/proposals/question""}}",3o2fj1znev0krvz_Voting,pending,2026-08-22 13:23:00.042Z,762fef61cd09705e
urg08ocpl190o5o,2026-08-22 13:23:00.043Z,phase_change,"{""title"": ""Jetzt abstimmen \ud83d\uddf3\ufe0f"", ""body"": ""Gib deine finale Stimme f\u00fcr \""Wie k\u00f6nnen wir Material, R\u00e4ume und Ressourcen \u00fcber WGs hinweg effizient teilen und lagern?\"" ab."", ""data"": {""url"": ""/questions/3o2fj1znev0krvz/proposals/question""}}",3o2fj1znev0krvz_Voting,pending,2026-08-22 13:23:00.043Z,b5234477b29af758
d8tp7a46kf8oj1g,2026-08-22 13:23:00.044Z,phase_change,"{""title"": ""Jetzt abstimmen \ud83d\uddf3\ufe0f"", ""body"": ""Gib deine finale Stimme f\u00fcr \""Wie k\u00f6nnen wir Material, R\u00e4ume und Ressourcen \u00fcber WGs hinweg effizient teilen und lagern?\"" ab."", ""data"": {""url"": ""/questions/3o2fj1znev0krvz/proposals/question""}}",3o2fj1znev0krvz_Voting,pending,2026-08-22 13:23:00.044Z,9b6849405eda0dbd
06syhgkwiyje6rr,2026-08-22 13:23:00.045Z,phase_change,"{""title"": ""Jetzt abstimmen \ud83d\uddf3\ufe0f"", ""body"": ""Gib deine finale Stimme f\u00fcr \""Wie k\u00f6nnen wir Material, R\u00e4ume und Ressourcen \u00fcber WGs hinweg effizient teilen und lagern?\"" ab."", ""data"": {""url"": ""/questions/3o2fj1znev0krvz/proposals/question""}}",3o2fj1znev0krvz_Voting,pending,2026-08-22 13:23:00.045Z,7c575f07d0147059
xjrcgsfdi66sxnv,2026-08-22 13:23:00.045Z,phase_change,"{""title"": ""Jetzt abstimmen \ud83d\uddf3\ufe0f"", ""body"": ""Gib deine finale Stimme f\u00fcr \""Wie k\u00f6nnen wir Material, R\u00e4ume und Ressourcen \u00fcber WGs hinweg effizient teilen und lagern?\"" ab."", ""data"": {""url"": ""/questions/3o2fj1znev0krvz/proposals/question""}}",3o2fj1znev0krvz_Voting,pending,2026-08-22 13:23:00.045Z,4ae21a849ee008e7
kojx75uwrjhbf1m,2026-08-22 13:23:00.046Z,phase_change,"{""title"": ""Vote now \ud83d\uddf3\ufe0f"", ""body"": ""Cast your final vote on \""Wie k\u00f6nnen wir Material, R\u00e4ume und Ressourcen \u00fcber WGs hinweg effizient teilen und lagern?\""."", ""data"": {""url"": ""/questions/3o2fj1znev0krvz/proposals/question""}}",3o2fj1znev0krvz_Voting,pending,2026-08-22 13:23:00.046Z,a656e6eac2dca9c8
tbiqg42nf5060lt,2026-08-22 13:23:00.047Z,phase_change,"{""title"": ""Jetzt abstimmen \ud83d\uddf3\ufe0f"", ""body"": ""Gib deine finale Stimme f\u00fcr \""Wie k\u00f6nnen wir Material, R\u00e4ume und Ressourcen \u00fcber WGs hinweg effizient teilen und lagern?\"" ab."", ""data"": {""url"": ""/questions/3o2fj1znev0krvz/proposals/question""}}",3o2fj1znev0krvz_Voting,actioned,2026-08-30 13:27:39.116Z,b209c2355deb9852
j32aig8epdntzmv,2026-08-22 13:23:00.048Z,phase_change,"{""title"": ""Jetzt abstimmen \ud83d\uddf3\ufe0f"", ""body"": ""Gib deine finale Stimme f\u00fcr \""Wie k\u00f6nnen wir Material, R\u00e4ume und Ressourcen \u00fcber WGs hinweg effizient teilen und lagern?\"" ab."", ""data"": {""url"": ""/questions/3o2fj1znev0krvz/proposals/question""}}",3o2fj1znev0krvz_Voting,pending,2026-08-22 13:23:00.048Z,cc3304ea9b75a00f
xm3e4m3ydusr41z,2026-08-24 01:25:00.010Z,phase_halfway,"{""title"": ""Voting halfway done \ud83d\uddf3\ufe0f"", ""body"": ""Voting on \""Wie definieren wir das WG-Netz und ihre Rolle in Winterthur?\"" is halfway done. Cast your ballot if you haven't yet!"", ""data"": {""url"": ""/questions/76q0g006tjtp7gp/proposals/question""}}",76q0g006tjtp7gp_Voting_phase_halfway,actioned,2026-08-24 15:46:31.292Z,de13859e1d6aea12
scmpgclo4q5p3kx,2026-08-24 01:25:00.014Z,phase_halfway,"{""title"": ""Abstimmung zur H\u00e4lfte \ud83d\uddf3\ufe0f"", ""body"": ""Die Abstimmung \u00fcber \u201eWie definieren wir das WG-Netz und ihre Rolle in Winterthur?\"" ist zur H\u00e4lfte vorbei. Gib deine Stimme ab!"", ""data"": {""url"": ""/questions/76q0g006tjtp7gp/proposals/question""}}",76q0g006tjtp7gp_Voting_phase_halfway,pending,2026-08-24 01:25:00.014Z,2c2aed88e0c41752
11zv07um450f4ga,2026-08-24 01:25:00.015Z,phase_halfway,"{""title"": ""Abstimmung zur H\u00e4lfte \ud83d\uddf3\ufe0f"", ""body"": ""Die Abstimmung \u00fcber \u201eWie definieren wir das WG-Netz und ihre Rolle in Winterthur?\"" ist zur H\u00e4lfte vorbei. Gib deine Stimme ab!"", ""data"": {""url"": ""/questions/76q0g006tjtp7gp/proposals/question""}}",76q0g006tjtp7gp_Voting_phase_halfway,actioned,2026-08-25 06:24:02.210Z,407be8b01d4ce342
72igz27uhyn73g7,2026-08-24 01:25:00.015Z,phase_halfway,"{""title"": ""Abstimmung zur H\u00e4lfte \ud83d\uddf3\ufe0f"", ""body"": ""Die Abstimmung \u00fcber \u201eWie definieren wir das WG-Netz und ihre Rolle in Winterthur?\"" ist zur H\u00e4lfte vorbei. Gib deine Stimme ab!"", ""data"": {""url"": ""/questions/76q0g006tjtp7gp/proposals/question""}}",76q0g006tjtp7gp_Voting_phase_halfway,pending,2026-08-24 01:25:00.015Z,6a6cecc209785885
swi5eoxstnskw7p,2026-08-24 01:25:00.017Z,phase_halfway,"{""title"": ""Abstimmung zur H\u00e4lfte \ud83d\uddf3\ufe0f"", ""body"": ""Die Abstimmung \u00fcber \u201eWie definieren wir das WG-Netz und ihre Rolle in Winterthur?\"" ist zur H\u00e4lfte vorbei. Gib deine Stimme ab!"", ""data"": {""url"": ""/questions/76q0g006tjtp7gp/proposals/question""}}",76q0g006tjtp7gp_Voting_phase_halfway,pending,2026-08-24 01:25:00.017Z,216bb226ec191993
pcdh4v89v0xxuhf,2026-08-24 01:25:00.018Z,phase_halfway,"{""title"": ""Voting halfway done \ud83d\uddf3\ufe0f"", ""body"": ""Voting on \""Wie definieren wir das WG-Netz und ihre Rolle in Winterthur?\"" is halfway done. Cast your ballot if you haven't yet!"", ""data"": {""url"": ""/questions/76q0g006tjtp7gp/proposals/question""}}",76q0g006tjtp7gp_Voting_phase_halfway,pending,2026-08-24 01:25:00.018Z,3e36e627a64bac27
7ixk57d5suka427,2026-08-24 01:25:00.018Z,phase_halfway,"{""title"": ""Abstimmung zur H\u00e4lfte \ud83d\uddf3\ufe0f"", ""body"": ""Die Abstimmung \u00fcber \u201eWie definieren wir das WG-Netz und ihre Rolle in Winterthur?\"" ist zur H\u00e4lfte vorbei. Gib deine Stimme ab!"", ""data"": {""url"": ""/questions/76q0g006tjtp7gp/proposals/question""}}",76q0g006tjtp7gp_Voting_phase_halfway,pending,2026-08-24 01:25:00.018Z,6a4af8b5c50c45a9
p8412ri5hhbhsba,2026-08-24 01:25:00.019Z,phase_halfway,"{""title"": ""Abstimmung zur H\u00e4lfte \ud83d\uddf3\ufe0f"", ""body"": ""Die Abstimmung \u00fcber \u201eWie definieren wir das WG-Netz und ihre Rolle in Winterthur?\"" ist zur H\u00e4lfte vorbei. Gib deine Stimme ab!"", ""data"": {""url"": ""/questions/76q0g006tjtp7gp/proposals/question""}}",76q0g006tjtp7gp_Voting_phase_halfway,pending,2026-08-24 01:25:00.019Z,35a5f57f8816142e
9q0dvo6urzm4up9,2026-08-24 01:25:00.020Z,phase_halfway,"{""title"": ""Abstimmung zur H\u00e4lfte \ud83d\uddf3\ufe0f"", ""body"": ""Die Abstimmung \u00fcber \u201eWie definieren wir das WG-Netz und ihre Rolle in Winterthur?\"" ist zur H\u00e4lfte vorbei. Gib deine Stimme ab!"", ""data"": {""url"": ""/questions/76q0g006tjtp7gp/proposals/question""}}",76q0g006tjtp7gp_Voting_phase_halfway,pending,2026-08-24 01:25:00.020Z,ee5e4e5bfc419bad
yw08582bjgkvn87,2026-08-24 01:25:00.021Z,phase_halfway,"{""title"": ""Abstimmung zur H\u00e4lfte \ud83d\uddf3\ufe0f"", ""body"": ""Die Abstimmung \u00fcber \u201eWie definieren wir das WG-Netz und ihre Rolle in Winterthur?\"" ist zur H\u00e4lfte vorbei. Gib deine Stimme ab!"", ""data"": {""url"": ""/questions/76q0g006tjtp7gp/proposals/question""}}",76q0g006tjtp7gp_Voting_phase_halfway,pending,2026-08-24 01:25:00.021Z,762fef61cd09705e
0p5saiwaa4rr86q,2026-08-24 01:25:00.021Z,phase_halfway,"{""title"": ""Abstimmung zur H\u00e4lfte \ud83d\uddf3\ufe0f"", ""body"": ""Die Abstimmung \u00fcber \u201eWie definieren wir das WG-Netz und ihre Rolle in Winterthur?\"" ist zur H\u00e4lfte vorbei. Gib deine Stimme ab!"", ""data"": {""url"": ""/questions/76q0g006tjtp7gp/proposals/question""}}",76q0g006tjtp7gp_Voting_phase_halfway,pending,2026-08-24 01:25:00.021Z,b5234477b29af758
68trxahzi885djy,2026-08-24 01:25:00.022Z,phase_halfway,"{""title"": ""Abstimmung zur H\u00e4lfte \ud83d\uddf3\ufe0f"", ""body"": ""Die Abstimmung \u00fcber \u201eWie definieren wir das WG-Netz und ihre Rolle in Winterthur?\"" ist zur H\u00e4lfte vorbei. Gib deine Stimme ab!"", ""data"": {""url"": ""/questions/76q0g006tjtp7gp/proposals/question""}}",76q0g006tjtp7gp_Voting_phase_halfway,pending,2026-08-24 01:25:00.022Z,9b6849405eda0dbd
5j5g9wyno57w36m,2026-08-24 01:25:00.023Z,phase_halfway,"{""title"": ""Abstimmung zur H\u00e4lfte \ud83d\uddf3\ufe0f"", ""body"": ""Die Abstimmung \u00fcber \u201eWie definieren wir das WG-Netz und ihre Rolle in Winterthur?\"" ist zur H\u00e4lfte vorbei. Gib deine Stimme ab!"", ""data"": {""url"": ""/questions/76q0g006tjtp7gp/proposals/question""}}",76q0g006tjtp7gp_Voting_phase_halfway,pending,2026-08-24 01:25:00.023Z,7c575f07d0147059
wki9qq1hze8rcrz,2026-08-24 01:25:00.024Z,phase_halfway,"{""title"": ""Abstimmung zur H\u00e4lfte \ud83d\uddf3\ufe0f"", ""body"": ""Die Abstimmung \u00fcber \u201eWie definieren wir das WG-Netz und ihre Rolle in Winterthur?\"" ist zur H\u00e4lfte vorbei. Gib deine Stimme ab!"", ""data"": {""url"": ""/questions/76q0g006tjtp7gp/proposals/question""}}",76q0g006tjtp7gp_Voting_phase_halfway,pending,2026-08-24 01:25:00.024Z,4ae21a849ee008e7
yxp3264o33m359m,2026-08-24 01:25:00.024Z,phase_halfway,"{""title"": ""Voting halfway done \ud83d\uddf3\ufe0f"", ""body"": ""Voting on \""Wie definieren wir das WG-Netz und ihre Rolle in Winterthur?\"" is halfway done. Cast your ballot if you haven't yet!"", ""data"": {""url"": ""/questions/76q0g006tjtp7gp/proposals/question""}}",76q0g006tjtp7gp_Voting_phase_halfway,pending,2026-08-24 01:25:00.024Z,a656e6eac2dca9c8
omo5an070wii98u,2026-08-24 01:25:00.025Z,phase_halfway,"{""title"": ""Abstimmung zur H\u00e4lfte \ud83d\uddf3\ufe0f"", ""body"": ""Die Abstimmung \u00fcber \u201eWie definieren wir das WG-Netz und ihre Rolle in Winterthur?\"" ist zur H\u00e4lfte vorbei. Gib deine Stimme ab!"", ""data"": {""url"": ""/questions/76q0g006tjtp7gp/proposals/question""}}",76q0g006tjtp7gp_Voting_phase_halfway,actioned,2026-08-30 13:27:28.138Z,b209c2355deb9852
wlua4crga3x7kax,2026-08-24 01:25:00.026Z,phase_halfway,"{""title"": ""Abstimmung zur H\u00e4lfte \ud83d\uddf3\ufe0f"", ""body"": ""Die Abstimmung \u00fcber \u201eWie definieren wir das WG-Netz und ihre Rolle in Winterthur?\"" ist zur H\u00e4lfte vorbei. Gib deine Stimme ab!"", ""data"": {""url"": ""/questions/76q0g006tjtp7gp/proposals/question""}}",76q0g006tjtp7gp_Voting_phase_halfway,pending,2026-08-24 01:25:00.026Z,cc3304ea9b75a00f
3jakgwebt68ux08,2026-08-24 01:25:00.283Z,phase_halfway,"{""title"": ""Voting halfway done \ud83d\uddf3\ufe0f"", ""body"": ""Voting on \""Wie k\u00f6nnen wir Material, R\u00e4ume und Ressourcen \u00fcber WGs hinweg effizient teilen und lagern?\"" is halfway done. Cast your ballot if you haven't yet!"", ""data"": {""url"": ""/questions/3o2fj1znev0krvz/proposals/question""}}",3o2fj1znev0krvz_Voting_phase_halfway,actioned,2026-08-25 13:33:47.067Z,de13859e1d6aea12
93crzsdb6a9ld8e,2026-08-24 01:25:00.285Z,phase_halfway,"{""title"": ""Abstimmung zur H\u00e4lfte \ud83d\uddf3\ufe0f"", ""body"": ""Die Abstimmung \u00fcber \u201eWie k\u00f6nnen wir Material, R\u00e4ume und Ressourcen \u00fcber WGs hinweg effizient teilen und lagern?\"" ist zur H\u00e4lfte vorbei. Gib deine Stimme ab!"", ""data"": {""url"": ""/questions/3o2fj1znev0krvz/proposals/question""}}",3o2fj1znev0krvz_Voting_phase_halfway,pending,2026-08-24 01:25:00.285Z,2c2aed88e0c41752
6ssv83dp044lhw1,2026-08-24 01:25:00.285Z,phase_halfway,"{""title"": ""Abstimmung zur H\u00e4lfte \ud83d\uddf3\ufe0f"", ""body"": ""Die Abstimmung \u00fcber \u201eWie k\u00f6nnen wir Material, R\u00e4ume und Ressourcen \u00fcber WGs hinweg effizient teilen und lagern?\"" ist zur H\u00e4lfte vorbei. Gib deine Stimme ab!"", ""data"": {""url"": ""/questions/3o2fj1znev0krvz/proposals/question""}}",3o2fj1znev0krvz_Voting_phase_halfway,actioned,2026-08-24 16:28:19.906Z,407be8b01d4ce342
b8zoya7bu8nfb9i,2026-08-24 01:25:00.286Z,phase_halfway,"{""title"": ""Abstimmung zur H\u00e4lfte \ud83d\uddf3\ufe0f"", ""body"": ""Die Abstimmung \u00fcber \u201eWie k\u00f6nnen wir Material, R\u00e4ume und Ressourcen \u00fcber WGs hinweg effizient teilen und lagern?\"" ist zur H\u00e4lfte vorbei. Gib deine Stimme ab!"", ""data"": {""url"": ""/questions/3o2fj1znev0krvz/proposals/question""}}",3o2fj1znev0krvz_Voting_phase_halfway,pending,2026-08-24 01:25:00.286Z,6a6cecc209785885
cpgae6eh1upl8ct,2026-08-24 01:25:00.287Z,phase_halfway,"{""title"": ""Abstimmung zur H\u00e4lfte \ud83d\uddf3\ufe0f"", ""body"": ""Die Abstimmung \u00fcber \u201eWie k\u00f6nnen wir Material, R\u00e4ume und Ressourcen \u00fcber WGs hinweg effizient teilen und lagern?\"" ist zur H\u00e4lfte vorbei. Gib deine Stimme ab!"", ""data"": {""url"": ""/questions/3o2fj1znev0krvz/proposals/question""}}",3o2fj1znev0krvz_Voting_phase_halfway,pending,2026-08-24 01:25:00.287Z,216bb226ec191993
wz39rksssrubij9,2026-08-24 01:25:00.288Z,phase_halfway,"{""title"": ""Voting halfway done \ud83d\uddf3\ufe0f"", ""body"": ""Voting on \""Wie k\u00f6nnen wir Material, R\u00e4ume und Ressourcen \u00fcber WGs hinweg effizient teilen und lagern?\"" is halfway done. Cast your ballot if you haven't yet!"", ""data"": {""url"": ""/questions/3o2fj1znev0krvz/proposals/question""}}",3o2fj1znev0krvz_Voting_phase_halfway,pending,2026-08-24 01:25:00.288Z,3e36e627a64bac27
uycz51alw6qb73f,2026-08-24 01:25:00.289Z,phase_halfway,"{""title"": ""Abstimmung zur H\u00e4lfte \ud83d\uddf3\ufe0f"", ""body"": ""Die Abstimmung \u00fcber \u201eWie k\u00f6nnen wir Material, R\u00e4ume und Ressourcen \u00fcber WGs hinweg effizient teilen und lagern?\"" ist zur H\u00e4lfte vorbei. Gib deine Stimme ab!"", ""data"": {""url"": ""/questions/3o2fj1znev0krvz/proposals/question""}}",3o2fj1znev0krvz_Voting_phase_halfway,pending,2026-08-24 01:25:00.289Z,6a4af8b5c50c45a9
xjv39mg1xohhd7c,2026-08-24 01:25:00.289Z,phase_halfway,"{""title"": ""Abstimmung zur H\u00e4lfte \ud83d\uddf3\ufe0f"", ""body"": ""Die Abstimmung \u00fcber \u201eWie k\u00f6nnen wir Material, R\u00e4ume und Ressourcen \u00fcber WGs hinweg effizient teilen und lagern?\"" ist zur H\u00e4lfte vorbei. Gib deine Stimme ab!"", ""data"": {""url"": ""/questions/3o2fj1znev0krvz/proposals/question""}}",3o2fj1znev0krvz_Voting_phase_halfway,pending,2026-08-24 01:25:00.289Z,35a5f57f8816142e
hahpxzh4l959dre,2026-08-24 01:25:00.290Z,phase_halfway,"{""title"": ""Abstimmung zur H\u00e4lfte \ud83d\uddf3\ufe0f"", ""body"": ""Die Abstimmung \u00fcber \u201eWie k\u00f6nnen wir Material, R\u00e4ume und Ressourcen \u00fcber WGs hinweg effizient teilen und lagern?\"" ist zur H\u00e4lfte vorbei. Gib deine Stimme ab!"", ""data"": {""url"": ""/questions/3o2fj1znev0krvz/proposals/question""}}",3o2fj1znev0krvz_Voting_phase_halfway,pending,2026-08-24 01:25:00.290Z,ee5e4e5bfc419bad
z1601nqhf0z4xfh,2026-08-24 01:25:00.291Z,phase_halfway,"{""title"": ""Abstimmung zur H\u00e4lfte \ud83d\uddf3\ufe0f"", ""body"": ""Die Abstimmung \u00fcber \u201eWie k\u00f6nnen wir Material, R\u00e4ume und Ressourcen \u00fcber WGs hinweg effizient teilen und lagern?\"" ist zur H\u00e4lfte vorbei. Gib deine Stimme ab!"", ""data"": {""url"": ""/questions/3o2fj1znev0krvz/proposals/question""}}",3o2fj1znev0krvz_Voting_phase_halfway,pending,2026-08-24 01:25:00.291Z,762fef61cd09705e
h45axhfu9eo8egh,2026-08-24 01:25:00.292Z,phase_halfway,"{""title"": ""Abstimmung zur H\u00e4lfte \ud83d\uddf3\ufe0f"", ""body"": ""Die Abstimmung \u00fcber \u201eWie k\u00f6nnen wir Material, R\u00e4ume und Ressourcen \u00fcber WGs hinweg effizient teilen und lagern?\"" ist zur H\u00e4lfte vorbei. Gib deine Stimme ab!"", ""data"": {""url"": ""/questions/3o2fj1znev0krvz/proposals/question""}}",3o2fj1znev0krvz_Voting_phase_halfway,pending,2026-08-24 01:25:00.292Z,b5234477b29af758
ozp41cyutiaiji0,2026-08-24 01:25:00.292Z,phase_halfway,"{""title"": ""Abstimmung zur H\u00e4lfte \ud83d\uddf3\ufe0f"", ""body"": ""Die Abstimmung \u00fcber \u201eWie k\u00f6nnen wir Material, R\u00e4ume und Ressourcen \u00fcber WGs hinweg effizient teilen und lagern?\"" ist zur H\u00e4lfte vorbei. Gib deine Stimme ab!"", ""data"": {""url"": ""/questions/3o2fj1znev0krvz/proposals/question""}}",3o2fj1znev0krvz_Voting_phase_halfway,pending,2026-08-24 01:25:00.292Z,9b6849405eda0dbd
1vrlt9otxwshwa2,2026-08-24 01:25:00.293Z,phase_halfway,"{""title"": ""Abstimmung zur H\u00e4lfte \ud83d\uddf3\ufe0f"", ""body"": ""Die Abstimmung \u00fcber \u201eWie k\u00f6nnen wir Material, R\u00e4ume und Ressourcen \u00fcber WGs hinweg effizient teilen und lagern?\"" ist zur H\u00e4lfte vorbei. Gib deine Stimme ab!"", ""data"": {""url"": ""/questions/3o2fj1znev0krvz/proposals/question""}}",3o2fj1znev0krvz_Voting_phase_halfway,pending,2026-08-24 01:25:00.293Z,7c575f07d0147059
gv7ipmtuknymits,2026-08-24 01:25:00.294Z,phase_halfway,"{""title"": ""Abstimmung zur H\u00e4lfte \ud83d\uddf3\ufe0f"", ""body"": ""Die Abstimmung \u00fcber \u201eWie k\u00f6nnen wir Material, R\u00e4ume und Ressourcen \u00fcber WGs hinweg effizient teilen und lagern?\"" ist zur H\u00e4lfte vorbei. Gib deine Stimme ab!"", ""data"": {""url"": ""/questions/3o2fj1znev0krvz/proposals/question""}}",3o2fj1znev0krvz_Voting_phase_halfway,pending,2026-08-24 01:25:00.294Z,4ae21a849ee008e7
tkrkdpshrf9ms2v,2026-08-24 01:25:00.295Z,phase_halfway,"{""title"": ""Voting halfway done \ud83d\uddf3\ufe0f"", ""body"": ""Voting on \""Wie k\u00f6nnen wir Material, R\u00e4ume und Ressourcen \u00fcber WGs hinweg effizient teilen und lagern?\"" is halfway done. Cast your ballot if you haven't yet!"", ""data"": {""url"": ""/questions/3o2fj1znev0krvz/proposals/question""}}",3o2fj1znev0krvz_Voting_phase_halfway,pending,2026-08-24 01:25:00.295Z,a656e6eac2dca9c8
1mlh2a91g4iunsi,2026-08-24 01:25:00.295Z,phase_halfway,"{""title"": ""Abstimmung zur H\u00e4lfte \ud83d\uddf3\ufe0f"", ""body"": ""Die Abstimmung \u00fcber \u201eWie k\u00f6nnen wir Material, R\u00e4ume und Ressourcen \u00fcber WGs hinweg effizient teilen und lagern?\"" ist zur H\u00e4lfte vorbei. Gib deine Stimme ab!"", ""data"": {""url"": ""/questions/3o2fj1znev0krvz/proposals/question""}}",3o2fj1znev0krvz_Voting_phase_halfway,actioned,2026-08-30 13:27:13.754Z,b209c2355deb9852
uk2damdlxtt7xia,2026-08-24 01:25:00.296Z,phase_halfway,"{""title"": ""Abstimmung zur H\u00e4lfte \ud83d\uddf3\ufe0f"", ""body"": ""Die Abstimmung \u00fcber \u201eWie k\u00f6nnen wir Material, R\u00e4ume und Ressourcen \u00fcber WGs hinweg effizient teilen und lagern?\"" ist zur H\u00e4lfte vorbei. Gib deine Stimme ab!"", ""data"": {""url"": ""/questions/3o2fj1znev0krvz/proposals/question""}}",3o2fj1znev0krvz_Voting_phase_halfway,pending,2026-08-24 01:25:00.296Z,cc3304ea9b75a00f
kyvwc89bxa2mczq,2026-08-25 01:25:00.015Z,phase_ending_soon,"{""title"": ""Last chance to vote! \ud83c\udfc1"", ""body"": ""Voting on \""Wie definieren wir das WG-Netz und ihre Rolle in Winterthur?\"" ends soon. Don't miss your chance to decide!"", ""data"": {""url"": ""/questions/76q0g006tjtp7gp/proposals/question""}}",76q0g006tjtp7gp_Voting_phase_ending_soon,actioned,2026-08-25 13:33:30.592Z,de13859e1d6aea12
tyn8xlu98ftdeg0,2026-08-25 01:25:00.019Z,phase_ending_soon,"{""title"": ""Letzte Chance zur Abstimmung! \ud83c\udfc1"", ""body"": ""Die Abstimmung zu \u201eWie definieren wir das WG-Netz und ihre Rolle in Winterthur?\"" endet bald. Verpasse nicht deine Chance mitzuentscheiden!"", ""data"": {""url"": ""/questions/76q0g006tjtp7gp/proposals/question""}}",76q0g006tjtp7gp_Voting_phase_ending_soon,pending,2026-08-25 01:25:00.019Z,2c2aed88e0c41752
6pq3u7tgezz1o6a,2026-08-25 01:25:00.022Z,phase_ending_soon,"{""title"": ""Letzte Chance zur Abstimmung! \ud83c\udfc1"", ""body"": ""Die Abstimmung zu \u201eWie definieren wir das WG-Netz und ihre Rolle in Winterthur?\"" endet bald. Verpasse nicht deine Chance mitzuentscheiden!"", ""data"": {""url"": ""/questions/76q0g006tjtp7gp/proposals/question""}}",76q0g006tjtp7gp_Voting_phase_ending_soon,actioned,2026-08-25 12:15:11.925Z,407be8b01d4ce342
9pbbpilkyu70xsm,2026-08-25 01:25:00.023Z,phase_ending_soon,"{""title"": ""Letzte Chance zur Abstimmung! \ud83c\udfc1"", ""body"": ""Die Abstimmung zu \u201eWie definieren wir das WG-Netz und ihre Rolle in Winterthur?\"" endet bald. Verpasse nicht deine Chance mitzuentscheiden!"", ""data"": {""url"": ""/questions/76q0g006tjtp7gp/proposals/question""}}",76q0g006tjtp7gp_Voting_phase_ending_soon,pending,2026-08-25 01:25:00.023Z,6a6cecc209785885
o0v7ucd7u7ovf9y,2026-08-25 01:25:00.024Z,phase_ending_soon,"{""title"": ""Letzte Chance zur Abstimmung! \ud83c\udfc1"", ""body"": ""Die Abstimmung zu \u201eWie definieren wir das WG-Netz und ihre Rolle in Winterthur?\"" endet bald. Verpasse nicht deine Chance mitzuentscheiden!"", ""data"": {""url"": ""/questions/76q0g006tjtp7gp/proposals/question""}}",76q0g006tjtp7gp_Voting_phase_ending_soon,pending,2026-08-25 01:25:00.024Z,216bb226ec191993
ab8erulzyn8r7kt,2026-08-25 01:25:00.026Z,phase_ending_soon,"{""title"": ""Last chance to vote! \ud83c\udfc1"", ""body"": ""Voting on \""Wie definieren wir das WG-Netz und ihre Rolle in Winterthur?\"" ends soon. Don't miss your chance to decide!"", ""data"": {""url"": ""/questions/76q0g006tjtp7gp/proposals/question""}}",76q0g006tjtp7gp_Voting_phase_ending_soon,pending,2026-08-25 01:25:00.026Z,3e36e627a64bac27
w925f9dy0nm6b6t,2026-08-25 01:25:00.027Z,phase_ending_soon,"{""title"": ""Letzte Chance zur Abstimmung! \ud83c\udfc1"", ""body"": ""Die Abstimmung zu \u201eWie definieren wir das WG-Netz und ihre Rolle in Winterthur?\"" endet bald. Verpasse nicht deine Chance mitzuentscheiden!"", ""data"": {""url"": ""/questions/76q0g006tjtp7gp/proposals/question""}}",76q0g006tjtp7gp_Voting_phase_ending_soon,pending,2026-08-25 01:25:00.027Z,6a4af8b5c50c45a9
2vpg6gf1p3c0wl0,2026-08-25 01:25:00.029Z,phase_ending_soon,"{""title"": ""Letzte Chance zur Abstimmung! \ud83c\udfc1"", ""body"": ""Die Abstimmung zu \u201eWie definieren wir das WG-Netz und ihre Rolle in Winterthur?\"" endet bald. Verpasse nicht deine Chance mitzuentscheiden!"", ""data"": {""url"": ""/questions/76q0g006tjtp7gp/proposals/question""}}",76q0g006tjtp7gp_Voting_phase_ending_soon,pending,2026-08-25 01:25:00.029Z,35a5f57f8816142e
es1lnnuyncvroqv,2026-08-25 01:25:00.031Z,phase_ending_soon,"{""title"": ""Letzte Chance zur Abstimmung! \ud83c\udfc1"", ""body"": ""Die Abstimmung zu \u201eWie definieren wir das WG-Netz und ihre Rolle in Winterthur?\"" endet bald. Verpasse nicht deine Chance mitzuentscheiden!"", ""data"": {""url"": ""/questions/76q0g006tjtp7gp/proposals/question""}}",76q0g006tjtp7gp_Voting_phase_ending_soon,pending,2026-08-25 01:25:00.031Z,ee5e4e5bfc419bad
iqrt5ta24w1n2zx,2026-08-25 01:25:00.032Z,phase_ending_soon,"{""title"": ""Letzte Chance zur Abstimmung! \ud83c\udfc1"", ""body"": ""Die Abstimmung zu \u201eWie definieren wir das WG-Netz und ihre Rolle in Winterthur?\"" endet bald. Verpasse nicht deine Chance mitzuentscheiden!"", ""data"": {""url"": ""/questions/76q0g006tjtp7gp/proposals/question""}}",76q0g006tjtp7gp_Voting_phase_ending_soon,pending,2026-08-25 01:25:00.032Z,762fef61cd09705e
2xp6u6t2gdzskmh,2026-08-25 01:25:00.032Z,phase_ending_soon,"{""title"": ""Letzte Chance zur Abstimmung! \ud83c\udfc1"", ""body"": ""Die Abstimmung zu \u201eWie definieren wir das WG-Netz und ihre Rolle in Winterthur?\"" endet bald. Verpasse nicht deine Chance mitzuentscheiden!"", ""data"": {""url"": ""/questions/76q0g006tjtp7gp/proposals/question""}}",76q0g006tjtp7gp_Voting_phase_ending_soon,pending,2026-08-25 01:25:00.032Z,b5234477b29af758
czffndaw0wmff34,2026-08-25 01:25:00.034Z,phase_ending_soon,"{""title"": ""Letzte Chance zur Abstimmung! \ud83c\udfc1"", ""body"": ""Die Abstimmung zu \u201eWie definieren wir das WG-Netz und ihre Rolle in Winterthur?\"" endet bald. Verpasse nicht deine Chance mitzuentscheiden!"", ""data"": {""url"": ""/questions/76q0g006tjtp7gp/proposals/question""}}",76q0g006tjtp7gp_Voting_phase_ending_soon,pending,2026-08-25 01:25:00.034Z,9b6849405eda0dbd
4c83jj5v6buctg7,2026-08-25 01:25:00.035Z,phase_ending_soon,"{""title"": ""Letzte Chance zur Abstimmung! \ud83c\udfc1"", ""body"": ""Die Abstimmung zu \u201eWie definieren wir das WG-Netz und ihre Rolle in Winterthur?\"" endet bald. Verpasse nicht deine Chance mitzuentscheiden!"", ""data"": {""url"": ""/questions/76q0g006tjtp7gp/proposals/question""}}",76q0g006tjtp7gp_Voting_phase_ending_soon,pending,2026-08-25 01:25:00.035Z,7c575f07d0147059
f9cckpfbijzc1av,2026-08-25 01:25:00.036Z,phase_ending_soon,"{""title"": ""Letzte Chance zur Abstimmung! \ud83c\udfc1"", ""body"": ""Die Abstimmung zu \u201eWie definieren wir das WG-Netz und ihre Rolle in Winterthur?\"" endet bald. Verpasse nicht deine Chance mitzuentscheiden!"", ""data"": {""url"": ""/questions/76q0g006tjtp7gp/proposals/question""}}",76q0g006tjtp7gp_Voting_phase_ending_soon,pending,2026-08-25 01:25:00.036Z,4ae21a849ee008e7
8weky2cx7zodw4f,2026-08-25 01:25:00.037Z,phase_ending_soon,"{""title"": ""Last chance to vote! \ud83c\udfc1"", ""body"": ""Voting on \""Wie definieren wir das WG-Netz und ihre Rolle in Winterthur?\"" ends soon. Don't miss your chance to decide!"", ""data"": {""url"": ""/questions/76q0g006tjtp7gp/proposals/question""}}",76q0g006tjtp7gp_Voting_phase_ending_soon,pending,2026-08-25 01:25:00.037Z,a656e6eac2dca9c8
r5mk3x28h33vyua,2026-08-25 01:25:00.037Z,phase_ending_soon,"{""title"": ""Letzte Chance zur Abstimmung! \ud83c\udfc1"", ""body"": ""Die Abstimmung zu \u201eWie definieren wir das WG-Netz und ihre Rolle in Winterthur?\"" endet bald. Verpasse nicht deine Chance mitzuentscheiden!"", ""data"": {""url"": ""/questions/76q0g006tjtp7gp/proposals/question""}}",76q0g006tjtp7gp_Voting_phase_ending_soon,actioned,2026-08-25 13:33:16.719Z,b209c2355deb9852
sxi0folhcjeepe8,2026-08-25 01:25:00.038Z,phase_ending_soon,"{""title"": ""Letzte Chance zur Abstimmung! \ud83c\udfc1"", ""body"": ""Die Abstimmung zu \u201eWie definieren wir das WG-Netz und ihre Rolle in Winterthur?\"" endet bald. Verpasse nicht deine Chance mitzuentscheiden!"", ""data"": {""url"": ""/questions/76q0g006tjtp7gp/proposals/question""}}",76q0g006tjtp7gp_Voting_phase_ending_soon,pending,2026-08-25 01:25:00.038Z,cc3304ea9b75a00f
ncwcl3dqy30ehci,2026-08-25 01:25:01.376Z,phase_ending_soon,"{""title"": ""Last chance to vote! \ud83c\udfc1"", ""body"": ""Voting on \""Wie k\u00f6nnen wir Material, R\u00e4ume und Ressourcen \u00fcber WGs hinweg effizient teilen und lagern?\"" ends soon. Don't miss your chance to decide!"", ""data"": {""url"": ""/questions/3o2fj1znev0krvz/proposals/question""}}",3o2fj1znev0krvz_Voting_phase_ending_soon,actioned,2026-08-25 13:32:20.120Z,de13859e1d6aea12
tq9o8qjmxru96tj,2026-08-25 01:25:01.377Z,phase_ending_soon,"{""title"": ""Letzte Chance zur Abstimmung! \ud83c\udfc1"", ""body"": ""Die Abstimmung zu \u201eWie k\u00f6nnen wir Material, R\u00e4ume und Ressourcen \u00fcber WGs hinweg effizient teilen und lagern?\"" endet bald. Verpasse nicht deine Chance mitzuentscheiden!"", ""data"": {""url"": ""/questions/3o2fj1znev0krvz/proposals/question""}}",3o2fj1znev0krvz_Voting_phase_ending_soon,pending,2026-08-25 01:25:01.377Z,2c2aed88e0c41752
7hwruy07htq7qvj,2026-08-25 01:25:01.379Z,phase_ending_soon,"{""title"": ""Letzte Chance zur Abstimmung! \ud83c\udfc1"", ""body"": ""Die Abstimmung zu \u201eWie k\u00f6nnen wir Material, R\u00e4ume und Ressourcen \u00fcber WGs hinweg effizient teilen und lagern?\"" endet bald. Verpasse nicht deine Chance mitzuentscheiden!"", ""data"": {""url"": ""/questions/3o2fj1znev0krvz/proposals/question""}}",3o2fj1znev0krvz_Voting_phase_ending_soon,actioned,2026-08-25 08:18:09.941Z,407be8b01d4ce342
d783gfa0jpehff3,2026-08-25 01:25:01.380Z,phase_ending_soon,"{""title"": ""Letzte Chance zur Abstimmung! \ud83c\udfc1"", ""body"": ""Die Abstimmung zu \u201eWie k\u00f6nnen wir Material, R\u00e4ume und Ressourcen \u00fcber WGs hinweg effizient teilen und lagern?\"" endet bald. Verpasse nicht deine Chance mitzuentscheiden!"", ""data"": {""url"": ""/questions/3o2fj1znev0krvz/proposals/question""}}",3o2fj1znev0krvz_Voting_phase_ending_soon,pending,2026-08-25 01:25:01.380Z,6a6cecc209785885
2h53cpwq86f63v7,2026-08-25 01:25:01.381Z,phase_ending_soon,"{""title"": ""Letzte Chance zur Abstimmung! \ud83c\udfc1"", ""body"": ""Die Abstimmung zu \u201eWie k\u00f6nnen wir Material, R\u00e4ume und Ressourcen \u00fcber WGs hinweg effizient teilen und lagern?\"" endet bald. Verpasse nicht deine Chance mitzuentscheiden!"", ""data"": {""url"": ""/questions/3o2fj1znev0krvz/proposals/question""}}",3o2fj1znev0krvz_Voting_phase_ending_soon,pending,2026-08-25 01:25:01.381Z,216bb226ec191993
0jaf4fx1nr75q6w,2026-08-25 01:25:01.382Z,phase_ending_soon,"{""title"": ""Last chance to vote! \ud83c\udfc1"", ""body"": ""Voting on \""Wie k\u00f6nnen wir Material, R\u00e4ume und Ressourcen \u00fcber WGs hinweg effizient teilen und lagern?\"" ends soon. Don't miss your chance to decide!"", ""data"": {""url"": ""/questions/3o2fj1znev0krvz/proposals/question""}}",3o2fj1znev0krvz_Voting_phase_ending_soon,actioned,2026-08-26 09:43:34.454Z,3e36e627a64bac27
ymuz91scitrkgxu,2026-08-25 01:25:01.383Z,phase_ending_soon,"{""title"": ""Letzte Chance zur Abstimmung! \ud83c\udfc1"", ""body"": ""Die Abstimmung zu \u201eWie k\u00f6nnen wir Material, R\u00e4ume und Ressourcen \u00fcber WGs hinweg effizient teilen und lagern?\"" endet bald. Verpasse nicht deine Chance mitzuentscheiden!"", ""data"": {""url"": ""/questions/3o2fj1znev0krvz/proposals/question""}}",3o2fj1znev0krvz_Voting_phase_ending_soon,pending,2026-08-25 01:25:01.383Z,6a4af8b5c50c45a9
4vffvf7068ntulk,2026-08-25 01:25:01.384Z,phase_ending_soon,"{""title"": ""Letzte Chance zur Abstimmung! \ud83c\udfc1"", ""body"": ""Die Abstimmung zu \u201eWie k\u00f6nnen wir Material, R\u00e4ume und Ressourcen \u00fcber WGs hinweg effizient teilen und lagern?\"" endet bald. Verpasse nicht deine Chance mitzuentscheiden!"", ""data"": {""url"": ""/questions/3o2fj1znev0krvz/proposals/question""}}",3o2fj1znev0krvz_Voting_phase_ending_soon,pending,2026-08-25 01:25:01.384Z,35a5f57f8816142e
565qh3klreoisue,2026-08-25 01:25:01.385Z,phase_ending_soon,"{""title"": ""Letzte Chance zur Abstimmung! \ud83c\udfc1"", ""body"": ""Die Abstimmung zu \u201eWie k\u00f6nnen wir Material, R\u00e4ume und Ressourcen \u00fcber WGs hinweg effizient teilen und lagern?\"" endet bald. Verpasse nicht deine Chance mitzuentscheiden!"", ""data"": {""url"": ""/questions/3o2fj1znev0krvz/proposals/question""}}",3o2fj1znev0krvz_Voting_phase_ending_soon,pending,2026-08-25 01:25:01.385Z,ee5e4e5bfc419bad
ijdtihc3p8tlj9e,2026-08-25 01:25:01.386Z,phase_ending_soon,"{""title"": ""Letzte Chance zur Abstimmung! \ud83c\udfc1"", ""body"": ""Die Abstimmung zu \u201eWie k\u00f6nnen wir Material, R\u00e4ume und Ressourcen \u00fcber WGs hinweg effizient teilen und lagern?\"" endet bald. Verpasse nicht deine Chance mitzuentscheiden!"", ""data"": {""url"": ""/questions/3o2fj1znev0krvz/proposals/question""}}",3o2fj1znev0krvz_Voting_phase_ending_soon,pending,2026-08-25 01:25:01.386Z,762fef61cd09705e
hr7jkui29iizke1,2026-08-25 01:25:01.387Z,phase_ending_soon,"{""title"": ""Letzte Chance zur Abstimmung! \ud83c\udfc1"", ""body"": ""Die Abstimmung zu \u201eWie k\u00f6nnen wir Material, R\u00e4ume und Ressourcen \u00fcber WGs hinweg effizient teilen und lagern?\"" endet bald. Verpasse nicht deine Chance mitzuentscheiden!"", ""data"": {""url"": ""/questions/3o2fj1znev0krvz/proposals/question""}}",3o2fj1znev0krvz_Voting_phase_ending_soon,pending,2026-08-25 01:25:01.387Z,b5234477b29af758
voffiolfrodxq1h,2026-08-25 01:25:01.387Z,phase_ending_soon,"{""title"": ""Letzte Chance zur Abstimmung! \ud83c\udfc1"", ""body"": ""Die Abstimmung zu \u201eWie k\u00f6nnen wir Material, R\u00e4ume und Ressourcen \u00fcber WGs hinweg effizient teilen und lagern?\"" endet bald. Verpasse nicht deine Chance mitzuentscheiden!"", ""data"": {""url"": ""/questions/3o2fj1znev0krvz/proposals/question""}}",3o2fj1znev0krvz_Voting_phase_ending_soon,pending,2026-08-25 01:25:01.387Z,9b6849405eda0dbd
ho2mqgllbvaw65m,2026-08-25 01:25:01.388Z,phase_ending_soon,"{""title"": ""Letzte Chance zur Abstimmung! \ud83c\udfc1"", ""body"": ""Die Abstimmung zu \u201eWie k\u00f6nnen wir Material, R\u00e4ume und Ressourcen \u00fcber WGs hinweg effizient teilen und lagern?\"" endet bald. Verpasse nicht deine Chance mitzuentscheiden!"", ""data"": {""url"": ""/questions/3o2fj1znev0krvz/proposals/question""}}",3o2fj1znev0krvz_Voting_phase_ending_soon,pending,2026-08-25 01:25:01.388Z,7c575f07d0147059
v6zerw02f7obq6p,2026-08-25 01:25:01.389Z,phase_ending_soon,"{""title"": ""Letzte Chance zur Abstimmung! \ud83c\udfc1"", ""body"": ""Die Abstimmung zu \u201eWie k\u00f6nnen wir Material, R\u00e4ume und Ressourcen \u00fcber WGs hinweg effizient teilen und lagern?\"" endet bald. Verpasse nicht deine Chance mitzuentscheiden!"", ""data"": {""url"": ""/questions/3o2fj1znev0krvz/proposals/question""}}",3o2fj1znev0krvz_Voting_phase_ending_soon,pending,2026-08-25 01:25:01.389Z,4ae21a849ee008e7
k4jggxql0c585wm,2026-08-25 01:25:01.390Z,phase_ending_soon,"{""title"": ""Last chance to vote! \ud83c\udfc1"", ""body"": ""Voting on \""Wie k\u00f6nnen wir Material, R\u00e4ume und Ressourcen \u00fcber WGs hinweg effizient teilen und lagern?\"" ends soon. Don't miss your chance to decide!"", ""data"": {""url"": ""/questions/3o2fj1znev0krvz/proposals/question""}}",3o2fj1znev0krvz_Voting_phase_ending_soon,pending,2026-08-25 01:25:01.390Z,a656e6eac2dca9c8
7mtpqcn270o5hcp,2026-08-25 01:25:01.391Z,phase_ending_soon,"{""title"": ""Letzte Chance zur Abstimmung! \ud83c\udfc1"", ""body"": ""Die Abstimmung zu \u201eWie k\u00f6nnen wir Material, R\u00e4ume und Ressourcen \u00fcber WGs hinweg effizient teilen und lagern?\"" endet bald. Verpasse nicht deine Chance mitzuentscheiden!"", ""data"": {""url"": ""/questions/3o2fj1znev0krvz/proposals/question""}}",3o2fj1znev0krvz_Voting_phase_ending_soon,actioned,2026-08-25 13:32:40.518Z,b209c2355deb9852
y1rcl4c2twl0biz,2026-08-25 01:25:01.392Z,phase_ending_soon,"{""title"": ""Letzte Chance zur Abstimmung! \ud83c\udfc1"", ""body"": ""Die Abstimmung zu \u201eWie k\u00f6nnen wir Material, R\u00e4ume und Ressourcen \u00fcber WGs hinweg effizient teilen und lagern?\"" endet bald. Verpasse nicht deine Chance mitzuentscheiden!"", ""data"": {""url"": ""/questions/3o2fj1znev0krvz/proposals/question""}}",3o2fj1znev0krvz_Voting_phase_ending_soon,pending,2026-08-25 01:25:01.392Z,cc3304ea9b75a00f
